tempo_ms,ax,ay,az,gx,gy,gz,pitch,roll,yaw,magnitude
4653.0,0.042,0.0049,0.9236,0,0,0,0.000565816402008046,-0.004849869747322592,0.0,0.9245674502165864
4665.0,0.0427,0.0045,0.9188,0,0,0,0.00159102014615783,-0.014117722786473698,0.0,0.919802685362464
4677.0,0.0411,0.0024,0.9208,0,0,0,0.002779175874482053,-0.027131409257657814,0.0,0.9217199194983257
4689.0,0.0414,0.0035,0.928,0,0,0,0.004239162320226579,-0.0434898136124216,0.0,0.9289296044372792
4701.0,0.0438,0.0046,0.9365,0,0,0,0.006066966265285493,-0.06306324243145356,0.0,0.9375349860138554
4713.0,0.0437,0.004,0.9263,0,0,0,0.008149278502860548,-0.08546916349052228,0.0,0.9273388701008926
4725.0,0.043,0.0052,0.9221,0,0,0,0.010598224300220737,-0.11028136485836455,0.0,0.9231167044312436
4737.0,0.0463,0.0067,0.924,0,0,0,0.013547604323971368,-0.13757704890744143,0.0,0.9251835385478927
4749.0,0.0453,0.0028,0.9224,0,0,0,0.0164683577661466,-0.16691342666730025,0.0,0.923515939223574
4761.0,0.0447,0.0032,0.9261,0,0,0,0.01940511926674566,-0.19792142522732092,0.0,0.9271836603392016
4773.0,0.047,0.0033,0.9303,0,0,0,0.02236104963203701,-0.23061420608201053,0.0,0.931492340279833
4785.0,0.0422,0.0022,0.9242,0,0,0,0.02519741272926774,-0.26418050376236085,0.0,0.9251655635614633
4797.0,0.0442,0.0034,0.9248,0,0,0,0.028067661715873486,-0.2986967437303878,0.0,0.9258618903486632
4809.0,0.0431,0.0015,0.9277,0,0,0,0.03073055271104099,-0.3338418469014429,0.0,0.9287018628171261
4821.0,0.0414,0.0056,0.9297,0,0,0,0.03370286527842976,-0.36925959630433003,0.0,0.9306381735132081
4833.0,0.0437,0.0048,0.929,0,0,0,0.03684579890944351,-0.40513237273061486,0.0,0.9300396389401906
4845.0,0.0449,0.0043,0.9258,0,0,0,0.04007379782266753,-0.44149864433068886,0.0,0.926898128167276
4857.0,0.0432,0.0033,0.9277,0,0,0,0.04324782608807815,-0.4780138779573901,0.0,0.9287111606952939
4869.0,0.0442,0.0029,0.9276,0,0,0,0.046319051080645886,-0.514711823836658,0.0,0.9286569926512156
4881.0,0.0425,0.0066,0.9305,0,0,0,0.04974479727985036,-0.5512768074817741,0.0,0.9314934567671422
4893.0,0.0449,0.0034,0.9248,0,0,0,0.0530877733473628,-0.587974571342997,0.0,0.9258955718654237
4905.0,0.042,0.0044,0.9224,0,0,0,0.05647482115851472,-0.6243749337169074,0.0,0.9233661895477872
4917.0,0.0437,0.0031,0.9257,0,0,0,0.05973303023661666,-0.6606324720161179,0.0,0.9267360951209357
4929.0,0.0443,0.0,0.9277,0,0,0,0.062489403444382065,-0.6967554074036331,0.0,0.9287571157197128
4941.0,0.0425,0.0042,0.9274,0,0,0,0.06531338658961022,-0.7324685822947387,0.0,0.9283828143605417
4953.0,0.0437,0.0043,0.9254,0,0,0,0.06820462952883599,-0.7679072979546553,0.0,0.9264412231760847
4965.0,0.043,0.004,0.925,0,0,0,0.0711128488035165,-0.8029497073520261,0.0,0.9260075593643932
4977.0,0.0438,0.005,0.9263,0,0,0,0.07415276030134808,-0.8376641296848808,0.0,0.9273484404472787
4989.0,0.0468,0.0037,0.9269,0,0,0,0.07714247591405106,-0.872385808270453,0.0,0.9280881100412827
5001.0,0.043,0.0046,0.9285,0,0,0,0.08019207400547287,-0.9065684558395799,0.0,0.9295065411281407
5013.0,0.0426,0.0061,0.924,0,0,0,0.08347550539736431,-0.9401831561330406,0.0,0.9250016054040123
5025.0,0.0422,0.0045,0.9253,0,0,0,0.08676099894986833,-0.9731733175156536,0.0,0.9262727352135547
5037.0,0.0428,0.0038,0.9227,0,0,0,0.08995684093496811,-1.0056351166243973,0.0,0.9236999350438431
5049.0,0.0413,0.0007,0.9253,0,0,0,0.09268339797950415,-1.0373666860622166,0.0,0.9262215015858788
5061.0,0.0448,0.001,0.9187,0,0,0,0.09503031052920392,-1.0688592907950307,0.0,0.9197922211021357
5073.0,0.0415,0.0044,0.9309,0,0,0,0.09745177568160135,-1.0996027680671299,0.0,0.931834974660213
5085.0,0.0422,0.0085,0.9401,0,0,0,0.10043508306478721,-1.1296588565881192,0.0,0.9410850652305561
5097.0,0.0459,0.0055,0.9265,0,0,0,0.1035445574480009,-1.15958050791835,0.0,0.927652580441622
5109.0,0.0437,0.0059,0.9139,0,0,0,0.10681577997405198,-1.1891243706185015,0.0,0.9149632287693314
5121.0,0.0414,0.0039,0.928,0,0,0,0.1099684158188252,-1.2179124296510497,0.0,0.928931197667513
5133.0,0.0414,0.0048,0.9352,0,0,0,0.11311713532310434,-1.2459357023987296,0.0,0.9361282177137916
5145.0,0.0468,0.0051,0.9384,0,0,0,0.11629098237047407,-1.2738754503055563,0.0,0.9395801243108541
5157.0,0.0465,0.0031,0.9261,0,0,0,0.11924124566639614,-1.3017182489303498,0.0,0.9272718425575103
5169.0,0.0419,0.001,0.9158,0,0,0,0.12173492676089301,-1.3289125001949778,0.0,0.9167585560004335
5181.0,0.0424,0.0009,0.9222,0,0,0,0.12380449321316686,-1.355505166129572,0.0,0.923174636783312
5193.0,0.0426,0.0063,0.936,0,0,0,0.12615555768499093,-1.381459743996194,0.0,0.9369901013351208
5205.0,0.0431,0.0057,0.9351,0,0,0,0.12867617111877924,-1.4068665010745258,0.0,0.9361100950208795
5217.0,0.0463,0.0066,0.9275,0,0,0,0.13145615202896307,-1.4321767628682263,0.0,0.9286783619746936
5229.0,0.0414,-0.0013,0.9125,0,0,0,0.1334929222371281,-1.4568338130316354,0.0,0.9134395984409697
5241.0,0.0415,0.0028,0.9241,0,0,0,0.1353695499577697,-1.480810854695635,0.0,0.9250356209357562
5253.0,0.0447,0.0057,0.9387,0,0,0,0.13745187897674482,-1.5044512804083425,0.0,0.9397809691624959
5265.0,0.043,0.0034,0.9336,0,0,0,0.13943011619390097,-1.5275671036523917,0.0,0.9345959126809832
5277.0,0.0459,0.0043,0.928,0,0,0,0.14142637372746475,-1.5505632799825002,0.0,0.9291443913622899
5289.0,0.0439,0.0049,0.9181,0,0,0,0.143513799946644,-1.5732187502145702,0.0,0.9191620259780101
5301.0,0.048,0.0013,0.9131,0,0,0,0.1452352610069427,-1.5960639453515832,0.0,0.914361689923632
5313.0,0.0453,0.0044,0.9324,0,0,0,0.14700375472687746,-1.6185851007713026,0.0,0.9335101552741674
5325.0,0.0406,0.0045,0.9406,0,0,0,0.1488183591782903,-1.6401479911245058,0.0,0.9414865745192545
5337.0,0.0436,0.0045,0.9327,0,0,0,0.1506738209860862,-1.6612387778723965,0.0,0.933729350507951
5349.0,0.0432,0.0049,0.9252,0,0,0,0.15261483538905263,-1.6818652027009708,0.0,0.9262209725546059
5361.0,0.047,0.0028,0.9097,0,0,0,0.15437634940357894,-1.7025997752220916,0.0,0.9109176307438559
5373.0,0.0459,0.0045,0.931,0,0,0,0.15617479391129913,-1.723128447287354,0.0,0.9321416523254392
5385.0,0.0438,0.006,0.9348,0,0,0,0.15818528407759752,-1.743153011590437,0.0,0.9358447948244409
5397.0,0.0419,0.0035,0.9287,0,0,0,0.1600735039479509,-1.762494583748409,0.0,0.9296513055979645
5409.0,0.042,0.0017,0.9253,0,0,0,0.16162978051226304,-1.7812272074519189,0.0,0.9262542739442555
5421.0,0.0424,0.0062,0.9318,0,0,0,0.1634420271227102,-1.7993968442834756,0.0,0.9327847768912183
5433.0,0.041,0.0055,0.9355,0,0,0,0.1653878300478339,-1.8168400176651744,0.0,0.9364141711870875
5445.0,0.0432,0.0049,0.9253,0,0,0,0.16737914357686315,-1.8339373251640811,0.0,0.9263208623365881
5457.0,0.0414,0.0042,0.9155,0,0,0,0.1693259498166304,-1.8505297716310043,0.0,0.9164452247679618
5469.0,0.0428,0.0037,0.9254,0,0,0,0.17116217026978514,-1.8667594149566828,0.0,0.9263966159264616
5481.0,0.0444,0.0087,0.9343,0,0,0,0.17350918141632904,-1.8827828470238201,0.0,0.9353948578007044
5493.0,0.0405,0.0056,0.9355,0,0,0,0.17591835295188846,-1.8981049437281592,0.0,0.9363930050998887
5505.0,0.0404,0.0015,0.9337,0,0,0,0.17787329986225967,-1.912776237972255,0.0,0.934574823114768
5517.0,0.045,0.0054,0.9259,0,0,0,0.1799090024668506,-1.9274548467085022,0.0,0.9270086137679627
5529.0,0.0428,0.0012,0.9138,0,0,0,0.18150086567141518,-1.9419087166770683,0.0,0.9148025579325847
5541.0,0.0419,0.0001,0.9254,0,0,0,0.18255513571487997,-1.9559583142661963,0.0,0.9263480879237567
5553.0,0.0463,0.0059,0.9395,0,0,0,0.18384171997762502,-1.9700851763523195,0.0,0.9406586787990636
5565.0,0.0433,0.0046,0.9417,0,0,0,0.18516881627940693,-1.9838694134947013,0.0,0.9427061790398957
5577.0,0.0413,0.0035,0.91,0,0,0,0.18641040274418977,-1.9972588098066206,0.0,0.9109434340286998
5589.0,0.0448,0.0035,0.9073,0,0,0,0.1875752108975972,-2.01072056086826,0.0,0.9084121201305055
5601.0,0.0427,0.005,0.9297,0,0,0,0.18884355237198538,-2.023831416506419,0.0,0.9306934941214534
5613.0,0.0424,0.005,0.9432,0,0,0,0.19019313056690612,-2.0364922649658546,0.0,0.9441657693434984
5625.0,0.0414,0.0031,0.927,0,0,0,0.19138599690621097,-2.048700582936413,0.0,0.9279291837203958
5637.0,0.0437,0.0007,0.9192,0,0,0,0.19214586117660726,-2.0608134355763292,0.0,0.9202384582269967
5649.0,0.0421,0.006,0.9276,0,0,0,0.19317242297409457,-2.0725725411992464,0.0,0.9285742673582981
5661.0,0.0474,0.005,0.9288,0,0,0,0.19430785167980344,-2.084643009273972,0.0,0.9300221502738523
5673.0,0.0432,0.0023,0.9315,0,0,0,0.19520239198316564,-2.0964302837228166,0.0,0.9325040375247712
5685.0,0.0444,0.0048,0.9287,0,0,0,0.19619269610890605,-2.108108263561507,0.0,0.9297731389968199
5697.0,0.0426,0.0013,0.9258,0,0,0,0.1968350943995255,-2.1194613196145813,0.0,0.9267804972052444
5709.0,0.0436,0.0002,0.9241,0,0,0,0.19703419111635967,-2.1306381702895094,0.0,0.9251279965496667
5721.0,0.042,0.0079,0.9237,0,0,0,0.19779285199069252,-2.1414421932425074,0.0,0.9246881095807385
5733.0,0.047,0.0055,0.9233,0,0,0,0.19874745519337444,-2.1525150861932816,0.0,0.924511838756
5745.0,0.0461,0.005,0.9191,0,0,0,0.19981360524157932,-2.1637167269110638,0.0,0.9202689932840289
5757.0,0.0435,-0.0001,0.9226,0,0,0,0.20034347916898868,-2.174668140194032,0.0,0.9236249347002277
5769.0,0.0444,0.0034,0.9293,0,0,0,0.20082878445126612,-2.1854489184342984,0.0,0.9303662773338252
5781.0,0.046,0.0033,0.9357,0,0,0,0.20125837313742484,-2.1962175350974547,0.0,0.9368358340712635
5793.0,0.0281,0.0089,0.9852,0,0,0,0.20230246720416759,-2.2044691724174577,0.0,0.9856408372221597
5805.0,0.223,0.1248,0.6215,-6.482472666666666,-5.014055666666668,0,0.14256238892562734,-2.296188266712903,0.0,0.6719868227874711
5817.0,-0.0526,-0.024,1.1301,9.143427333333333,11.978344333333332,-0.606335333333334,0.2623116065743754,-2.1703706101961715,-0.0036380120000000043,1.1315779999628837
5829.0,0.0211,0.0481,0.8298,-1.7954726666666674,-7.479655666666668,1.576864666666666,0.2556746353754976,-2.273010740554205,0.005823175999999991,0.8314606785651382
5841.0,-0.1654,0.5769,0.9902,1.1587273333333328,-17.79265566666667,31.546264666666666,0.3532724573962374,-2.468132930396816,0.19510076399999998,1.1578716725095228
5853.0,-0.1185,0.6901,0.8473,0.5709273333333328,-9.601855666666667,97.88216466666667,0.5191940944363367,-2.545291023122549,0.782393752,1.099180399206609
5865.0,-0.229,0.0232,0.8247,2.250327333333333,0,125.17986466666667,0.6894714243457335,-2.4777841363287467,1.5334729400000002,0.856218038819552
5877.0,0.0922,-0.191,0.9698,1.8075273333333328,2.9936443333333327,112.14166466666667,0.81122420687838,-2.3897670144921315,2.2063229280000005,0.9927204440324577
5889.0,0.108,-0.2581,0.9241,0,1.5355443333333327,91.59976466666667,0.865595951630107,-2.3345348180299603,2.755921516000001,0.9655259810072435
5901.0,0.1143,-0.0483,0.9541,0.6014273333333328,-0.9758556666666673,78.59206466666667,0.9126026778332536,-2.3231087887370943,3.227473904000001,0.9621352243837661
5913.0,0.1812,0.1606,0.8809,1.0824273333333327,1.5508443333333326,85.45466466666667,0.9788524132502137,-2.3026063808256927,3.740201892000001,0.9135702545507927
5925.0,0.1222,0.1533,0.948,1.2656273333333328,0,99.24096466666667,1.0575538398623685,-2.311427702331009,4.335647680000001,0.9680587430523004
5937.0,0.0345,0.0266,0.9175,1.7388273333333328,-1.1972556666666674,104.37836466666667,1.1352380585654336,-2.3329720729648904,4.961917868000001,0.9185336466346783
5949.0,-0.0087,-0.136,0.9336,2.532727333333333,-1.1895556666666676,96.79056466666667,1.1958848589493973,-2.3474637787205985,5.5426612560000015,0.9434938526561792
5961.0,-0.032,-0.2687,0.9318,1.9602273333333327,-1.0216556666666676,79.98136466666666,1.2097686654870192,-2.3509403165748606,6.022549444000002,0.970296310412443
5973.0,-0.0433,-0.2479,0.9298,1.9908273333333328,-2.334655666666668,60.69896466666667,1.1914232154765632,-2.3605314059897964,6.3867432320000015,0.9632535180314682
5985.0,-0.0481,-0.1908,0.916,1.6014273333333329,-2.2353556666666674,44.60736466666667,1.1468799521933883,-2.3598789309422665,6.654387420000002,0.9368960721446109
5997.0,0.0774,-0.0187,0.8969,0,-3.059855666666668,36.30966466666667,1.08592938194143,-2.3766108098310204,6.872245408000002,0.9004277094803336
6009.0,0.0894,0.0018,0.9996,1.4869273333333328,-1.8231556666666675,31.317264666666663,1.0480121140546421,-2.386500448993677,7.060148996000002,1.0035914308123601
6021.0,0.0605,-0.0557,0.8708,0,0,28.187464666666664,0.9896333898767876,-2.3788723952983184,7.229273784000003,0.8746744422926739
6033.0,0.0764,-0.1211,0.9412,0,0,20.553964666666666,0.921236778501114,-2.3767842335952927,7.352597572000002,0.9520292064847591
6045.0,0.0737,-0.1152,0.9232,0,0,10.966164666666666,0.8448108132451205,-2.3793278749611955,7.418394560000002,0.9332743273014639
6057.0,0.0619,-0.0562,0.9198,0,0,1.5233646666666658,0.7687365020290309,-2.384507577296736,7.427534748000002,0.9235919499432635
6069.0,0.0461,-0.0005,0.9255,0,0.9630443333333325,0,0.7000481983910204,-2.3786861258072443,7.427534748000002,0.9266475651508507
6081.0,0.051,0.0002,0.9092,0,1.1997443333333324,-0.614035333333334,0.6380141330530813,-2.3712849210304734,7.423850536000002,0.910629276928872
6093.0,0.0458,0.0022,0.9248,0,1.2836443333333327,-1.2170353333333344,0.5823077947905805,-2.363288146501432,7.4165483240000025,0.9259360237079017
6105.0,0.0397,-0.0143,0.9385,-0.6809726666666673,1.4363443333333326,-2.560535333333334,0.5222968478808853,-2.3530378817801827,7.401185112000003,0.9394481518423462
6117.0,-0.1248,-0.254,0.9047,-0.917572666666667,1.6653443333333326,-24.255235333333335,0.433136866020462,-2.3195176434314764,7.2556537000000025,0.9479309732253715
6129.0,-0.2332,-0.337,0.9385,-0.7038726666666673,2.7417443333333327,-74.88123533333334,0.31353139058979196,-2.2417087790466526,6.806366288000002,1.0240768965268185
6141.0,-0.3241,-0.3524,0.9139,-1.390872666666667,3.2149443333333325,-121.18653533333334,0.15510295720988002,-2.119560838634055,6.079247076000002,1.031716908846608
6153.0,-0.3656,-0.3214,0.9238,-2.7649726666666674,5.734044333333332,-165.38503533333335,-0.041809932776521314,-1.928894464417706,5.086936864000002,1.0442067611349775
6165.0,-0.2426,-0.1899,0.9926,-1.8336726666666672,4.146244333333333,-198.15603533333334,-0.22948095393759227,-1.7395892253410503,3.898000652000002,1.0393130086744802
6177.0,0.114,0.0236,0.9219,-2.2992726666666674,6.192044333333332,-217.40023533333334,-0.3998935506317012,-1.5540752367172235,2.5935992400000023,0.9292214859762984
6189.0,0.1333,0.1046,0.9553,-2.612272666666667,3.2226443333333323,-208.75903533333334,-0.5430092766330876,-1.4315126833742555,1.3410450280000021,0.9702103586336316
6201.0,0.3359,0.2791,0.9222,-2.192472666666667,3.9249443333333325,-176.81253533333336,-0.632435973626631,-1.3497840030173875,0.2801698160000019,1.0203815266849945
6213.0,0.3629,0.3892,0.903,-1.4672726666666671,4.321844333333333,-132.40023533333334,-0.6563053220477685,-1.310507171994857,-0.5142315959999981,1.0481326490478198
6225.0,0.2631,0.4165,0.9457,-0.6198726666666672,4.2149443333333325,-93.79723533333333,-0.6165066552113853,-1.301722513145114,-1.0770150079999983,1.0663218791715754
6237.0,0.1134,0.4203,0.9153,0,1.4821443333333326,-54.84303533333333,-0.5219245810739184,-1.3326099488654577,-1.4060732199999983,1.0135510544614907
6249.0,0.2842,0.251,0.9376,2.8228273333333327,0,-11.224735333333333,-0.37380130894965224,-1.4076854051225478,-1.4734216319999984,1.0113675889606113
6261.0,0.0149,-0.0291,0.8934,7.8686273333333325,5.344744333333333,0.8058646666666659,-0.1828520391581172,-1.4104623294804441,-1.4685864439999985,0.8939979753892063
6273.0,0.0328,0.0217,0.9856,-1.1542726666666674,-2.311755666666667,0,-0.10873793171736852,-1.4973509233334437,-1.4685864439999985,0.9863843520656641
6285.0,0.0671,0.0,0.8708,0,0,0,-0.030414497698441928,-1.555335584355174,-1.4685864439999985,0.8733813886269847
6297.0,0.0247,0.0065,0.9823,0,0,0,0.0391515467634636,-1.6059398630941246,-1.4685864439999985,0.9826319911340156
6309.0,0.0413,-0.0018,0.8862,0,0,0,0.1005340133537624,-1.652824925690882,-1.4685864439999985,0.8871636658475143
6321.0,0.0325,0.0066,0.924,0,0,0,0.15532394458043952,-1.694917335816013,-1.4685864439999985,0.9245949437456383
6333.0,0.0365,0.0029,0.9138,0,0,0,0.20378146460126376,-1.7332674453136403,-1.4685864439999985,0.9145332689410484
6345.0,0.0289,0.004,0.948,0,0,0,0.24650697091802948,-1.767040772057924,-1.4685864439999985,0.9484488441660941
6357.0,0.038,0.0048,0.9451,0,0,0,0.28421721524671184,-1.7978634311708641,-1.4685864439999985,0.9458758110872696
6369.0,0.045,0.0065,0.9265,0,0,0,0.3177252720851115,-1.8270178235221366,-1.4685864439999985,0.9276149524452482
6381.0,0.0441,-0.0009,0.9055,0,0,0,0.34662615248977685,-1.854676047547195,-1.4685864439999985,0.9065736980521771
6393.0,0.0491,0.0039,0.9163,0,0,0,0.3719427231708293,-1.8814986615314764,-1.4685864439999985,0.9176228582593178
6405.0,0.0469,0.0067,0.9429,0,0,0,0.39430235361641497,-1.9070767888195068,-1.4685864439999985,0.9440894608033711
6417.0,0.0433,0.0071,0.9355,0,0,0,0.4140884932324038,-1.931114963637918,-1.4685864439999985,0.9365284565884797
6429.0,0.045,0.0054,0.9253,0,0,0,0.4313865271382089,-1.9540248677806393,-1.4685864439999985,0.9264093317751069
6441.0,0.0393,0.0059,0.9236,0,0,0,0.4465208832726698,-1.975202261707841,-1.4685864439999985,0.9244545743301831
6453.0,0.0996,0.0061,0.9857,0,0,0,0.459584875940194,-2.0017977836173872,-1.4685864439999985,0.9907380380302353
6465.0,0.0762,0.0382,1.1217,0.8457273333333328,0.6959443333333326,0,0.48432934589199195,-2.021047585385627,-1.4685864439999985,1.1249340291768224
6477.0,-0.0054,0.0225,1.1346,3.105327333333333,0,-0.827735333333334,0.5350086145720091,-2.039586577741836,-1.4735528559999984,1.1348359220609825
6489.0,0.0432,-0.0067,0.8369,1.3037273333333328,0.7188443333333325,0,0.5606015775290398,-2.049313310598743,-1.4735528559999984,0.8380410133161742
6501.0,0.0505,-0.0018,0.7074,0,2.3600443333333327,0,0.5685377573406075,-2.041269320605875,-1.4735528559999984,0.7092025451166967
6513.0,0.0002,0.0153,0.9026,-0.9862726666666672,2.0012443333333327,0,0.5647456054395357,-2.0317431488299764,-1.4735528559999984,0.902729688223446
6525.0,-0.0117,-0.0393,1.0466,3.2656273333333328,0.5050443333333325,0,0.6041218737196894,-2.032488282666452,-1.4735528559999984,1.0474029501581519
6537.0,0.0856,0.0347,0.9169,2.807527333333333,0,0,0.6403544386893109,-2.044973175081554,-1.4735528559999984,0.9215405905330487
6549.0,0.1001,0.0332,0.8308,-2.161872666666667,0,0,0.6201421659973789,-2.0647924817879075,-1.4735528559999984,0.8374669486015552
6561.0,0.0267,-0.0227,0.937,0,1.5890443333333326,0,0.6211447961398731,-2.062698166981599,-1.4735528559999984,0.9376551498285498
6573.0,0.0402,-0.0061,0.9738,1.5633273333333328,0.9401443333333326,0,0.638365709010725,-2.0671699545874325,-1.4735528559999984,0.9746484956126491
6585.0,0.0619,-0.0006,0.9194,1.7312273333333328,0,0,0.6560312088874305,-2.0846085753283825,-1.4735528559999984,0.9214815950413768
6597.0,0.0651,-0.0167,0.816,0.8762273333333328,1.2684443333333326,0,0.6603175523553872,-2.0896632890697715,-1.4735528559999984,0.8187630304306612
6609.0,0.0623,0.0077,0.7834,-1.1847726666666674,0.7264443333333326,0,0.6406380317470614,-2.1035244176811263,-1.4735528559999984,0.7859110254984338
6621.0,0.0498,0.0273,0.9065,-1.0702726666666673,-1.5636556666666674,0,0.6253981405048692,-2.1439091149146936,-1.4735528559999984,0.9082772594312818
6633.0,0.0447,-0.0059,0.9904,0,-1.1666556666666672,0,0.6212124791495652,-2.1774775968809723,-1.4735528559999984,0.9914257713011095
6645.0,0.0492,0.0183,1.0055,0.7388273333333328,0.8027443333333326,0,0.627159919321358,-2.1864855419798324,-1.4735528559999984,1.0068692963835972
6657.0,0.0026,-0.0112,0.8979,0,0.7417443333333327,0,0.6219671843516181,-2.1903214046334116,-1.4735528559999984,0.8979736131980717
6669.0,0.0339,0.0065,0.9174,-0.7572726666666671,-1.6628556666666676,0,0.6080487922203894,-2.220968356131228,-1.4735528559999984,0.9180491381184342
6681.0,0.0516,0.0232,0.9933,-0.5206726666666672,-0.7010556666666674,0,0.5992570444363621,-2.240181433293305,-1.4735528559999984,0.9949098903920897
6693.0,0.0265,0.0096,1.0137,0.6320273333333328,0.8409443333333326,0,0.6043437192029906,-2.238125667093941,-1.4735528559999984,1.01409176113407
6705.0,0.0245,-0.0078,0.9301,0,0.6806443333333325,0,0.5999851717425749,-2.235766056622133,-1.4735528559999984,0.9304553186478113
6717.0,0.0453,0.0098,0.9436,0,0,0,0.5961327633983611,-2.2419177103072654,-1.4735528559999984,0.9447375773197549
6729.0,0.0493,-0.002,0.9365,0,0,0,0.5912982970459029,-2.24888652672097,-1.4735528559999984,0.9377988803576169
6741.0,0.0629,-0.0038,0.8584,0,0.8943443333333325,0,0.5854365758966659,-2.24816061079008,-1.4735528559999984,0.8607098291526594
6753.0,0.0417,0.0127,0.8624,0,0,0,0.5807104620053317,-2.258022482157288,-1.4735528559999984,0.8635009785750102
6765.0,0.0372,0.0004,0.9666,0,-1.1590556666666676,0,0.5754002773985781,-2.280197217116643,-1.4735528559999984,0.9673156465187566
6777.0,0.0551,0.0068,0.984,0,0,0,0.5703654903428759,-2.289395369027118,-1.4735528559999984,0.9855649395143884
6789.0,0.0421,0.001,0.9028,0,1.0012443333333325,0,0.5649258508419539,-2.286498597862808,-1.4735528559999984,0.9037816384503505
6801.0,0.0259,-0.0054,0.8722,0,0,0,0.5583628448432384,-2.293486176810975,-1.4735528559999984,0.8726011746496792
6813.0,0.0579,-0.0012,0.8799,0,-0.7392556666666676,0,0.5513281103882813,-2.3111906063075485,-1.4735528559999984,0.8818037536776536
6825.0,0.0541,0.0168,0.9371,0,0,0,0.5461008861960004,-2.3209873480635563,-1.4735528559999984,0.9388106624873837
6837.0,0.0239,-0.0017,0.9404,0,0,0,0.5401771816281663,-2.327849611993266,-1.4735528559999984,0.9407051929270934
6849.0,0.0375,0.0013,0.9183,0,0,0,0.5340358647314515,-2.3339265095858694,-1.4735528559999984,0.9190662816141173
6861.0,0.0425,0.0063,0.9275,0,0,0,0.5283301720008216,-2.33986555850675,-1.4735528559999984,0.9284945826444008
6873.0,0.0358,0.002,0.9296,0,0,0,0.522485938136594,-2.3448297930060282,-1.4735528559999984,0.9302912447185558
6885.0,0.0425,0.0052,0.9008,0,0,0,0.5169429000055017,-2.349915992427804,-1.4735528559999984,0.9018170158075307
6897.0,0.0406,0.0015,0.915,0,0,0,0.5112096481779357,-2.354784206158747,-1.4735528559999984,0.9159015285498764
6909.0,0.045,-0.0029,0.9648,0,0,0,0.5047519578490834,-2.3597158973959176,-1.4735528559999984,0.9658532238389019
6921.0,0.0464,0.0026,0.9574,0,0.6730443333333325,0,0.49835553887884326,-2.3569913696830307,-1.4735528559999984,0.9585272453091774
6933.0,0.0337,0.0057,0.8865,0,0,0,0.49243839858776334,-2.3613882743670667,-1.4735528559999984,0.8871586273040464
6945.0,0.0448,0.0022,0.8723,0,-0.6399556666666673,0,0.48652912502219176,-2.3739127758843406,-1.4735528559999984,0.8734524428954331
6957.0,0.0581,0.016,0.9113,-0.5435726666666671,0,0,0.4759487635327471,-2.380720224225814,-1.4735528559999984,0.9132903700357297
6969.0,0.0375,0.0027,0.954,0,0,0,0.4717342854646981,-2.386433001716104,-1.4735528559999984,0.9547405616187049
6981.0,0.0394,0.0062,0.9575,0,0,0,0.4678222910228326,-2.3913900859829846,-1.4735528559999984,0.9583303449228768
6993.0,0.0531,0.009,0.9199,0,0,0,0.46455282108197443,-2.3975803043313557,-1.4735528559999984,0.9214752411215399
7005.0,0.0403,0.0015,0.9185,0,0,0,0.46092967542991115,-2.4032718839495875,-1.4735528559999984,0.91938489763537
7017.0,0.0424,0.0051,0.9037,0,0,0,0.45745659263614397,-2.408857642434565,-1.4735528559999984,0.9047084944886944
7029.0,0.0436,0.005,0.9204,0,0,0,0.4541001463881827,-2.4143906940539477,-1.4735528559999984,0.9214456685014044
7041.0,0.0322,0.0062,0.9526,0,0,0,0.45098185851492595,-2.4182701561177997,-1.4735528559999984,0.9531642250945007
7053.0,0.0381,-0.006,0.9358,0,0,0,0.4465818351077683,-2.4215125073480683,-1.4735528559999984,0.9365944960333688
7065.0,0.0413,0.0099,0.9198,0,0,0,0.4430352232990335,-2.424671182225378,-1.4735528559999984,0.9207799628575765
7077.0,0.036,0.0057,0.9501,0,0,0,0.4397115340496045,-2.426928356044161,-1.4735528559999984,0.9507988746312229
7089.0,0.0515,0.0096,0.9279,0,0,0,0.4370846502011834,-2.430419387211689,-1.4735528559999984,0.9293776519800764
7101.0,0.0513,0.002,0.9169,0,0,0,0.43414693069006133,-2.4350299514796556,-1.4735528559999984,0.9183361584953519
7113.0,0.0404,0.0004,0.9456,0,0,0,0.43072642014761264,-2.439111533439411,-1.4735528559999984,0.9464627198152075
7125.0,0.0486,0.0067,0.9633,0,0,0,0.42765313239237207,-2.443626422148706,-1.4735528559999984,0.9645484643085592
7137.0,0.0438,0.005,0.9241,0,0,0,0.42470599600117354,-2.448147831069738,-1.4735528559999984,0.9251509336319128
7149.0,0.0378,-0.0002,0.8878,0,0,0,0.42125632508258826,-2.452135128803943,-1.4735528559999984,0.8886043664083584
7161.0,0.0446,0.0089,0.9091,0,0,0,0.41848102003555343,-2.4563593797362477,-1.4735528559999984,0.9102368812567418
7173.0,0.0365,0.0088,0.9465,0,0,0,0.41627101560869356,-2.4595707688750146,-1.4735528559999984,0.9472443929630832
7185.0,0.0322,-0.0023,0.9637,0,0,0,0.4131851167439429,-2.4612627186052114,-1.4735528559999984,0.9642405405291773
7197.0,0.0424,0.0063,0.9398,0.6014273333333328,0,0,0.41747922982092306,-2.4629995670317277,-1.4735528559999984,0.9407770671099503
7209.0,0.0394,0.0032,0.8966,0,0,0,0.41447954521400154,-2.4646400024713397,-1.4735528559999984,0.8974709800322236
7221.0,0.043,0.0062,0.8987,0,0,0,0.4117871989084502,-2.466625108071434,-1.4735528559999984,0.899749481800351
7233.0,0.0497,0.0023,0.9355,0,0,0,0.40886748783538923,-2.469534603953032,-1.4735528559999984,0.9368220909009352
7245.0,0.0431,0.0111,0.9536,0,0,0,0.4068281375088587,-2.4723361215034356,-1.4735528559999984,0.9546380361163073
7257.0,0.045,-0.0031,0.9083,0,0,0,0.40384530197788787,-2.475525886650292,-1.4735528559999984,0.9094193202258242
7269.0,0.0536,0.0046,0.8982,0,0,0,0.4009906770621559,-2.4801753276713185,-1.4735528559999984,0.8998096243094981
7281.0,0.0404,0.0067,0.9069,0,0,0,0.39851116952032317,-2.4844224917970443,-1.4735528559999984,0.9078241349512581
7293.0,0.0461,0.007,0.934,0,0,0,0.3963884483953067,-2.4888540557660144,-1.4735528559999984,0.9351631996608935
7305.0,0.0461,0.0077,0.9298,0,0,0,0.3946734627600392,-2.493463482860935,-1.4735528559999984,0.9309739738574865
7317.0,0.0288,-0.0023,0.942,0,0,0,0.39207688366413096,-2.4960121517290172,-1.4735528559999984,0.9424429584860826
7329.0,0.0397,0.0043,0.9366,0,0,0,0.38952813118122376,-2.498118439386474,-1.4735528559999984,0.9374508733795067
7341.0,0.0444,0.004,0.9125,0,0,0,0.387003186006062,-2.500546132465829,-1.4735528559999984,0.9135883153806205
7353.0,0.0374,0.0107,0.906,0,0,0,0.38533845146137247,-2.502423809815343,-1.4735528559999984,0.9068347423869467
7365.0,0.0421,0.0033,0.9221,0,0,0,0.38350944264471,-2.5043032517688157,-1.4735528559999984,0.9230664710626207
7377.0,0.0469,0.0076,0.9335,0,0,0,0.38206442021673054,-2.506710251391438,-1.4735528559999984,0.9347083074414178
7389.0,0.0386,0.0055,0.9423,0,0,0,0.3806948499893191,-2.5085017140752925,-1.4735528559999984,0.9431063036582886
7401.0,0.0461,0.0034,0.9347,0,0,0,0.37914006456463645,-2.510715734132214,-1.4735528559999984,0.9358423264631708
7413.0,0.0461,0.0042,0.9072,0,0,0,0.37754175661350053,-2.5134540128476575,-1.4735528559999984,0.9083802562803752
7425.0,0.0366,0.0026,0.916,0,0,0,0.3757044708290009,-2.515425049660644,-1.4735528559999984,0.9167345962709164
7437.0,0.0496,0.0074,0.929,0,0,0,0.3742457716398053,-2.5182494282393635,-1.4735528559999984,0.930352578327163
7449.0,0.0385,0.0074,0.9447,0,0,0,0.37311317166630104,-2.5203590678927417,-1.4735528559999984,0.9455131411038135
7461.0,0.035,-0.0021,0.9368,0,0,0,0.3711028608405468,-2.5214491590539487,-1.4735528559999984,0.9374559456315801
7473.0,0.0437,0.0026,0.9116,0,0,0,0.3689174135214946,-2.522851507068728,-1.4735528559999984,0.9126505410067973
7485.0,0.0377,0.0094,0.9047,0,0,0,0.36742762917863986,-2.523823703154159,-1.4735528559999984,0.9055339529802292
7497.0,0.0411,0.0027,0.9309,0,0,0,0.3657090956347474,-2.5246889753196955,-1.4735528559999984,0.9318107694161942
7509.0,0.047,0.0082,0.938,0,0,0,0.36446820633767163,-2.5261477249842765,-1.4735528559999984,0.9392125638001229
7521.0,0.0402,0.0015,0.9264,0,0,0,0.3628300412292859,-2.5273514157063053,-1.4735528559999984,0.9272730180480828
7533.0,0.0419,0.0048,0.9271,0,0,0,0.36125222855805506,-2.5285337795401857,-1.4735528559999984,0.9280587589156195
7545.0,0.0455,0.0039,0.9193,0,0,0,0.35962417119291484,-2.5301833559048363,-1.4735528559999984,0.9204335663153533
7557.0,0.042,0.0094,0.9149,0,0,0,0.3586387490140187,-2.5318343832975567,-1.4735528559999984,0.9159117697682458
7569.0,0.0454,0.0017,0.9146,0,0,0,0.3572688958670273,-2.533906192683893,-1.4735528559999984,0.9157276942410336
7581.0,0.0453,0.0061,0.9355,0,0,0,0.3560944389336809,-2.5362135354990243,-1.4735528559999984,0.9366160098994678
7593.0,0.0393,0.0044,0.9465,0,0,0,0.3548772598157061,-2.5379200172284984,-1.4735528559999984,0.9473257623436618
7605.0,0.0424,0.0017,0.9208,0,0,0,0.35330750452547144,-2.5396219837209895,-1.4735528559999984,0.921777245325572
7617.0,0.0427,0.0054,0.8956,0,0,0,0.35190241359396457,-2.5414968351448595,-1.4735528559999984,0.8966335985228302
7629.0,0.0422,0.005,0.9236,0,0,0,0.35057904187366706,-2.543299583829518,-1.4735528559999984,0.9245770925131122
7641.0,0.0452,0.0101,0.9592,0,0,0,0.3499381074059351,-2.545203512812268,-1.4735528559999984,0.9603174943736056
7653.0,0.0433,0.0026,0.9438,0,0,0,0.3489829767376084,-2.5470455749281355,-1.4735528559999984,0.9447963219657451
7665.0,0.0387,0.0027,0.9143,0,0,0,0.34778439373742376,-2.548429607977681,-1.4735528559999984,0.9151226529815553
7677.0,0.0471,0.0027,0.8942,0,0,0,0.346384592281631,-2.550558431925049,-1.4735528559999984,0.8954436554021699
7689.0,0.0474,0.0087,0.9156,0,0,0,0.345540457199146,-2.5532571906627335,-1.4735528559999984,0.9168673895389671
7701.0,0.0388,0.0042,0.9435,0,0,0,0.34461258162485847,-2.555227678307799,-1.4735528559999984,0.9443067986623839
7713.0,0.0457,0.0059,0.9414,0,0,0,0.3438241982584099,-2.5574177236630145,-1.4735528559999984,0.9425270606194817
7725.0,0.0437,0.0035,0.9148,0,0,0,0.34288110005692385,-2.559702777051802,-1.4735528559999984,0.9158498676093151
7737.0,0.0405,0.0013,0.9165,0,0,0,0.3415297223853095,-2.561661779648464,-1.4735528559999984,0.917395329179302
7749.0,0.0466,0.005,0.9227,0,0,0,0.3402747988867767,-2.5640479392229447,-1.4735528559999984,0.9238895226162054
7761.0,0.0449,0.01,0.9346,0,0,0,0.3397187351505714,-2.5665267957027122,-1.4735528559999984,0.9357313556785408
7773.0,0.0459,0.007,0.9315,0,0,0,0.33941033778850876,-2.569223671915053,-1.4735528559999984,0.9326564533631877
7785.0,0.045,0.0006,0.9205,0,0,0,0.338537163709859,-2.5720603592705866,-1.4735528559999984,0.9215994845918698
7797.0,0.0408,0.0038,0.9252,0,0,0,0.337560193965614,-2.574468395878299,-1.4735528559999984,0.9261069700633939
7809.0,0.025,-0.0028,0.937,0,0,0,0.33567146336784326,-2.5744755861881767,-1.4735528559999984,0.9373376339398733
7821.0,0.0356,0.0093,0.9393,0,0,0,0.33447581862346903,-2.573664239366805,-1.4735528559999984,0.9400203933958029
7833.0,0.036,0.0057,0.9247,0,0,0,0.33345762990374617,-2.5722622710482708,-1.4735528559999984,0.9254180568802405
7845.0,0.0458,0.0054,0.9353,0,0,0,0.3325542049035966,-2.571492715421485,-1.4735528559999984,0.9364362711898766
7857.0,0.0433,0.0033,0.9429,0,0.5279443333333327,0,0.33149041151177394,-2.5647236615599063,-1.4735528559999984,0.9438994596883716
7869.0,0.0299,-0.0004,0.9293,0,0.6424443333333325,0,0.32984044862705264,-2.5553434797612864,-1.4735528559999984,0.9297809742084423
7881.0,0.0403,0.0011,0.9265,0,0,0,0.3278625552809819,-2.553740249008233,-1.4735528559999984,0.9273767033951198
7893.0,0.0518,0.0067,0.926,0,0,0,0.32628917676626445,-2.5536182334166586,-1.4735528559999984,0.9274719025393708
7905.0,0.0461,0.0088,0.9131,0,0,0,0.3253426262348971,-2.554173446283674,-1.4735528559999984,0.9143053428696565
7917.0,0.0359,-0.0031,0.915,0,0,0,0.32348084015355966,-2.5540567470261775,-1.4735528559999984,0.9157092442473211
7929.0,0.0421,0.0085,0.9261,0,0,0,0.3222423887682117,-2.5540513813683052,-1.4735528559999984,0.927095394228663
7941.0,0.0475,0.0051,0.9371,0,0,0,0.3211295175337101,-2.5547495629889134,-1.4735528559999984,0.9383169347294122
7953.0,0.0508,0.0035,0.9183,0,0,0,0.3199426197889414,-2.5565789758603334,-1.4735528559999984,0.9197107045152839
7965.0,0.0426,0.0052,0.9061,0,0,0,0.31891015512617593,-2.558461083797268,-1.4735528559999984,0.9071157643873246
7977.0,0.042,0.0018,0.9316,0,0,0,0.3175806857762525,-2.560165931354796,-1.4735528559999984,0.9325480148496376
7989.0,0.0452,0.0017,0.9243,0,0,0,0.31598363797981555,-2.5621483512715573,-1.4735528559999984,0.9254060838356316
8001.0,0.0446,0.0079,0.9135,0,0,0,0.31492716079731436,-2.564359816602237,-1.4735528559999984,0.9146222280264131
8013.0,0.0366,-0.0038,0.8942,0,0,0,0.3129085382794074,-2.5658884924061027,-1.4735528559999984,0.8949567810793994
8025.0,0.0461,0.0067,0.9205,0,0,0,0.3113352314910451,-2.5678390321793674,-1.4735528559999984,0.9216780077662697
8037.0,0.0483,0.0055,0.9464,0,0,0,0.30999491969007775,-2.570279855900362,-1.4735528559999984,0.9476476665934445
8049.0,0.0442,0.0122,0.8666,0,0,0,0.3097415293348488,-2.5731061208986006,-1.4735528559999984,0.867812214710072
8061.0,0.0447,-0.0125,0.7191,-0.665672666666667,0,0,0.2995949126427027,-2.5772309797222785,-1.4735528559999984,0.7205963849479124
8073.0,0.0455,-0.0118,0.7988,-0.9328726666666673,-0.7773556666666672,0,0.28463916355570923,-2.591280288101613,-1.4735528559999984,0.8001818105905681
8085.0,0.0411,0.0,0.9141,-0.5511726666666672,0,0,0.27426538693472774,-2.595397494296842,-1.4735528559999984,0.9150235078947425
8097.0,0.0391,0.0043,0.9294,0,0,0,0.27094406375118424,-2.598626020807031,-1.4735528559999984,0.9302320463196266
8109.0,0.0414,0.01,0.9017,0,0,0,0.2687498331505379,-2.6015320704799376,-1.4735528559999984,0.902705295209904
8121.0,0.0526,0.0035,0.8898,-0.5588726666666672,0,0,0.2601540310780754,-2.605652024740668,-1.4735528559999984,0.8913602246005821
8133.0,0.0435,0.0079,0.9557,-0.5664726666666673,0,0,0.2522890507334618,-2.609262202287443,-1.4735528559999984,0.9567220860835188
8145.0,0.0358,0.0077,0.9862,0,0,0,0.2517787858136824,-2.6112669319976103,-1.4735528559999984,0.9868796127187955
8157.0,0.0447,0.0084,0.964,0,0,0,0.2518518570844449,-2.6131164195002867,-1.4735528559999984,0.9650723548004055
8169.0,0.0427,0.0044,0.9366,0,0,0,0.251950948305966,-2.614738107623758,-1.4735528559999984,0.9375831749770257
8181.0,0.0354,0.0026,0.9471,0,0,0,0.2518430238996,-2.6151878533299624,-1.4735528559999984,0.9477649128344012
8193.0,0.0359,0.0067,0.9708,0,0,0,0.25204907051210423,-2.614538795624565,-1.4735528559999984,0.9714866648595851
8205.0,0.0431,0.0054,0.9536,0,0,0,0.2523783739760942,-2.6139132214552006,-1.4735528559999984,0.9545887753373177
8217.0,0.0426,0.0033,0.9351,0,0,0,0.2525671098604934,-2.613350787909589,-1.4735528559999984,0.9360756700181883
8229.0,0.0448,0.0018,0.9103,0,0,0,0.25246000216083797,-2.6132548764789223,-1.4735528559999984,0.9114035165611333
8241.0,0.0433,0.0037,0.9158,0,0,0,0.2523234049748261,-2.613355662377582,-1.4735528559999984,0.9168305295963917
8253.0,0.0436,0.0087,0.944,0,0,0,0.2527632529014961,-2.6135075908132603,-1.4735528559999984,0.9450463745234939
8265.0,0.0414,0.0076,0.9325,0,0,0,0.2535805107766315,-2.61349798171183,-1.4735528559999984,0.9334495005087313
8277.0,0.0396,0.0002,0.8925,0,0,0,0.2538392808259773,-2.613348597386448,-1.4735528559999984,0.8933781114399434
8289.0,0.0447,0.0083,0.9171,0,0,0,0.2545921378195733,-2.613568389729026,-1.4735528559999984,0.9182262194034758
8301.0,0.0457,0.0076,0.9419,0,0,0,0.25567654674463075,-2.614096071485637,-1.4735528559999984,0.943038631234161
8313.0,0.0404,0.0021,0.9252,0,0,0,0.256381653876094,-2.6143340220035767,-1.4735528559999984,0.9260840188665389
8325.0,0.0385,0.0042,0.9154,0,0,0,0.2570166603526124,-2.6141362441037015,-1.4735528559999984,0.9162188876027387
8337.0,0.0465,0.0032,0.9196,0,0,0,0.25746176368874785,-2.614520328914259,-1.4735528559999984,0.9207804570037311
8349.0,0.0403,0.0071,0.9227,0,0,0,0.25821988858731376,-2.6146321557356913,-1.4735528559999984,0.9236069456213503
8361.0,0.0364,0.0013,0.923,0,0,0,0.2585338735749084,-2.6140190847680147,-1.4735528559999984,0.9237183824088379
8373.0,0.0416,0.0077,0.9418,0,0,0,0.25923647668900285,-2.6133067079669385,-1.4735528559999984,0.9427497494033079
8385.0,0.0441,0.0077,0.9319,0,0,0,0.2602856928537138,-2.612872144740186,-1.4735528559999984,0.9329746566761606
8397.0,0.04,0.0033,0.9175,0,0,0,0.2611041041790207,-2.612257400431967,-1.4735528559999984,0.9183774496360415
8409.0,0.0398,0.0027,0.92,0,0,0,0.2616411309965451,-2.611446031665502,-1.4735528559999984,0.9208644471364936
8421.0,0.0444,0.0077,0.9331,0,0,0,0.262539051765841,-2.610958541645436,-1.4735528559999984,0.9341874865357597
8433.0,0.0422,0.0043,0.926,0,0,0,0.26333747574750666,-2.610525270813503,-1.4735528559999984,0.9269710513279258
8445.0,0.0399,0.0034,0.91,0,0,0,0.26394545921623874,-2.609945670809761,-1.4735528559999984,0.910880656288188
8457.0,0.0461,0.0071,0.9103,0,0,0,0.26484239317990843,-2.6100044289422337,-1.4735528559999984,0.9114942183031114
8469.0,0.0422,-0.0015,0.9222,0,0,0,0.2649180372515672,-2.610076307557292,-1.4735528559999984,0.923166252632753
8481.0,0.0425,0.0079,0.9308,0,0,0,0.26542990621555845,-2.6101481415235424,-1.4735528559999984,0.9318032517650923
8493.0,0.0378,0.0043,0.9312,0,0,0,0.26587884914105603,-2.6096360149254894,-1.4735528559999984,0.9319768076513493
8505.0,0.0422,0.0068,0.9313,0,0,0,0.26658067703321536,-2.609154121570753,-1.4735528559999984,0.9322804138240811
8517.0,0.0424,0.0048,0.9299,0,0,0,0.26725735943109113,-2.608732360225279,-1.4735528559999984,0.9308785151672585
8529.0,0.0355,0.004,0.9209,0,0,0,0.2678175400568772,-2.607561702342412,-1.4735528559999984,0.921592675752146
8541.0,0.0441,0.0022,0.9275,0,0,0,0.2680466753342944,-2.6067593408711414,-1.4735528559999984,0.9285504294328876
8553.0,0.0464,0.0072,0.9409,0,0,0,0.26859337247915455,-2.606492458918713,-1.4735528559999984,0.9420709155896917
8565.0,0.0411,0.006,0.9366,0,0,0,0.2692730942019543,-2.606067857798021,-1.4735528559999984,0.9375205437749085
8577.0,0.0374,0.0046,0.9243,0,0,0,0.26990401606788533,-2.6051173372371155,-1.4735528559999984,0.9250677867053853
8589.0,0.0446,0.0046,0.9153,0,0,0,0.27049620551563336,-2.6046426770290267,-1.4735528559999984,0.916397517456262
8601.0,0.0413,0.0024,0.9253,0,0,0,0.27077473213000475,-2.604126095850033,-1.4735528559999984,0.9262243464733585
8613.0,0.0442,0.0073,0.9432,0,0,0,0.2713700243973147,-2.6038317189864064,-1.4735528559999984,0.9442632948494821
8625.0,0.0402,0.0032,0.9293,0,0,0,0.2717462791315867,-2.6033180705125156,-1.4735528559999984,0.9301745911386743
8637.0,0.042,0.0046,0.9156,0,0,0,0.27210980820694014,-2.6029100497091378,-1.4735528559999984,0.9165743395928122
8649.0,0.043,0.0021,0.922,0,0,0,0.2721483946369927,-2.602683982321477,-1.4735528559999984,0.9230045557850731
8661.0,0.045,0.0062,0.9265,0,0,0,0.27240412906922123,-2.60284068614305,-1.4735528559999984,0.9276128987891448
8673.0,0.0399,0.0007,0.9294,0,0,0,0.2721697087738176,-2.6026888350763873,-1.4735528559999984,0.930256341015744
8685.0,0.0442,0.0084,0.9325,0,0,0,0.2724526437043121,-2.602778416869684,-1.4735528559999984,0.9335847310233818
8697.0,0.0444,0.0042,0.92,0,0,0,0.2726801572379317,-2.603175728058957,-1.4735528559999984,0.9210803439440015
8709.0,0.0437,0.0037,0.9205,0,0,0,0.2727961689232817,-2.603754770717569,-1.4735528559999984,0.9215441552090708
8721.0,0.0427,0.0044,0.9254,0,0,0,0.2728971701151017,-2.6043417277137046,-1.4735528559999984,0.9263950615153342
8733.0,0.0405,0.0021,0.9338,0,0,0,0.2726956463998138,-2.60461531299462,-1.4735528559999984,0.93468021269309
8745.0,0.0393,0.006,0.934,0,0,0,0.27270946030943793,-2.604463297647129,-1.4735528559999984,0.9348457038463621
8757.0,0.0441,0.0085,0.9286,0,0,0,0.27322459469209537,-2.6045585715722814,-1.4735528559999984,0.9296854414262923
8769.0,0.0397,0.0,0.9146,0,0,0,0.2731400317467441,-2.604407557309733,-1.4735528559999984,0.9154612225539649
8781.0,0.0437,0.0033,0.9167,0,0,0,0.2729323656860359,-2.6045216891998875,-1.4735528559999984,0.9177469531412239
8793.0,0.0471,0.006,0.9375,0,0,0,0.2729383031816361,-2.6051719906761615,-1.4735528559999984,0.9387015819737389
8805.0,0.0414,0.0029,0.9398,0,0,0,0.27274844299943624,-2.6055769843832466,-1.4735528559999984,0.9407159029164969
8817.0,0.0414,0.002,0.9178,0,0,0,0.27228765154210605,-2.6058893462747883,-1.4735528559999984,0.9187354352587038
8829.0,0.0446,0.0049,0.9208,0,0,0,0.27194510696848484,-2.6064973707173764,-1.4735528559999984,0.9218925154268256
8841.0,0.0409,0.0032,0.9264,0,0,0,0.27149451985907946,-2.6068764943346667,-1.4735528559999984,0.9273079369874929
8853.0,0.0432,0.0042,0.9165,0,0,0,0.27107841857192183,-2.6073931253095632,-1.4735528559999984,0.917527182158654
8865.0,0.0448,0.0045,0.9324,0,0,0,0.2707220269091408,-2.6081373389116544,-1.4735528559999984,0.9334865023127008
8877.0,0.0414,0.0018,0.9349,0,0,0,0.2700842006979305,-2.608646709548489,-1.4735528559999984,0.9358179363530066
8889.0,0.048,0.0088,0.9343,0,0,0,0.27006383144481666,-2.609765273073136,-1.4735528559999984,0.9355735834235595
8901.0,0.0409,0.0033,0.9084,0,0,0,0.2699238902763508,-2.6106914741693927,-1.4735528559999984,0.9093262670790941
8913.0,0.0448,0.0046,0.9194,0,0,0,0.26983298347900686,-2.6118647325675695,-1.4735528559999984,0.92050234111598
8925.0,0.0461,0.009,0.943,0,0,0,0.270315320682924,-2.613277879700821,-1.4735528559999984,0.9441690579551948
8937.0,0.0437,0.006,0.9376,0,0,0,0.2709341211250873,-2.6146344907012016,-1.4735528559999984,0.9386370171690439
8949.0,0.0397,0.002,0.9248,0,0,0,0.27118676536939756,-2.6155193668733987,-1.4735528559999984,0.9256538932019894
8961.0,0.0452,0.0051,0.9073,0,0,0,0.2715090562353125,-2.616765237324247,-1.4735528559999984,0.908439508167715
8973.0,0.0449,0.0045,0.911,0,0,0,0.2718157793956705,-2.6182697608512404,-1.4735528559999984,0.9121169113660814
8985.0,0.0427,0.0056,0.929,0,0,0,0.27223324517147807,-2.6196229570775436,-1.4735528559999984,0.9299976612873819
8997.0,0.0433,0.0078,0.9429,0,0,0,0.2730103208190083,-2.6208338195651626,-1.4735528559999984,0.9439259187033694
9009.0,0.0431,0.0066,0.9236,0,0,0,0.2739671027853271,-2.6220037431370806,-1.4735528559999984,0.9246286443756758
9021.0,0.0432,0.0016,0.9139,0,0,0,0.27446870665679896,-2.62320367204016,-1.4735528559999984,0.9149218600514473
9033.0,0.0424,0.0038,0.9214,0,0,0,0.27483471352448474,-2.624285364714406,-1.4735528559999984,0.9223828706128492
9045.0,0.0427,0.0074,0.9318,0,0,0,0.2755191970203255,-2.6252376186796313,-1.4735528559999984,0.9328072094489835
9057.0,0.0422,0.0062,0.934,0,0,0,0.27633295011174713,-2.625999564536408,-1.4735528559999984,0.9349734113866555
9069.0,0.0411,-0.0009,0.9244,0,0,0,0.27638791421570136,-2.6265115591902974,-1.4735528559999984,0.925313665737192
9081.0,0.0432,0.0021,0.9255,0,0,0,0.2761434878764847,-2.6270550606464003,-1.4735528559999984,0.9265100647051817
9093.0,0.0417,0.0033,0.923,0,0,0,0.27578524381809905,-2.627454295168648,-1.4735528559999984,0.9239473902771738
9105.0,0.0442,0.0035,0.9211,0,0,0,0.27535298077715514,-2.6280452262955714,-1.4735528559999984,0.9221665250918621
9117.0,0.0399,0.0048,0.9299,0,0,0,0.27501234316240986,-2.628222425375848,-1.4735528559999984,0.9307679947226376
9129.0,0.0432,0.0062,0.9352,0,0,0,0.2749229990029661,-2.6284120216935274,-1.4735528559999984,0.9362177738112004
9141.0,0.0436,0.0037,0.922,0,0,0,0.2747540566536392,-2.62873663245724,-1.4735528559999984,0.9230377294563858
9153.0,0.0417,0.0052,0.922,0,0,0,0.2747007020239064,-2.628945105787995,-1.4735528559999984,0.9229571658533239
9165.0,0.0426,0.0057,0.9343,0,0,0,0.274803890338218,-2.6290918742682305,-1.4735528559999984,0.9352880518856209
9177.0,0.0419,0.0059,0.9291,0,0,0,0.2750726303616554,-2.6291271642926413,-1.4735528559999984,0.9300630247461729
9189.0,0.0431,0.0067,0.9264,0,0,0,0.27558726398136696,-2.6292274455461717,-1.4735528559999984,0.9274262558284622
9201.0,0.041,0.0029,0.9237,0,0,0,0.2758501554029354,-2.629141014694265,-1.4735528559999984,0.9246140275812389
9213.0,0.0459,0.0066,0.9276,0,0,0,0.2763449476908348,-2.6294726720362656,-1.4735528559999984,0.9287583808504771
9225.0,0.0414,0.0044,0.9287,0,0,0,0.2767709194243225,-2.629610814626073,-1.4735528559999984,0.9296327285546696
9237.0,0.0416,0.0059,0.9224,0,0,0,0.27732470773956613,-2.6296384526936536,-1.4735528559999984,0.9233564479657896
9249.0,0.0397,0.0033,0.9192,0,0,0,0.27767091251510645,-2.6293518947050516,-1.4735528559999984,0.9200628348107536
9261.0,0.042,0.0045,0.9301,0,0,0,0.27797461810021884,-2.6290112240086967,-1.4735528559999984,0.9310586769908759
9273.0,0.0424,0.0057,0.9313,0,0,0,0.2783877382902914,-2.628666170265945,-1.4735528559999984,0.9322821139547836
9285.0,0.0422,0.0063,0.9266,0,0,0,0.2789736275110391,-2.628319722563913,-1.4735528559999984,0.927581850835817
9297.0,0.0393,0.0052,0.9287,0,0,0,0.2795735296604066,-2.627603108910563,-1.4735528559999984,0.9295457062457982
9309.0,0.0417,0.0046,0.9232,0,0,0,0.280114049596881,-2.6268883613380645,-1.4735528559999984,0.9241527417045301
9321.0,0.0424,0.0059,0.9259,0,0,0,0.2807599233071029,-2.626248005819452,-1.4735528559999984,0.9268890872159408
9333.0,0.0409,0.0042,0.9287,0,0,0,0.28128556127846627,-2.6254737575123603,-1.4735528559999984,0.9296096707758584
9345.0,0.0441,0.007,0.9285,0,0,0,0.2820500031319956,-2.624978974234616,-1.4735528559999984,0.9295730525354099
9357.0,0.0428,0.0049,0.9276,0,0,0,0.2827647892571961,-2.6245762552391656,-1.4735528559999984,0.928599811544241
9369.0,0.0442,0.0061,0.9263,0,0,0,0.2835834010704128,-2.6244355693141315,-1.4735528559999984,0.9273740022234827
9381.0,0.0408,0.0021,0.923,0,0,0,0.2840001853598089,-2.6241253428652294,-1.4735528559999984,0.9239037016919025
9393.0,0.0416,0.0045,0.9259,0,0,0,0.28435618358749454,-2.6237485672436915,-1.4735528559999984,0.9268449816447192
9405.0,0.041,0.0065,0.9297,0,0,0,0.2849024596604153,-2.623218493200573,-1.4735528559999984,0.9306263159829513
9417.0,0.0447,0.0042,0.9323,0,0,0,0.2853295163583207,-2.6229961560263173,-1.4735528559999984,0.9333804261928788
9429.0,0.0424,0.0022,0.9241,0,0,0,0.28540909401032466,-2.6228080303092955,-1.4735528559999984,0.9250748131908035
9441.0,0.0405,0.0033,0.9271,0,0,0,0.28531595372355745,-2.6223991831612525,-1.4735528559999984,0.9279900592139982
9453.0,0.041,0.0016,0.921,0,0,0,0.2848641732421255,-2.6218922936483655,-1.4735528559999984,0.9219135317371148
9465.0,0.0409,0.0031,0.9291,0,0,0,0.28427757529208647,-2.6212422286250523,-1.4735528559999984,0.9300049623523522
9477.0,0.0433,0.0066,0.9221,0,0,0,0.28400958422928846,-2.620802567348787,-1.4735528559999984,0.9231396752388016
9489.0,0.0417,0.0027,0.9307,0,0,0,0.2835363879436208,-2.6203037284039032,-1.4735528559999984,0.9316376280507351
9501.0,0.0408,0.0059,0.9293,0,0,0,0.2832792932175079,-2.619650533234427,-1.4735528559999984,0.9302139216330833
9513.0,0.0458,0.0056,0.9227,0,0,0,0.2831799934986457,-2.6195164379224605,-1.4735528559999984,0.9238529590795279
9525.0,0.0408,0.007,0.9253,0,0,0,0.28339171847180306,-2.619208855771224,-1.4735528559999984,0.9262255286915817
9537.0,0.0388,0.0039,0.9303,0,0,0,0.2834912566577503,-2.618474068356422,-1.4735528559999984,0.9311169314323524
9549.0,0.0449,0.0055,0.9375,0,0,0,0.2836845600511124,-2.61807637790734,-1.4735528559999984,0.9385907041943256
9561.0,0.0416,0.0034,0.9308,0,0,0,0.28370536526453455,-2.617607241778816,-1.4735528559999984,0.9317353486908179
9573.0,0.0413,0.0054,0.925,0,0,0,0.2838242954889826,-2.6170714458025337,-1.4735528559999984,0.9259372818933257
9585.0,0.0433,0.0065,0.9178,0,0,0,0.28416995346219365,-2.6167648005547655,-1.4735528559999984,0.9188438278619495
9597.0,0.0398,0.0055,0.9342,0,0,0,0.2845810184705678,-2.616137551271198,-1.4735528559999984,0.935063596767621
9609.0,0.0419,0.0057,0.9259,0,0,0,0.2850789785451881,-2.6155341311093037,-1.4735528559999984,0.9268650980590433
9621.0,0.0413,0.0029,0.9126,0,0,0,0.285315459905418,-2.6149530377377315,-1.4735528559999984,0.9135386472394038
9633.0,0.0404,0.0039,0.917,0,0,0,0.2854412208364847,-2.614256984473505,-1.4735528559999984,0.9178977993219072
9645.0,0.0421,0.0024,0.9207,0,0,0,0.2852808475297291,-2.613650409579884,-1.4735528559999984,0.9216651561169056
9657.0,0.0403,0.0056,0.928,0,0,0,0.2852601214537808,-2.612860688353199,-1.4735528559999984,0.9288915168091482
9669.0,0.0425,0.006,0.9252,0,0,0,0.285413717609928,-2.6121986482812205,-1.4735528559999984,0.9261950604489316
9681.0,0.0408,0.0042,0.9218,0,0,0,0.28550016148235885,-2.611459268717583,-1.4735528559999984,0.9227120460902198
9693.0,0.0402,0.0031,0.9221,0,0,0,0.2853907760202918,-2.6105772049353577,-1.4735528559999984,0.922981072395312
9705.0,0.0421,0.0056,0.9291,0,0,0,0.28541408123597084,-2.6097672196852075,-1.4735528559999984,0.9300702016514668
9717.0,0.0426,0.0034,0.9275,0,0,0,0.28528303029422736,-2.609093074658952,-1.4735528559999984,0.9284840170945324
9729.0,0.0409,0.005,0.926,0,0,0,0.2852150634333887,-2.6083382614264456,-1.4735528559999984,0.9269162907188546
9741.0,0.0427,0.0049,0.9274,0,0,0,0.28518958450155646,-2.607728502920763,-1.4735528559999984,0.9283954222205105
9753.0,0.0419,0.0056,0.9248,0,0,0,0.28528983229476956,-2.607163481722649,-1.4735528559999984,0.9257656344885568
9765.0,0.0413,0.0063,0.9249,0,0,0,0.2855873360955121,-2.606564341988143,-1.4735528559999984,0.9258430698557938
9777.0,0.0442,0.0046,0.9257,0,0,0,0.28584732369944327,-2.6062902484658323,-1.4735528559999984,0.9267660384368862
9789.0,0.0397,0.0018,0.9283,0,0,0,0.28572590150565835,-2.6057328004769054,-1.4735528559999984,0.929150267717768
9801.0,0.0403,0.0035,0.9235,0,0,0,0.2854815053049093,-2.605027422251139,-1.4735528559999984,0.9243855202241108
9813.0,0.0424,0.0073,0.9268,0,0,0,0.2855970993859898,-2.6044341319176794,-1.4735528559999984,0.9277980868701982
9825.0,0.0452,0.0044,0.933,0,0,0,0.28566732095123787,-2.604252050703021,-1.4735528559999984,0.934104597997462
9837.0,0.0438,0.0056,0.9307,0,0,0,0.28584712566011394,-2.6042726666736224,-1.4735528559999984,0.9317469023291679
9849.0,0.0428,0.0042,0.9205,0,0,0,0.28595670760142905,-2.6044058864200124,-1.4735528559999984,0.9215040585911708
9861.0,0.0417,0.0048,0.9121,0,0,0,0.2860835883093895,-2.604549718952994,-1.4735528559999984,0.9130653536302864
9873.0,0.0416,0.0054,0.9259,0,0,0,0.28629105849022574,-2.6046124462979736,-1.4735528559999984,0.9268497882612909
9885.0,0.0402,0.0068,0.9432,0,0,0,0.2867309713653513,-2.6043336633090335,-1.4735528559999984,0.9440807804420129
9897.0,0.0397,0.0045,0.9281,0,0,0,0.2871005340388336,-2.6037774793712956,-1.4735528559999984,0.9289596062262342
9909.0,0.0446,0.0037,0.9186,0,0,0,0.28731447727014536,-2.603635484034956,-1.4735528559999984,0.919689518261462
9921.0,0.0404,0.0026,0.92,0,0,0,0.28725368525798217,-2.603332775862141,-1.4735528559999984,0.9208902866248508
9933.0,0.0402,0.001,0.9218,0,0,0,0.28675134438210675,-2.6028539843902325,-1.4735528559999984,0.9226766931054452
9945.0,0.0439,0.0084,0.9353,0,0,0,0.28676784923545856,-2.602602769361611,-1.4735528559999984,0.9363673744850363
9957.0,0.0408,0.0038,0.9286,0,0,0,0.2866770894387757,-2.60220721883131,-1.4735528559999984,0.9295036524941686
9969.0,0.0449,0.0054,0.9169,0,0,0,0.2866967643181802,-2.6022569520341055,-1.4735528559999984,0.9180145859407682
9981.0,0.0449,0.0061,0.9222,0,0,0,0.28689726240816493,-2.602670044523982,-1.4735528559999984,0.9233125472991256
9993.0,0.0398,0.0013,0.926,0,0,0,0.2866606927845738,-2.6027509727562608,-1.4735528559999984,0.926855830213092
10005.0,0.0452,0.0096,0.931,0,0,0,0.2870625811926727,-2.6031779070628884,-1.4735528559999984,0.9321460186043816
10017.0,0.042,0.0061,0.9331,0,0,0,0.2875922390795245,-2.603501870427378,-1.4735528559999984,0.9340646765615324
10029.0,0.0438,-0.0004,0.9076,0,0,0,0.2874461589755719,-2.604101161858825,-1.4735528559999984,0.9086563486819426
10041.0,0.0459,0.0055,0.9276,0,0,0,0.287421398686142,-2.605088422648112,-1.4735528559999984,0.928751215342408
10053.0,0.0392,0.0039,0.9312,0,0,0,0.2873036661770792,-2.6055671359405776,-1.4735528559999984,0.93203288032129
10065.0,0.0392,0.0033,0.9366,0,0,0,0.2870269261604804,-2.6055665624666404,-1.4735528559999984,0.9374257783952819
10077.0,0.0432,0.0066,0.9316,0,0,0,0.28702102353075126,-2.6056654214147548,-1.4735528559999984,0.9326244474599623
10089.0,0.0463,0.0067,0.9142,0,0,0,0.2872772398384181,-2.6063327285841624,-1.4735528559999984,0.9153962092995579
10101.0,0.0422,0.0016,0.9238,0,0,0,0.28712773603557906,-2.6069397288910667,-1.4735528559999984,0.9247647484630888
10113.0,0.0397,0.0015,0.9315,0,0,0,0.2866038958337588,-2.607139912286802,-1.4735528559999984,0.9323468185176587
10125.0,0.0448,0.0063,0.9352,0,0,0,0.2863419144485297,-2.6075896320459155,-1.4735528559999984,0.9362936344972127
10137.0,0.0415,0.0027,0.9282,0,0,0,0.28587094669669677,-2.60789096658078,-1.4735528559999984,0.929131196333435
10149.0,0.0411,0.0049,0.9197,0,0,0,0.28549310099514735,-2.6080594197764384,-1.4735528559999984,0.9206309303950199
10161.0,0.045,0.0074,0.9272,0,0,0,0.2855026408002675,-2.6085492818808733,-1.4735528559999984,0.9283208497066087
10173.0,0.0416,0.0024,0.9366,0,0,0,0.28523069857513333,-2.6088488615365697,-1.4735528559999984,0.937526468959677
10185.0,0.0404,0.0039,0.933,0,0,0,0.2848985963523479,-2.6088527510068245,-1.4735528559999984,0.9338824176522439
10197.0,0.0416,0.0028,0.9143,0,0,0,0.2843889549561252,-2.608848822208428,-1.4735528559999984,0.9152501789128479
10209.0,0.0452,0.0027,0.9132,0,0,0,0.28371140993030824,-2.6092890498243295,-1.4735528559999984,0.9143219181448075
10221.0,0.0457,0.0045,0.9265,0,0,0,0.2831023533790427,-2.6101069336422635,-1.4735528559999984,0.9276373159807663
10233.0,0.0438,0.0048,0.9425,0,0,0,0.282583186859172,-2.6109299297532673,-1.4735528559999984,0.9435294007077893
10245.0,0.0431,0.0039,0.9391,0,0,0,0.28203505237615656,-2.611688902253031,-1.4735528559999984,0.9400966067378396
10257.0,0.0414,0.0035,0.9187,0,0,0,0.2814243468530898,-2.6122966595999024,-1.4735528559999984,0.919639005262391
10269.0,0.0417,0.0039,0.9088,0,0,0,0.28081430414298014,-2.612862960392818,-1.4735528559999984,0.9097645519583625
10281.0,0.0403,0.0045,0.9214,0,0,0,0.28027349449609584,-2.6131466255933717,-1.4735528559999984,0.9222918735411259
10293.0,0.0408,0.0043,0.9287,0,0,0,0.27976608921766555,-2.613200812974048,-1.4735528559999984,0.9296057336311991
10305.0,0.0405,0.006,0.9338,0,0,0,0.27949642185832113,-2.6129869476012058,-1.4735528559999984,0.9346971113681694
10317.0,0.0422,0.0061,0.9285,0,0,0,0.2794520987763906,-2.612776908073,-1.4735528559999984,0.929478509703156
10329.0,0.0416,0.0057,0.9187,0,0,0,0.279563152805695,-2.6125515706048126,-1.4735528559999984,0.919659034642731
10341.0,0.0427,0.0013,0.9176,0,0,0,0.2792673688509894,-2.612455338885952,-1.4735528559999984,0.9185938928601691
10353.0,0.0431,0.0035,0.921,0,0,0,0.2788833055026177,-2.6125036377173214,-1.4735528559999984,0.9220145660454612
10365.0,0.0446,0.0046,0.9275,0,0,0,0.2785546022332995,-2.6128280904364014,-1.4735528559999984,0.9285830980585421
10377.0,0.0421,0.0076,0.9305,0,0,0,0.27864479774058437,-2.613069286796705,-1.4735528559999984,0.9314829144970938
10389.0,0.0409,0.0052,0.9209,0,0,0,0.27881311912763546,-2.613142631842661,-1.4735528559999984,0.9218224666387775
10401.0,0.0405,0.0017,0.9177,0,0,0,0.27861860671045086,-2.613036200264834,-1.4735528559999984,0.9185948127438995
10413.0,0.0425,0.0046,0.9263,0,0,0,0.2784583293537104,-2.612970276793832,-1.4735528559999984,0.9272858782489896
10425.0,0.0419,0.0037,0.9235,0,0,0,0.2782187607749182,-2.612881769584564,-1.4735528559999984,0.9244574354722882
10437.0,0.0414,0.0067,0.931,0,0,0,0.27827673601217506,-2.6126694787565814,-1.4735528559999984,0.9319441238615114
10449.0,0.0413,0.0037,0.9304,0,0,0,0.2782260163149562,-2.612339595164092,-1.4735528559999984,0.9313235420625853
10461.0,0.0436,0.0074,0.9308,0,0,0,0.27853669177861407,-2.612188555531785,-1.4735528559999984,0.9318499664645591
10473.0,0.0396,0.0044,0.9215,0,0,0,0.27880046750543896,-2.6117536343208148,-1.4735528559999984,0.9223609759741573
10485.0,0.0417,0.0034,0.9237,0,0,0,0.2788971834458721,-2.6113162191867803,-1.4735528559999984,0.9246470353599798
10497.0,0.0417,0.0059,0.927,0,0,0,0.27915352402098426,-2.6108590364290425,-1.4735528559999984,0.9279561950868156
10509.0,0.0414,0.0048,0.9305,0,0,0,0.27941187630703856,-2.6103287656488567,-1.4735528559999984,0.9314329015017668
10521.0,0.0406,0.0074,0.9312,0,0,0,0.27999227176787705,-2.6096325356684384,-1.4735528559999984,0.932114027359314
10533.0,0.0394,0.0049,0.9343,0,0,0,0.2805445211959601,-2.60862635910855,-1.4735528559999984,0.9351432296712627
10545.0,0.0457,0.0071,0.9301,0,0,0,0.2813449350316541,-2.608148976882033,-1.4735528559999984,0.9312491127512552
10557.0,0.0433,0.0057,0.9235,0,0,0,0.2821944473993142,-2.607879746918799,-1.4735528559999984,0.9245321140988019
10569.0,0.0435,0.0022,0.9204,0,0,0,0.28265537991030365,-2.6078368772364087,-1.4735528559999984,0.9214300027674376
10581.0,0.0397,0.0032,0.9216,0,0,0,0.2828951742378471,-2.6075179944391884,-1.4735528559999984,0.922460237625449
10593.0,0.0453,0.0045,0.9332,0,0,0,0.2830925402461181,-2.6075825725066695,-1.4735528559999984,0.9343096809944763
10605.0,0.0417,0.0068,0.9374,0,0,0,0.2835333755042025,-2.607517275009211,-1.4735528559999984,0.9383516878015407
10617.0,0.0426,0.0046,0.9315,0,0,0,0.2839202535346046,-2.6074816804538834,-1.4735528559999984,0.9324849435781791
10629.0,0.0435,0.0074,0.9209,0,0,0,0.28461121460196864,-2.607642812320501,-1.4735528559999984,0.9219565174128334
10641.0,0.0436,0.0055,0.9203,0,0,0,0.2853351558738878,-2.607993128110786,-1.4735528559999984,0.9213486310838043
10653.0,0.0409,0.0007,0.917,0,0,0,0.2854956775642306,-2.6081951028090677,-1.4735528559999984,0.9179119238794101
10665.0,0.0416,0.0046,0.9248,0,0,0,0.2856356868560384,-2.6083081022270926,-1.4735528559999984,0.9257465959969823
10677.0,0.042,0.0024,0.9415,0,0,0,0.2854752330937524,-2.6082978300340076,-1.4735528559999984,0.9424393932768302
10689.0,0.0406,0.0022,0.929,0,0,0,0.28503341530539356,-2.6080766328105542,-1.4735528559999984,0.929889348256017
10701.0,0.0448,0.0083,0.925,0,0,0,0.28509955969958556,-2.6082102145562405,-1.4735528559999984,0.9261214445201018
10713.0,0.0425,0.0022,0.9097,0,0,0,0.28486961325016674,-2.6084592533148774,-1.4735528559999984,0.9106948885329268
10725.0,0.0438,0.0026,0.923,0,0,0,0.2844200104386117,-2.6088952903016724,-1.4735528559999984,0.9240423150483965
10737.0,0.0424,0.0074,0.9353,0,0,0,0.28436404604912263,-2.609252636177764,-1.4735528559999984,0.9362898109025859
10749.0,0.0409,0.0033,0.9279,0,0,0,0.28415285180451494,-2.6093966885539635,-1.4735528559999984,0.9288068206037248
10761.0,0.0431,0.005,0.9304,0,0,0,0.2840136920078397,-2.609609796981211,-1.4735528559999984,0.9314111712879549
10773.0,0.0426,0.0046,0.9166,0,0,0,0.2838971860483238,-2.609899671671452,-1.4735528559999984,0.9176009372270715
10785.0,0.0415,-0.0004,0.8988,0,0,0,0.28319165410389413,-2.610221759814058,-1.4735528559999984,0.899757661817892
10797.0,0.0442,0.0048,0.9353,0,0,0,0.2825915003262671,-2.6106985972733425,-1.4735528559999984,0.936356112811787
10809.0,0.0396,0.0067,0.9398,0,0,0,0.28231781901718905,-2.610716814625754,-1.4735528559999984,0.9406577964382159
10821.0,0.0468,0.0066,0.9215,0,0,0,0.2823303416677249,-2.6113238210711494,-1.4735528559999984,0.9227112495250072
10833.0,0.0437,0.0076,0.9221,0,0,0,0.28271892939282833,-2.612062738707438,-1.4735528559999984,0.9231662147197546
10845.0,0.0392,0.0027,0.9176,0,0,0,0.2828350822019282,-2.612385729702703,-1.4735528559999984,0.9184409017459969
10857.0,0.0425,0.0049,0.9209,0,0,0,0.2829808264293819,-2.6127304507071183,-1.4735528559999984,0.9218931988034189
10869.0,0.0455,0.006,0.9386,0,0,0,0.2832772400352384,-2.613363854630455,-1.4735528559999984,0.9397213469960124
10881.0,0.0388,0.0049,0.9331,0,0,0,0.2835733999381627,-2.613454152560338,-1.4735528559999984,0.9339191935065904
10893.0,0.0414,0.0076,0.923,0,0,0,0.2842089589901308,-2.6134436176288656,-1.4735528559999984,0.9239592631712721
10905.0,0.0424,0.0027,0.9052,0,0,0,0.28454834861995343,-2.61356827176748,-1.4735528559999984,0.9061964963516467
10917.0,0.0421,0.004,0.9304,0,0,0,0.2847700389594393,-2.6136323714498,-1.4735528559999984,0.9313606014858047
10929.0,0.0386,0.0089,0.9655,0,0,0,0.2854698344019156,-2.6130146149706595,-1.4735528559999984,0.9663122787173927
10941.0,0.0438,0.0066,0.9319,0,0,0,0.28632734447638336,-2.612626366080419,-1.4735528559999984,0.932952094161324
10953.0,0.0442,0.0028,0.9122,0,0,0,0.28686725925147605,-2.6126009829725474,-1.4735528559999984,0.9132745041880891
10965.0,0.04,0.0026,0.9165,0,0,0,0.2870976807288932,-2.612353851699341,-1.4735528559999984,0.9173761551293995
10977.0,0.0441,0.0079,0.9292,0,0,0,0.2877009978035007,-2.612346341598262,-1.4735528559999984,0.9302794526377545
10989.0,0.0444,0.0049,0.9384,0,0,0,0.2882549767014396,-2.6125350931420823,-1.4735528559999984,0.9394625750928027
11001.0,0.0381,0.0015,0.9341,0,0,0,0.2883482484813078,-2.6121444073243545,-1.4735528559999984,0.9348778904220594
11013.0,0.0442,0.0023,0.9166,0,0,0,0.28814438731661607,-2.612093282503694,-1.4735528559999984,0.9176679628275142
11025.0,0.0444,0.0082,0.9221,0,0,0,0.2884039248901765,-2.6123360310749124,-1.4735528559999984,0.9232047497711438
11037.0,0.0428,0.0063,0.9308,0,0,0,0.2888314973309137,-2.6125909665922804,-1.4735528559999984,0.9318047917884946
11049.0,0.0403,0.0073,0.9332,0,0,0,0.2895281211223844,-2.612534386878406,-1.4735528559999984,0.9340982924724784
11061.0,0.045,0.004,0.9192,0,0,0,0.29006275504019374,-2.612861722015167,-1.4735528559999984,0.9203095348848669
11073.0,0.0416,0.0023,0.9086,0,0,0,0.29025002714698545,-2.613167854197494,-1.4735528559999984,0.9095547317231657
11085.0,0.0457,0.005,0.9224,0,0,0,0.29045504636088826,-2.613883300966105,-1.4735528559999984,0.9235449366435832
11097.0,0.042,0.0051,0.9348,0,0,0,0.29067973508797423,-2.614430141306313,-1.4735528559999984,0.9357569395948928
11109.0,0.0435,0.0062,0.9308,0,0,0,0.2910597816455423,-2.615035362212102,-1.4735528559999984,0.9318365360941799
11121.0,0.0409,0.0023,0.9191,0,0,0,0.29110167984210084,-2.6154364227679485,-1.4735528559999984,0.9200124510027025
11133.0,0.0419,0.0046,0.9205,0,0,0,0.29112855039436164,-2.6157720345261963,-1.4735528559999984,0.9214646059399134
11145.0,0.0427,0.0024,0.929,0,0,0,0.2908646052893506,-2.6160998091396097,-1.4735528559999984,0.9299838977100625
11157.0,0.0436,0.0016,0.9364,0,0,0,0.2902418187543431,-2.6164891074123635,-1.4735528559999984,0.9374158522235476
11169.0,0.0425,0.0043,0.9344,0,0,0,0.28963888206301874,-2.6168074748458485,-1.4735528559999984,0.9353759137373594
11181.0,0.0426,0.0043,0.9243,0,0,0,0.28906030830157964,-2.617132290227067,-1.4735528559999984,0.9252911649853791
11193.0,0.0425,0.0029,0.918,0,0,0,0.2883348948250944,-2.617485583656221,-1.4735528559999984,0.9189878454038443
11205.0,0.0406,0.0071,0.9283,0,0,0,0.28799475766240995,-2.617570254741458,-1.4735528559999984,0.9292145392749728
11217.0,0.0432,0.0065,0.9307,0,0,0,0.28791929948011513,-2.61772524461677,-1.4735528559999984,0.9317247340282429
11229.0,0.0404,0.0078,0.9293,0,0,0,0.2882387280764332,-2.6176044228082613,-1.4735528559999984,0.9302104546821649
11241.0,0.0389,0.0045,0.9244,0,0,0,0.2885014620632123,-2.6170830577251882,-1.4735528559999984,0.9252290635296753
11253.0,0.0422,0.0045,0.9202,0,0,0,0.2887162510050876,-2.6166400567560033,-1.4735528559999984,0.9211781206693959
11265.0,0.0419,0.002,0.9282,0,0,0,0.2885742114644008,-2.6161852915459805,-1.4735528559999984,0.9291473779761745
11277.0,0.042,0.0059,0.9281,0,0,0,0.2885997831740144,-2.6157339697688498,-1.4735528559999984,0.9290685765862498
11289.0,0.0436,0.0028,0.9285,0,0,0,0.28838984934185163,-2.6154817979313765,-1.4735528559999984,0.9295273261179577
11301.0,0.0424,0.0032,0.9227,0,0,0,0.2880255156900049,-2.615290224384498,-1.4735528559999984,0.9236792137966513
11313.0,0.0416,0.0027,0.9263,0,0,0,0.2874618040972281,-2.6150335120391786,-1.4735528559999984,0.9272375855194828
11325.0,0.0427,0.0035,0.9309,0,0,0,0.2868196731950632,-2.6148298247330897,-1.4735528559999984,0.9318853738523852
11337.0,0.0424,0.001,0.9248,0,0,0,0.28580418636639315,-2.6146705255327833,-1.4735528559999984,0.9257720021690006
11349.0,0.0452,0.0029,0.9272,0,0,0,0.28469481577621203,-2.614882757787735,-1.4735528559999984,0.9283056016205008
11361.0,0.0422,0.0054,0.9233,0,0,0,0.28381577963137067,-2.6150740711337397,-1.4735528559999984,0.9242796600596597
11373.0,0.0438,0.0061,0.9227,0,0,0,0.28322860560878294,-2.6154475332023597,-1.4735528559999984,0.9237591352728264
11385.0,0.0413,0.0038,0.926,0,0,0,0.2826140375141305,-2.6156534783832663,-1.4735528559999984,0.9269283305628327
11397.0,0.0436,0.0081,0.9303,0,0,0,0.2825054906179135,-2.61597089777554,-1.4735528559999984,0.9313563550005981
11409.0,0.0432,0.0035,0.9209,0,0,0,0.28228041192098247,-2.6163899707195726,-1.4735528559999984,0.9219193565599977
11421.0,0.0409,0.0043,0.9254,0,0,0,0.2820492802311856,-2.616588238591742,-1.4735528559999984,0.9263133703018649
11433.0,0.0405,0.0035,0.9259,0,0,0,0.28171407444581104,-2.6165391100403608,-1.4735528559999984,0.9267919453685384
11445.0,0.0442,0.0068,0.9255,0,0,0,0.2816959123405988,-2.6167311574491543,-1.4735528559999984,0.9265798022836457
11457.0,0.0415,0.0031,0.9254,0,0,0,0.28150005742006345,-2.616802599152959,-1.4735528559999984,0.9263352632821445
11469.0,0.0432,0.0031,0.9242,0,0,0,0.2811484939543865,-2.616984315762609,-1.4735528559999984,0.925214294096238
11481.0,0.0427,0.0022,0.9219,0,0,0,0.28055019119269897,-2.6172142272570538,-1.4735528559999984,0.9228909686414751
11493.0,0.042,0.0048,0.9307,0,0,0,0.2800522441249424,-2.617349811431031,-1.4735528559999984,0.931659556919801
11505.0,0.0425,0.0039,0.9283,0,0,0,0.27953379403671597,-2.6174773239979294,-1.4735528559999984,0.929280555053209
11517.0,0.0432,0.0035,0.9241,0,0,0,0.27895112631433616,-2.6177076936120955,-1.4735528559999984,0.9251158305855542
11529.0,0.0426,0.0035,0.9274,0,0,0,0.27831121568492484,-2.61793551843495,-1.4735528559999984,0.928384494700337
11541.0,0.0436,0.004,0.9288,0,0,0,0.2776831474752224,-2.618276159105231,-1.4735528559999984,0.9298313825635268
11553.0,0.0426,0.0044,0.925,0,0,0,0.27711826600113054,-2.618613726785651,-1.4735528559999984,0.9259908854843012
11565.0,0.0424,0.0034,0.9233,0,0,0,0.27648754847033896,-2.6189328724179566,-1.4735528559999984,0.924279292205554
11577.0,0.0436,0.0045,0.9196,0,0,0,0.2759379782089249,-2.619404470845837,-1.4735528559999984,0.9206439974278874
11589.0,0.0417,0.0062,0.9229,0,0,0,0.2756697850332216,-2.6197560139612146,-1.4735528559999984,0.9238624031748451
11601.0,0.0442,0.006,0.9318,0,0,0,0.2756203498636692,-2.6202592026253764,-1.4735528559999984,0.9328670216059736
11613.0,0.0437,0.0072,0.9309,0,0,0,0.2759125545833589,-2.620838352859414,-1.4735528559999984,0.9319529709164512
11625.0,0.0421,0.0024,0.9231,0,0,0,0.2759169364700773,-2.6213302974289054,-1.4735528559999984,0.9240626493912629
11637.0,0.0413,0.0082,0.9313,0,0,0,0.27637929037985015,-2.621598851071784,-1.4735528559999984,0.9322513716804068
11649.0,0.0475,0.0076,0.9203,0,0,0,0.27717739824434684,-2.622498099953059,-1.4735528559999984,0.9215563466223864
11661.0,0.0397,0.0026,0.9194,0,0,0,0.2776527048851669,-2.622993746719718,-1.4735528559999984,0.9202604033641782
11673.0,0.0402,0.0037,0.934,0,0,0,0.2779688972423688,-2.6231108891943578,-1.4735528559999984,0.9348720393722342
11685.0,0.0448,0.0062,0.9427,0,0,0,0.27844732399504785,-2.6234126184587243,-1.4735528559999984,0.9437842814965717
11697.0,0.0435,0.0056,0.9327,0,0,0,0.27900006802845734,-2.623772771377567,-1.4735528559999984,0.9337306356760497
11709.0,0.0417,0.0031,0.9078,0,0,0,0.2793248812387776,-2.624103424064194,-1.4735528559999984,0.908762532238208
11721.0,0.043,0.0054,0.9194,0,0,0,0.2797244791029752,-2.624501863849441,-1.4735528559999984,0.9204208385298542
11733.0,0.0428,0.0054,0.9333,0,0,0,0.28018027190486494,-2.624855356322271,-1.4735528559999984,0.9342964679372389
11745.0,0.046,0.0111,0.943,0,0,0,0.28138126319865914,-2.625507746874089,-1.4735528559999984,0.9441865334773633
11757.0,0.0396,0.0012,0.9244,0,0,0,0.28202831598686035,-2.6257395504294516,-1.4735528559999984,0.9252485936222762
11769.0,0.0435,0.001,0.9181,0,0,0,0.28216425159626923,-2.62611647964845,-1.4735528559999984,0.919130491279666
11781.0,0.0477,0.0081,0.9233,0,0,0,0.2827224852116923,-2.627109641247758,-1.4735528559999984,0.9245668120801221
11793.0,0.0393,-0.0007,0.9176,0,0,0,0.28256818562313446,-2.627640103525619,-1.4735528559999984,0.9184414733667029
11805.0,0.042,0.0028,0.9242,0,0,0,0.28221402434650233,-2.6280568190702853,-1.4735528559999984,0.9251580837889274
11817.0,0.0461,0.0115,0.9504,0,0,0,0.28274304265950934,-2.628728540747141,-1.4735528559999984,0.9515868956642899
11829.0,0.0387,0.0066,0.9316,0,0,0,0.28345595140189606,-2.6288191463950468,-1.4735528559999984,0.9324268389530623
11841.0,0.0453,0.0016,0.9039,0,0,0,0.28373060294838476,-2.629368450692521,-1.4735528559999984,0.9050358335447277
11853.0,0.0437,0.005,0.9133,0,0,0,0.28403162121070086,-2.6300710424888303,-1.4735528559999984,0.9143585620532024
11865.0,0.0347,0.0066,0.9539,-0.9557726666666673,-1.5941556666666674,0,0.2732869947801833,-2.6483118473760614,-1.4735528559999984,0.9545537491414509
11877.0,0.0626,0.0059,0.887,0,0,0,0.27413460050580335,-2.6501954168214557,-1.4735528559999984,0.8892258262106426
11889.0,0.0361,0.0074,0.9534,0,0,0,0.2752301200921801,-2.650860239359261,-1.4735528559999984,0.9541119064344602
11901.0,0.0402,-0.0035,0.9054,0,0,0,0.2752260173281081,-2.65123525349317,-1.4735528559999984,0.9062987642052702
11913.0,0.0466,0.0056,0.9174,0,0,0,0.27536955962002657,-2.652076183702604,-1.4735528559999984,0.9185998475941524
11925.0,0.0398,0.0044,0.9387,0,0,0,0.2754816653250488,-2.6523617123704764,-1.4735528559999984,0.9395536653113541
11937.0,0.0353,0.0017,0.9351,-0.665672666666667,-0.5254556666666672,0,0.2674061598864164,-2.657802532848791,-1.4735528559999984,0.9357675940103932
11949.0,0.0419,0.0034,0.9235,-0.879472666666667,-0.6476556666666675,0,0.2568733520816552,-2.664536385753068,-1.4735528559999984,0.9244562834444904
11961.0,0.0453,0.0049,0.9154,-0.6885726666666674,0,0,0.24889206239584413,-2.6639535062057003,-1.4735528559999984,0.9165332836291326
11973.0,0.0396,0.0021,0.9323,-0.7496726666666671,0,0,0.24008246388511295,-2.6629730222106023,-1.4735528559999984,0.9331430008310624
11985.0,0.043,0.0061,0.9302,-0.917572666666667,0,0,0.22972790649417155,-2.662075988844474,-1.4735528559999984,0.9312133214253328
11997.0,0.0491,0.0031,0.9142,-0.7114726666666673,0,0,0.22186994428484985,-2.662099060098019,-1.4735528559999984,0.915522834231894
12009.0,0.0486,0.0004,0.9196,0,0,0,0.222077719543021,-2.662842140641511,-1.4735528559999984,0.9208834236753315
12021.0,0.0439,0.0045,0.9237,0,0,0,0.2223743905578946,-2.6636138402945684,-1.4735528559999984,0.924753561766593
12033.0,0.0425,0.0039,0.923,0,0,0,0.22267496767840872,-2.6642401193723573,-1.4735528559999984,0.9239861795503221
12045.0,0.0431,0.0006,0.9257,0,0,0,0.22256832107812763,-2.6647953889327844,-1.4735528559999984,0.9267030052827064
12057.0,0.0415,0.0051,0.9281,0,0,0,0.22265888367869205,-2.6650751459344018,-1.4735528559999984,0.9290413715222805
12069.0,0.0438,0.0023,0.9254,0,0,0,0.22257780682927994,-2.6654114619161766,-1.4735528559999984,0.9264388215095479
12081.0,0.0419,0.0032,0.9246,0,0,0,0.2224573384483551,-2.6655666883114573,-1.4735528559999984,0.925554433839523
12093.0,0.0417,0.0004,0.924,0,0,0,0.22195602738739983,-2.665540598317356,-1.4735528559999984,0.92494056565814
12105.0,0.0428,0.0063,0.9271,0,0,0,0.22184872242913592,-2.6654728251454194,-1.4735528559999984,0.9281087975016722
12117.0,0.0402,0.0017,0.9286,0,0,0,0.22151919734349573,-2.665038517339355,-1.4735528559999984,0.9294712959527045
12129.0,0.0421,0.0028,0.9269,0,0,0,0.2211312203223165,-2.6645264456247983,-1.4735528559999984,0.9278598277757261
12141.0,0.0426,0.0,0.9283,0,0.5203443333333326,0,0.2203456421057206,-2.657881388203402,-1.4735528559999984,0.9292769501069097
12153.0,0.046,0.007,0.9297,0,0,0,0.220075806216878,-2.657878747395007,-1.4735528559999984,0.9308636258872725
12165.0,0.0435,0.0027,0.9272,0,0,0,0.21973089567071227,-2.6579328961782753,-1.4735528559999984,0.9282237768986529
12177.0,0.0417,-0.0002,0.9199,0,0,0,0.21896500643518438,-2.6578565943725097,-1.4735528559999984,0.9208446883161134
12189.0,0.0667,0.0195,0.9482,-0.7191726666666671,1.3218443333333325,0,0.21179113903696858,-2.6450396269953913,-1.4735528559999984,0.9507430672900014
12201.0,0.0432,0.0032,0.9288,0,0,0,0.21304616584406716,-2.647761169734143,-1.4735528559999984,0.9298096149212483
12213.0,0.0396,0.0011,0.9216,0,0.9554443333333327,0,0.2138663025517595,-2.6385549536538755,-1.4735528559999984,0.9224510447714827
12225.0,0.0411,0.0026,0.934,0,1.3829443333333327,0,0.21447942078456028,-2.6240433267699186,-1.4735528559999984,0.9349074660093373
12237.0,0.0411,0.0033,0.9185,0,2.115744333333333,0,0.215003252023732,-2.6008791695957414,-1.4735528559999984,0.9194250105364765
12249.0,0.047,0.0018,0.9156,0,2.1844443333333325,0,0.21526305581577623,-2.5778227017488518,-1.4735528559999984,0.9168072861839613
12261.0,0.0464,0.0073,0.9307,0,0.9936443333333327,0,0.21596146321678916,-2.5694755421382,-1.4735528559999984,0.9318845100118361
12273.0,0.0427,0.0046,0.934,0,0,0,0.21670977660833507,-2.5727244456356413,-1.4735528559999984,0.9349868715655852
12285.0,0.0422,0.005,0.9318,0,0,0,0.21755110496371727,-2.575629458827222,-1.4735528559999984,0.9327685028987631
12297.0,0.0405,0.0018,0.9232,0,0,0,0.21808256928192474,-2.5780660569101177,-1.4735528559999984,0.9240896763842782
12309.0,0.04,0.0012,0.9235,0,0,0,0.21826518189391142,-2.5800208762573997,-1.4735528559999984,0.9243666426261822
12321.0,0.0415,0.001,0.9301,0,0,0,0.21811176599624074,-2.5816937853318422,-1.4735528559999984,0.9310259180065826
12333.0,0.0404,0.0028,0.9301,0,0,0,0.21788466393600717,-2.5829792229769435,-1.4735528559999984,0.930981208188436
12345.0,0.0371,0.0015,0.925,0,0,0,0.21743486266038964,-2.5835424195700454,-1.4735528559999984,0.9257449216711913
12357.0,0.0298,0.001,0.907,0,2.008844333333333,0,0.21673487853578643,-2.559040989718475,-1.4735528559999984,0.9074899668866869
12369.0,0.0374,0.0063,0.933,0,8.810444333333333,0,0.21646021228071663,-2.45455082047877,-1.4735528559999984,0.9337705553293058
12381.0,0.0942,-0.0078,1.0614,-3.2305726666666676,11.054644333333332,0,0.1767897427269268,-2.3315493910643177,-1.4735528559999984,1.065600506756636
12393.0,0.0597,-0.0121,0.8179,0,15.146244333333332,0,0.1741769519154783,-2.16531066708857,-1.4735528559999984,0.8201651723890743
12405.0,0.0214,-0.0052,0.9625,0,1.3065443333333326,0,0.1708816980311937,-2.161738998272375,-1.4735528559999984,0.9627519150850857
12417.0,0.0255,-0.0022,0.9071,0,2.7264443333333324,0,0.16736273643247634,-2.1393056377205997,-1.4735528559999984,0.9074610184465226
12429.0,0.0287,0.0042,0.9263,0,2.7035443333333324,0,0.16444222516091517,-2.115857740276105,-1.4735528559999984,0.9267540234603786
12441.0,0.0367,0.0026,0.9325,0,2.6119443333333328,0,0.16185778990970218,-2.093348064523949,-1.4735528559999984,0.9332255354414601
12453.0,0.0233,0.0012,0.9268,0,2.0546443333333326,0,0.1594027508073898,-2.0756756267625467,-1.4735528559999984,0.9270936144748274
12465.0,0.0315,0.0024,0.931,0,2.7340443333333324,0,0.1572143022687196,-2.049404810917512,-1.4735528559999984,0.931535833986004
12477.0,0.0336,0.0063,0.9202,0,1.3829443333333327,0,0.15574788846292817,-2.0389958702351367,-1.4735528559999984,0.9208347788827266
12489.0,0.0273,0.0002,0.9286,0,0.7951443333333326,0,0.1541676482251573,-2.03439088859274,-1.4735528559999984,0.9290012325072555
12501.0,0.0294,0.0037,0.9153,0,0,0,0.15292464895562252,-2.0383667612501424,-1.4735528559999984,0.9157795258685356
12513.0,0.0292,0.0048,0.9238,0,0.6424443333333325,0,0.1521163387852833,-2.033865052874597,-1.4735528559999984,0.9242738338825783
12525.0,0.0277,0.0005,0.9232,0,0,0,0.15116176624648683,-2.036066848166945,-1.4735528559999984,0.9236156018604277
12537.0,0.031,0.0028,0.9285,0,0,0,0.1503631853562463,-2.0377601398469034,-1.4735528559999984,0.9290215767139104
12549.0,0.0238,0.0031,0.9277,0,0,0,0.14974107904397022,-2.038115986762419,-1.4735528559999984,0.9280104202001183
12561.0,0.0308,0.0038,0.9255,0,0,0,0.1493629026348104,-2.0381660370592893,-1.4735528559999984,0.9260201563680998
12573.0,0.0327,0.0018,0.9242,0,0,0,0.14895374906235007,-2.03818669189319,-1.4735528559999984,0.9247800657453641
12585.0,0.0294,0.0067,0.9248,0,0,0,0.1491239242995238,-2.0377708748638392,-1.4735528559999984,0.9252914621890769
12597.0,0.0303,0.0038,0.9238,0,0,0,0.14944653459741433,-2.037086377931665,-1.4735528559999984,0.924304587243837
12609.0,0.0294,0.0032,0.9333,0,0,0,0.14982533574788928,-2.0360141852342837,-1.4735528559999984,0.9337684348916492
12621.0,0.0251,0.0054,0.9305,0,0,0,0.15052575427148787,-2.0340836374877105,-1.4735528559999984,0.9308541346526855
12633.0,0.0311,0.0056,0.9304,0,0,0,0.1515328682284223,-2.03214152701057,-1.4735528559999984,0.9309364801102168
12645.0,0.0333,0.0009,0.9143,0,0,0,0.15223442896045827,-2.030532298356143,-1.4735528559999984,0.9149066564409727
12657.0,0.0283,0.0037,0.9188,0,0,0,0.1530093530560145,-2.0285829755924136,-1.4735528559999984,0.9192431778370727
12669.0,0.0305,0.0044,0.9279,0,-0.5102556666666676,0,0.15393030956880543,-2.0325721180575553,-1.4735528559999984,0.9284115574463729
12681.0,0.0293,0.0032,0.9338,0,-0.8460556666666674,0,0.15482718306868376,-2.040166761554894,-1.4735528559999984,0.9342650426939884
12693.0,0.0289,-0.0004,0.9224,0,-0.9834556666666674,0,0.15526065458705682,-2.0489857587670155,-1.4735528559999984,0.9228527130588066
12705.0,0.0326,0.0032,0.9214,0,-1.7239556666666673,0,0.15572998375170236,-2.0665825538628972,-1.4735528559999984,0.9219820822553982
12717.0,0.0297,0.0035,0.9257,0,-2.739255666666667,0,0.15626552069383096,-2.0956123141331084,-1.4735528559999984,0.9261829354938472
12729.0,0.0367,0.005,0.9297,0,-4.136155666666667,0.5233646666666659,0.15704220712277636,-2.1411984183607915,-1.4704126679999985,0.9304375207395712
12741.0,0.03,0.001,0.936,0,-5.479655666666668,0,0.15753292589941184,-2.2014561148707004,-1.4704126679999985,0.9364811797361441
12753.0,0.0316,0.001,0.9248,0,-6.914755666666668,0,0.15777500861462335,-2.277435257711273,-1.4704126679999985,0.9253402617415931
12765.0,0.035,-0.0011,0.9276,0,-8.036955666666667,0,0.15753672784437578,-2.365544946654227,-1.4704126679999985,0.9282607230729952
12777.0,0.0365,-0.004,0.9254,0,-7.945355666666668,0,0.15651751296088598,-2.4514175421071998,-1.4704126679999985,0.9261281822728429
12789.0,0.0378,0.0045,0.9171,0,-4.243055666666667,0,0.15586416117749255,-2.4927726763466804,-1.4704126679999985,0.917889699255853
12801.0,0.0365,0.0045,0.925,0,-1.8918556666666673,0,0.15553304162800757,-2.5061211913674466,-1.4704126679999985,0.925730792401333
12813.0,0.0383,0.0034,0.9235,0,-2.9300556666666675,0,0.1553511838325165,-2.532064848335393,-1.4704126679999985,0.9243001135994737
12825.0,0.0427,0.0021,0.9198,0.9144273333333328,-2.2430556666666672,0,0.16589526530263768,-2.550559617734196,-1.4704126679999985,0.9207929951949025
12837.0,0.0442,0.002,0.9077,1.2045273333333328,-1.9224556666666675,0,0.17960311445780236,-2.56619282159136,-1.4704126679999985,0.9087777120946573
12849.0,0.041,0.0026,0.9121,2.105327333333333,-1.5407556666666675,0.6073646666666659,0.20367006430990145,-2.577760651282773,-1.4667684799999985,0.9130247367952306
12861.0,0.0459,0.0021,0.9128,2.8610273333333325,-1.0445556666666675,0.6149646666666659,0.2361162143635496,-2.5845309254410695,-1.4630786919999985,0.9139557210281032
12873.0,0.0323,0.0054,0.9698,2.998427333333333,0,0,0.2698960835963003,-2.578055689750987,-1.4630786919999985,0.9703527657506831
12885.0,0.0304,0.0029,0.9459,0,-0.7850556666666675,0,0.2677664450959769,-2.5800862203865753,-1.4630786919999985,0.946392825416592
12897.0,0.0491,-0.0001,0.8872,-1.6504726666666674,-1.8384556666666674,0,0.2459434189345789,-2.5962892913678557,-1.4630786919999985,0.8885576289695565
12909.0,0.0317,-0.0007,0.9281,0,0.6424443333333325,0,0.243584377654123,-2.582284171712981,-1.4630786919999985,0.9286414754898685
12921.0,0.0483,0.006,0.9126,0,-0.5025556666666673,0,0.24176349516540652,-2.583519474274632,-1.4630786919999985,0.9138969580866324
12933.0,0.0404,0.0081,0.9429,0,0,0,0.24067052403085176,-2.5790338179264634,-1.4630786919999985,0.9437998622589431
12945.0,0.0432,0.0016,0.9164,0,0,0,0.2394264799906674,-2.575311746901189,-1.4630786919999985,0.9174190754502547
12957.0,0.0372,0.0032,0.9313,0,0,0,0.2382440563505459,-2.5714516562567535,-1.4630786919999985,0.93204815862701
12969.0,0.038,0.0059,0.9268,0,0,0,0.2374541934918993,-2.5675998032781684,-1.4630786919999985,0.9275974611866938
12981.0,0.0549,0.0021,0.8954,0,0,0,0.2365545786865634,-2.566020799764934,-1.4630786919999985,0.8970839314133321
12993.0,0.0522,-0.0403,0.9556,0,0,-1.9499353333333342,0.23029057379376155,-2.565791580468544,-1.4747783039999984,0.9578727942686336
13005.0,0.0507,-0.0078,0.9314,0,0,-4.751435333333334,0.22334194549472622,-2.5666962772096396,-1.5032869159999984,0.9328114975706507
13017.0,0.0237,0.052,0.9335,0,0,-3.5453353333333344,0.22319106298987668,-2.5652544811937386,-1.5245589279999985,0.9352475287323672
13029.0,0.0388,0.0145,0.9166,0,0,0,0.22440891687125958,-2.563701529283986,-1.5245589279999985,0.9175354216595673
13041.0,0.0382,-0.0011,0.9117,0,0,0,0.22490586773395618,-2.5620054115999147,-1.5245589279999985,0.9125005972600785
13053.0,0.0339,0.0034,0.9321,-0.5969726666666673,-0.5102556666666676,0,0.2182911092025938,-2.565546104939867,-1.5245589279999985,0.9327224560393087
13065.0,0.0436,0.0063,0.9381,-1.1542726666666674,-0.6781556666666675,-0.5224353333333341,0.20553668906529882,-2.571440146262301,-1.5276935399999985,0.9391337817371922
13077.0,0.0433,0.0031,0.9154,-0.742072666666667,0,0,0.1977552849707964,-2.569729326429668,-1.5276935399999985,0.9164287533682037
13089.0,0.0389,0.0013,0.9242,-0.6427726666666671,0,0,0.1909531205578316,-2.567901469054751,-1.5276935399999985,0.9250192106113256
13101.0,0.0455,0.005,0.918,-0.742072666666667,0,0,0.18327037821601663,-2.5668236169178695,-1.5276935399999985,0.9191404952454222
13113.0,0.0461,0.0035,0.9199,0,0,0,0.1844174247422032,-2.5664741499616643,-1.5276935399999985,0.921061056608084
13125.0,0.0421,0.0016,0.9269,0,0,0,0.18525709408627342,-2.5662344580524827,-1.5276935399999985,0.9278569825140079
13137.0,0.0425,0.004,0.9305,0,0,0,0.18611949166891803,-2.5661215749240456,-1.5276935399999985,0.931478663201686
13149.0,0.0444,0.0065,0.924,0,0,0,0.18731278544725988,-2.5663915816536527,-1.5276935399999985,0.9250889740992485
13161.0,0.0428,0.001,0.9287,0,0,0,0.1881125162032116,-2.5667747143545734,-1.5276935399999985,0.9296862535285761
13173.0,0.0436,0.0032,0.926,0,0,0,0.188837163472967,-2.567370741041957,-1.5276935399999985,0.927031391054262
13185.0,0.0422,0.0034,0.9275,0,0,0,0.1895181964160379,-2.567971899499572,-1.5276935399999985,0.9284657505799554
13197.0,0.0439,0.0032,0.9249,0,0,0,0.19013587888137468,-2.56880101158404,-1.5276935399999985,0.9259467911278705
13209.0,0.0432,0.0015,0.9299,0,0.5890443333333326,0,0.19048393931351343,-2.562787672858783,-1.5276935399999985,0.9309041304022665
13221.0,0.0457,0.0039,0.9257,0,0.5508443333333326,0,0.19089214723602374,-2.5577673974436195,-1.5276935399999985,0.9268355787301219
13233.0,0.0393,0.0006,0.9243,0,0,0,0.19094531328842268,-2.5589241434852195,-1.5276935399999985,0.9251353090224155
13245.0,0.0443,0.0038,0.9268,0,0,0,0.19107971021009013,-2.560299999022582,-1.5276935399999985,0.9278659224262953
13257.0,0.0399,0.0023,0.9309,0,0,0,0.19109841602548105,-2.561299831818846,-1.5276935399999985,0.9317575382040115
13269.0,0.0409,0.0032,0.9193,0,0,0,0.1911311052604758,-2.5621548132519614,-1.5276935399999985,0.9202149422825082
13281.0,0.0382,0.001,0.9307,0,0,0,0.19089945579915393,-2.5624828935627373,-1.5276935399999985,0.9314841544545994
13293.0,0.0417,0.0024,0.9291,0,0,0,0.19060886910475783,-2.562786910270153,-1.5276935399999985,0.930038418561298
13305.0,0.0427,0.0054,0.9386,0,0,0,0.19063355523732334,-2.563139674084002,-1.5276935399999985,0.9395862972606613
13317.0,0.0413,0.006,0.9353,0,0,0,0.19101103564774105,-2.5633804945298335,-1.5276935399999985,0.9362306232974865
13329.0,0.041,0.0009,0.9187,0,0,0,0.19107700055365948,-2.563577145561146,-1.5276935399999985,0.9196148650386203
13341.0,0.0421,-0.0013,0.9169,0,0,0,0.19059635803776212,-2.5638801453378233,-1.5276935399999985,0.9178669348004644
13353.0,0.0431,0.0035,0.9279,0,0,0,0.19022315451475522,-2.5643387129309043,-1.5276935399999985,0.9289070297936172
13365.0,0.0439,0.0055,0.9275,0,0,0,0.1901926379715384,-2.5650344916275163,-1.5276935399999985,0.9285546349030842
13377.0,0.0476,0.0021,0.9208,0,0,0,0.19004696446939617,-2.5664326522196648,-1.5276935399999985,0.9220318920731538
13389.0,0.0613,0.0048,0.8835,1.2121273333333327,0,1.149364666666666,0.20440385852279705,-2.5703630398928445,-1.5207973519999984,0.8856370475539063
13401.0,0.0348,-0.0137,0.8541,7.112927333333333,0,3.004264666666666,0.2857890775762433,-2.5734128086333627,-1.5027717639999985,0.8549184405544191
13413.0,0.0103,0.0052,0.9707,-1.6885726666666674,-2.9682556666666673,0,0.262495433640723,-2.6068532364181123,-1.5027717639999985,0.9707685718027753
13425.0,0.0591,0.0001,0.8658,0.5175273333333328,0.7798443333333325,0,0.26540800409571674,-2.5982086502699007,-1.5027717639999985,0.8678147613402298
13437.0,0.0353,0.0084,0.9827,0,0,0,0.26299804171700875,-2.5976805770757485,-1.5027717639999985,0.9833696863336799
13449.0,0.0476,0.0049,0.9063,0,0,0,0.2609602600427178,-2.5980194578070153,-1.5027717639999985,0.9075623725122147
13461.0,0.0377,0.0028,0.9167,0,0,0,0.2589906325776266,-2.597834255758584,-1.5027717639999985,0.917479165975991
13473.0,0.0417,0.0018,0.9089,0,0,0,0.2569632018374899,-2.5977281503125935,-1.5027717639999985,0.9098578680211542
13485.0,0.0411,0.0043,0.9445,0,0,0,0.2551874293075888,-2.5974173874178446,-1.5027717639999985,0.9454035910657416
13497.0,0.0436,0.0056,0.9417,0,0,0,0.2537983553493507,-2.597252898251206,-1.5027717639999985,0.9427254160146527
13509.0,0.046,0.0059,0.9215,0,0,0,0.2527977534003332,-2.597627908115108,-1.5027717639999985,0.9226662776974132
13521.0,0.0419,0.0032,0.9146,0,0,0,0.25181019717461234,-2.598009336260671,-1.5027717639999985,0.9155648584343984
13533.0,0.0411,0.0057,0.9264,0,0,0,0.25114106743756404,-2.5982297026674295,-1.5027717639999985,0.9273287766482824
13545.0,0.0414,0.0067,0.9327,0,0,0,0.2508746634708413,-2.5983093783627877,-1.5027717639999985,0.9336424047781892
13557.0,0.0448,0.0065,0.9382,0,0,0,0.2509354266800296,-2.5986544623841166,-1.5027717639999985,0.9392915042733007
13569.0,0.038,0.001,0.9309,0,0,0,0.2506081010141996,-2.5984336679382056,-1.5027717639999985,0.9316758073493161
13581.0,0.041,0.0039,0.923,0,0,0,0.25030185357115897,-2.598129157545093,-1.5027717639999985,0.9239184000765436
13593.0,0.0433,0.0035,0.9176,0,0,0,0.24996799776015402,-2.598065891655542,-1.5027717639999985,0.9186277265573906
13605.0,0.0398,0.0024,0.9188,0,0,0,0.24947362904170212,-2.5977760027429095,-1.5027717639999985,0.9196647432624564
13617.0,0.0427,0.0061,0.9341,0,0,0,0.2492890729971882,-2.597560041883403,-1.5027717639999985,0.9350953480795422
13629.0,0.0424,0.0048,0.9377,0,0,0,0.24921498561219305,-2.5973524551348732,-1.5027717639999985,0.9386703841072221
13641.0,0.0438,0.0071,0.923,0,0,0,0.2495304409663973,-2.5974075768636085,-1.5027717639999985,0.9240659337947699
13653.0,0.0404,0.0032,0.9105,0,0,0,0.24971388961805188,-2.5973444193106583,-1.5027717639999985,0.9114014757503962
13665.0,0.0409,0.0038,0.9186,0,0,0,0.2498500791080375,-2.5971932820001364,-1.5027717639999985,0.9195179226094509
13677.0,0.0459,0.0027,0.9369,0,0,0,0.24979799453878293,-2.5974806082857236,-1.5027717639999985,0.9380275635609009
13689.0,0.0409,0.0065,0.9348,0,0,0,0.250051276667435,-2.597547593007931,-1.5027717639999985,0.9357168909451191
13701.0,0.0391,0.0042,0.9257,0,0,0,0.2502940219226654,-2.5972490654413503,-1.5027717639999985,0.9265349102975019
13713.0,0.0463,0.0059,0.9161,0,0,0,0.2507425796569224,-2.5975719265026087,-1.5027717639999985,0.9172882371425025
13725.0,0.0436,0.0039,0.9193,0,0,0,0.25112264727388733,-2.5980911164263882,-1.5027717639999985,0.920341599624835
13737.0,0.0425,0.0032,0.9269,0,0,0,0.25135048497748513,-2.5986034153624247,-1.5027717639999985,0.9278793563820675
13749.0,0.041,0.0063,0.9315,0,0,0,0.25182460755670344,-2.5988972143793023,-1.5027717639999985,0.9324231550106421
13761.0,0.0408,0.0031,0.9314,0,0,0,0.2521192005240253,-2.5989738286588606,-1.5027717639999985,0.9322983481697262
13773.0,0.0419,0.0051,0.9237,0,0,0,0.2525066033076399,-2.599037912313198,-1.5027717639999985,0.9246638902866273
13785.0,0.0446,0.0035,0.9248,0,0,0,0.25277655385625664,-2.5994181728895023,-1.5027717639999985,0.9258814448945394
13797.0,0.0409,0.0029,0.9235,0,0,0,0.2528689681862336,-2.5996268088698073,-1.5027717639999985,0.9244097954911555
13809.0,0.0431,0.004,0.9279,0,0,0,0.2529381362369626,-2.5999306457365905,-1.5027717639999985,0.9289090482926732
13821.0,0.0431,0.0052,0.9296,0,0,0,0.25313405954824014,-2.6003081943765807,-1.5027717639999985,0.9306131365932893
13833.0,0.0421,0.0046,0.922,0,0,0,0.2533715283608026,-2.6006694137124278,-1.5027717639999985,0.9229721393411613
13845.0,0.0442,0.0043,0.9203,0,0,0,0.2536090054446694,-2.6012846722638847,-1.5027717639999985,0.9213708373939344
13857.0,0.0406,0.0059,0.9297,0,0,0,0.25403860324726774,-2.6016246657708555,-1.5027717639999985,0.9306047818488792
13869.0,0.0431,0.007,0.9346,0,0,0,0.2547694662994663,-2.6020024384251657,-1.5027717639999985,0.9356194578994176
13881.0,0.0444,0.004,0.9263,0,0,0,0.25539882523927887,-2.602620074795355,-1.5027717639999985,0.9273721205643396
13893.0,0.0421,0.0046,0.9244,0,0,0,0.2560127635007279,-2.6031749394270025,-1.5027717639999985,0.9253696180445952
13905.0,0.042,0.0065,0.9264,0,0,0,0.25684543751579536,-2.6036496320943234,-1.5027717639999985,0.9273743634584687
13917.0,0.0433,0.004,0.9238,0,0,0,0.2575620307972423,-2.604227905167288,-1.5027717639999985,0.9248228641204757
13929.0,0.0433,0.0056,0.9243,0,0,0,0.2583722630199487,-2.6048935860171443,-1.5027717639999985,0.9253306111871583
13941.0,0.0403,0.0059,0.9246,0,0,0,0.25930048745046375,-2.6052627841121008,-1.5027717639999985,0.9254966558556545
13953.0,0.0419,0.0046,0.9246,0,0,0,0.26017014398219956,-2.605567339285171,-1.5027717639999985,0.9255603329875367
13965.0,0.0417,0.0028,0.9258,0,0,0,0.2607630277655546,-2.605782772089073,-1.5027717639999985,0.926742882357345
13977.0,0.0443,0.0011,0.9225,0,0,0,0.26090222790146894,-2.606259085175692,-1.5027717639999985,0.9235637227609148
13989.0,0.0402,0.0043,0.9309,0,0,0,0.2610319877383972,-2.606410462821783,-1.5027717639999985,0.9317775163632143
14001.0,0.0413,0.0011,0.9274,0,0,0,0.2607595921583483,-2.6064307231440744,-1.5027717639999985,0.9283198048086662
14013.0,0.042,0.0034,0.9282,0,0,0,0.2604169810480713,-2.60641726588486,-1.5027717639999985,0.9291559610743506
14025.0,0.0415,0.0054,0.9238,0,0,0,0.2602626804034732,-2.6063370782697026,-1.5027717639999985,0.9247474520105475
14037.0,0.0411,0.0048,0.9244,0,0,0,0.2602003501550829,-2.606145393747815,-1.5027717639999985,0.9253256778021455
14049.0,0.0419,0.0054,0.9318,0,0,0,0.26028924200875236,-2.6059131215966302,-1.5027717639999985,0.9327572084953297
14061.0,0.0424,0.0063,0.9248,0,0,0,0.2606264731715677,-2.6057464238756336,-1.5027717639999985,0.9257928980068922
14073.0,0.0417,0.0042,0.9211,0,0,0,0.2609247934666302,-2.605572202956967,-1.5027717639999985,0.9220530028149141
14085.0,0.0414,0.0042,0.925,0,0,0,0.2611858701529615,-2.6053327743541224,-1.5027717639999985,0.9259355269131864
14097.0,0.0425,0.0049,0.929,0,0,0,0.26149772386008086,-2.6051497949338542,-1.5027717639999985,0.9299845482587332
14109.0,0.0436,0.0037,0.9249,0,0,0,0.2617077860766642,-2.6051757761863423,-1.5027717639999985,0.9259344793234563
14121.0,0.0422,0.0049,0.9249,0,0,0,0.2619760393580688,-2.605213122886033,-1.5027717639999985,0.9258751859727099
14133.0,0.0442,0.0029,0.9229,0,0,0,0.26204887276686195,-2.605518788255134,-1.5027717639999985,0.9239623693636014
14145.0,0.0441,0.0082,0.9257,0,0,0,0.2626030455037385,-2.60603237741879,-1.5027717639999985,0.9267861349847655
14157.0,0.0425,0.0034,0.9337,0,0,0,0.2629821762494519,-2.606485263763013,-1.5027717639999985,0.9346729374492448
14169.0,0.0431,0.0032,0.9318,0,0,0,0.2631828140980016,-2.6069685543724677,-1.5027717639999985,0.9328017420652687
14181.0,0.0396,0.0024,0.9105,0,0,0,0.2631391008207814,-2.607166125426695,-1.5027717639999985,0.9113639064610799
14193.0,0.0424,0.0063,0.9126,0,0,0,0.26336117394519387,-2.6074451613617735,-1.5027717639999985,0.9136061569407246
14205.0,0.0424,0.0056,0.9258,0,0,0,0.26372298460385873,-2.6077208103674323,-1.5027717639999985,0.9267873326713092
14217.0,0.0402,0.0039,0.9333,0,0,0,0.2639923161528384,-2.60767852382888,-1.5027717639999985,0.9341735063680623
14229.0,0.0428,0.0062,0.9369,0,0,0,0.26446173394005157,-2.6076572996434093,-1.5027717639999985,0.9378975903583503
14241.0,0.0447,0.0046,0.9187,0,0,0,0.2649199385832061,-2.6079918189533045,-1.5027717639999985,0.9197983148495109
14253.0,0.0436,0.0042,0.9172,0,0,0,0.26531877858509245,-2.608512447792315,-1.5027717639999985,0.9182453049158487
14265.0,0.0437,0.0012,0.9205,0,0,0,0.2652908262161046,-2.6091900052742716,-1.5027717639999985,0.9215375087320103
14277.0,0.0392,0.0033,0.9355,0,0,0,0.2651381296451159,-2.6093628941894687,-1.5027717639999985,0.9363267485231851
14289.0,0.0437,0.0063,0.9369,0,0,0,0.2652457333996378,-2.6096388834491604,-1.5027717639999985,0.9379397581934567
14301.0,0.0465,0.0049,0.9249,0,0,0,0.2654163820140117,-2.610418639328942,-1.5027717639999985,0.9260811357543139
14313.0,0.0415,0.0046,0.9116,0,0,0,0.26561326244145583,-2.611099866035354,-1.5027717639999985,0.9125557352841523
14325.0,0.0396,0.0012,0.9211,0,0,0,0.26540637607676637,-2.611403402397115,-1.5027717639999985,0.921951631052302
14337.0,0.0424,0.0015,0.9297,0,0,0,0.2648761449053122,-2.6116706196081614,-1.5027717639999985,0.9306675561122779
14349.0,0.0409,0.0031,0.9305,0,0,0,0.2642596217413301,-2.611715449212288,-1.5027717639999985,0.9314036020973936
14361.0,0.0421,0.0048,0.9288,0,0,0,0.2637793062012555,-2.6117220155414187,-1.5027717639999985,0.9297660404639437
14373.0,0.042,0.006,0.9238,0,0,0,0.2635710564476036,-2.6117106493372875,-1.5027717639999985,0.9247737236751485
14385.0,0.0416,0.0033,0.9182,0,0,0,0.2632723513083462,-2.611665593706072,-1.5027717639999985,0.9191478063945973
14397.0,0.0403,0.0034,0.9265,0,0,0,0.262902359721369,-2.6113834361260713,-1.5027717639999985,0.9273822836349636
14409.0,0.0404,0.0035,0.9327,0,0,0,0.26247939078750077,-2.6108705365971767,-1.5027717639999985,0.9335811159186972
14421.0,0.0389,0.0074,0.9342,0,0,0,0.2624916552542892,-2.6099620393564162,-1.5027717639999985,0.935038828070792
14433.0,0.0416,0.0051,0.9208,0,0,0,0.26261090441235946,-2.6091140889656685,-1.5027717639999985,0.9217533346834174
14445.0,0.0439,0.0079,0.9194,0,0,0,0.26317150448284915,-2.608613267856238,-1.5027717639999985,0.9204813849285601
14457.0,0.0378,0.0002,0.9136,0,0,0,0.26317117574967097,-2.607697828628757,-1.5027717639999985,0.9143816708574161
14469.0,0.0439,0.0037,0.9331,0,0,0,0.2630977972607311,-2.6070645635835348,-1.5027717639999985,0.9341394489047126
14481.0,0.0421,0.0073,0.9348,0,0,0,0.2634043497587037,-2.6064492469449756,-1.5027717639999985,0.9357760095236466
14493.0,0.0398,0.0035,0.9218,0,0,0,0.26358312916498533,-2.6056391034154616,-1.5027717639999985,0.9226654485781939
14505.0,0.0422,0.0048,0.9248,0,0,0,0.2638077486405834,-2.604938561061113,-1.5027717639999985,0.925774767424561
14517.0,0.0413,0.0049,0.9304,0,0,0,0.2640813990929862,-2.604193861904569,-1.5027717639999985,0.9313290825481614
14529.0,0.0394,0.0048,0.9219,0,0,0,0.2643905145801782,-2.6032240610696946,-1.5027717639999985,0.9227540354829125
14541.0,0.0411,0.0028,0.9215,0,0,0,0.26448307004658106,-2.6022697996112645,-1.5027717639999985,0.9224203488648762
14553.0,0.0424,0.0062,0.936,0,0,0,0.26479630750775174,-2.601411755352026,-1.5027717639999985,0.9369803626544155
14565.0,0.0372,0.0028,0.9412,0,0,0,0.2648805039484257,-2.5999704681711724,-1.5027717639999985,0.941939021380896
14577.0,0.0416,0.0066,0.9137,0,0,0,0.26524793426747983,-2.598710855324263,-1.5027717639999985,0.9146703285883936
14589.0,0.041,0.0029,0.911,0,0,0,0.26540894536968007,-2.5975550336231805,-1.5027717639999985,0.9119267569273313
14601.0,0.0411,0.0066,0.9274,0,0,0,0.2658355036623464,-2.5964155565683695,-1.5027717639999985,0.9283337384798638
14613.0,0.0411,0.0087,0.9373,0,0,0,0.26674843930531145,-2.5952385507824784,-1.5027717639999985,0.9382410084834281
14625.0,0.0408,0.0057,0.9242,0,0,0,0.2677260262252788,-2.594065504764794,-1.5027717639999985,0.9251177060244821
14637.0,0.0375,0.0032,0.9226,0,0,0,0.26845077016977625,-2.5924993596447035,-1.5027717639999985,0.9233673429356271
14649.0,0.0466,0.005,0.9155,0,0,0,0.2691779662001285,-2.5917531100137805,-1.5027717639999985,0.916698865495098
14661.0,0.0416,0.0037,0.924,0,0,0,0.2697394994086312,-2.591066998942486,-1.5027717639999985,0.924943376645295
14673.0,0.0382,0.004,0.9246,0,0,0,0.2701906346020678,-2.590011466056578,-1.5027717639999985,0.9253974281356091
14685.0,0.0393,0.0074,0.9287,0,0,0,0.27096166884599576,-2.588745879709082,-1.5027717639999985,0.9295606166356232
14697.0,0.0427,0.0062,0.9271,0,0,0,0.2718656155543963,-2.587726680610322,-1.5027717639999985,0.9281035179332099
14709.0,0.04,0.0007,0.9052,0,0,0,0.27221834087316427,-2.5867129994494102,-1.5027717639999985,0.9060836219687451
14721.0,0.0416,0.0037,0.9156,0,0,0,0.2724484654991975,-2.585847403995449,-1.5027717639999985,0.9165520225279087
14733.0,0.0437,0.0043,0.9386,0,0,0,0.2726302662206554,-2.585247495978194,-1.5027717639999985,0.9396265960476001
14745.0,0.0408,0.0066,0.9393,0,0,0,0.27305331829405366,-2.5845202000392433,-1.5027717639999985,0.9402088544573488
14757.0,0.0409,0.0031,0.9191,0,0,0,0.27326774183147995,-2.5838056646379326,-1.5027717639999985,0.9200147987940194
14769.0,0.0394,0.0004,0.9116,0,0,0,0.272967335406009,-2.5829594160591185,-1.5027717639999985,0.9124511384178332
14781.0,0.0413,0.0059,0.9238,0,0,0,0.2728875993757616,-2.582166707716107,-1.5027717639999985,0.9247415530838873
14793.0,0.0402,0.0051,0.931,0,0,0,0.2728992712149262,-2.581247118734919,-1.5027717639999985,0.9318814570534173
14805.0,0.0419,0.0046,0.9381,0,0,0,0.2729252982798824,-2.5803889170448158,-1.5027717639999985,0.9390465270688136
14817.0,0.04,0.0045,0.9282,0,0,0,0.27295745042049696,-2.579406049693499,-1.5027717639999985,0.9290723814644368
14829.0,0.0408,0.0029,0.9182,0,0,0,0.2728028786316808,-2.578468653065121,-1.5027717639999985,0.9191105972623752
14841.0,0.0409,0.0039,0.9191,0,0,0,0.272606967058712,-2.577580716804732,-1.5027717639999985,0.9200178422182909
14853.0,0.0393,0.0071,0.9238,0,0,0,0.27276856030571567,-2.5765145424361924,-1.5027717639999985,0.9246628250340768
14865.0,0.0428,0.0051,0.9379,0,0,0,0.2729888053885547,-2.5756490907094185,-1.5027717639999985,0.9388899083492164
14877.0,0.0414,0.0055,0.934,0,0,0,0.27331204667192,-2.5748105427965204,-1.5027717639999985,0.934933264998096
14889.0,0.0413,0.005,0.9231,0,0,0,0.2736704395649479,-2.574044601150912,-1.5027717639999985,0.9240369581353335
14901.0,0.042,0.0045,0.9155,0,0,0,0.2740020699837794,-2.573472448671489,-1.5027717639999985,0.9164739494388261
14913.0,0.0421,0.0024,0.9237,0,0,0,0.2740444053373893,-2.5730398716701046,-1.5027717639999985,0.9246620247420135
14925.0,0.0386,0.0013,0.9293,0,0,0,0.2736922659052901,-2.572267893015665,-1.5027717639999985,0.9301022201887275
14937.0,0.0398,0.0044,0.932,0,0,0,0.27337496115816445,-2.5713318883886274,-1.5027717639999985,0.9328597965396516
14949.0,0.0417,0.0042,0.9333,0,0,0,0.27306350810819513,-2.570480692403106,-1.5027717639999985,0.9342405578864579
14961.0,0.0443,0.0071,0.9213,0,0,0,0.27312282873994365,-2.570092427918174,-1.5027717639999985,0.9223917768497288
14973.0,0.0419,0.0031,0.9186,0,0,0,0.27301645024727234,-2.5698321223971754,-1.5027717639999985,0.9195603188480895
14985.0,0.0394,0.0016,0.9208,0,0,0,0.2725771075665793,-2.5693641264198424,-1.5027717639999985,0.921643944264812
14997.0,0.0393,0.0037,0.9271,0,0,0,0.272101283713026,-2.5686668326090767,-1.5027717639999985,0.9279399711188219
15009.0,0.0406,0.0063,0.9341,0,0,0,0.2719118721219389,-2.5678912124839157,-1.5027717639999985,0.9350031336845883
15021.0,0.0433,0.0044,0.9318,0,0,0,0.2717415927108524,-2.5673939407194823,-1.5027717639999985,0.9328158928749016
15033.0,0.0411,0.0046,0.9141,0,0,0,0.27162338873322084,-2.5669686176873583,-1.5027717639999985,0.9150350703661582
15045.0,0.0435,0.0031,0.9164,0,0,0,0.27136434772613904,-2.5668919550072307,-1.5027717639999985,0.9174370932113003
15057.0,0.0405,0.005,0.9286,0,0,0,0.2712099519047953,-2.566684677881685,-1.5027717639999985,0.9294962130100369
15069.0,0.0372,0.0028,0.9238,0,0,0,0.2708786331193066,-2.565981071981277,-1.5027717639999985,0.9245529297990461
15081.0,0.0433,0.0038,0.9302,0,0,0,0.27051204671842966,-2.565560237708049,-1.5027717639999985,0.9312149966575926
15093.0,0.0432,0.0035,0.9268,0,0,0,0.27007986354070107,-2.5653957842789197,-1.5027717639999985,0.927812874452602
15105.0,0.0415,0.0063,0.9301,0,0,0,0.2699351556559531,-2.565229477544475,-1.5027717639999985,0.9310466959288347
15117.0,0.0399,0.0034,0.9249,0,0,0,0.2696886235087515,-2.5648929219380032,-1.5027717639999985,0.9257664824349605
15129.0,0.0444,0.0043,0.9174,0,0,0,0.26946811368985735,-2.5650043370758207,-1.5027717639999985,0.9184838648555564
15141.0,0.0385,0.0022,0.9219,0,0,0,0.26900868301990394,-2.5647564742785347,-1.5027717639999985,0.9227061829206522
15153.0,0.043,0.0073,0.9369,0,0,0,0.26896210414862254,-2.5646657469818104,-1.5027717639999985,0.9379146549660048
15165.0,0.0425,0.0062,0.9355,0,0,0,0.2691438588075589,-2.564659503816384,-1.5027717639999985,0.9364854190002105
15177.0,0.0436,0.0054,0.9237,0,0,0,0.2694346978755684,-2.564928729659314,-1.5027717639999985,0.9247441862482835
15189.0,0.043,0.0059,0.9237,0,0,0,0.2698830395538632,-2.5653664620931442,-1.5027717639999985,0.9247191465520761
15201.0,0.0402,0.0031,0.9213,0,0,0,0.27012489699443204,-2.5656195936285617,-1.5027717639999985,0.9221818367328648
15213.0,0.0419,0.0035,0.9274,0,0,0,0.2702297827068726,-2.565885381052686,-1.5027717639999985,0.9283526377406379
15225.0,0.0394,0.0074,0.9343,0,0,0,0.27069147164089447,-2.5658149428414787,-1.5027717639999985,0.9351596708584048
15237.0,0.0404,0.0052,0.9232,0,0,0,0.2712019165164339,-2.5656330095658784,-1.5027717639999985,0.9240981766024646
15249.0,0.0442,0.0082,0.9288,0,0,0,0.27212126582693885,-2.565791199160395,-1.5027717639999985,0.929887261983946
15261.0,0.0414,0.0013,0.9193,0,0,0,0.27255315652148554,-2.565956130867667,-1.5027717639999985,0.9202326553649354
15273.0,0.0417,0.0039,0.9335,0,0,0,0.2728664400695795,-2.566084921152953,-1.5027717639999985,0.9344390563327284
15285.0,0.0409,0.0018,0.9209,0,0,0,0.27282277674564687,-2.5661526968186377,-1.5027717639999985,0.9218095573381739
15297.0,0.0447,0.0066,0.9303,0,0,0,0.27305178299914584,-2.5665834767778177,-1.5027717639999985,0.9313966609345344
15309.0,0.0419,0.0021,0.9233,0,0,0,0.2729689931370554,-2.56702687093434,-1.5027717639999985,0.9242526223928175
15321.0,0.0436,0.0074,0.9308,0,0,0,0.2732617324950811,-2.5676484466842013,-1.5027717639999985,0.9318499664645591
15333.0,0.0419,0.0042,0.9347,0,0,0,0.2734873202340403,-2.5681942749542124,-1.5027717639999985,0.9356480855535375
15345.0,0.042,0.0033,0.9274,0,0,0,0.2735466611833761,-2.56872537484437,-1.5027717639999985,0.928356424009658
15357.0,0.0446,0.0105,0.9323,0,0,0,0.27434452934179926,-2.569535470720168,-1.5027717639999985,0.9334252514261654
15369.0,0.0409,0.0034,0.9174,0,0,0,0.27492591126001653,-2.570217465464556,-1.5027717639999985,0.918317554008416
15381.0,0.04,0.0016,0.9247,0,0,0,0.27508784065667286,-2.570632940955318,-1.5027717639999985,0.9255661240559747
15393.0,0.0403,0.0046,0.9426,0,0,0,0.2752390812773683,-2.570750015634148,-1.5027717639999985,0.9434723154390912
15405.0,0.042,0.0057,0.9313,0,0,0,0.2755230312263638,-2.5708761885494567,-1.5027717639999985,0.9322640076716466
15417.0,0.0406,0.0035,0.9127,0,0,0,0.27566358407669866,-2.5709407110464224,-1.5027717639999985,0.9136092709687221
15429.0,0.0417,0.0033,0.9242,0,0,0,0.2756453958096889,-2.5710225668443267,-1.5027717639999985,0.9251461614253177
15441.0,0.0432,0.0093,0.9343,0,0,0,0.27622184876635203,-2.571248485814668,-1.5027717639999985,0.9353444392308109
15453.0,0.0417,0.001,0.9248,0,0,0,0.27630288073829673,-2.571468783219134,-1.5027717639999985,0.9257402065374496
15465.0,0.0416,0.009,0.9344,0,0,0,0.27692813822716333,-2.5716179991681685,-1.5027717639999985,0.9353688684150226
15477.0,0.0436,0.0015,0.9264,0,0,0,0.27711169994253276,-2.5719952001611515,-1.5027717639999985,0.9274266386081436
15489.0,0.0402,0.0043,0.9266,0,0,0,0.27725070069308194,-2.572152529214638,-1.5027717639999985,0.927481584722845
15501.0,0.0402,0.0056,0.9202,0,0,0,0.27751455157391486,-2.572151014742435,-1.5027717639999985,0.9210946965431948
15513.0,0.0433,0.0063,0.9255,0,0,0,0.27797116215708273,-2.5723624220375334,-1.5027717639999985,0.9265337716456966
15525.0,0.0441,0.0066,0.9261,0,0,0,0.27863355534930234,-2.572856625395704,-1.5027717639999985,0.9271728964977353
15537.0,0.0397,0.0024,0.9327,0,0,0,0.27895324904561863,-2.573019574448879,-1.5027717639999985,0.9335476099267782
15549.0,0.0415,0.0084,0.9323,0,0,0,0.27971087646491505,-2.573114458988861,-1.5027717639999985,0.9332610031497084
15561.0,0.0422,0.0059,0.9286,0,0,0,0.2805470714049046,-2.5732559617003963,-1.5027717639999985,0.9295771135306634
15573.0,0.0404,0.0021,0.9103,0,0,0,0.2809940839469087,-2.5733179399686055,-1.5027717639999985,0.9111984745377925
15585.0,0.0436,0.0066,0.9229,0,0,0,0.2816442780134559,-2.573634745559248,-1.5027717639999985,0.9239528829978292
15597.0,0.0396,0.0074,0.9375,0,0,0,0.28256126277375293,-2.5736005384152527,-1.5027717639999985,0.9383651581340816
15609.0,0.0441,0.006,0.9272,0,0,0,0.2835456372654924,-2.57386943062499,-1.5027717639999985,0.9282675530255272
15621.0,0.0437,0.0054,0.918,0,0,0,0.28451997970677223,-2.5744073067587907,-1.5027717639999985,0.9190554118223776
15633.0,0.0435,0.0023,0.9185,0,0,0,0.28509970101024695,-2.575154265467579,-1.5027717639999985,0.9195323757214859
15645.0,0.042,0.0049,0.9165,0,0,0,0.285652951965297,-2.5759102273023258,-1.5027717639999985,0.9174749369873817
15657.0,0.0396,0.0042,0.9315,0,0,0,0.28608508757756845,-2.576291353009219,-1.5027717639999985,0.9323508191662621
15669.0,0.0419,0.0061,0.9354,0,0,0,0.28664189711373045,-2.576603870973634,-1.5027717639999985,0.9363578269016605
15681.0,0.0396,0.0056,0.9301,0,0,0,0.28724925576929516,-2.5766010775613357,-1.5027717639999985,0.9309594674313163
15693.0,0.0414,0.0066,0.9291,0,0,0,0.2880240836144374,-2.5765480278653525,-1.5027717639999985,0.9300453376045708
15705.0,0.0428,0.0031,0.9235,0,0,0,0.28851653262485905,-2.5766546343016636,-1.5027717639999985,0.9244964575378318
15717.0,0.0415,0.0017,0.9187,0,0,0,0.28858880451738333,-2.57676815649884,-1.5027717639999985,0.9196384235121975
15729.0,0.041,0.0049,0.9313,0,0,0,0.2886777985691888,-2.5767556624673813,-1.5027717639999985,0.9322149430254806
15741.0,0.0419,0.0051,0.9323,0,0,0,0.2888053873749127,-2.5767376791172913,-1.5027717639999985,0.9332550080229948
15753.0,0.0406,0.0009,0.9254,0,0,0,0.28845236258280194,-2.5765927749352633,-1.5027717639999985,0.9262906293383303
15765.0,0.0426,0.0042,0.9194,0,0,0,0.2880871396117314,-2.5766163615414133,-1.5027717639999985,0.9203959799999128
15777.0,0.0424,0.0059,0.9263,0,0,0,0.2879180114858849,-2.5767255593020915,-1.5027717639999985,0.9272886605582967
15789.0,0.0417,0.004,0.9259,0,0,0,0.2876875576252571,-2.5768258262675032,-1.5027717639999985,0.9268471826574216
15801.0,0.042,0.0029,0.9269,0,0,0,0.28726690871431676,-2.576949493582401,-1.5027717639999985,0.9278556029900341
15813.0,0.0406,0.0043,0.9258,0,0,0,0.2868530841959882,-2.576926794865702,-1.5027717639999985,0.9266997841804
15825.0,0.0409,0.0037,0.9235,0,0,0,0.28637323205722465,-2.576824843679319,-1.5027717639999985,0.9244126513630155
15837.0,0.0446,0.0051,0.9183,0,0,0,0.28601212874806037,-2.577139397935626,-1.5027717639999985,0.9193965738461287
15849.0,0.0408,0.0027,0.9221,0,0,0,0.28545740846895795,-2.577329909396949,-1.5027717639999985,0.9230061429914754
15861.0,0.0398,0.0023,0.9272,0,0,0,0.2846806953444101,-2.5772585115587097,-1.5027717639999985,0.9280566631407805
15873.0,0.0404,0.0035,0.9312,0,0,0,0.2838561947053261,-2.577008380199075,-1.5027717639999985,0.9320825338992251
15885.0,0.0422,0.0043,0.9194,0,0,0,0.2830963545390748,-2.576888992841356,-1.5027717639999985,0.9203780147309039
15897.0,0.0393,0.0043,0.9189,0,0,0,0.2823954570506651,-2.576529314495178,-1.5027717639999985,0.9197500693123105
15909.0,0.0414,0.0048,0.9253,0,0,0,0.2818064062633017,-2.5761826912856973,-1.5027717639999985,0.9262381389254062
15921.0,0.0426,0.0046,0.9286,0,0,0,0.2812905494075084,-2.575978413834967,-1.5027717639999985,0.929588016273876
15933.0,0.0411,0.005,0.9233,0,0,0,0.28089274835343975,-2.5757439293184454,-1.5027717639999985,0.9242278398749953
15945.0,0.0413,0.0057,0.922,0,0,0,0.2806873217227513,-2.575515200121737,-1.5027717639999985,0.9229421325305287
15957.0,0.0419,0.0046,0.9203,0,0,0,0.2805168100097243,-2.575375685053434,-1.5027717639999985,0.9212648153489853
15969.0,0.0437,0.0071,0.9269,0,0,0,0.2806831200299279,-2.575501214474126,-1.5027717639999985,0.9279567392933789
15981.0,0.0411,0.0063,0.9277,0,0,0,0.281046505014725,-2.57553408277151,-1.5027717639999985,0.9286313531213557
15993.0,0.0421,0.0037,0.927,0,0,0,0.281261500632513,-2.5756127488826177,-1.5027717639999985,0.927962876412629
16005.0,0.0408,0.0037,0.9293,0,0,0,0.28134386782622794,-2.5755581526357747,-1.5027717639999985,0.9302025693363785
16017.0,0.0424,0.0032,0.926,0,0,0,0.28124929174010205,-2.5756022428696066,-1.5027717639999985,0.9269757278375741
16029.0,0.042,0.0029,0.9249,0,0,0,0.28096239905316883,-2.5756899710365935,-1.5027717639999985,0.9258576672469695
16041.0,0.0416,0.0045,0.9271,0,0,0,0.2807031180256423,-2.575754333905656,-1.5027717639999985,0.928043759744119
16053.0,0.0406,0.0028,0.9296,0,0,0,0.2802571075007201,-2.575660557284893,-1.5027717639999985,0.9304903868391118
16065.0,0.0427,0.006,0.9294,0,0,0,0.2800429589405151,-2.5756879815922877,-1.5027717639999985,0.9303997259242932
16077.0,0.0406,0.0031,0.9221,0,0,0,0.27967949838454154,-2.575603455110082,-1.5027717639999985,0.9229985807139685
16089.0,0.0406,0.0023,0.9261,0,0,0,0.27908384316720786,-2.575398124798638,-1.5027717639999985,0.9269923732156592
16101.0,0.0409,0.0042,0.9252,0,0,0,0.27851997790420985,-2.5751286884646563,-1.5027717639999985,0.9261131086427835
16113.0,0.041,0.0048,0.9258,0,0,0,0.27805914201665777,-2.5748122808915253,-1.5027717639999985,0.9267198497928054
16125.0,0.0402,0.0044,0.9347,0,0,0,0.27763573183900037,-2.5743073011931186,-1.5027717639999985,0.9355744171363387
16137.0,0.0419,-0.0006,0.9194,0,0,0,0.2766364694310339,-2.5739311434904772,-1.5027717639999985,0.9203544588907037
16149.0,0.0435,0.0046,0.9196,0,0,0,0.27577369698304843,-2.5738661558442284,-1.5027717639999985,0.9206397612530104
16161.0,0.0441,0.0056,0.9209,0,0,0,0.2751562534609693,-2.5741430336567976,-1.5027717639999985,0.9219723314720459
16173.0,0.0403,0.0037,0.9241,0,0,0,0.27451975716478344,-2.574233278800248,-1.5027717639999985,0.9249857242141633
16185.0,0.0396,0.0046,0.925,0,0,0,0.2739786714257571,-2.5740671489593163,-1.5027717639999985,0.9258586933220426
16197.0,0.0414,0.0052,0.9304,0,0,0,0.27359407155648496,-2.573867910650483,-1.5027717639999985,0.9313351491273161
16209.0,0.0396,0.0026,0.9176,0,0,0,0.2730334733093662,-2.573488122051218,-1.5027717639999985,0.9184577725731324
16221.0,0.041,0.0078,0.9197,0,0,0,0.2729615403615284,-2.5731112780861896,-1.5027717639999985,0.9206464739518638
16233.0,0.0396,0.0033,0.9276,0,0,0,0.2727590326349477,-2.572520988137263,-1.5027717639999985,0.9284507579834269
16245.0,0.0427,0.0035,0.9316,0,0,0,0.2724642990530739,-2.5721050844399507,-1.5027717639999985,0.9325846342289797
16257.0,0.0428,0.0074,0.9323,0,0,0,0.2725707390296466,-2.571852092710282,-1.5027717639999985,0.9333112503339923
16269.0,0.0387,0.0006,0.9175,0,0,0,0.2721983279439943,-2.571318222384896,-1.5027717639999985,0.9183160131458016
16281.0,0.0446,0.0063,0.9268,0,0,0,0.272104004445668,-2.571215678754335,-1.5027717639999985,0.927893900184714
16293.0,0.0411,0.0023,0.9305,0,0,0,0.2717582899762062,-2.571040624288438,-1.5027717639999985,0.931410086911238
16305.0,0.0426,0.006,0.9324,0,0,0,0.2716479482154969,-2.5709767227631364,-1.5027717639999985,0.9333919433978418
16317.0,0.0438,0.0048,0.9248,0,0,0,0.271601336584564,-2.5712011713986778,-1.5027717639999985,0.9258490805741506
16329.0,0.0406,0.0018,0.9102,0,0,0,0.2712483011934573,-2.571365651913512,-1.5027717639999985,0.9111068213991157
16341.0,0.0448,0.0068,0.9208,0,0,0,0.2712384511229062,-2.571937378258609,-1.5027717639999985,0.9219142693331088
16353.0,0.0437,0.0078,0.9409,0,0,0,0.27164281087220876,-2.5726180573163746,-1.5027717639999985,0.9419465696099752
16365.0,0.0377,0.0,0.9307,0,0,0,0.2714535972529734,-2.5727098799652044,-1.5027717639999985,0.93146324672528
16377.0,0.0406,0.0031,0.9233,0,0,0,0.27112860385902077,-2.5726814683648644,-1.5027717639999985,0.92419741397604
16389.0,0.04,0.001,0.9232,0,0,0,0.27042482683993835,-2.572473435426183,-1.5027717639999985,0.9240666859052976
16401.0,0.0396,0.0038,0.9218,0,0,0,0.2697351970053085,-2.5720655787788207,-1.5027717639999985,0.9226580298247016
16413.0,0.0421,0.0073,0.9271,0,0,0,0.26948955140061365,-2.5717619576501516,-1.5027717639999985,0.9280841071799474
16425.0,0.0402,0.0005,0.9354,0,0,0,0.26879081521324016,-2.5712705086365895,-1.5027717639999985,0.936263557979269
16437.0,0.0414,0.005,0.9305,0,0,0,0.26825264612431277,-2.5707895835534536,-1.5027717639999985,0.9314339536435206
16449.0,0.0468,0.0085,0.9186,0,0,0,0.26829592730911545,-2.571051096269063,-1.5027717639999985,0.9198306637637169
16461.0,0.0413,0.0015,0.9183,0,0,0,0.26798719615854055,-2.5712899986506805,-1.5027717639999985,0.9192294762462744
16473.0,0.0411,0.0028,0.9366,0,0,0,0.26751938656471924,-2.57138189528737,-1.5027717639999985,0.9375055253170511
16485.0,0.0477,0.0092,0.9413,0,0,0,0.2676994948479795,-2.572131617579831,-1.5027717639999985,0.9425527147061855
16497.0,0.0428,0.0039,0.9249,0,0,0,0.2678058331975127,-2.572947347151258,-1.5027717639999985,0.925897974941084
16509.0,0.0394,0.0012,0.9133,0,0,0,0.2675199931360992,-2.5734653775485863,-1.5027717639999985,0.9141502557019825
16521.0,0.0447,0.0052,0.9207,0,0,0,0.267378548084028,-2.574332519335775,-1.5027717639999985,0.9217991212840246
16533.0,0.0415,0.006,0.9298,0,0,0,0.2674586200964997,-2.575059387575751,-1.5027717639999985,0.9307450187887121
16545.0,0.0438,0.0055,0.9304,0,0,0,0.26767154237444296,-2.5759416814312144,-1.5027717639999985,0.9314466436677948
16557.0,0.0398,0.0051,0.927,0,0,0,0.2679538786156571,-2.576484739344069,-1.5027717639999985,0.9278680132432631
16569.0,0.0414,0.005,0.9236,0,0,0,0.26828655350710545,-2.5769440433025905,-1.5027717639999985,0.9245409239184601
16581.0,0.0425,0.0056,0.922,0,0,0,0.26873813619685805,-2.5774733469378286,-1.5027717639999985,0.9229959967410477
16593.0,0.0415,0.0055,0.9253,0,0,0,0.26927934510659435,-2.5779213104574445,-1.5027717639999985,0.9262465060662848
16605.0,0.0404,0.007,0.925,0,0,0,0.2700842469557268,-2.5781624204627756,-1.5027717639999985,0.9259082891949937
16617.0,0.0428,0.0059,0.9288,0,0,0,0.2709814685176991,-2.5784958062863135,-1.5027717639999985,0.9298043288778558
16629.0,0.0397,0.0054,0.9287,0,0,0,0.2718966330969878,-2.5785276938184913,-1.5027717639999985,0.9295638439612418
16641.0,0.0425,0.0027,0.9182,0,0,0,0.27249893568432304,-2.5786978960761084,-1.5027717639999985,0.9191870212312617
16653.0,0.0414,0.0063,0.9244,0,0,0,0.2732651576120458,-2.5788193150790604,-1.5027717639999985,0.9253480480338195
16665.0,0.0433,0.0027,0.9307,0,0,0,0.27372499519816323,-2.5790970259549035,-1.5027717639999985,0.9317106149443612
16677.0,0.0424,0.0044,0.9247,0,0,0,0.2741278613475909,-2.579434354101115,-1.5027717639999985,0.9256820242394252
16689.0,0.0435,0.0042,0.9248,0,0,0,0.2744548361165322,-2.579958933581653,-1.5027717639999985,0.9258320204011092
16701.0,0.0436,0.0034,0.9218,0,0,0,0.2746170970301471,-2.580676940003083,-1.5027717639999985,0.922836800306533
16713.0,0.0419,0.0065,0.9281,0,0,0,0.2750133388394877,-2.5813185400193803,-1.5027717639999985,0.9290680653213736
16725.0,0.0416,0.0034,0.9257,0,0,0,0.2752332392469568,-2.5818679503086623,-1.5027717639999985,0.9266404966328635
16737.0,0.0447,0.0005,0.9291,0,0,0,0.27493653184526623,-2.582698695658311,-1.5027717639999985,0.9301747954013805
16749.0,0.0403,0.0046,0.9318,0,0,0,0.27469038173322946,-2.583217327996006,-1.5027717639999985,0.932682416474118
16761.0,0.0446,0.0054,0.9279,0,0,0,0.2745902016853137,-2.5840124075265307,-1.5027717639999985,0.9289869374754415
16773.0,0.0409,0.002,0.9259,0,0,0,0.2742001840732789,-2.5846043853903153,-1.5027717639999985,0.9268050604091455
16785.0,0.0415,0.007,0.9286,0,0,0,0.2741714101935934,-2.585074889483557,-1.5027717639999985,0.9295532313966748
16797.0,0.045,0.007,0.9293,0,0,0,0.27446064685589855,-2.585865163490991,-1.5027717639999985,0.9304152245100034
16809.0,0.0411,0.0071,0.9249,0,0,0,0.27504497231949454,-2.586479581376883,-1.5027717639999985,0.9258399591722104
16821.0,0.0425,0.0048,0.9252,0,0,0,0.2756041557529176,-2.58710867809989,-1.5027717639999985,0.9261880640561073
16833.0,0.0392,0.0049,0.926,0,0,0,0.2761519722783518,-2.587337691367493,-1.5027717639999985,0.9268423005020866
16845.0,0.0437,0.0031,0.925,0,0,0,0.27646678000504016,-2.5877743472158636,-1.5027717639999985,0.9260368783153293
16857.0,0.0442,0.0046,0.9255,0,0,0,0.2767604200588182,-2.588452229307162,-1.5027717639999985,0.9265662685420832
16869.0,0.04,0.0061,0.9247,0,0,0,0.27722081219283246,-2.588827538380774,-1.5027717639999985,0.9255848421403625
16881.0,0.0376,0.0029,0.9259,0,0,0,0.2774311698372458,-2.588632076099491,-1.5027717639999985,0.9266676750594033
16893.0,0.0399,0.006,0.9247,0,0,0,0.2778044327895017,-2.5882241967186856,-1.5027717639999985,0.925579872296281
16905.0,0.0417,0.005,0.9293,0,0,0,0.2781940398613985,-2.587826566312173,-1.5027717639999985,0.9302485581821667
16917.0,0.042,0.0046,0.9244,0,0,0,0.27855096987487526,-2.5875029554356224,-1.5027717639999985,0.9253650739032676
16929.0,0.0378,0.0039,0.9288,0,0,0,0.2787891811873693,-2.5867023962345734,-1.5027717639999985,0.9295770489851822
16941.0,0.0396,0.0071,0.9297,0,0,0,0.2793169379774087,-2.585700229132129,-1.5027717639999985,0.9305700725899151
16953.0,0.0406,0.0034,0.9265,0,0,0,0.27964394871796217,-2.5846632177889233,-1.5027717639999985,0.9273953687613499
16965.0,0.0416,0.0048,0.9275,0,0,0,0.27996551886088245,-2.5837154912569362,-1.5027717639999985,0.9284448556591823
16977.0,0.0409,-0.0004,0.9194,0,0,0,0.27964401909557207,-2.5828063316922467,-1.5027717639999985,0.9203093664632562
16989.0,0.0431,0.0054,0.9207,0,0,0,0.27947178622730834,-2.5821977620296854,-1.5027717639999985,0.9217240693396261
17001.0,0.0403,0.0038,0.9203,0,0,0,0.2792339908128796,-2.581511836118241,-1.5027717639999985,0.9211897850063254
17013.0,0.0406,0.0037,0.9331,0,0,0,0.2789191065044733,-2.5807257766228355,-1.5027717639999985,0.9339901819612453
17025.0,0.0416,0.0073,0.9434,0,0,0,0.27897549532567734,-2.5799201668875735,-1.5027717639999985,0.9443449634535042
17037.0,0.0436,0.0055,0.9229,0,0,0,0.27914889529633746,-2.5794578855166206,-1.5027717639999985,0.9239456802215161
17049.0,0.0405,0.004,0.9193,0,0,0,0.27924224042775375,-2.57893685694003,-1.5027717639999985,0.9202003803520188
17061.0,0.0424,0.0044,0.9258,0,0,0,0.27931013629221246,-2.5785637991076498,-1.5027717639999985,0.9267808586715631
17073.0,0.0439,0.0101,0.9326,0,0,0,0.2800552381073978,-2.578469473599087,-1.5027717639999985,0.9336873031159844
17085.0,0.0409,0.0022,0.9265,0,0,0,0.2804242997824177,-2.578284698319105,-1.5027717639999985,0.9274049277419223
17097.0,0.0359,0.0017,0.925,0,0,0,0.2804002058066039,-2.5774117307841293,-1.5027717639999985,0.9256979528982443
17109.0,0.0421,0.0057,0.9294,0,0,0,0.2805206017828599,-2.57667449426762,-1.5027717639999985,0.93037049609282
17121.0,0.0424,0.006,0.922,0,0,0,0.2808098534852861,-2.576136036279095,-1.5027717639999985,0.9229939111391797
17133.0,0.0399,0.0026,0.9166,0,0,0,0.2808306465193192,-2.5754950187898293,-1.5027717639999985,0.9174717052857815
17145.0,0.0402,0.0013,0.9293,0,0,0,0.280445997263731,-2.5747321125896736,-1.5027717639999985,0.9301699952159282
17157.0,0.0457,0.0094,0.9406,0,0,0,0.2806986629212047,-2.574480016520202,-1.5027717639999985,0.9417564494071703
17169.0,0.0402,0.0022,0.9257,0,0,0,0.2806327112634211,-2.5740821506368383,-1.5027717639999985,0.9265750752097749
17181.0,0.0404,0.0017,0.9235,0,0,0,0.280225256676754,-2.5735932242187416,-1.5027717639999985,0.9243848224630259
17193.0,0.0452,0.0062,0.9327,0,0,0,0.28006768205054894,-2.573566386867854,-1.5027717639999985,0.933815169077907
17205.0,0.0402,0.0038,0.9191,0,0,0,0.2798424654348449,-2.5734055452872884,-1.5027717639999985,0.9199865705541576
17217.0,0.0432,0.0034,0.9335,0,0,0,0.2795002380312187,-2.5734172396135415,-1.5027717639999985,0.9345052434309826
17229.0,0.041,0.0045,0.9408,0,0,0,0.27918726894790175,-2.5732693980264694,-1.5027717639999985,0.9417037166752609
17241.0,0.0435,0.0088,0.9257,0,0,0,0.2794394538778977,-2.5733726508106463,-1.5027717639999985,0.926763281534179
17253.0,0.0437,0.0059,0.908,0,0,0,0.2798435866130009,-2.5738208148677306,-1.5027717639999985,0.9090701293079649
17265.0,0.0397,0.0031,0.9238,0,0,0,0.28002506656927817,-2.5739906376890196,-1.5027717639999985,0.9246578502343448
17277.0,0.0417,0.0062,0.9358,0,0,0,0.28038523653095315,-2.574094772734023,-1.5027717639999985,0.9367491499862703
17289.0,0.0442,0.0051,0.9335,0,0,0,0.2807676669259926,-2.5744618234464665,-1.5027717639999985,0.9345597359184697
17301.0,0.0396,0.0015,0.9231,0,0,0,0.2807313444025741,-2.5745507114863218,-1.5027717639999985,0.9239502259321116
17313.0,0.045,0.0042,0.917,0,0,0,0.280662390063753,-2.5750943657730683,-1.5027717639999985,0.9181130867164459
17325.0,0.0436,0.0073,0.9144,0,0,0,0.2809499396235993,-2.575880531823661,-1.5027717639999985,0.9154679732246236
17337.0,0.043,0.0032,0.9241,0,0,0,0.28103820428501125,-2.5767503886398417,-1.5027717639999985,0.9251054264244698
17349.0,0.041,0.0067,0.9419,0,0,0,0.28137231529902085,-2.577344850639313,-1.5027717639999985,0.9428157296099805
17361.0,0.0417,0.0061,0.932,0,0,0,0.281854305683475,-2.5778377070315344,-1.5027717639999985,0.9329523567685544
17373.0,0.0422,0.0032,0.9128,0,0,0,0.28211992607580116,-2.578409434182167,-1.5027717639999985,0.9137805644682973
17385.0,0.042,0.002,0.9171,0,0,0,0.28204245754030616,-2.579000847663322,-1.5027717639999985,0.9180634019499961
17397.0,0.0406,0.0081,0.9287,0,0,0,0.28241014977471185,-2.579370118744367,-1.5027717639999985,0.9296223211605883
17409.0,0.0448,0.004,0.9366,0,0,0,0.2826572200662227,-2.580017254347242,-1.5027717639999985,0.9376793695075092
17421.0,0.0425,0.0049,0.9304,0,0,0,0.2829127419937722,-2.580658845724626,-1.5027717639999985,0.9313830683451358
17433.0,0.0405,0.0065,0.9248,0,0,0,0.2833764910882365,-2.5810789614239407,-1.5027717639999985,0.925709209201248
17445.0,0.041,0.004,0.922,0,0,0,0.28371593395560163,-2.581380209056868,-1.5027717639999985,0.9229198231699219
17457.0,0.0411,0.0018,0.9219,0,0,0,0.28367297183327816,-2.5815888309258606,-1.5027717639999985,0.9228174575721897
17469.0,0.0428,0.0045,0.9324,0,0,0,0.28362012569324146,-2.5818665451963927,-1.5027717639999985,0.9333926558528303
17481.0,0.0413,0.0017,0.9318,0,0,0,0.2832132899065081,-2.5820228517699104,-1.5027717639999985,0.932716366319365
17493.0,0.0406,0.0035,0.92,0,0,0,0.28272417041899145,-2.5820512145056096,-1.5027717639999985,0.9209020631967332
17505.0,0.0402,0.0033,0.9213,0,0,0,0.2821379030913215,-2.5819098692970086,-1.5027717639999985,0.9221825307388988
17517.0,0.0428,0.0051,0.9261,0,0,0,0.2816869636761907,-2.5819135604751793,-1.5027717639999985,0.9271025078166923
17529.0,0.0464,0.0062,0.9341,0,0,0,0.281487505043139,-2.582444812900957,-1.5027717639999985,0.9352722651720193
17541.0,0.0433,0.0045,0.9337,0,0,0,0.28130034571124296,-2.58305947206853,-1.5027717639999985,0.9347143039453285
17553.0,0.0393,0.0057,0.9261,0,0,0,0.2812771153921101,-2.5832958538620994,-1.5027717639999985,0.9269510181233958
17565.0,0.042,0.0052,0.926,0,0,0,0.2813368042204228,-2.5835316437659266,-1.5027717639999985,0.9269665797643408
17577.0,0.0448,0.0038,0.9269,0,0,0,0.2812960217618953,-2.584106798078361,-1.5027717639999985,0.9279898113664826
17589.0,0.04,0.0044,0.9276,0,0,0,0.28124050206406614,-2.5843841092173823,-1.5027717639999985,0.9284724659353124
17601.0,0.0437,0.0039,0.9259,0,0,0,0.2811112694915884,-2.5848641047786067,-1.5027717639999985,0.9269388922685248
17613.0,0.0411,0.0033,0.9243,0,0,0,0.2808441556472266,-2.5852101469285995,-1.5027717639999985,0.9252192118627888
17625.0,0.0417,0.0045,0.923,0,0,0,0.28060489778501396,-2.585518634263204,-1.5027717639999985,0.9239524554867529
17637.0,0.0417,0.0078,0.9264,0,0,0,0.28079651292717017,-2.585774306179776,-1.5027717639999985,0.9273708481508355
17649.0,0.0402,0.0062,0.9281,0,0,0,0.28116900428737995,-2.5857882310127516,-1.5027717639999985,0.9289908987713497
17661.0,0.0399,0.0027,0.9254,0,0,0,0.281269546181536,-2.58556694053287,-1.5027717639999985,0.9262637097500905
17673.0,0.0399,0.0038,0.9264,0,0,0,0.28126530054820353,-2.5851330518936777,-1.5027717639999985,0.927266633714381
17685.0,0.0416,0.0054,0.9241,0,0,0,0.2813677201593925,-2.5847350967131795,-1.5027717639999985,0.9250516363965852
17697.0,0.0396,0.0048,0.929,0,0,0,0.28148690433573786,-2.5840956498093854,-1.5027717639999985,0.9298560103585931
17709.0,0.0419,0.0048,0.9255,0,0,0,0.28162273639749635,-2.583547738365273,-1.5027717639999985,0.92646041469671
17721.0,0.0425,0.0056,0.9238,0,0,0,0.2818729118214895,-2.583165149592546,-1.5027717639999985,0.9247940581556523
17733.0,0.0389,0.0057,0.9255,0,0,0,0.2822348603094424,-2.5824751999356987,-1.5027717639999985,0.9263346857372879
17745.0,0.0431,0.005,0.9272,0,0,0,0.28260692261768583,-2.5820248309950773,-1.5027717639999985,0.9282146572856949
17757.0,0.0402,0.0037,0.9259,0,0,0,0.2828274006179731,-2.5814357252276245,-1.5027717639999985,0.926779660976653
17769.0,0.0439,0.0052,0.9259,0,0,0,0.2830990386473011,-2.5811823265232308,-1.5027717639999985,0.9269547238134125
17781.0,0.0414,0.0071,0.9207,0,0,0,0.28365367016372967,-2.5809456337147503,-1.5027717639999985,0.9216576696366172
17793.0,0.0416,0.0042,0.9204,0,0,0,0.28409841774708916,-2.5807505503739274,-1.5027717639999985,0.9213492063273295
17805.0,0.042,0.0031,0.9302,0,0,0,0.28430283558524483,-2.5805876048565555,-1.5027717639999985,0.9311528607054805
17817.0,0.0376,0.004,0.9249,0,0,0,0.28440978031835834,-2.5799390437448526,-1.5027717639999985,0.9256726041101141
17829.0,0.0426,0.0054,0.9242,0,0,0,0.28460400762563876,-2.5794851539748493,-1.5027717639999985,0.925197038473427
17841.0,0.0398,0.0034,0.9199,0,0,0,0.28463013672469684,-2.5788814915500176,-1.5027717639999985,0.920766859742465
17853.0,0.0422,0.0062,0.9233,0,0,0,0.28485231490697993,-2.578424939899487,-1.5027717639999985,0.9242846801716449
17865.0,0.0394,0.0038,0.9354,0,0,0,0.28494237388775534,-2.577686295807031,-1.5027717639999985,0.9362371280824106
17877.0,0.0389,0.0039,0.9291,0,0,0,0.28493219973546285,-2.576673501900242,-1.5027717639999985,0.9299221634093899
17889.0,0.0448,0.0063,0.9291,0,0,0,0.28513011485254663,-2.576149499450513,-1.5027717639999985,0.9302008062778704
17901.0,0.0386,0.0006,0.922,0,0,0,0.2848111788849945,-2.5753310012998614,-1.5027717639999985,0.9228078456536876
17913.0,0.0414,0.0056,0.9248,0,0,0,0.2846532776225426,-2.574584795736648,-1.5027717639999985,0.9257431393210538
17925.0,0.0465,0.0081,0.9341,0,0,0,0.28494076528934076,-2.574482349142753,-1.5027717639999985,0.9352917566192915
17937.0,0.0416,0.0076,0.9307,0,0,0,0.2855605614770852,-2.5743615005544327,-1.5027717639999985,0.931660243865756
17949.0,0.0408,0.0021,0.9189,0,0,0,0.28580067064503667,-2.574191234773421,-1.5027717639999985,0.9198077299088109
17961.0,0.0458,0.0051,0.9279,0,0,0,0.2860699676284967,-2.574545123798575,-1.5027717639999985,0.9290436265321451
17973.0,0.0421,0.0071,0.9338,0,0,0,0.2866076769352172,-2.574870832077392,-1.5027717639999985,0.9347755131581057
17985.0,0.0424,0.0029,0.9248,0,0,0,0.28686828584002944,-2.575258299389612,-1.5027717639999985,0.9257760042256442
17997.0,0.041,0.0046,0.9291,0,0,0,0.2870911291429947,-2.575502750030757,-1.5027717639999985,0.9300155751383953
18009.0,0.0436,0.0085,0.9266,0,0,0,0.28776330056095284,-2.5759552439617233,-1.5027717639999985,0.9276641471998365
18021.0,0.0402,0.0074,0.9301,0,0,0,0.28869223698115937,-2.5761514312282876,-1.5027717639999985,0.930997749728752
18033.0,0.0389,0.0056,0.9292,0,0,0,0.2896242080368705,-2.575966007385038,-1.5027717639999985,0.9300307575558994
18045.0,0.0408,0.001,0.9165,0,0,0,0.2899977471483949,-2.575748844856192,-1.5027717639999985,0.9174082460933082
18057.0,0.0459,0.0063,0.9213,0,0,0,0.2905290375787479,-2.5761073907393026,-1.5027717639999985,0.9224641944270792
18069.0,0.0421,0.0046,0.9198,0,0,0,0.2909894172483499,-2.576512383776029,-1.5027717639999985,0.9207744620698382
18081.0,0.0425,0.0021,0.9261,0,0,0,0.2910727847419111,-2.5769716880003353,-1.5027717639999985,0.9270770572072206
18093.0,0.0475,0.0107,0.9401,0,0,0,0.29187706604297553,-2.5780163378613192,-1.5027717639999985,0.9413600533270997
18105.0,0.0405,0.0049,0.9314,0,0,0,0.29260471081040573,-2.578760129241984,-1.5027717639999985,0.9322929904273656
18117.0,0.0426,0.004,0.9124,0,0,0,0.2931653478979939,-2.579603357412267,-1.5027717639999985,0.913402715126247
18129.0,0.0438,0.0037,0.9161,0,0,0,0.2935374704769535,-2.580660303626408,-1.5027717639999985,0.9171539347350586
18141.0,0.0416,0.0052,0.9343,0,0,0,0.2939158725208433,-2.581528553169135,-1.5027717639999985,0.9352401242461745
18153.0,0.042,0.0073,0.9333,0,0,0,0.29455913242817056,-2.582283932527391,-1.5027717639999985,0.9342730757118071
18165.0,0.042,0.0012,0.9279,0,0,0,0.2946847717341719,-2.5829688150034436,-1.5027717639999985,0.92885082225296
18177.0,0.0402,0.0006,0.9163,0,0,0,0.29428654653785175,-2.5834332190575364,-1.5027717639999985,0.9171816014290736
18189.0,0.0388,0.004,0.922,0,0,0,0.29384363721852336,-2.5834968530279228,-1.5027717639999985,0.9228247070814696
18201.0,0.0432,0.0063,0.9312,0,0,0,0.29364106176058485,-2.583699085448263,-1.5027717639999985,0.9322228113493041
18213.0,0.0409,0.0012,0.9261,0,0,0,0.2930233794569541,-2.5837675345341102,-1.5027717639999985,0.9270034843515962
18225.0,0.0422,0.0063,0.9314,0,0,0,0.2926681627637014,-2.5838488290503836,-1.5027717639999985,0.9323767961505692
18237.0,0.0426,0.0068,0.9327,0,0,0,0.2926058217346632,-2.583983367992192,-1.5027717639999985,0.9336971082744125
18249.0,0.043,0.0051,0.9221,0,0,0,0.2925984628305123,-2.5842731506927588,-1.5027717639999985,0.9231161465384516
18261.0,0.0406,0.005,0.925,0,0,0,0.2926255333720326,-2.584386878336054,-1.5027717639999985,0.9259040771051826
18273.0,0.0424,0.005,0.9237,0,0,0,0.2926837028277571,-2.584574544637598,-1.5027717639999985,0.9246861359401902
18285.0,0.0439,0.0068,0.9274,0,0,0,0.292989236095077,-2.5849915535030066,-1.5027717639999985,0.9284633595355285
18297.0,0.0409,0.0049,0.9294,0,0,0,0.29327626380993227,-2.585228428408523,-1.5027717639999985,0.930312409892505
18309.0,0.0435,0.0034,0.9249,0,0,0,0.2933639557500107,-2.5856521088036355,-1.5027717639999985,0.9259286257590269
18321.0,0.042,0.0029,0.9261,0,0,0,0.2932131122761721,-2.5860478343992512,-1.5027717639999985,0.9270564276245541
18333.0,0.0396,0.0059,0.9275,0,0,0,0.2932220623785611,-2.586114021634319,-1.5027717639999985,0.9283637325962276
18345.0,0.0404,0.0046,0.9269,0,0,0,0.2932116552254895,-2.5859915549605743,-1.5027717639999985,0.9277914259142515
18357.0,0.0443,0.0015,0.9291,0,0,0,0.2927998123767538,-2.5861719884905887,-1.5027717639999985,0.9301567341045273
18369.0,0.0433,0.0042,0.9258,0,0,0,0.29237027817494887,-2.5865142228430886,-1.5027717639999985,0.926821541614134
18381.0,0.0405,0.0046,0.9279,0,0,0,0.29197425136229566,-2.586641215508277,-1.5027717639999985,0.9287948212603254
18393.0,0.0386,0.0027,0.9209,0,0,0,0.29137791946949787,-2.5863825609942857,-1.5027717639999985,0.9217125690799709
18405.0,0.0438,0.0071,0.9313,0,0,0,0.29114358907719007,-2.586368247287131,-1.5027717639999985,0.9323564447141447
18417.0,0.0441,0.0051,0.9314,0,0,0,0.2909816880229965,-2.58660568431989,-1.5027717639999985,0.9324573877663258
18429.0,0.0428,0.0046,0.9297,0,0,0,0.29082330409377866,-2.586913732726751,-1.5027717639999985,0.9306960244891991
18441.0,0.0394,0.0043,0.9274,0,0,0,0.2906328055825557,-2.58687708339676,-1.5027717639999985,0.9282465243673148
18453.0,0.0419,0.0042,0.9246,0,0,0,0.29040363311854117,-2.5868603347183394,-1.5027717639999985,0.9255584314347743
18465.0,0.042,0.0044,0.9236,0,0,0,0.2901660832784034,-2.5868790957577192,-1.5027717639999985,0.9245649355237305
18477.0,0.0433,0.0054,0.9288,0,0,0,0.2900419495094764,-2.5870605222527154,-1.5027717639999985,0.9298244404187276
18489.0,0.0444,0.0035,0.927,0,0,0,0.2897845244595899,-2.5875307862166506,-1.5027717639999985,0.9280692915941138
18501.0,0.0419,0.0061,0.9242,0,0,0,0.2897329105201794,-2.5879622041544295,-1.5027717639999985,0.9251694223222037
18513.0,0.0416,0.0013,0.9248,0,0,0,0.2892696276792127,-2.5883180822429943,-1.5027717639999985,0.9257360801005867
18525.0,0.0416,0.0052,0.9242,0,0,0,0.2889263091523347,-2.588609965551309,-1.5027717639999985,0.9251503877748741
18537.0,0.0432,0.0062,0.9253,0,0,0,0.28881242482008485,-2.5890361761572986,-1.5027717639999985,0.926328651181642
18549.0,0.042,0.0032,0.9258,0,0,0,0.2885300962103142,-2.5894290495021113,-1.5027717639999985,0.9267577245429357
18561.0,0.0394,0.0032,0.9259,0,0,0,0.28809976176770047,-2.5894701296039693,-1.5027717639999985,0.926743443462105
18573.0,0.0405,0.0063,0.9259,0,0,0,0.28792288634614827,-2.58933665381965,-1.5027717639999985,0.9268067490043433
18585.0,0.0426,0.0044,0.928,0,0,0,0.2877337535573578,-2.5892970801038766,-1.5027717639999985,0.9289876856019137
18597.0,0.0413,0.0072,0.927,0,0,0,0.28788082598894166,-2.5891854800260985,-1.5027717639999985,0.9279474823501598
18609.0,0.042,0.004,0.9236,0,0,0,0.28793080197179843,-2.58911594650227,-1.5027717639999985,0.9245631184510876
18621.0,0.0443,0.0032,0.9248,0,0,0,0.2877952877931082,-2.5893610287608584,-1.5027717639999985,0.9258659568209644
18633.0,0.0426,0.0042,0.9282,0,0,0,0.2876180416434418,-2.5896541088996825,-1.5027717639999985,0.9291865474704205
18645.0,0.0428,0.0035,0.9261,0,0,0,0.2873190926600071,-2.59002541190031,-1.5027717639999985,0.9270950868168809
18657.0,0.0433,0.0048,0.9204,0,0,0,0.2870774389812267,-2.5905588638331984,-1.5027717639999985,0.9214304585805703
18669.0,0.0452,0.0061,0.9243,0,0,0,0.28704526248733325,-2.5914471187522237,-1.5027717639999985,0.9254246268605564
18681.0,0.0446,0.0043,0.9266,0,0,0,0.2869739035354801,-2.5925593294227482,-1.5027717639999985,0.9276827097666529
18693.0,0.0416,0.0029,0.9285,0,0,0,0.2866939834677248,-2.5934853922684793,-1.5027717639999985,0.9294359687466373
18705.0,0.0409,0.0043,0.9299,0,0,0,0.28640301700536763,-2.5941511474102903,-1.5027717639999985,0.9308089546195825
18717.0,0.0399,0.0034,0.9232,0,0,0,0.28599558774263634,-2.594500462633126,-1.5027717639999985,0.9240680764965317
18729.0,0.0411,0.0026,0.9233,0,0,0,0.28538716724639446,-2.594717480605929,-1.5027717639999985,0.9242179721256236
18741.0,0.042,0.0078,0.9296,0,0,0,0.2852419733106551,-2.5948931272006672,-1.5027717639999985,0.9305810013104716
18753.0,0.0388,-0.0002,0.9171,0,0,0,0.2845236267785159,-2.59470663842322,-1.5027717639999985,0.9179204159402927
18765.0,0.0403,0.0032,0.9275,0,0,0,0.2837157554020892,-2.5943282062221793,-1.5027717639999985,0.9283806223742501
18777.0,0.0464,0.0054,0.9336,0,0,0,0.28309918298842585,-2.5945006898472447,-1.5027717639999985,0.9347679284185995
18789.0,0.0425,0.0059,0.9388,0,0,0,0.2827111894600199,-2.5946476375918657,-1.5027717639999985,0.9397800274532333
18801.0,0.0385,0.0029,0.9258,0,0,0,0.2821625028913216,-2.594351364825185,-1.5027717639999985,0.9266047161546286
18813.0,0.0388,0.0035,0.9229,0,0,0,0.28154876648958826,-2.5937176264472317,-1.5027717639999985,0.9237218737260692
18825.0,0.0437,0.004,0.9246,0,0,0,0.28093956085837135,-2.5933826187714493,-1.5027717639999985,0.9256407780559367
18837.0,0.0459,0.0039,0.9207,0,0,0,0.28032525894479593,-2.5936053314276264,-1.5027717639999985,0.9218516746201635
18849.0,0.0396,0.0044,0.9314,0,0,0,0.27976384700438844,-2.5934819466602685,-1.5027717639999985,0.9322518329292788
18861.0,0.043,0.0039,0.9313,0,0,0,0.27918839928440703,-2.5934738433700426,-1.5027717639999985,0.9323003271478564
18873.0,0.0409,0.0037,0.9279,0,0,0,0.2785789313678615,-2.593327345479825,-1.5027717639999985,0.9288083279127077
18885.0,0.042,0.0048,0.9187,0,0,0,0.27808148413698003,-2.5932460766673198,-1.5027717639999985,0.9196720774276013
18897.0,0.0413,0.0068,0.9219,0,0,0,0.27792950280383755,-2.5931182459350666,-1.5027717639999985,0.9228496844015281
18909.0,0.0426,0.004,0.9323,0,0,0,0.2777304193542009,-2.5930520748979426,-1.5027717639999985,0.9332813348610376
18921.0,0.04,0.0031,0.9303,0,0,0,0.2773803085286016,-2.592730736386595,-1.5027717639999985,0.9311647007914337
18933.0,0.0388,0.0031,0.9252,0,0,0,0.2769006083185294,-2.5920652699371014,-1.5027717639999985,0.926018406944484
18945.0,0.0453,0.0049,0.9211,0,0,0,0.27653203267595394,-2.591922610291334,-1.5027717639999985,0.9222262791744769
18957.0,0.0435,0.009,0.9266,0,0,0,0.27676596485256777,-2.591988691575075,-1.5027717639999985,0.927664168759363
18969.0,0.0396,0.0071,0.9235,0,0,0,0.27729811068933125,-2.591774476758701,-1.5027717639999985,0.924375908383597
18981.0,0.0419,0.0032,0.925,0,0,0,0.27760907464699136,-2.591589110436244,-1.5027717639999985,0.9259540215367068
18993.0,0.0424,0.0022,0.9207,0,0,0,0.2776032023465413,-2.591515336688122,-1.5027717639999985,0.9216784092078971
19005.0,0.045,0.0065,0.9287,0,0,0,0.27784474186599406,-2.591816685719547,-1.5027717639999985,0.9298123143946846
19017.0,0.0413,0.0049,0.9224,0,0,0,0.27811011994040485,-2.5920264723564026,-1.5027717639999985,0.9233371323628222
19029.0,0.0408,0.0046,0.9248,0,0,0,0.27835739636734613,-2.5920797725470344,-1.5027717639999985,0.925710991616714
19041.0,0.0394,-0.0006,0.9231,0,0,0,0.277945835186113,-2.5918313554343593,-1.5027717639999985,0.9239406528560155
19053.0,0.0441,0.0066,0.9358,0,0,0,0.27783730104809645,-2.5918272675971052,-1.5027717639999985,0.9368617880989702
19065.0,0.04,0.0032,0.9265,0,0,0,0.27758127391275145,-2.591584160926284,-1.5027717639999985,0.9273685836818066
19077.0,0.0438,0.0066,0.9253,0,0,0,0.2776165175017833,-2.5916066355566922,-1.5027717639999985,0.9263595900081135
19089.0,0.0411,0.0045,0.9255,0,0,0,0.2776489890624883,-2.5915287950409645,-1.5027717639999985,0.9264230728992019
19101.0,0.0394,0.0033,0.9243,0,0,0,0.2775313497545823,-2.591159327406623,-1.5027717639999985,0.9251452534602337
19113.0,0.0442,0.005,0.9249,0,0,0,0.2774912391268582,-2.591122921311146,-1.5027717639999985,0.9259690329595263
19125.0,0.0427,0.0067,0.9279,0,0,0,0.27772799625038014,-2.5911783014822003,-1.5027717639999985,0.9289061255046174
19137.0,0.0428,0.0021,0.9242,0,0,0,0.27764199926252253,-2.591347579560109,-1.5027717639999985,0.9251928934011545
19149.0,0.042,0.0029,0.9276,0,0,0,0.27736842192500294,-2.5914991136251726,-1.5027717639999985,0.9285548825998385
19161.0,0.0437,0.0052,0.9321,0,0,0,0.27721163131154203,-2.5918193027548524,-1.5027717639999985,0.9331383284379653
19173.0,0.0432,0.0061,0.9293,0,0,0,0.2772708541465265,-2.592241499895979,-1.5027717639999985,0.9303235673678272
19185.0,0.0396,0.0066,0.925,0,0,0,0.2775849241167346,-2.5923327787022004,-1.5027717639999985,0.9258707901213863
19197.0,0.0394,0.0037,0.9197,0,0,0,0.27776821109092875,-2.59213670746449,-1.5027717639999985,0.9205509980441061
19209.0,0.0468,0.0049,0.9351,0,0,0,0.27797429096283754,-2.5925149365847147,-1.5027717639999985,0.9362832156991815
19221.0,0.0387,0.0062,0.9296,0,0,0,0.27836417441048816,-2.5924301670735916,-1.5027717639999985,0.9304258648597425
19233.0,0.0385,0.0026,0.9188,0,0,0,0.27847754753431375,-2.5919725200507764,-1.5027717639999985,0.9196099444873354
19245.0,0.0437,0.0067,0.9208,0,0,0,0.27885204712118156,-2.5918176688320007,-1.5027717639999985,0.9218607378557783
19257.0,0.0366,0.0038,0.9288,0,0,0,0.2790927799619327,-2.5910088954729287,-1.5027717639999985,0.9295286117167131
19269.0,0.0383,0.0032,0.9301,0,0,0,0.27914013056803666,-2.589828107303313,-1.5027717639999985,0.9308937318512785
19281.0,0.0439,0.005,0.9242,0,0,0,0.2792427451470793,-2.589045288850685,-1.5027717639999985,0.9252555592915938
19293.0,0.042,-0.0002,0.9136,0,0,0,0.2787569871141769,-2.588439050808328,-1.5027717639999985,0.9145649238845758
19305.0,0.0439,0.0056,0.9225,0,0,0,0.2784654416671745,-2.588175789293203,-1.5027717639999985,0.9235609454713858
19317.0,0.0414,0.0027,0.915,0,0,0,0.2779909668687832,-2.5879482147211053,-1.5027717639999985,0.9159400908356398
19329.0,0.0422,0.0078,0.9377,0,0,0,0.2779747228260121,-2.5877251677123083,-1.5027717639999985,0.9386815061563746
19341.0,0.0396,0.0027,0.9313,0,0,0,0.27773506237088263,-2.5872209599108578,-1.5027717639999985,0.932145450023761
19353.0,0.0394,0.0034,0.9221,0,0,0,0.2773907529042755,-2.586496007345214,-1.5027717639999985,0.9229476312337554
19365.0,0.0453,0.0068,0.9161,0,0,0,0.2773789264411729,-2.5863404473736913,-1.5027717639999985,0.9172445366422195
19377.0,0.0432,0.0096,0.9203,0,0,0,0.27800519828203596,-2.5864048160938724,-1.5027717639999985,0.921363386509362
19389.0,0.0431,0.0054,0.9299,0,0,0,0.2786665523898604,-2.586596929228259,-1.5027717639999985,0.9309139487621828
19401.0,0.041,0.0043,0.9291,0,0,0,0.2792219640759478,-2.5866460859195146,-1.5027717639999985,0.9300141396774568
19413.0,0.04,0.0071,0.9207,0,0,0,0.28003505150536806,-2.5864923550597694,-1.5027717639999985,0.9215958441746577
19425.0,0.043,0.0062,0.9213,0,0,0,0.28096201690511396,-2.586527657940463,-1.5027717639999985,0.9223237663640681
19437.0,0.0403,0.0026,0.9222,0,0,0,0.2815411440258181,-2.5863905539146623,-1.5027717639999985,0.9230837935962259
19449.0,0.0433,0.0039,0.9342,0,0,0,0.28196531974867717,-2.5864058098695026,-1.5027717639999985,0.9352110670859279
19461.0,0.0424,0.0034,0.9208,0,0,0,0.2821989471153628,-2.5865189071372585,-1.5027717639999985,0.9217819481851443
19473.0,0.0428,0.0062,0.9219,0,0,0,0.2826099401416957,-2.586761464246838,-1.5027717639999985,0.9229138042092556
19485.0,0.0424,0.0045,0.9287,0,0,0,0.28296167242304754,-2.587030077801202,-1.5027717639999985,0.9296782776853506
19497.0,0.0443,0.0045,0.924,0,0,0,0.2832634400510247,-2.5875824732453525,-1.5027717639999985,0.9250722890671842
19509.0,0.0402,0.0044,0.9276,0,0,0,0.2835059740857246,-2.587856830248929,-1.5027717639999985,0.928481103738789
19521.0,0.0422,0.0061,0.9222,0,0,0,0.28390959764002366,-2.5881630667577107,-1.5027717639999985,0.9231851872728462
19533.0,0.042,0.007,0.9235,0,0,0,0.2845651354087891,-2.5884647779544254,-1.5027717639999985,0.9244810706553163
19545.0,0.0439,0.0052,0.9331,0,0,0,0.28521211381932093,-2.5889427305258272,-1.5027717639999985,0.9341465944914642
19557.0,0.0425,0.0067,0.9326,0,0,0,0.2860360145952813,-2.5894048571902384,-1.5027717639999985,0.9335919344124605
19569.0,0.043,0.0038,0.9288,0,0,0,0.2866584751165185,-2.5899352209912894,-1.5027717639999985,0.9298026027066175
19581.0,0.0415,0.0051,0.9241,0,0,0,0.2872659486737427,-2.5903660240963586,-1.5027717639999985,0.9250454421270341
19593.0,0.0415,0.0044,0.9202,0,0,0,0.28777508440548694,-2.590730056425558,-1.5027717639999985,0.921145835359418
19605.0,0.0432,0.0029,0.9192,0,0,0,0.28801135524211335,-2.591250201205746,-1.5027717639999985,0.9202191532455734
19617.0,0.0442,0.0084,0.9283,0,0,0,0.2886808977625777,-2.5919792293595663,-1.5027717639999985,0.9293896330388025
19629.0,0.0415,0.0044,0.9313,0,0,0,0.28923433975828805,-2.5925403740355057,-1.5027717639999985,0.9322345734845924
19641.0,0.0402,0.0028,0.9313,0,0,0,0.2894867328082422,-2.592792027649145,-1.5027717639999985,0.9321714273673056
19653.0,0.0416,0.0031,0.9287,0,0,0,0.2895120143715059,-2.592957789652585,-1.5027717639999985,0.9296364127980358
19665.0,0.0411,0.0043,0.9233,0,0,0,0.2894885939128595,-2.5930160134413693,-1.5027717639999985,0.9242243180094322
19677.0,0.0449,0.006,0.9298,0,0,0,0.28962811743376693,-2.5934118396257286,-1.5027717639999985,0.9309028144763555
19689.0,0.042,0.005,0.9299,0,0,0,0.28978750771886974,-2.5937461124874175,-1.5027717639999985,0.9308614343714106
19701.0,0.0414,0.0044,0.9196,0,0,0,0.2898965835510821,-2.594009298972582,-1.5027717639999985,0.9205419490713066
19713.0,0.0403,0.0035,0.9238,0,0,0,0.28984712216608405,-2.5940497420151596,-1.5027717639999985,0.9246852329306443
19725.0,0.0433,0.0029,0.9326,0,0,0,0.28957834265091714,-2.59421470744624,-1.5027717639999985,0.9336091580527689
19737.0,0.0428,0.005,0.9395,0,0,0,0.2893720408339637,-2.594388671723896,-1.5027717639999985,0.9404876873197224
19749.0,0.0425,0.0062,0.9237,0,0,0,0.2893788086808863,-2.594621784271076,-1.5027717639999985,0.9246979939418057
19761.0,0.0443,0.0032,0.917,0,0,0,0.2892072595475339,-2.595166498683832,-1.5027717639999985,0.9180750132750591
19773.0,0.0411,0.0044,0.9259,0,0,0,0.2890215646006987,-2.595539998457917,-1.5027717639999985,0.9268221943825039
19785.0,0.0435,0.0062,0.9316,0,0,0,0.2890425555816336,-2.596025788323765,-1.5027717639999985,0.9326356469704554
19797.0,0.0405,0.0023,0.9338,0,0,0,0.28876301177593744,-2.59622727082893,-1.5027717639999985,0.9346806834422117
19809.0,0.042,0.0056,0.9218,0,0,0,0.2886335296002077,-2.596430023725837,-1.5027717639999985,0.9227733199437443
19821.0,0.0425,0.005,0.9186,0,0,0,0.28856463838012475,-2.5967132171458207,-1.5027717639999985,0.9195962211753591
19833.0,0.0398,0.0034,0.9211,0,0,0,0.2883500842050122,-2.596719277779126,-1.5027717639999985,0.9219657314672819
19845.0,0.0406,0.0079,0.9337,0,0,0,0.2885559559762191,-2.596509170649304,-1.5027717639999985,0.9346156750236965
19857.0,0.0391,0.0021,0.9359,0,0,0,0.28841426575097434,-2.5959119683532728,-1.5027717639999985,0.9367187571517931
19869.0,0.0433,0.0082,0.9385,0,0,0,0.2887173280434626,-2.5954782447836644,-1.5027717639999985,0.9395341292363998
19881.0,0.0403,0.004,0.9124,0,0,0,0.2889107289993189,-2.594964294671935,-1.5027717639999985,0.9132983357041662
19893.0,0.043,0.001,0.9111,0,0,0,0.2886363340489368,-2.5947212322922435,-1.5027717639999985,0.9121146912532437
19905.0,0.0431,0.0073,0.925,0,0,0,0.2887203013721653,-2.5946528510914812,-1.5027717639999985,0.9260323428477
19917.0,0.0404,0.0038,0.9335,0,0,0,0.2886820076444942,-2.5943576477082178,-1.5027717639999985,0.9343815334219743
19929.0,0.0415,0.007,0.938,0,0,0,0.2889284072979902,-2.5939740702555802,-1.5027717639999985,0.9389436884073505
19941.0,0.042,0.0037,0.9293,0,0,0,0.28902337028158687,-2.5936233343666215,-1.5027717639999985,0.9302559755250165
19953.0,0.0419,0.007,0.9236,0,0,0,0.2893956095037293,-2.593321573381589,-1.5027717639999985,0.9245764273438946
19965.0,0.038,0.002,0.9128,0,0,0,0.2894011214989122,-2.5926419604736126,-1.5027717639999985,0.9135928195864939
19977.0,0.0396,0.0051,0.931,0,0,0,0.2894545818532713,-2.5917272072253215,-1.5027717639999985,0.9318557667364623
19989.0,0.037,0.0048,0.9476,0,0,0,0.2895027560659146,-2.5901962565566317,-1.5027717639999985,0.9483342237839991
20001.0,0.0408,0.006,0.9347,0,0,0,0.28970204132036137,-2.5886641625723783,-1.5027717639999985,0.9356092827671175
20013.0,0.0435,0.0026,0.9077,0,0,0,0.28963183064786624,-2.5876134961856887,-1.5027717639999985,0.908745453908849
20025.0,0.0436,0.0035,0.9105,0,0,0,0.28943272127263264,-2.5869882189371722,-1.5027717639999985,0.9115500315396846
20037.0,0.0416,0.0085,0.9323,0,0,0,0.28972527374680224,-2.586372508979837,-1.5027717639999985,0.9332663606923803
20049.0,0.0411,0.0048,0.9349,0,0,0,0.2899914455652532,-2.5856904544506505,-1.5027717639999985,0.9358152916040643
20061.0,0.0414,0.0051,0.9384,0,0,0,0.2902685755556906,-2.584969149337853,-1.5027717639999985,0.9393266364795582
20073.0,0.0409,0.0028,0.926,0,0,0,0.2902791360878956,-2.5842211459417994,-1.5027717639999985,0.9269070341733308
20085.0,0.0389,0.0009,0.9064,0,0,0,0.2898313358134777,-2.5833116374232197,-1.5027717639999985,0.907234798715305
20097.0,0.0444,0.0042,0.9203,0,0,0,0.2893791383084353,-2.582864776209463,-1.5027717639999985,0.9213799921856346
20109.0,0.0435,0.0076,0.9454,0,0,0,0.2893293654647853,-2.582576718304638,-1.5027717639999985,0.946430752881583
20121.0,0.0413,0.0061,0.9337,0,0,0,0.28945581323338504,-2.5822224280170714,-1.5027717639999985,0.9346328637491835
20133.0,0.0435,0.0022,0.9187,0,0,0,0.2892653060778666,-2.582164754342677,-1.5027717639999985,0.9197319065901759
20145.0,0.0435,0.004,0.9221,0,0,0,0.2890155726936747,-2.582350290049361,-1.5027717639999985,0.9231341505978424
20157.0,0.0414,0.0037,0.928,0,0,0,0.28867355775983905,-2.5824578985827187,-1.5027717639999985,0.9289303795225992
20169.0,0.0422,0.009,0.9336,0,0,0,0.28890190258481313,-2.582564070602422,-1.5027717639999985,0.9345965974686619
20181.0,0.04,0.0029,0.9264,0,0,0,0.28888410811716975,-2.582437550881484,-1.5027717639999985,0.927267690583469
20193.0,0.0416,0.0002,0.9187,0,0,0,0.2883201106877631,-2.5823461363851354,-1.5027717639999985,0.9196413920654072
20205.0,0.0437,0.0061,0.9321,0,0,0,0.28799641485985716,-2.582470532243504,-1.5027717639999985,0.9331437777748935
20217.0,0.0414,0.0048,0.9274,0,0,0,0.28772744724580335,-2.582527359007017,-1.5027717639999985,0.928336016752555
20229.0,0.0402,0.006,0.9236,0,0,0,0.2876578259154812,-2.5823975353407627,-1.5027717639999985,0.9244939156100488
20241.0,0.0419,0.0039,0.926,0,0,0,0.28750328099675804,-2.582299766286468,-1.5027717639999985,0.9269556731581075
20253.0,0.0396,0.0045,0.9277,0,0,0,0.2873473025033573,-2.5819371768106256,-1.5027717639999985,0.928555706460307
20265.0,0.0399,0.0055,0.9186,0,0,0,0.2873194875960169,-2.5814289503138337,-1.5027717639999985,0.9194825827605436
20277.0,0.0442,0.007,0.9274,0,0,0,0.28758473149049457,-2.5812757100270654,-1.5027717639999985,0.9284790789242373
20289.0,0.0388,0.0029,0.9369,0,0,0,0.2875953328624139,-2.580716673995181,-1.5027717639999985,0.9377075556910054
20301.0,0.0459,0.0065,0.9302,0,0,0,0.2878299666399878,-2.580713756854727,-1.5027717639999985,0.931354443807512
20313.0,0.0431,0.0048,0.9276,0,0,0,0.28805357897361844,-2.5808703482992126,-1.5027717639999985,0.9286131648862189
20325.0,0.0365,0.0005,0.9164,0,0,0,0.28774303764949133,-2.5804151911002724,-1.5027717639999985,0.9171267415139523
20337.0,0.043,0.0054,0.9277,0,0,0,0.28756012178186746,-2.5801608356575176,-1.5027717639999985,0.9287117152270665
20349.0,0.0454,0.0068,0.943,0,0,0,0.2876533644864392,-2.5802949367467822,-1.5027717639999985,0.9441167300710225
20361.0,0.0374,0.0048,0.9296,0,0,0,0.2877515239188327,-2.5798597263725673,-1.5027717639999985,0.9303644232235022
20373.0,0.0438,0.0056,0.9171,0,0,0,0.28796029518880023,-2.579781033561959,-1.5027717639999985,0.9181624093808242
20385.0,0.0426,0.0023,0.9214,0,0,0,0.2878559724903368,-2.5798455308413732,-1.5027717639999985,0.9223871258858722
20397.0,0.0416,0.0034,0.9313,0,0,0,0.2876055084935134,-2.579857755160715,-1.5027717639999985,0.9322348470208566
20409.0,0.04,0.004,0.9332,0,0,0,0.2872997604355929,-2.579616103087443,-1.5027717639999985,0.9340654366798934
20421.0,0.0454,0.005,0.9292,0,0,0,0.28707148686186207,-2.579838900411824,-1.5027717639999985,0.9303218797814012
20433.0,0.0427,0.0017,0.921,0,0,0,0.28650953664921397,-2.5801838585628385,-1.5027717639999985,0.9219908784798253
20445.0,0.0393,0.0065,0.9279,0,0,0,0.2862430491128036,-2.5801780082572248,-1.5027717639999985,0.9287546231378877
20457.0,0.0415,0.0032,0.9225,0,0,0,0.28583330142261026,-2.5801641238425232,-1.5027717639999985,0.9234385415391757
20469.0,0.0431,0.007,0.9265,0,0,0,0.2857650084062089,-2.580318382752736,-1.5027717639999985,0.9275283607523815
20481.0,0.0377,0.0099,0.9349,0,0,0,0.2863507147887505,-2.5799079057626213,-1.5027717639999985,0.9357121939998431
20493.0,0.0431,0.0038,0.9209,0,0,0,0.2867679423469114,-2.579743733823281,-1.5027717639999985,0.9219158638400795
20505.0,0.0433,0.006,0.9235,0,0,0,0.2873056665478045,-2.5798076306826165,-1.5027717639999985,0.924534012354332
20517.0,0.0402,0.0038,0.926,0,0,0,0.2876752232370608,-2.5796760741210316,-1.5027717639999985,0.9268799706542374
20529.0,0.0432,0.0043,0.9301,0,0,0,0.28795472886805723,-2.579719872498427,-1.5027717639999985,0.9311126355065751
20541.0,0.0454,0.0051,0.9264,0,0,0,0.2882554252391971,-2.580210232115638,-1.5027717639999985,0.9275258109616142
20553.0,0.0415,0.0007,0.9205,0,0,0,0.28803437448559754,-2.580645361308451,-1.5027717639999985,0.9214352880153874
20565.0,0.038,0.0015,0.9232,0,0,0,0.28745050031164443,-2.580583413447575,-1.5027717639999985,0.9239829489768737
20577.0,0.0441,0.0045,0.925,0,0,0,0.2869174307090675,-2.580826480565602,-1.5027717639999985,0.9260615854250731
20589.0,0.0433,0.0038,0.9375,0,0,0,0.28633675192028124,-2.5811692359693823,-1.5027717639999985,0.9385071017312548
20601.0,0.0399,0.0031,0.9279,0,0,0,0.2856342935166067,-2.5812334253225555,-1.5027717639999985,0.9287626338306251
20613.0,0.0414,0.0066,0.9194,0,0,0,0.2852628452673235,-2.581284166700936,-1.5027717639999985,0.9203553009571901
20625.0,0.0448,0.002,0.922,0,0,0,0.2846141350767997,-2.5817283896050447,-1.5027717639999985,0.923089941446661
20637.0,0.0402,0.0026,0.922,0,0,0,0.28379628123121065,-2.581950684634529,-1.5027717639999985,0.9228796237863311
20649.0,0.0443,0.0065,0.9315,0,0,0,0.2833079034246089,-2.582430003155669,-1.5027717639999985,0.9325754607537129
20661.0,0.0424,0.0048,0.9338,0,0,0,0.2828994829683162,-2.582887367976421,-1.5027717639999985,0.9347744326841636
20673.0,0.0387,0.0032,0.9221,0,0,0,0.2823713909527293,-2.582933429179153,-1.5027717639999985,0.9229172985701374
20685.0,0.0431,0.0045,0.9192,0,0,0,0.2819009146469084,-2.583175921830102,-1.5027717639999985,0.9202208973936639
20697.0,0.0408,0.0046,0.9247,0,0,0,0.28149158940770197,-2.5832763621624744,-1.5027717639999985,0.925611090037279
20709.0,0.0405,0.0038,0.922,0,0,0,0.2810395897684562,-2.5832292544418824,-1.5027717639999985,0.9228969010675028
20721.0,0.041,0.0034,0.9261,0,0,0,0.28049905305753464,-2.5830910196285726,-1.5027717639999985,0.927013360205774
20733.0,0.0446,0.0055,0.9366,0,0,0,0.2801352722316871,-2.5832588644225716,-1.5027717639999985,0.9376774338758506
20745.0,0.0405,0.0046,0.9381,0,0,0,0.279815936962204,-2.583181819047568,-1.5027717639999985,0.9389851010532595
20757.0,0.0403,0.0065,0.926,0,0,0,0.27977780794578244,-2.582931721187423,-1.5027717639999985,0.9268993149204503
20769.0,0.0392,-0.0007,0.9191,0,0,0,0.2791026977315424,-2.5824317912896295,-1.5027717639999985,0.9199358347189222
20781.0,0.0433,0.0033,0.9293,0,0,0,0.2783552937952174,-2.582162026973458,-1.5027717639999985,0.9303140706234642
20793.0,0.0404,0.0061,0.9309,0,0,0,0.2778905826729945,-2.581729148376441,-1.5027717639999985,0.9317962116256966
20805.0,0.0417,0.004,0.9318,0,0,0,0.277416263584626,-2.5813087003364164,-1.5027717639999985,0.9327411913280125
20817.0,0.0422,0.0052,0.9263,0,0,0,0.2770855144098459,-2.580992027526771,-1.5027717639999985,0.9272753474561911
20829.0,0.0431,0.0045,0.9296,0,0,0,0.2767938029103817,-2.5808602222529133,-1.5027717639999985,0.9306094884536692
20841.0,0.0425,0.0004,0.9154,0,0,0,0.27603863599043904,-2.5808966584540336,-1.5027717639999985,0.9163861467743825
20853.0,0.0419,0.0057,0.9235,0,0,0,0.2755263726852348,-2.5809624686652746,-1.5027717639999985,0.9244676035427093
20865.0,0.0405,0.0039,0.9364,0,0,0,0.27500008166836537,-2.5808095655365086,-1.5027717639999985,0.9372835323422684
20877.0,0.0416,0.006,0.9336,0,0,0,0.27472306076112063,-2.5806154914035875,-1.5027717639999985,0.9345456222143464
20889.0,0.0404,-0.0006,0.9088,0,0,0,0.27386481426164244,-2.580374770641046,-1.5027717639999985,0.909697730018054
20901.0,0.0465,0.0049,0.9025,0,0,0,0.273177886299926,-2.5808834329926715,-1.5027717639999985,0.9037104126876042
20913.0,0.05,0.0098,0.9628,-0.5511726666666672,-0.6934556666666674,0,0.2667349405040337,-2.590299060470992,-1.5027717639999985,0.9641472294209013
20925.0,0.0366,0.006,1.0017,0,0,0,0.2670479787854098,-2.59019030458275,-1.5027717639999985,1.002386377600973
20937.0,0.0414,0.0012,0.9135,0.6014273333333328,0.7340443333333326,0,0.27402172858583473,-2.5814709859192053,-1.5027717639999985,0.9144384342316327
20949.0,0.0441,0.0037,0.8871,0,0,0,0.2737384546320156,-2.582055715802159,-1.5027717639999985,0.8882031918429476
20961.0,0.04,0.0038,0.9167,0,0,0,0.27341620326023464,-2.582406876538465,-1.5027717639999985,0.9175801490878058
20973.0,0.0552,0.0132,0.942,0,0,0,0.27420455047412984,-2.584281734062207,-1.5027717639999985,0.943708260004118
20985.0,0.0555,-0.0145,0.879,1.1511273333333327,5.581444333333333,0.782964666666666,0.2861216932119097,-2.5222655983643616,-1.4980739759999984,0.8808697406540879
20997.0,0.0824,-0.1691,0.8079,4.960227333333332,4.321844333333333,-2.751435333333334,0.3210376870643685,-2.4817386112637823,-1.5145825879999983,0.8295100843268876
21009.0,-0.1643,-0.4602,0.9678,2.670127333333333,6.382944333333333,-70.07963533333333,0.27282916337977703,-2.3909007983825687,-1.9350603999999985,1.084165748398279
21021.0,-0.0105,-0.1405,0.9358,-3.955772666666667,-1.3575556666666673,-135.57583533333334,0.13765765801167,-2.3881557145887404,-2.7485154119999984,0.9463467334967665
21033.0,0.1616,0.1864,0.8947,-1.5969726666666673,4.031744333333332,-138.82013533333335,0.06426211953793709,-2.3394222232531057,-3.5814362239999986,0.9280881477532186
21045.0,0.1376,0.1783,0.949,1.0824273333333327,7.703544333333333,-115.19413533333334,0.051362743944735646,-2.2608001997691556,-4.272601035999998,0.9753592415105318
21057.0,0.0388,0.1025,0.9565,0.9450273333333328,6.718844333333333,-104.68273533333333,0.052320116019617946,-2.1940575299394243,-4.900697447999998,0.9627585055453938
21069.0,-0.0194,0.0891,0.9695,-2.3450726666666672,-1.3269556666666675,-104.66743533333333,0.02650486061877345,-2.214883543879165,-5.528702059999998,0.973778937952552
21081.0,0.0392,0.1637,0.8199,-2.5588726666666672,0,-100.25523533333333,0.018863081512376693,-2.220192413067186,-6.130233471999998,0.8370008004775144
21093.0,0.0228,0.066,0.9275,1.6625273333333328,7.527944333333332,-87.59113533333333,0.06692243043825319,-2.134702546386506,-6.655780283999998,0.9301247712000793
21105.0,0.0341,0.0034,0.9325,0,3.0165443333333326,-88.80483533333333,0.09196578308584373,-2.103413339354258,-7.188609295999997,0.9331294765465294
21117.0,0.0645,-0.0093,0.9097,0,1.1997443333333324,-90.65213533333333,0.1127361402416544,-2.0975092617467683,-7.732522107999998,0.9120311562660565
21129.0,0.0718,-0.0094,0.9353,1.5404273333333327,3.9020443333333326,-95.40023533333333,0.1477382307616926,-2.0637629552595613,-8.304923519999997,0.9380989766543827
21141.0,0.0829,0.0325,0.9502,0,2.3065443333333326,-98.44603533333333,0.16597848660231537,-2.0541600256341916,-8.895599731999997,0.9543629812602751
21153.0,0.0911,0.025,0.9033,-0.9557726666666673,1.2378443333333324,-96.22473533333333,0.17363478151927142,-2.062861027367739,-9.472948143999997,0.9082263484396387
21165.0,0.0653,0.0247,0.9434,-0.9099726666666674,0.8485443333333327,-90.72093533333333,0.1824646805236097,-2.07748397353989,-10.017273755999996,0.9459797777965446
21177.0,0.0857,0.0349,0.9063,0,3.344744333333333,-80.19413533333334,0.20388198542498626,-2.0666151786347378,-10.498438567999996,0.9110116300026032
21189.0,0.0663,0.0303,0.9371,0,5.092844333333332,-67.75143533333333,0.2260775773553499,-2.0365152382079548,-10.904947179999995,0.9399309495915112
21201.0,0.0555,0.073,0.9296,0,4.421044333333333,-53.68273533333333,0.25421711553410326,-2.014636970634375,-11.227043591999996,0.9341120971275343
21213.0,0.0537,0.0609,0.9453,-0.803072666666667,2.7264443333333324,-40.48423533333333,0.27653300911572654,-2.0125312301047016,-11.469949003999997,0.9487805805348253
21225.0,0.0751,0.059,0.9229,-1.5130726666666674,1.2455443333333327,-27.606435333333337,0.2936585051599044,-2.0301577567691447,-11.635587615999997,0.9278283354155552
21237.0,0.0344,0.0354,0.9373,-1.0473726666666674,1.0546443333333326,-19.995735333333336,0.31620015086493625,-2.046598114519524,-11.755562027999996,0.9385988546764801
21249.0,-0.0261,0.002,0.9272,-1.3374726666666672,0,-14.865935333333335,0.33107325555501516,-2.064963740938924,-11.844757639999996,0.9275694313634963
21261.0,-0.0601,-0.0603,0.9194,-0.5588726666666672,0,-8.942235333333334,0.3437109875005817,-2.0696640427168425,-11.898411051999995,0.9233333417569193
21273.0,-0.0596,-0.0785,0.9186,-0.5359726666666673,0,-3.5987353333333343,0.34409787033433803,-2.0623374485313506,-11.920003463999995,0.9238724857901116
21285.0,-0.0123,-0.0372,0.926,0,-1.4414556666666676,1.7676646666666658,0.3448206610153659,-2.0671804684954473,-11.909397475999995,0.9268285332249975
21297.0,0.1068,0.0702,0.918,0,-2.8613556666666677,11.233264666666667,0.3534647639668625,-2.098955914465438,-11.841997887999995,0.9268539690803509
21309.0,0.2212,0.1918,0.9183,0,-2.525455666666667,25.065364666666664,0.3841130699196291,-2.1496026709027154,-11.691605699999995,0.9638420876886421
21321.0,0.3284,0.3522,0.9392,0.9373273333333327,-2.1285556666666676,52.10356466666667,0.46461410142408033,-2.2286631498256417,-11.378984311999995,1.0554563183760852
21333.0,0.3346,0.3521,0.9388,0,-3.7468556666666673,96.63026466666666,0.5674812389637505,-2.356382044399803,-10.799202723999995,1.057013249680438
21345.0,0.2212,0.2649,0.9478,0.6930273333333328,-5.250655666666667,139.40126466666666,0.6970015954925977,-2.5131819015808303,-9.962795135999995,1.0086755127393545
21357.0,0.1455,0.2069,0.9285,0,-7.525455666666668,178.17986466666665,0.82755020399615,-2.697203530019825,-8.893715947999995,0.9623357574152589
21369.0,0.0735,0.1543,0.9504,1.2198273333333327,-9.937655666666668,202.41646466666666,0.9738706330171638,-2.9000880555551585,-7.679217159999995,0.9656453282649899
21381.0,-0.0133,0.2225,0.9741,0,-14.227755666666667,218.30966466666666,1.1144680903021804,-3.1333046013750345,-6.369359171999995,0.9992767134282675
21393.0,-0.0542,0.3333,0.9667,-1.054972666666667,-20.79265566666667,236.14166466666666,1.263477898923323,-3.4198241831490384,-4.952509183999995,1.023980185355166
21405.0,-0.0702,0.5089,0.8014,1.4411273333333328,-18.63995566666667,251.01196466666664,1.4843802170630132,-3.657629340393064,-3.446437395999995,0.9519186992595534
21417.0,-0.1499,0.2924,0.8687,5.5938273333333335,-5.136155666666667,251.01196466666664,1.763842470908896,-3.705061972543292,-1.9403656079999951,0.9287666337676005
21429.0,-0.3073,0.0074,0.9573,6.578527333333334,-3.487355666666667,251.01196466666664,2.0258576808991315,-3.6878126586613105,-0.4342938199999953,1.0054408684751182
21441.0,-0.2634,0.1448,0.8965,4.288527333333333,-2.082755666666668,251.01196466666664,2.2521633716744645,-3.620055320159289,1.0717779680000046,0.9455468523558206
21453.0,-0.2686,0.0172,0.8408,5.074727333333333,7.062344333333332,251.01196466666664,2.465589629852705,-3.4141086772479072,2.5778497560000044,0.8828286583477
21465.0,-0.2806,-0.1433,1.049,1.4717273333333327,-8.769755666666669,242.66076466666667,2.592674455660281,-3.3695632453740543,4.033814344000005,1.0952955080707671
21477.0,-0.2924,-0.2471,0.9417,1.2274273333333328,-8.769755666666669,211.30966466666666,2.668078291584553,-3.2980484129815086,5.301672332000005,1.0165407320909476
21489.0,-0.2972,-0.2738,0.9171,1.2808273333333329,-7.006355666666668,169.68366466666666,2.697810529387108,-3.1814054970859558,6.319774320000005,1.002180966692144
21501.0,-0.2607,-0.1279,0.8611,0,-2.304055666666667,138.88216466666665,2.6896451264405514,-2.9921467645941946,7.153067308000005,0.9087442489501653
21513.0,-0.1638,-0.0671,0.9434,0.5404273333333328,0.9096443333333326,118.72946466666667,2.6750478854318644,-2.7643285778728544,7.865444096000005,0.959862703723819
21525.0,-0.0701,-0.1477,1.0699,-2.100872666666667,-6.227755666666669,102.85926466666666,2.6080606016668835,-2.634332958477687,8.482599684000006,1.0823194121884723
21537.0,0.0797,-0.0657,0.7932,-2.4214726666666673,-4.983455666666668,91.66076466666667,2.5295925522503864,-2.5146685748955404,9.032564272000005,0.7998967558379019
21549.0,0.0254,-0.0082,1.0101,1.3801273333333328,-5.334655666666668,89.98136466666666,2.4961640589837244,-2.4181499181352386,9.572452460000006,1.0104525768189223
21561.0,0.0052,0.0789,0.9082,1.2579273333333327,-5.319355666666667,91.59976466666667,2.4715716944040826,-2.3346137593968677,10.122051048000007,0.9116356125119289
21573.0,0.0046,0.033,0.9366,1.8228273333333327,-4.342255666666668,92.73716466666667,2.457114426774163,-2.2516238435572293,10.678474036000006,0.9371924668924735
21585.0,0.0085,0.0269,0.8956,3.5709273333333327,-0.5483556666666676,90.53106466666667,2.4655217010705752,-2.1351410168685483,11.221660424000007,0.8960442064987642
21597.0,0.0565,0.0515,0.9072,0.9221273333333329,-4.151455666666667,90.00426466666667,2.447467734429442,-2.0779630700431944,11.761686012000007,0.9104154765819835
21609.0,0.0906,0.1637,0.9844,3.914427333333333,-4.639955666666667,94.75236466666667,2.4829493236655455,-2.0454929962756023,12.330200200000007,1.0020226594244264
21621.0,0.089,0.0951,0.9052,2.1511273333333327,-0.9682556666666673,92.43946466666667,2.5049816837035865,-1.985904510966196,12.884836988000007,0.9145228537330272
21633.0,0.0277,0.0299,0.9382,2.5480273333333328,-2.2811556666666672,92.40886466666667,2.5302474981865415,-1.9493976495421657,13.439290176000007,0.939084948234184
21645.0,-0.0171,-0.1039,0.9128,2.883927333333333,-0.5789556666666673,88.06536466666667,2.541669903569628,-1.8938147215870624,13.967682364000007,0.9188533397664721
21657.0,0.0022,-0.0594,0.9083,3.5480273333333328,-1.7697556666666676,82.50046466666667,2.5505657296504487,-1.8559159254126611,14.462685152000008,0.9102428741824898
21669.0,0.0123,-0.1519,0.947,2.1740273333333326,0.8104443333333327,72.84396466666666,2.5225272737302706,-1.7920775976877892,14.899748940000007,0.9591839760963482
21681.0,0.0386,-0.147,0.8857,2.1892273333333327,-1.3422556666666674,65.01196466666667,2.4772384140695287,-1.7612695652344783,15.289820728000008,0.8986453416114725
21693.0,0.04,-0.078,0.9215,2.5785273333333327,0.7875443333333325,64.21036466666666,2.42980987835902,-1.712068825321756,15.675082916000008,0.925659899747202
21705.0,0.0245,-0.007,0.9113,2.242727333333333,2.6119443333333328,73.50046466666667,2.3812980663679655,-1.645907855285418,16.116085704000007,0.9116561522854985
21717.0,0.0109,-0.1489,0.9519,2.9297273333333327,2.4592443333333325,79.06536466666667,2.3261102237017903,-1.5843399332485957,16.590477892000006,0.9635370413222316
21729.0,0.0396,-0.1843,0.9333,2.0824273333333325,1.4974443333333327,75.54626466666667,2.2435269431012306,-1.5401879803436012,17.043755480000005,0.9521468059075765
21741.0,0.0397,-0.2069,0.9324,1.3114273333333328,-0.6323556666666672,66.98906466666666,2.134113992705988,-1.5263576781820696,17.445689868000006,0.9559045245211469
21753.0,0.0592,-0.1083,0.9025,0.8915273333333328,-2.517855666666667,57.91266466666667,2.0163790294685198,-1.5413861310794559,17.793165856000005,0.9109005324402879
21765.0,0.0996,-0.0979,0.9189,0,-1.0598556666666674,48.614964666666665,1.8869315761127496,-1.54973508402745,18.084855644000005,0.9294524086794331
21777.0,0.0643,-0.0933,0.933,0,-2.991155666666667,41.85926466666667,1.7575504748083381,-1.5858991310803916,18.336011232000004,0.9398555101716434
21789.0,0.1198,-0.1746,0.9137,0,-1.3498556666666675,30.179864666666663,1.6183125647604872,-1.6137260961468372,18.517090420000002,0.9379151827324259
21801.0,0.1282,-0.2084,0.9172,0,0,14.989064666666666,1.4665726456356307,-1.6366772296648486,18.607024808000002,0.9492742701664256
21813.0,0.0543,-0.0547,0.8813,-0.7649726666666674,2.4439443333333326,-0.6293353333333341,1.3135081343358097,-1.6318962078439512,18.603248796000003,0.884663930540858
21825.0,0.0442,0.0065,0.9487,0,2.3981443333333328,0,1.1850431971655648,-1.6274052944284605,18.603248796000003,0.9497513253478512
21837.0,0.0481,0.0044,0.9275,0,0.7493443333333325,0,1.0699223542317526,-1.642698304696788,18.603248796000003,0.9287568142414891
21849.0,-0.0038,-0.1583,0.9312,0,0,-6.094935333333334,0.9467674844216547,-1.660320189078506,18.566679184,0.9445669748620265
21861.0,-0.1025,-0.2164,0.9437,0,0.5661443333333325,-54.270535333333335,0.8097900317651501,-1.6531086554523666,18.241055972,0.9736040776414199
21873.0,-0.142,-0.1085,0.9165,0,4.360044333333333,-86.05673533333334,0.6738286539557552,-1.5805910561514123,17.72471556,0.9337604082418572
21885.0,-0.0811,-0.0653,0.8943,0,2.9630443333333325,-108.59113533333333,0.544089253426447,-1.5147188297870111,17.073168748,0.9003409298704574
21897.0,-0.0884,-0.1498,0.9265,-0.7038726666666673,4.558544333333332,-129.41553533333334,0.4018512657623956,-1.4203537983219696,16.296675536000002,0.9426859763463122
21909.0,-0.0664,-0.1205,0.9446,-0.5969726666666673,4.779844333333333,-147.65213533333335,0.26143955070401065,-1.318110496887236,15.410762724000001,0.9545671113127667
21921.0,-0.1133,-0.1737,0.9243,-0.8565726666666671,4.985944333333332,-167.46903533333335,0.111978996737322,-1.2032077432456416,14.405948512000002,0.9472798266615837
21933.0,-0.158,-0.1206,0.9423,-1.1695726666666673,4.169144333333333,-190.62163533333336,-0.039296775018060934,-1.0837180149692314,13.262218700000002,0.9630356431617679
21945.0,-0.1637,-0.0908,0.9321,-1.8946726666666671,2.7264443333333324,-210.01093533333335,-0.19357095492510484,-0.9680439210833303,12.002153088000002,0.9507117018318435
21957.0,-0.1295,-0.0806,0.913,-2.642772666666667,3.0012443333333327,-225.79723533333333,-0.3503407283559361,-0.8415642500776602,10.647369676000002,0.9256541524781272
21969.0,-0.116,-0.0566,0.9216,-3.5359726666666673,3.7340443333333324,-238.98803533333336,-0.5085342417432813,-0.7018214894548106,9.213441464000002,0.9305944981569577
21981.0,-0.0436,0.0195,0.9535,-3.7420726666666675,3.810444333333333,-248.45373533333336,-0.6510027257590248,-0.5667094105487591,7.722719052000002,0.9546954802448789
21993.0,0.1744,0.6469,0.9042,-2.581772666666667,2.7875443333333325,-241.27813533333335,-0.6867494526279411,-0.4753026086361587,6.275050240000002,1.1253766525035074
22005.0,0.2858,0.5356,0.8763,-3.955772666666667,3.1997443333333324,-197.15603533333334,-0.6695566952864384,-0.4209348299158096,5.092114028000003,1.066044412770875
22017.0,0.3013,0.3239,0.9746,-3.734372666666667,3.810444333333333,-165.26283533333336,-0.6154328530170678,-0.39851705774223867,4.100537016000002,1.07029811734862
22029.0,0.2413,0.1869,0.9027,-2.680972666666667,4.344744333333333,-145.27813533333335,-0.5352965790668369,-0.3971502146129935,3.228868204000002,0.9529032427271931
22041.0,0.1958,0.0933,0.9333,-1.8183726666666673,4.848544333333333,-131.62163533333336,-0.4452297551213601,-0.4082620100886096,2.439138392000002,0.9581708720264879
22053.0,0.1405,0.0356,0.9524,-3.436672666666667,3.7035443333333324,-124.53763533333333,-0.3819914193805541,-0.442106748152694,1.691912580000002,0.9633656470935633
22065.0,0.1307,0.072,0.8992,-1.7267726666666672,4.283644333333333,-114.81253533333333,-0.30029441792979583,-0.47626722366181345,1.003037368000002,0.91149719143835
22077.0,0.0691,0.0808,0.9425,-1.6962726666666672,2.4439443333333326,-99.81253533333333,-0.21952920131266263,-0.5304118173946233,0.40416215600000205,0.9484775695819063
22089.0,0.0271,0.0609,0.9271,-1.161872666666667,2.9936443333333327,-85.84303533333333,-0.13603538499087622,-0.5711289491685385,-0.11089605599999797,0.9294932113791903
22101.0,0.0325,0.0176,0.9153,-1.5817726666666672,2.0546443333333326,-74.46893533333333,-0.06610531942345878,-0.6175478659680749,-0.557709667999998,0.916045904963283
22113.0,0.0421,-0.0065,0.934,-0.879472666666667,1.4287443333333325,-64.94993533333333,0.0012746781204687613,-0.6673390512322183,-0.947409279999998,0.9349709407248976
22125.0,0.0665,-0.0139,0.9364,-0.6198726666666672,0,-54.75143533333333,0.060954616110670226,-0.7331686151689947,-1.275917891999998,0.9388612357531863
22137.0,0.0879,-0.0236,0.9113,0,-0.5636556666666674,-45.65223533333333,0.11722952086710617,-0.8073694926766685,-1.549831303999998,0.9158335329086831
22149.0,0.0861,-0.0231,0.9432,0,-1.5483556666666676,-41.270535333333335,0.1636910092840538,-0.8939152543816408,-1.797454515999998,0.9474033248833361
22161.0,0.0764,-0.0706,0.9147,0,-1.6628556666666676,-40.32393533333333,0.1957034542189247,-0.9811644278824462,-2.039398127999998,0.920596225280117
22173.0,0.0262,-0.1324,0.9565,1.6472273333333327,-5.197255666666667,-41.01863533333333,0.22654518664564327,-1.1026678754947614,-2.285509939999998,0.9659753878852194
22185.0,0.0016,-0.0005,0.8352,1.1358273333333329,10.169144333333332,-38.27813533333333,0.24930271196783285,-1.033986055808823,-2.515178751999998,0.8352016822301067
22197.0,-0.0892,0.2883,0.9349,3.5785273333333327,4.100444333333332,-17.331535333333335,0.334720929307164,-1.0195938487828393,-2.619167963999998,0.9824009059442076
22209.0,0.0579,0.0504,0.9214,6.6014273333333335,5.298944333333333,0,0.4554000850007581,-0.9931371562819239,-2.619167963999998,0.9245920884368415
22221.0,0.0142,0.0242,1.0394,1.4946273333333329,0.7035443333333327,0,0.5110471337700068,-1.0167343758795702,-2.619167963999998,1.0397786495211374
22233.0,0.0513,0.009,0.9202,-2.658072666666667,-3.3804556666666676,0,0.513192913787163,-1.0890813834082322,-2.619167963999998,0.9216727890092015
22245.0,0.0533,0.0057,0.8771,0.8991273333333328,0.9020443333333326,0,0.5537020668519101,-1.1111942354655466,-2.619167963999998,0.8787364735801058
22257.0,0.0273,0.0128,0.9834,0.8991273333333328,1.2378443333333324,0,0.5907364806790786,-1.1265225071494605,-2.619167963999998,0.9838621295689758
22269.0,0.041,0.0065,0.9229,-0.7267726666666672,-1.1514556666666675,0,0.6049901260540657,-1.1695199617894043,-2.619167963999998,0.9238331342834593
22281.0,0.0488,0.0059,0.8921,0,0,0,0.6249034029221591,-1.1991400035911093,-2.619167963999998,0.893453222054742
22293.0,0.0282,0.007,0.9448,0,0.5050443333333325,0,0.6420282431990594,-1.2203156212652249,-2.619167963999998,0.9452466767992364
22305.0,0.0414,0.0063,0.9281,0,0,0,0.6566279218696933,-1.2470055047202047,-2.619167963999998,0.9290442723573512
22317.0,0.0449,0.0123,0.929,0,0,0,0.6697068495060982,-1.2735861630627516,-2.619167963999998,0.9301657379198612
22329.0,0.0332,0.007,0.9423,0,0,0,0.6807319706556075,-1.2985047934894225,-2.619167963999998,0.9429106691516435
22341.0,0.0348,-0.0017,0.9097,0,0,0,0.6889348504083364,-1.3222807412359532,-2.619167963999998,0.9103669699632121
22353.0,0.0469,0.0088,0.9227,0,0,0,0.69588902066604,-1.3464219039327814,-2.619167963999998,0.9239330819924135
22365.0,0.0396,0.0109,0.9406,0,0,0,0.7019482691634319,-1.3698401538660394,-2.619167963999998,0.9414963250061043
22377.0,0.0625,-0.0121,0.9133,0,1.7569443333333326,0,0.7044241126984794,-1.3748841635817892,-2.619167963999998,0.9155160020447486
22389.0,0.1145,-0.21,0.8562,2.967927333333333,4.642444333333333,-12.698035333333333,0.7141011316037839,-1.3551837138405822,-2.695356175999998,0.8889818277107805
22401.0,0.1162,-0.0712,0.7416,4.624327333333333,6.527944333333332,-22.194135333333335,0.73496201170447,-1.3232939990750336,-2.828520987999998,0.7540175329526496
22413.0,0.1372,-0.2113,1.4092,23.319027333333334,23.43634433333333,-33.91933533333333,0.9527753785460731,-1.09901322128482,-3.032036999999998,1.4315432826149548
22425.0,0.031,0.0809,0.8937,21.685427333333333,-7.945355666666668,-45.06443533333333,1.160706356225799,-1.244681232147308,-3.302423611999998,0.897889469812404
22437.0,-0.0387,0.1736,1.0245,11.280827333333333,2.840944333333333,-41.217035333333335,1.2659104020078764,-1.2480156944234508,-3.549725823999998,1.039824456338665
22449.0,-0.1595,0.3967,1.0804,-4.596972666666668,-14.250655666666667,-32.98803533333333,1.2297036467766882,-1.426545353167782,-3.747654035999998,1.1619274073710457
22461.0,-0.0115,0.1342,1.3097,-49.62757266666667,11.795144333333333,-5.804835333333334,0.6743497975766444,-1.289199230285037,-3.782483047999998,1.316607754800191
22473.0,-0.0558,-0.0696,1.0917,-13.841272666666667,-81.37275566666666,-5.1789353333333334,0.5373764147356123,-2.2407023397448844,-3.813556659999998,1.0953386188754597
22485.0,0.1074,-0.0782,0.3472,-16.566472666666666,-27.70105566666667,6.637864666666666,0.36016362809407415,-2.554274411834763,-3.773729471999998,0.37174970073962404
22497.0,0.028,-0.0691,0.6865,-12.245872666666667,27.48214433333333,-4.499535333333334,0.22657238963201165,-2.213674109520862,-3.800726683999998,0.6905367911994262
22507.0,-0.0001,-0.0001,-0.0001,1.4030273333333327,2.0394443333333325,0.8745646666666659,0.2534004729415498,-2.1830758333286022,-3.796353860666665,0.00017320508075688773
22520.0,0.0,0.0,0.0,1.4106273333333328,2.0470443333333326,0.8821646666666659,0.2839137189448972,-2.1469967323201873,-3.7906197903333316,0.0
22532.0,0.0,0.0,0.0,1.4106273333333328,2.0470443333333326,0.8821646666666659,0.31243428524151096,-2.113645316778608,-3.7853268023333317,0.0
22544.0,0.0,0.0,0.0,1.4106273333333328,2.0470443333333326,0.8821646666666659,0.34038444021219244,-2.0809609295478597,-3.780033814333332,0.0
22556.0,0.0,0.0,0.0,1.4106273333333328,2.0470443333333326,0.8821646666666659,0.3677755920834603,-2.0489302300617265,-3.774740826333332,0.0
22568.0,0.0,0.0,0.0,1.4106273333333328,2.0470443333333326,0.8821646666666659,0.3946189209173028,-2.017540144565316,-3.769447838333332,0.0
22580.0,0.0,0.0,0.0,1.4106273333333328,2.0470443333333326,0.8821646666666659,0.4209253831744684,-1.9867778607788338,-3.764154850333332,0.0
22592.0,0.0,0.0,0.0,1.4106273333333328,2.0470443333333326,0.8821646666666659,0.4467057161864908,-1.956630822668081,-3.7588618623333323,0.0
22604.0,0.0,0.0,0.0,1.4106273333333328,2.0470443333333326,0.8821646666666659,0.4719704425382727,-1.9270867253195436,-3.7535688743333324,0.0
22616.0,0.0,0.0,0.0,1.4106273333333328,2.0470443333333326,0.8821646666666659,0.49672987436301896,-1.8981335099179768,-3.7482758863333325,0.0
22628.0,0.0,0.0,0.0,1.4106273333333328,2.0470443333333326,0.8821646666666659,0.5209941175512702,-1.8697593588244412,-3.7429828983333326,0.0
22640.0,0.0,0.0,0.0,1.4106273333333328,2.0470443333333326,0.8821646666666659,0.5447730758757565,-1.8419526907527763,-3.7376899103333328,0.0
22652.0,0.0,0.0,0.0,1.4106273333333328,2.0470443333333326,0.8821646666666659,0.568076455033753,-1.814702156042545,-3.732396922333333,0.0
22664.0,0.0,0.0,0.0,1.4106273333333328,2.0470443333333326,0.8821646666666659,0.5909137666085896,-1.7879966320265182,-3.727103934333333,0.0
22676.0,0.0,0.0,0.0,1.4106273333333328,2.0470443333333326,0.8821646666666659,0.6132943319519295,-1.7618252184908119,-3.721810946333333,0.0
22688.0,0.0,0.0,0.0,1.4106273333333328,2.0470443333333326,0.8821646666666659,0.6352272859884026,-1.7361772332258196,-3.716517958333333,0.0
22700.0,0.0,0.0,0.0,1.4106273333333328,2.0470443333333326,0.8821646666666659,0.6567215809441462,-1.7110422076661274,-3.7112249703333333,0.0
22712.0,0.0,0.0,0.0,1.4106273333333328,2.0470443333333326,0.8821646666666659,0.677785990000775,-1.6864098826176288,-3.7059319823333334,0.0
22724.0,0.0,0.0,0.0,1.4106273333333328,2.0470443333333326,0.8821646666666659,0.6984291108762711,-1.6622702040701003,-3.7006389943333335,0.0
22736.0,0.0,0.0,0.0,1.4106273333333328,2.0470443333333326,0.8821646666666659,0.7186593693342573,-1.6386133190935224,-3.6953460063333337,0.0
22748.0,0.0,0.0,0.0,1.4106273333333328,2.0470443333333326,0.8821646666666659,0.7384850226230839,-1.615429571816476,-3.6900530183333338,0.0
22760.0,0.0,0.0,0.0,1.4106273333333328,2.0470443333333326,0.8821646666666659,0.7579141628461339,-1.5927094994849704,-3.684760030333334,0.0
22772.0,0.0,0.0,0.0,1.4106273333333328,2.0470443333333326,0.8821646666666659,0.7769547202647229,-1.570443828600095,-3.679467042333334,0.0
22784.0,0.0,0.0,0.0,1.4106273333333328,2.0470443333333326,0.8821646666666659,0.7956144665349402,-1.5486234711329172,-3.674174054333334,0.0
22796.0,0.0,0.0,0.0,1.4106273333333328,2.0470443333333326,0.8821646666666659,0.813901017879753,-1.5272395208150829,-3.668881066333334,0.0
22808.0,0.0,0.0,0.0,1.4106273333333328,2.0470443333333326,0.8821646666666659,0.8318218381976696,-1.5062832495036051,-3.6635880783333343,0.0
22820.0,0.0,0.0,0.0,1.4106273333333328,2.0470443333333326,0.8821646666666659,0.8493842421092279,-1.485746103618357,-3.6582950903333344,0.0
22832.0,0.0,0.0,0.0,1.4106273333333328,2.0470443333333326,0.8821646666666659,0.866595397942555,-1.465619700650814,-3.6530021023333346,0.0
22844.0,0.0,0.0,0.0,1.4106273333333328,2.0470443333333326,0.8821646666666659,0.8834623306592156,-1.4458958257426218,-3.6477091143333347,0.0
22856.0,0.0,0.0,0.0,1.4106273333333328,2.0470443333333326,0.8821646666666659,0.899991924721543,-1.4265664283325934,-3.642416126333335,0.0
22868.0,0.0,0.0,0.0,1.4106273333333328,2.0470443333333326,0.8821646666666659,0.9161909269026238,-1.4076236188707656,-3.637123138333335,0.0
22880.0,0.0,0.0,0.0,1.4106273333333328,2.0470443333333326,0.8821646666666659,0.932065949040083,-1.3890596655981744,-3.631830150333335,0.0
22892.0,0.0,0.0,0.0,1.4106273333333328,2.0470443333333326,0.8821646666666659,0.947623470734793,-1.370866991391035,-3.626537162333335,0.0
22904.0,0.0,0.0,0.0,1.4106273333333328,2.0470443333333326,0.8821646666666659,0.9628698419956089,-1.3530381706680383,-3.6212441743333352,0.0
22916.0,0.0,0.0,0.0,1.4106273333333328,2.0470443333333326,0.8821646666666659,0.9778112858312084,-1.3355659263595017,-3.6159511863333353,0.0
22928.0,0.0,0.0,0.0,1.4106273333333328,2.0470443333333326,0.8821646666666659,0.9924539007900959,-1.3184431269371357,-3.6106581983333355,0.0
22940.0,0.0,0.0,0.0,1.4106273333333328,2.0470443333333326,0.8821646666666659,1.0068036634498059,-1.301662783503217,-3.6053652103333356,0.0
22952.0,0.0,0.0,0.0,1.4106273333333328,2.0470443333333326,0.8821646666666659,1.0208664308563216,-1.2852180469379768,-3.6000722223333357,0.0
22964.0,0.0,0.0,0.0,1.4106273333333328,2.0470443333333326,0.8821646666666659,1.0346479429147069,-1.2691022051040413,-3.594779234333336,0.0
22976.0,0.0,0.0,0.0,1.4106273333333328,2.0470443333333326,0.8821646666666659,1.0481538247319244,-1.2533086801067845,-3.589486246333336,0.0
22988.0,0.0,0.0,0.0,1.4106273333333328,2.0470443333333326,0.8821646666666659,1.0613895889127978,-1.237831025609473,-3.584193258333336,0.0
23000.0,0.0,0.0,0.0,1.4106273333333328,2.0470443333333326,0.8821646666666659,1.0743606378100536,-1.2226629242021074,-3.578900270333336,0.0
23012.0,0.0,0.0,0.0,1.4106273333333328,2.0470443333333326,0.8821646666666659,1.0870722657293643,-1.2077981848228894,-3.5736072823333362,0.0
23024.0,0.0,0.0,0.0,1.4106273333333328,2.0470443333333326,0.8821646666666659,1.099529661090289,-1.1932307402312556,-3.5683142943333364,0.0
23036.0,0.0,0.0,0.0,1.4106273333333328,2.0470443333333326,0.8821646666666659,1.111737908543995,-1.1789546445314545,-3.5630213063333365,0.0
23048.0,0.0,0.0,0.0,1.4106273333333328,2.0470443333333326,0.8821646666666659,1.1237019910486268,-1.1649640707456494,-3.5577283183333366,0.0
23060.0,0.0,0.0,0.0,1.4106273333333328,2.0470443333333326,0.8821646666666659,1.135426791903166,-1.1512533084355605,-3.5524353303333367,0.0
23072.0,0.0,0.0,0.0,1.4106273333333328,2.0470443333333326,0.8821646666666659,1.1469170967406144,-1.1378167613716734,-3.547142342333337,0.0
23084.0,0.0,0.0,0.0,1.4106273333333328,2.0470443333333326,0.8821646666666659,1.1581775954813138,-1.124648945249064,-3.541849354333337,0.0
23096.0,0.0,0.0,0.0,1.4106273333333328,2.0470443333333326,0.8821646666666659,1.1692128842471994,-1.1117444854489067,-3.536556366333337,0.0
23108.0,0.0,0.0,0.0,1.4106273333333328,2.0470443333333326,0.8821646666666659,1.180027467237767,-1.0990981148447527,-3.531263378333337,0.0
23120.0,0.0,0.0,0.0,1.4106273333333328,2.0470443333333326,0.8821646666666659,1.1906257585685236,-1.0867046716526818,-3.5259703903333373,0.0
23132.0,0.0,0.0,0.0,1.4106273333333328,2.0470443333333326,0.8821646666666659,1.2010120840726648,-1.0745590973244523,-3.5206774023333374,0.0
23144.0,0.0,0.0,0.0,1.4106273333333328,2.0470443333333326,0.8821646666666659,1.2111906830667234,-1.0626564344827873,-3.5153844143333375,0.0
23156.0,0.0,0.0,0.0,1.4106273333333328,2.0470443333333326,0.8821646666666659,1.2211657100809008,-1.0509918248979557,-3.5100914263333376,0.0
23168.0,0.0,0.0,0.0,1.4106273333333328,2.0470443333333326,0.8821646666666659,1.2309412365547945,-1.0395605075048207,-3.5047984383333377,0.0
23180.0,0.0,0.0,0.0,1.4106273333333328,2.0470443333333326,0.8821646666666659,1.2405212524992104,-1.0283578164595482,-3.499505450333338,0.0
23192.0,0.0,0.0,0.0,1.4106273333333328,2.0470443333333326,0.8821646666666659,1.249909668124738,-1.0173791792351812,-3.494212462333338,0.0
23204.0,0.0,0.0,0.0,1.4106273333333328,2.0470443333333326,0.8821646666666659,1.259110315437755,-1.0066201147553018,-3.488919474333338,0.0
23216.0,0.0,0.0,0.0,1.4106273333333328,2.0470443333333326,0.8821646666666659,1.2681269498045116,-0.9960762315650199,-3.483626486333338,0.0
23228.0,0.0,0.0,0.0,1.4106273333333328,2.0470443333333326,0.8821646666666659,1.276963251483933,-0.9857432260385437,-3.4783334983333383,0.0
23240.0,0.0,0.0,0.0,1.4106273333333328,2.0470443333333326,0.8821646666666659,1.2856228271297663,-0.975616880622597,-3.4730405103333384,0.0
23252.0,0.0,0.0,0.0,1.4106273333333328,2.0470443333333326,0.8821646666666659,1.2941092112626826,-0.9656930621149692,-3.4677475223333385,0.0
23264.0,0.0,0.0,0.0,1.4106273333333328,2.0470443333333326,0.8821646666666659,1.3024258677129408,-0.955967719977494,-3.4624545343333386,0.0
23276.0,0.0,0.0,0.0,1.4106273333333328,2.0470443333333326,0.8821646666666659,1.3105761910341938,-0.9464368846827682,-3.4571615463333387,0.0
23288.0,0.0,0.0,0.0,1.4106273333333328,2.0470443333333326,0.8821646666666659,1.3185635078890217,-0.937096666093937,-3.451868558333339,0.0
23300.0,0.0,0.0,0.0,1.4106273333333328,2.0470443333333326,0.8821646666666659,1.326391078406753,-0.9279432518768825,-3.446575570333339,0.0
23312.0,0.0,0.0,0.0,1.4106273333333328,2.0470443333333326,0.8821646666666659,1.3340620975141297,-0.918972905944169,-3.441282582333339,0.0
23324.0,0.0,0.0,0.0,1.4106273333333328,2.0470443333333326,0.8821646666666659,1.341579696239359,-0.9101819669301098,-3.435989594333339,0.0
23336.0,0.0,0.0,0.0,1.4106273333333328,2.0470443333333326,0.8821646666666659,1.3489469429900836,-0.9015668466963318,-3.4306966063333393,0.0
23348.0,0.0,0.0,0.0,1.4106273333333328,2.0470443333333326,0.8821646666666659,1.3561668448057937,-0.8931240288672293,-3.4254036183333394,0.0
23360.0,0.0,0.0,0.0,1.4106273333333328,2.0470443333333326,0.8821646666666659,1.3632423485851897,-0.8848500673947088,-3.4201106303333395,0.0
23372.0,0.0,0.0,0.0,1.4106273333333328,2.0470443333333326,0.8821646666666659,1.3701763422889977,-0.8767415851516388,-3.4148176423333396,0.0
23384.0,0.0,0.0,0.0,1.4106273333333328,2.0470443333333326,0.8821646666666659,1.3769716561187295,-0.8687952725534303,-3.4095246543333397,0.0
23396.0,0.0,0.0,0.0,1.4106273333333328,2.0470443333333326,0.8821646666666659,1.3836310636718667,-0.8610078862071858,-3.40423166633334,0.0
23408.0,0.0,0.0,0.0,1.4106273333333328,2.0470443333333326,0.8821646666666659,1.3901572830739413,-0.8533762475878662,-3.39893867833334,0.0
23420.0,0.0,0.0,0.0,1.4106273333333328,2.0470443333333326,0.8821646666666659,1.3965529780879742,-0.8458972417409331,-3.39364569033334,0.0
23432.0,0.0,0.0,0.0,1.4106273333333328,2.0470443333333326,0.8821646666666659,1.4028207592017266,-0.8385678160109385,-3.38835270233334,0.0
23444.0,0.0,0.0,0.0,1.4106273333333328,2.0470443333333326,0.8821646666666659,1.4089631846932038,-0.831384978795544,-3.3830597143333403,0.0
23456.0,0.0,0.0,0.0,1.4106273333333328,2.0470443333333326,0.8821646666666659,1.4149827616748516,-0.8243457983244573,-3.3777667263333404,0.0
23468.0,0.0,0.0,0.0,1.4106273333333328,2.0470443333333326,0.8821646666666659,1.4208819471168663,-0.8174474014627924,-3.3724737383333405,0.0
23480.0,0.0,0.0,0.0,1.4106273333333328,2.0470443333333326,0.8821646666666659,1.4266631488500408,-0.8106869725383608,-3.3671807503333406,0.0
23492.0,0.0,0.0,0.0,1.4106273333333328,2.0470443333333326,0.8821646666666659,1.4323287265485518,-0.8040617521924177,-3.3618877623333407,0.0
23504.0,0.0,0.0,0.0,1.4106273333333328,2.0470443333333326,0.8821646666666659,1.4378809926930927,-0.7975690362533935,-3.356594774333341,0.0
23516.0,0.0,0.0,0.0,1.4106273333333328,2.0470443333333326,0.8821646666666659,1.4433222135147425,-0.7912061746331498,-3.351301786333341,0.0
23528.0,0.0,0.0,0.0,1.4106273333333328,2.0470443333333326,0.8821646666666659,1.4486546099199595,-0.784970570245311,-3.346008798333341,0.0
23540.0,0.0,0.0,0.0,1.4106273333333328,2.0470443333333326,0.8821646666666659,1.453880358397072,-0.778859677945229,-3.340715810333341,0.0
23552.0,0.0,0.0,0.0,1.4106273333333328,2.0470443333333326,0.8821646666666659,1.4590015919046424,-0.7728710034911486,-3.3354228223333413,0.0
23564.0,0.0,0.0,0.0,1.4106273333333328,2.0470443333333326,0.8821646666666659,1.4640204007420614,-0.7670021025261498,-3.3301298343333414,0.0
23576.0,0.0,0.0,0.0,1.4106273333333328,2.0470443333333326,0.8821646666666659,1.468938833402732,-0.761250579580451,-3.3248368463333415,0.0
23588.0,0.0,0.0,0.0,1.4106273333333328,2.0470443333333326,0.8821646666666659,1.4737588974101892,-0.7556140870936661,-3.3195438583333416,0.0
23600.0,0.0,0.0,0.0,1.4106273333333328,2.0470443333333326,0.8821646666666659,1.4784825601374971,-0.7500903244566168,-3.3142508703333418,0.0
23612.0,0.0,0.0,0.0,1.4106273333333328,2.0470443333333326,0.8821646666666659,1.483111749610259,-0.7446770370723086,-3.308957882333342,0.0
23624.0,0.0,0.0,0.0,1.4106273333333328,2.0470443333333326,0.8821646666666659,1.4876483552935655,-0.7393720154356866,-3.303664894333342,0.0
23636.0,0.0,0.0,0.0,1.4106273333333328,2.0470443333333326,0.8821646666666659,1.492094228863206,-0.734173094231797,-3.298371906333342,0.0
23648.0,0.0,0.0,0.0,1.4106273333333328,2.0470443333333326,0.8821646666666659,1.4964511849614537,-0.7290781514519852,-3.293078918333342,0.0
23660.0,0.0,0.0,0.0,1.4106273333333328,2.0470443333333326,0.8821646666666659,1.5007210019377364,-0.7240851075277696,-3.2877859303333423,0.0
23672.0,0.0,0.0,0.0,1.4106273333333328,2.0470443333333326,0.8821646666666659,1.5049054225744933,-0.7191919244820383,-3.2824929423333424,0.0
23684.0,0.0,0.0,0.0,1.4106273333333328,2.0470443333333326,0.8821646666666659,1.5090061547985152,-0.7143966050972216,-3.2771999543333425,0.0
23696.0,0.0,0.0,0.0,1.4106273333333328,2.0470443333333326,0.8821646666666659,1.5130248723780566,-0.7096971921001012,-3.2719069663333427,0.0
23708.0,0.0,0.0,0.0,1.4106273333333328,2.0470443333333326,0.8821646666666659,1.5169632156060073,-0.7050917673629232,-3.2666139783333428,0.0
23720.0,0.0,0.0,0.0,1.4106273333333328,2.0470443333333326,0.8821646666666659,1.520822791969399,-0.7005784511204888,-3.261320990333343,0.0
23732.0,0.0,0.0,0.0,1.4106273333333328,2.0470443333333326,0.8821646666666659,1.5246051768055229,-0.6961554012029031,-3.256028002333343,0.0
23744.0,0.0,0.0,0.0,1.4106273333333328,2.0470443333333326,0.8821646666666659,1.5283119139449242,-0.6918208122836691,-3.250735014333343,0.0
23756.0,0.0,0.0,0.0,1.4106273333333328,2.0470443333333326,0.8821646666666659,1.5319445163415375,-0.6875729151428198,-3.245442026333343,0.0
23768.0,0.0,0.0,0.0,1.4106273333333328,2.0470443333333326,0.8821646666666659,1.5355044666902185,-0.6834099759447875,-3.2401490383333433,0.0
23780.0,0.0,0.0,0.0,1.4106273333333328,2.0470443333333326,0.8821646666666659,1.538993218031926,-0.6793302955307158,-3.2348560503333434,0.0
23792.0,0.0,0.0,0.0,1.4106273333333328,2.0470443333333326,0.8821646666666659,1.5424121943467992,-0.6753322087249255,-3.2295630623333436,0.0
23804.0,0.0,0.0,0.0,1.4106273333333328,2.0470443333333326,0.8821646666666659,1.545762791135375,-0.671414083655251,-3.2242700743333437,0.0
23816.0,0.0,0.0,0.0,1.4106273333333328,2.0470443333333326,0.8821646666666659,1.5490463759881794,-0.66757432108697,-3.218977086333344,0.0
23828.0,0.0,0.0,0.0,1.4106273333333328,2.0470443333333326,0.8821646666666659,1.5522642891439276,-0.6638113537700547,-3.213684098333344,0.0
23840.0,0.0,0.0,0.0,1.4106273333333328,2.0470443333333326,0.8821646666666659,1.5554178440365607,-0.6601236457994777,-3.208391110333344,0.0
23852.0,0.0,0.0,0.0,1.4106273333333328,2.0470443333333326,0.8821646666666659,1.5585083278313412,-0.6565096919883122,-3.203098122333344,0.0
23864.0,0.0,0.0,0.0,1.4106273333333328,2.0470443333333326,0.8821646666666659,1.5615370019502262,-0.6529680172533701,-3.1978051343333442,0.0
23876.0,0.0,0.0,0.0,1.4106273333333328,2.0470443333333326,0.8821646666666659,1.5645051025867334,-0.6494971760131267,-3.1925121463333443,0.0
23888.0,0.0,0.0,0.0,1.4106273333333328,2.0470443333333326,0.8821646666666659,1.5674138412105105,-0.6460957515976883,-3.1872191583333445,0.0
23900.0,0.0,0.0,0.0,1.4106273333333328,2.0470443333333326,0.8821646666666659,1.5702644050618122,-0.6427623556705586,-3.1819261703333446,0.0
23912.0,0.0,0.0,0.0,1.4106273333333328,2.0470443333333326,0.8821646666666659,1.5730579576360877,-0.6394956276619717,-3.1766331823333447,0.0
23924.0,0.0,0.0,0.0,1.4106273333333328,2.0470443333333326,0.8821646666666659,1.5757956391588777,-0.6362942342135562,-3.171340194333345,0.0
23936.0,0.0,0.0,0.0,1.4106273333333328,2.0470443333333326,0.8821646666666659,1.5784785670512118,-0.6331568686341091,-3.166047206333345,0.0
23948.0,0.0,0.0,0.0,1.4106273333333328,2.0470443333333326,0.8821646666666659,1.5811078363856994,-0.6300822503662511,-3.160754218333345,0.0
23960.0,0.0,0.0,0.0,1.4106273333333328,2.0470443333333326,0.8821646666666659,1.5836845203334973,-0.6270691244637503,-3.155461230333345,0.0
23972.0,0.0,0.0,0.0,1.4106273333333328,2.0470443333333326,0.8821646666666659,1.5862096706023392,-0.6241162610792994,-3.1501682423333452,0.0
23984.0,0.0,0.0,0.0,1.4106273333333328,2.0470443333333326,0.8821646666666659,1.588684317865804,-0.6212224549625376,-3.1448752543333454,0.0
23996.0,0.0,0.0,0.0,1.4106273333333328,2.0470443333333326,0.8821646666666659,1.5911094721839998,-0.6183865249681109,-3.1395822663333455,0.0
24008.0,0.0,0.0,0.0,1.4106273333333328,2.0470443333333326,0.8821646666666659,1.5934861234158315,-0.6156073135735727,-3.1342892783333456,0.0
24020.0,0.0,0.0,0.0,1.4106273333333328,2.0470443333333326,0.8821646666666659,1.5958152416230267,-0.6128836864069254,-3.1289962903333457,0.0
24032.0,0.0,0.0,0.0,1.4106273333333328,2.0470443333333326,0.8821646666666659,1.5980977774660778,-0.610214531783611,-3.123703302333346,0.0
24044.0,0.0,0.0,0.0,1.4106273333333328,2.0470443333333326,0.8821646666666659,1.600334662592268,-0.6075987602527628,-3.118410314333346,0.0
24056.0,0.0,0.0,0.0,1.4106273333333328,2.0470443333333326,0.8821646666666659,1.6025268100159344,-0.6050353041525316,-3.113117326333346,0.0
24068.0,0.0,0.0,0.0,1.4106273333333328,2.0470443333333326,0.8821646666666659,1.6046751144911275,-0.6025231171743051,-3.107824338333346,0.0
24080.0,0.0,0.0,0.0,1.4106273333333328,2.0470443333333326,0.8821646666666659,1.6067804528768168,-0.6000611739356432,-3.1025313503333463,0.0
24092.0,0.0,0.0,0.0,1.4106273333333328,2.0470443333333326,0.8821646666666659,1.6088436844947922,-0.5976484695617545,-3.0972383623333464,0.0
24104.0,0.0,0.0,0.0,1.4106273333333328,2.0470443333333326,0.8821646666666659,1.610865651480408,-0.5952840192753436,-3.0919453743333465,0.0
24116.0,0.0,0.0,0.0,1.4106273333333328,2.0470443333333326,0.8821646666666659,1.6128471791263117,-0.5929668579946608,-3.0866523863333466,0.0
24128.0,0.0,0.0,0.0,1.4106273333333328,2.0470443333333326,0.8821646666666659,1.6147890762192973,-0.5906960399395916,-3.0813593983333467,0.0
24140.0,0.0,0.0,0.0,1.4106273333333328,2.0470443333333326,0.8821646666666659,1.6166921353704231,-0.5884706382456238,-3.076066410333347,0.0
24152.0,0.0,0.0,0.0,1.4106273333333328,2.0470443333333326,0.8821646666666659,1.6185571333385265,-0.5862897445855354,-3.070773422333347,0.0
24164.0,0.0,0.0,0.0,1.4106273333333328,2.0470443333333326,0.8821646666666659,1.6203848313472677,-0.5841524687986488,-3.065480434333347,0.0
24176.0,0.0,0.0,0.0,1.4106273333333328,2.0470443333333326,0.8821646666666659,1.6221759753958342,-0.5820579385274999,-3.060187446333347,0.0
24188.0,0.0,0.0,0.0,1.4106273333333328,2.0470443333333326,0.8821646666666659,1.6239312965634294,-0.580005298861774,-3.0548944583333473,0.0
24200.0,0.0,0.0,0.0,1.4106273333333328,2.0470443333333326,0.8821646666666659,1.6256515113076726,-0.5779937119893626,-3.0496014703333474,0.0
24212.0,0.0,0.0,0.0,1.4106273333333328,2.0470443333333326,0.8821646666666659,1.6273373217570308,-0.5760223568543994,-3.0443084823333475,0.0
24224.0,0.0,0.0,0.0,1.4106273333333328,2.0470443333333326,0.8821646666666659,1.6289894159974019,-0.5740904288221355,-3.0390154943333476,0.0
24236.0,0.0,0.0,0.0,1.4106273333333328,2.0470443333333326,0.8821646666666659,1.6306084683529656,-0.5721971393505169,-3.0337225063333477,0.0
24248.0,0.0,0.0,0.0,1.4106273333333328,2.0470443333333326,0.8821646666666659,1.632195139661418,-0.5703417156683306,-3.028429518333348,0.0
24260.0,0.0,0.0,0.0,1.4106273333333328,2.0470443333333326,0.8821646666666659,1.6337500775437015,-0.568523400459788,-3.023136530333348,0.0
24272.0,0.0,0.0,0.0,1.4106273333333328,2.0470443333333326,0.8821646666666659,1.6352739166683392,-0.5667414515554163,-3.017843542333348,0.0
24284.0,0.0,0.0,0.0,1.4106273333333328,2.0470443333333326,0.8821646666666659,1.6367672790104841,-0.5649951416291321,-3.012550554333348,0.0
24296.0,0.0,0.0,0.0,1.4106273333333328,2.0470443333333326,0.8821646666666659,1.6382307741057862,-0.5632837579013735,-3.0072575663333483,0.0
24308.0,0.0,0.0,0.0,1.4106273333333328,2.0470443333333326,0.8821646666666659,1.6396649992991823,-0.5616066018481701,-3.0019645783333484,0.0
24320.0,0.0,0.0,0.0,1.4106273333333328,2.0470443333333326,0.8821646666666659,1.6410705399887104,-0.5599629889160308,-2.9966715903333485,0.0
24332.0,0.0,0.0,0.0,1.4106273333333328,2.0470443333333326,0.8821646666666659,1.642447969864448,-0.5583522482425343,-2.9913786023333486,0.0
24344.0,0.0,0.0,0.0,1.4106273333333328,2.0470443333333326,0.8821646666666659,1.643797851142671,-0.5567737223825077,-2.9860856143333487,0.0
24356.0,0.0,0.0,0.0,1.4106273333333328,2.0470443333333326,0.8821646666666659,1.6451207347953294,-0.5552267670396815,-2.980792626333349,0.0
24368.0,0.0,0.0,0.0,1.4106273333333328,2.0470443333333326,0.8821646666666659,1.6464171607749345,-0.553710750803712,-2.975499638333349,0.0
24380.0,0.0,0.0,0.0,1.4106273333333328,2.0470443333333326,0.8821646666666659,1.6476876582349476,-0.5522250548924619,-2.970206650333349,0.0
24392.0,0.0,0.0,0.0,1.4106273333333328,2.0470443333333326,0.8821646666666659,1.6489327457457603,-0.5507690728994368,-2.964913662333349,0.0
24404.0,0.0,0.0,0.0,1.4106273333333328,2.0470443333333326,0.8821646666666659,1.6501529315063568,-0.5493422105462721,-2.9596206743333493,0.0
24416.0,0.0,0.0,0.0,1.4106273333333328,2.0470443333333326,0.8821646666666659,1.6513487135517415,-0.5479438854401708,-2.9543276863333494,0.0
24428.0,0.0,0.0,0.0,1.4106273333333328,2.0470443333333326,0.8821646666666659,1.6525205799562184,-0.5465735268361915,-2.9490346983333495,0.0
24440.0,0.0,0.0,0.0,1.4106273333333328,2.0470443333333326,0.8821646666666659,1.6536690090326058,-0.5452305754042919,-2.9437417103333496,0.0
24452.0,0.0,0.0,0.0,1.4106273333333328,2.0470443333333326,0.8821646666666659,1.6547944695274655,-0.5439144830010301,-2.9384487223333497,0.0
24464.0,0.0,0.0,0.0,1.4106273333333328,2.0470443333333326,0.8821646666666659,1.655897420812428,-0.5426247124458337,-2.93315573433335,0.0
24476.0,0.0,0.0,0.0,1.4106273333333328,2.0470443333333326,0.8821646666666659,1.656978313071691,-0.5413607373017411,-2.92786274633335,0.0
24488.0,0.0,0.0,0.0,1.4106273333333328,2.0470443333333326,0.8821646666666659,1.6580375874857691,-0.5401220416605303,-2.92256975833335,0.0
24500.0,0.0,0.0,0.0,1.4106273333333328,2.0470443333333326,0.8821646666666659,1.6590756764115655,-0.5389081199321439,-2.91727677033335,0.0
24512.0,0.0,0.0,0.0,1.4106273333333328,2.0470443333333326,0.8821646666666659,1.660093003558846,-0.5377184766383252,-2.9119837823333503,0.0
24524.0,0.0,0.0,0.0,1.4106273333333328,2.0470443333333326,0.8821646666666659,1.6610899841631808,-0.5365526262103828,-2.9066907943333504,0.0
24536.0,0.0,0.0,0.0,1.4106273333333328,2.0470443333333326,0.8821646666666659,1.662067025155429,-0.5354100927909993,-2.9013978063333505,0.0
24548.0,0.0,0.0,0.0,1.4106273333333328,2.0470443333333326,0.8821646666666659,1.6630245253278322,-0.5342904100400034,-2.8961048183333507,0.0
24560.0,0.0,0.0,0.0,1.4106273333333328,2.0470443333333326,0.8821646666666659,1.6639628754967872,-0.5331931209440275,-2.8908118303333508,0.0
24572.0,0.0,0.0,0.0,1.4106273333333328,2.0470443333333326,0.8821646666666659,1.6648824586623632,-0.5321177776299711,-2.885518842333351,0.0
24584.0,0.0,0.0,0.0,1.4106273333333328,2.0470443333333326,0.8821646666666659,1.6657836501646277,-0.5310639411821959,-2.880225854333351,0.0
24596.0,0.0,0.0,0.0,1.4106273333333328,2.0470443333333326,0.8821646666666659,1.666666817836847,-0.5300311814633761,-2.874932866333351,0.0
24608.0,0.0,0.0,0.0,1.4106273333333328,2.0470443333333326,0.8821646666666659,1.6675323221556217,-0.5290190769389327,-2.869639878333351,0.0
24620.0,0.0,0.0,0.0,1.4106273333333328,2.0470443333333326,0.8821646666666659,1.668380516388021,-0.5280272145049781,-2.8643468903333513,0.0
24632.0,0.0,0.0,0.0,1.4106273333333328,2.0470443333333326,0.8821646666666659,1.6692117467357723,-0.5270551893197026,-2.8590539023333514,0.0
24644.0,0.0,0.0,0.0,1.4106273333333328,2.0470443333333326,0.8821646666666659,1.6700263524765686,-0.5261026046381327,-2.8537609143333516,0.0
24656.0,0.0,0.0,0.0,1.4106273333333328,2.0470443333333326,0.8821646666666659,1.670824666102549,-0.5251690716501942,-2.8484679263333517,0.0
24668.0,0.0,0.0,0.0,1.4106273333333328,2.0470443333333326,0.8821646666666659,1.6716070134560097,-0.5242542093220145,-2.8431749383333518,0.0
24680.0,0.0,0.0,0.0,1.4106273333333328,2.0470443333333326,0.8821646666666659,1.6723737138624013,-0.5233576442403983,-2.837881950333352,0.0
24692.0,0.0,0.0,0.0,1.4106273333333328,2.0470443333333326,0.8821646666666659,1.673125080260665,-0.5224790104604145,-2.832588962333352,0.0
24704.0,0.0,0.0,0.0,1.4106273333333328,2.0470443333333326,0.8821646666666659,1.6738614193309636,-0.5216179493560302,-2.827295974333352,0.0
24716.0,0.0,0.0,0.0,1.4106273333333328,2.0470443333333326,0.8821646666666659,1.674583031619856,-0.5207741094737337,-2.8220029863333522,0.0
24728.0,0.0,0.0,0.0,1.4106273333333328,2.0470443333333326,0.8821646666666659,1.6752902116629707,-0.5199471463890832,-2.8167099983333523,0.0
24740.0,0.0,0.0,0.0,1.4106273333333328,2.0470443333333326,0.8821646666666659,1.675983248105223,-0.5191367225661256,-2.8114170103333525,0.0
24752.0,0.0,0.0,0.0,1.4106273333333328,2.0470443333333326,0.8821646666666659,1.6766624238186303,-0.5183425072196273,-2.8061240223333526,0.0
24764.0,0.0,0.0,0.0,1.4106273333333328,2.0470443333333326,0.8821646666666659,1.6773280160177695,-0.5175641761800589,-2.8008310343333527,0.0
24776.0,0.0,0.0,0.0,1.4106273333333328,2.0470443333333326,0.8821646666666659,1.6779802963729258,-0.5168014117612818,-2.795538046333353,0.0
24788.0,0.0,0.0,0.0,1.4106273333333328,2.0470443333333326,0.8821646666666659,1.678619531120979,-0.5160539026308804,-2.790245058333353,0.0
24800.0,0.0,0.0,0.0,1.4106273333333328,2.0470443333333326,0.8821646666666659,1.6792459811740712,-0.5153213436830868,-2.784952070333353,0.0
24812.0,0.0,0.0,0.0,1.4106273333333328,2.0470443333333326,0.8821646666666659,1.6798599022261016,-0.5146034359142492,-2.779659082333353,0.0
24824.0,0.0,0.0,0.0,1.4106273333333328,2.0470443333333326,0.8821646666666659,1.6804615448570914,-0.5138998863007883,-2.7743660943333532,0.0
24836.0,0.0,0.0,0.0,1.4106273333333328,2.0470443333333326,0.8821646666666659,1.6810511546354614,-0.5132104076795967,-2.7690731063333534,0.0
24848.0,0.0,0.0,0.0,1.4106273333333328,2.0470443333333326,0.8821646666666659,1.681628972218264,-0.5125347186308289,-2.7637801183333535,0.0
24860.0,0.0,0.0,0.0,1.4106273333333328,2.0470443333333326,0.8821646666666659,1.6821952334494106,-0.5118725433630364,-2.7584871303333536,0.0
24872.0,0.0,0.0,0.0,1.4106273333333328,2.0470443333333326,0.8821646666666659,1.6827501694559341,-0.5112236116005999,-2.7531941423333537,0.0
24884.0,0.0,0.0,0.0,1.4106273333333328,2.0470443333333326,0.8821646666666659,1.6832940067423272,-0.510587658473412,-2.747901154333354,0.0
24896.0,0.0,0.0,0.0,1.4106273333333328,2.0470443333333326,0.8821646666666659,1.6838269672829924,-0.509964424408768,-2.742608166333354,0.0
24908.0,0.0,0.0,0.0,1.4106273333333328,2.0470443333333326,0.8821646666666659,1.6843492686128443,-0.5093536550254167,-2.737315178333354,0.0
24920.0,0.0,0.0,0.0,1.4106273333333328,2.0470443333333326,0.8821646666666659,1.684861123916099,-0.5087551010297325,-2.732022190333354,0.0
24932.0,0.0,0.0,0.0,1.4106273333333328,2.0470443333333326,0.8821646666666659,1.6853627421132888,-0.508168518113962,-2.7267292023333543,0.0
24944.0,0.0,0.0,0.0,1.4106273333333328,2.0470443333333326,0.8821646666666659,1.6858543279465348,-0.507593666856507,-2.7214362143333544,0.0
24956.0,0.0,0.0,0.0,1.4106273333333328,2.0470443333333326,0.8821646666666659,1.686336082063116,-0.507030312624201,-2.7161432263333545,0.0
24968.0,0.0,0.0,0.0,1.4106273333333328,2.0470443333333326,0.8821646666666659,1.6868082010973653,-0.5064782254765411,-2.7108502383333546,0.0
24980.0,0.0,0.0,0.0,1.4106273333333328,2.0470443333333326,0.8821646666666659,1.6872708777509298,-0.5059371800718344,-2.7055572503333547,0.0
24992.0,0.0,0.0,0.0,1.4106273333333328,2.0470443333333326,0.8821646666666659,1.6877243008714229,-0.5054069555752219,-2.700264262333355,0.0
25004.0,0.0,0.0,0.0,1.4106273333333328,2.0470443333333326,0.8821646666666659,1.6881686555295061,-0.5048873355685416,-2.694971274333355,0.0
25016.0,0.0,0.0,0.0,1.4106273333333328,2.0470443333333326,0.8821646666666659,1.6886041230944278,-0.5043781079619949,-2.689678286333355,0.0
25028.0,0.0,0.0,0.0,1.4106273333333328,2.0470443333333326,0.8821646666666659,1.689030881308051,-0.5038790649075792,-2.684385298333355,0.0
25040.0,0.0,0.0,0.0,1.4106273333333328,2.0470443333333326,0.8821646666666659,1.6894491043574018,-0.5033900027142517,-2.6790923103333553,0.0
25052.0,0.0,0.0,0.0,1.4106273333333328,2.0470443333333326,0.8821646666666659,1.6898589629457657,-0.5029107217647908,-2.6737993223333554,0.0
25064.0,0.0,0.0,0.0,1.4106273333333328,2.0470443333333326,0.8821646666666659,1.6902606243623621,-0.5024410264343191,-2.6685063343333555,0.0
25076.0,0.0,0.0,0.0,1.4106273333333328,2.0470443333333326,0.8821646666666659,1.6906542525506267,-0.5019807250104569,-2.6632133463333556,0.0
25088.0,0.0,0.0,0.0,1.4106273333333328,2.0470443333333326,0.8821646666666659,1.691040008175126,-0.5015296296150719,-2.6579203583333557,0.0
25100.0,0.0,0.0,0.0,1.4106273333333328,2.0470443333333326,0.8821646666666659,1.6914180486871353,-0.5010875561275946,-2.652627370333356,0.0
25112.0,0.0,0.0,0.0,1.4106273333333328,2.0470443333333326,0.8821646666666659,1.6917885283889045,-0.5006543241098669,-2.647334382333356,0.0
25124.0,0.0,0.0,0.0,1.4106273333333328,2.0470443333333326,0.8821646666666659,1.6921515984966382,-0.5002297567324937,-2.642041394333356,0.0
25136.0,0.0,0.0,0.0,1.4106273333333328,2.0470443333333326,0.8821646666666659,1.6925074072022173,-0.499813680702668,-2.636748406333356,0.0
25148.0,0.0,0.0,0.0,1.4106273333333328,2.0470443333333326,0.8821646666666659,1.6928560997336848,-0.4994059261934388,-2.6314554183333563,0.0
25160.0,0.0,0.0,0.0,1.4106273333333328,2.0470443333333326,0.8821646666666659,1.6931978184145229,-0.49900632677439416,-2.6261624303333564,0.0
25172.0,0.0,0.0,0.0,1.4106273333333328,2.0470443333333326,0.8821646666666659,1.6935327027217442,-0.4986147193437304,-2.6208694423333565,0.0
25184.0,0.0,0.0,0.0,1.4106273333333328,2.0470443333333326,0.8821646666666659,1.693860889342821,-0.49823094406167995,-2.6155764543333566,0.0
25196.0,0.0,0.0,0.0,1.4106273333333328,2.0470443333333326,0.8821646666666659,1.6941825122314764,-0.4978548442852705,-2.6102834663333567,0.0
25208.0,0.0,0.0,0.0,1.4106273333333328,2.0470443333333326,0.8821646666666659,1.6944977026623587,-0.4974862665043892,-2.604990478333357,0.0
25220.0,0.0,0.0,0.0,1.4106273333333328,2.0470443333333326,0.8821646666666659,1.6948065892846234,-0.49712506027912556,-2.599697490333357,0.0
25232.0,0.0,0.0,0.0,1.4106273333333328,2.0470443333333326,0.8821646666666659,1.6951092981744427,-0.4967710781783672,-2.594404502333357,0.0
25244.0,0.0,0.0,0.0,1.4106273333333328,2.0470443333333326,0.8821646666666659,1.6954059528864656,-0.496424175719624,-2.589111514333357,0.0
25256.0,0.0,0.0,0.0,1.4106273333333328,2.0470443333333326,0.8821646666666659,1.695696674504248,-0.49608421131005564,-2.5838185263333573,0.0
25268.0,0.0,0.0,0.0,1.4106273333333328,2.0470443333333326,0.8821646666666659,1.6959815816896748,-0.49575104618867866,-2.5785255383333574,0.0
25280.0,0.0,0.0,0.0,1.4106273333333328,2.0470443333333326,0.8821646666666659,1.6962607907313931,-0.4954245443697292,-2.5732325503333575,0.0
25292.0,0.0,0.0,0.0,1.4106273333333328,2.0470443333333326,0.8821646666666659,1.696534415592277,-0.49510457258715873,-2.5679395623333576,0.0
25304.0,0.0,0.0,0.0,1.4106273333333328,2.0470443333333326,0.8821646666666659,1.6968025679559433,-0.4947910002402397,-2.5626465743333577,0.0
25316.0,0.0,0.0,0.0,1.4106273333333328,2.0470443333333326,0.8821646666666659,1.6970653572723362,-0.49448369934025904,-2.557353586333358,0.0
25328.0,0.0,0.0,0.0,1.4106273333333328,2.0470443333333326,0.8821646666666659,1.6973228908024012,-0.494182544458278,-2.552060598333358,0.0
25340.0,0.0,0.0,0.0,1.4106273333333328,2.0470443333333326,0.8821646666666659,1.697575273661865,-0.49388741267393654,-2.546767610333358,0.0
25352.0,0.0,0.0,0.0,1.4106273333333328,2.0470443333333326,0.8821646666666659,1.6978226088641395,-0.49359818352528195,-2.541474622333358,0.0
25364.0,0.0,0.0,0.0,1.4106273333333328,2.0470443333333326,0.8821646666666659,1.6980649973623685,-0.49331473895960043,-2.5361816343333583,0.0
25376.0,0.0,0.0,0.0,1.4106273333333328,2.0470443333333326,0.8821646666666659,1.698302538090633,-0.49303696328523255,-2.5308886463333584,0.0
25388.0,0.0,0.0,0.0,1.4106273333333328,2.0470443333333326,0.8821646666666659,1.698535328004332,-0.49276474312435203,-2.5255956583333585,0.0
25400.0,0.0,0.0,0.0,1.4106273333333328,2.0470443333333326,0.8821646666666659,1.6987634621197572,-0.49249796736668916,-2.5203026703333586,0.0
25412.0,0.0,0.0,0.0,1.4106273333333328,2.0470443333333326,0.8821646666666659,1.6989870335528738,-0.49223652712417953,-2.5150096823333588,0.0
25424.0,0.0,0.0,0.0,1.4106273333333328,2.0470443333333326,0.8821646666666659,1.699206133557328,-0.4919803156865201,-2.509716694333359,0.0
25436.0,0.0,0.0,0.0,1.4106273333333328,2.0470443333333326,0.8821646666666659,1.6994208515616933,-0.4917292284776139,-2.504423706333359,0.0
25448.0,0.0,0.0,0.0,1.4106273333333328,2.0470443333333326,0.8821646666666659,1.6996312752059712,-0.49148316301288575,-2.499130718333359,0.0
25460.0,0.0,0.0,0.0,1.4106273333333328,2.0470443333333326,0.8821646666666659,1.6998374903773636,-0.4912420188574522,-2.493837730333359,0.0
25472.0,0.0,0.0,0.0,1.4106273333333328,2.0470443333333326,0.8821646666666659,1.7000395812453282,-0.49100569758512735,-2.4885447423333593,0.0
25484.0,0.0,0.0,0.0,1.4106273333333328,2.0470443333333326,0.8821646666666659,1.7002376302959334,-0.490774102738249,-2.4832517543333594,0.0
25496.0,0.0,0.0,0.0,1.4106273333333328,2.0470443333333326,0.8821646666666659,1.7004317183655266,-0.4905471397883082,-2.4779587663333595,0.0
25508.0,0.0,0.0,0.0,1.4106273333333328,2.0470443333333326,0.8821646666666659,1.700621924673728,-0.4903247160973662,-2.4726657783333597,0.0
25520.0,0.0,0.0,0.0,1.4106273333333328,2.0470443333333326,0.8821646666666659,1.7008083268557652,-0.4901067408802431,-2.4673727903333598,0.0
25532.0,0.0,0.0,0.0,1.4106273333333328,2.0470443333333326,0.8821646666666659,1.7009910009941618,-0.4898931251674624,-2.46207980233336,0.0
25544.0,0.0,0.0,0.0,1.4106273333333328,2.0470443333333326,0.8821646666666659,1.7011700216497903,-0.48968378176893734,-2.45678681433336,0.0
25556.0,0.0,0.0,0.0,1.4106273333333328,2.0470443333333326,0.8821646666666659,1.7013454618923063,-0.48947862523838276,-2.45149382633336,0.0
25568.0,0.0,0.0,0.0,1.4106273333333328,2.0470443333333326,0.8821646666666659,1.7015173933299719,-0.4892775718384393,-2.44620083833336,0.0
25580.0,0.0,0.0,0.0,1.4106273333333328,2.0470443333333326,0.8821646666666659,1.7016858861388842,-0.48908053950649466,-2.4409078503333603,0.0
25592.0,0.0,0.0,0.0,1.4106273333333328,2.0470443333333326,0.8821646666666659,1.7018510090916183,-0.4888874478211889,-2.4356148623333604,0.0
25604.0,0.0,0.0,0.0,1.4106273333333328,2.0470443333333326,0.8821646666666659,1.7020128295852976,-0.48869821796958934,-2.4303218743333606,0.0
25616.0,0.0,0.0,0.0,1.4106273333333328,2.0470443333333326,0.8821646666666659,1.7021714136691035,-0.48851277271502175,-2.4250288863333607,0.0
25628.0,0.0,0.0,0.0,1.4106273333333328,2.0470443333333326,0.8821646666666659,1.7023268260712332,-0.4883310363655454,-2.419735898333361,0.0
25640.0,0.0,0.0,0.0,1.4106273333333328,2.0470443333333326,0.8821646666666659,1.7024791302253204,-0.48815293474305865,-2.414442910333361,0.0
25652.0,0.0,0.0,0.0,1.4106273333333328,2.0470443333333326,0.8821646666666659,1.7026283882963258,-0.48797839515302166,-2.409149922333361,0.0
25664.0,0.0,0.0,0.0,1.4106273333333328,2.0470443333333326,0.8821646666666659,1.7027746612059111,-0.4878073463547854,-2.403856934333361,0.0
25676.0,0.0,0.0,0.0,1.4106273333333328,2.0470443333333326,0.8821646666666659,1.7029180086573048,-0.48763971853251387,-2.3985639463333612,0.0
25688.0,0.0,0.0,0.0,1.4106273333333328,2.0470443333333326,0.8821646666666659,1.7030584891596705,-0.4874754432666878,-2.3932709583333613,0.0
25700.0,0.0,0.0,0.0,1.4106273333333328,2.0470443333333326,0.8821646666666659,1.703196160051989,-0.4873144535061782,-2.3879779703333615,0.0
25712.0,0.0,0.0,0.0,1.4106273333333328,2.0470443333333326,0.8821646666666659,1.703331077526461,-0.4871566835408788,-2.3826849823333616,0.0
25724.0,0.0,0.0,0.0,1.4106273333333328,2.0470443333333326,0.8821646666666659,1.7034632966514436,-0.4870020689748854,-2.3773919943333617,0.0
25736.0,0.0,0.0,0.0,1.4106273333333328,2.0470443333333326,0.8821646666666659,1.7035928713939266,-0.4868505467002119,-2.372099006333362,0.0
25748.0,0.0,0.0,0.0,1.4106273333333328,2.0470443333333326,0.8821646666666659,1.7037198546415597,-0.48670205487103185,-2.366806018333362,0.0
25760.0,0.0,0.0,0.0,1.4106273333333328,2.0470443333333326,0.8821646666666659,1.7038442982242403,-0.4865565328784354,-2.361513030333362,0.0
25772.0,0.0,0.0,0.0,1.4106273333333328,2.0470443333333326,0.8821646666666659,1.7039662529352673,-0.4864139213256909,-2.356220042333362,0.0
25784.0,0.0,0.0,0.0,1.4106273333333328,2.0470443333333326,0.8821646666666659,1.7040857685520736,-0.48627416200400125,-2.3509270543333622,0.0
25796.0,0.0,0.0,0.0,1.4106273333333328,2.0470443333333326,0.8821646666666659,1.7042028938565439,-0.48613719786874543,-2.3456340663333624,0.0
25808.0,0.0,0.0,0.0,1.4106273333333328,2.0470443333333326,0.8821646666666659,1.7043176766549248,-0.4860029730161947,-2.3403410783333625,0.0
25820.0,0.0,0.0,0.0,1.4106273333333328,2.0470443333333326,0.8821646666666659,1.704430163797338,-0.485871432660695,-2.3350480903333626,0.0
25832.0,0.0,0.0,0.0,1.4106273333333328,2.0470443333333326,0.8821646666666659,1.704540401196903,-0.48574252311230526,-2.3297551023333627,0.0
25844.0,0.0,0.0,0.0,1.4106273333333328,2.0470443333333326,0.8821646666666659,1.7046484338484766,-0.48561619175488335,-2.324462114333363,0.0
25856.0,0.0,0.0,0.0,1.4106273333333328,2.0470443333333326,0.8821646666666659,1.704754305847019,-0.48549238702460984,-2.319169126333363,0.0
25868.0,0.0,0.0,0.0,1.4106273333333328,2.0470443333333326,0.8821646666666659,1.7048580604055903,-0.48537105838894185,-2.313876138333363,0.0
25880.0,0.0,0.0,0.0,1.4106273333333328,2.0470443333333326,0.8821646666666659,1.7049597398729903,-0.48525215632598717,-2.308583150333363,0.0
25892.0,0.0,0.0,0.0,1.4106273333333328,2.0470443333333326,0.8821646666666659,1.7050593857510423,-0.48513563230429163,-2.3032901623333633,0.0
25904.0,0.0,0.0,0.0,1.4106273333333328,2.0470443333333326,0.8821646666666659,1.7051570387115333,-0.48502143876303,-2.2979971743333634,0.0
25916.0,0.0,0.0,0.0,1.4106273333333328,2.0470443333333326,0.8821646666666659,1.7052527386128145,-0.4849095290925936,-2.2927041863333635,0.0
25928.0,0.0,0.0,0.0,1.4106273333333328,2.0470443333333326,0.8821646666666659,1.70534652451607,-0.48479985761556593,-2.2874111983333636,0.0
25940.0,0.0,0.0,0.0,1.4106273333333328,2.0470443333333326,0.8821646666666659,1.7054384347012603,-0.4846923795680788,-2.2821182103333637,0.0
25952.0,0.0,0.0,0.0,1.4106273333333328,2.0470443333333326,0.8821646666666659,1.7055285066827468,-0.48458705108154143,-2.276825222333364,0.0
25964.0,0.0,0.0,0.0,1.4106273333333328,2.0470443333333326,0.8821646666666659,1.7056167772246036,-0.48448382916473476,-2.271532234333364,0.0
25976.0,0.0,0.0,0.0,1.4106273333333328,2.0470443333333326,0.8821646666666659,1.7057032823556233,-0.48438267168626425,-2.266239246333364,0.0
25988.0,0.0,0.0,0.0,1.4106273333333328,2.0470443333333326,0.8821646666666659,1.7057880573840225,-0.4842835373573631,-2.260946258333364,0.0
26000.0,0.0,0.0,0.0,1.4106273333333328,2.0470443333333326,0.8821646666666659,1.7058711369118538,-0.48418638571504,-2.2556532703333643,0.0
26012.0,0.0,0.0,0.0,1.4106273333333328,2.0470443333333326,0.8821646666666659,1.7059525548491286,-0.48409117710556343,-2.2503602823333644,0.0
26024.0,0.0,0.0,0.0,1.4106273333333328,2.0470443333333326,0.8821646666666659,1.7060323444276577,-0.4839978726682763,-2.2450672943333645,0.0
26036.0,0.0,0.0,0.0,1.4106273333333328,2.0470443333333326,0.8821646666666659,1.7061105382146164,-0.48390643431973496,-2.2397743063333646,0.0
26048.0,0.0,0.0,0.0,1.4106273333333328,2.0470443333333326,0.8821646666666659,1.7061871681258358,-0.48381682473816445,-2.2344813183333647,0.0
26060.0,0.0,0.0,0.0,1.4106273333333328,2.0470443333333326,0.8821646666666659,1.7062622654388309,-0.4837290073482253,-2.229188330333365,0.0
26072.0,0.0,0.0,0.0,1.4106273333333328,2.0470443333333326,0.8821646666666659,1.706335860805566,-0.483642946306085,-2.223895342333365,0.0
26084.0,0.0,0.0,0.0,1.4106273333333328,2.0470443333333326,0.8821646666666659,1.7064079842649666,-0.4835586064847875,-2.218602354333365,0.0
26096.0,0.0,0.0,0.0,1.4106273333333328,2.0470443333333326,0.8821646666666659,1.706478665255179,-0.4834759534599159,-2.213309366333365,0.0
26108.0,0.0,0.0,0.0,1.4106273333333328,2.0470443333333326,0.8821646666666659,1.7065479326255872,-0.48339495349554173,-2.2080163783333653,0.0
26120.0,0.0,0.0,0.0,1.4106273333333328,2.0470443333333326,0.8821646666666659,1.7066158146485872,-0.48331557353045507,-2.2027233903333654,0.0
26132.0,0.0,0.0,0.0,1.4106273333333328,2.0470443333333326,0.8821646666666659,1.7066823390311272,-0.48323778116467014,-2.1974304023333655,0.0
26144.0,0.0,0.0,0.0,1.4106273333333328,2.0470443333333326,0.8821646666666659,1.7067475329260164,-0.4831615446462009,-2.1921374143333656,0.0
26156.0,0.0,0.0,0.0,1.4106273333333328,2.0470443333333326,0.8821646666666659,1.7068114229430078,-0.4830868328581011,-2.1868444263333657,0.0
26168.0,0.0,0.0,0.0,1.4106273333333328,2.0470443333333326,0.8821646666666659,1.7068740351596594,-0.48301361530576326,-2.181551438333366,0.0
26180.0,0.0,0.0,0.0,1.4106273333333328,2.0470443333333326,0.8821646666666659,1.706935395131978,-0.48294186210447215,-2.176258450333366,0.0
26192.0,0.0,0.0,0.0,1.4106273333333328,2.0470443333333326,0.8821646666666659,1.70699552790485,-0.4828715439672069,-2.170965462333366,0.0
26204.0,0.0,0.0,0.0,1.4106273333333328,2.0470443333333326,0.8821646666666659,1.7070544580222649,-0.48280263219268693,-2.165672474333366,0.0
26216.0,0.0,0.0,0.0,1.4106273333333328,2.0470443333333326,0.8821646666666659,1.7071122095373312,-0.4827350986536574,-2.1603794863333663,0.0
26228.0,0.0,0.0,0.0,1.4106273333333328,2.0470443333333326,0.8821646666666659,1.7071688060220964,-0.48266891578540844,-2.1550864983333664,0.0
26240.0,0.0,0.0,0.0,1.4106273333333328,2.0470443333333326,0.8821646666666659,1.7072242705771663,-0.48260405657452443,-2.1497935103333665,0.0
26252.0,0.0,0.0,0.0,1.4106273333333328,2.0470443333333326,0.8821646666666659,1.7072786258411348,-0.48254049454785813,-2.1445005223333666,0.0
26264.0,0.0,0.0,0.0,1.4106273333333328,2.0470443333333326,0.8821646666666659,1.7073318939998239,-0.4824782037617252,-2.1392075343333667,0.0
26276.0,0.0,0.0,0.0,1.4106273333333328,2.0470443333333326,0.8821646666666659,1.707384096795339,-0.48241715879131486,-2.133914546333367,0.0
26288.0,0.0,0.0,0.0,1.4106273333333328,2.0470443333333326,0.8821646666666659,1.7074352555349441,-0.4823573347203127,-2.128621558333367,0.0
26300.0,0.0,0.0,0.0,1.4106273333333328,2.0470443333333326,0.8821646666666659,1.707485391099757,-0.48229870713073064,-2.123328570333367,0.0
26312.0,0.0,0.0,0.0,1.4106273333333328,2.0470443333333326,0.8821646666666659,1.7075345239532735,-0.4822412520929402,-2.118035582333367,0.0
26324.0,0.0,0.0,0.0,1.4106273333333328,2.0470443333333326,0.8821646666666659,1.7075826741497198,-0.4821849461559056,-2.1127425943333673,0.0
26336.0,0.0,0.0,0.0,1.4106273333333328,2.0470443333333326,0.8821646666666659,1.7076298613422372,-0.4821297663376117,-2.1074496063333674,0.0
26348.0,0.0,0.0,0.0,1.4106273333333328,2.0470443333333326,0.8821646666666659,1.7076761047909041,-0.48207569011568363,-2.1021566183333675,0.0
26360.0,0.0,0.0,0.0,1.4106273333333328,2.0470443333333326,0.8821646666666659,1.7077214233705977,-0.48202269541819415,-2.0968636303333676,0.0
26372.0,0.0,0.0,0.0,1.4106273333333328,2.0470443333333326,0.8821646666666659,1.7077658355786975,-0.48197076061465444,-2.0915706423333678,0.0
26384.0,0.0,0.0,0.0,1.4106273333333328,2.0470443333333326,0.8821646666666659,1.7078093595426354,-0.48191986450718555,-2.086277654333368,0.0
26396.0,0.0,0.0,0.0,1.4106273333333328,2.0470443333333326,0.8821646666666659,1.7078520130272945,-0.481869986321866,-2.080984666333368,0.0
26408.0,0.0,0.0,0.0,1.4106273333333328,2.0470443333333326,0.8821646666666659,1.7078938134422603,-0.4818211057002529,-2.075691678333368,0.0
26420.0,0.0,0.0,0.0,1.4106273333333328,2.0470443333333326,0.8821646666666659,1.7079347778489269,-0.481773202691072,-2.070398690333368,0.0
26432.0,0.0,0.0,0.0,1.4106273333333328,2.0470443333333326,0.8821646666666659,1.7079749229674601,-0.4817262577420747,-2.0651057023333683,0.0
26444.0,0.0,0.0,0.0,1.4106273333333328,2.0470443333333326,0.8821646666666659,1.7080142651836228,-0.4816802516920574,-2.0598127143333684,0.0
26456.0,0.0,0.0,0.0,1.4106273333333328,2.0470443333333326,0.8821646666666659,1.7080528205554621,-0.48163516576304044,-2.0545197263333685,0.0
26468.0,0.0,0.0,0.0,1.4106273333333328,2.0470443333333326,0.8821646666666659,1.7080906048198647,-0.4815909815526038,-2.0492267383333687,0.0
26480.0,0.0,0.0,0.0,1.4106273333333328,2.0470443333333326,0.8821646666666659,1.7081276333989792,-0.4815476810263759,-2.0439337503333688,0.0
26492.0,0.0,0.0,0.0,1.4106273333333328,2.0470443333333326,0.8821646666666659,1.7081639214065114,-0.48150524651067256,-2.038640762333369,0.0
26504.0,0.0,0.0,0.0,1.4106273333333328,2.0470443333333326,0.8821646666666659,1.708199483653893,-0.4814636606852833,-2.033347774333369,0.0
26516.0,0.0,0.0,0.0,1.4106273333333328,2.0470443333333326,0.8821646666666659,1.708234334656327,-0.4814229065764018,-2.028054786333369,0.0
26528.0,0.0,0.0,0.0,1.4106273333333328,2.0470443333333326,0.8821646666666659,1.708268488638712,-0.48138296754969795,-2.022761798333369,0.0
26540.0,0.0,0.0,0.0,1.4106273333333328,2.0470443333333326,0.8821646666666659,1.7083019595414497,-0.48134382730352815,-2.0174688103333693,0.0
26552.0,0.0,0.0,0.0,1.4106273333333328,2.0470443333333326,0.8821646666666659,1.7083347610261326,-0.4813054698622818,-2.0121758223333694,0.0
26564.0,0.0,0.0,0.0,1.4106273333333328,2.0470443333333326,0.8821646666666659,1.7083669064811218,-0.48126787956986034,-2.0068828343333696,0.0
26576.0,0.0,0.0,0.0,1.4106273333333328,2.0470443333333326,0.8821646666666659,1.708398409027011,-0.4812310410832873,-2.0015898463333697,0.0
26588.0,0.0,0.0,0.0,1.4106273333333328,2.0470443333333326,0.8821646666666659,1.7084292815219826,-0.48119493936644575,-1.9962968583333698,0.0
26600.0,0.0,0.0,0.0,1.4106273333333328,2.0470443333333326,0.8821646666666659,1.7084595365670547,-0.48115955968394103,-1.99100387033337,0.0
26612.0,0.0,0.0,0.0,1.4106273333333328,2.0470443333333326,0.8821646666666659,1.7084891865112255,-0.48112488759508637,-1.98571088233337,0.0
26624.0,0.0,0.0,0.0,1.4106273333333328,2.0470443333333326,0.8821646666666659,1.7085182434565127,-0.4810909089480088,-1.9804178943333701,0.0
26636.0,0.0,0.0,0.0,1.4106273333333328,2.0470443333333326,0.8821646666666659,1.7085467192628943,-0.4810576098738728,-1.9751249063333702,0.0
26648.0,0.0,0.0,0.0,1.4106273333333328,2.0470443333333326,0.8821646666666659,1.7085746255531482,-0.4810249767812195,-1.9698319183333703,0.0
26660.0,0.0,0.0,0.0,1.4106273333333328,2.0470443333333326,0.8821646666666659,1.708601973717597,-0.4809929963504193,-1.9645389303333705,0.0
26672.0,0.0,0.0,0.0,1.4106273333333328,2.0470443333333326,0.8821646666666659,1.708628774918757,-0.4809616555282351,-1.9592459423333706,0.0
26684.0,0.0,0.0,0.0,1.4106273333333328,2.0470443333333326,0.8821646666666659,1.7086550400958935,-0.4809309415224946,-1.9539529543333707,0.0
26696.0,0.0,0.0,0.0,1.4106273333333328,2.0470443333333326,0.8821646666666659,1.7086807799694874,-0.48090084179686887,-1.9486599663333708,0.0
26708.0,0.0,0.0,0.0,1.4106273333333328,2.0470443333333326,0.8821646666666659,1.7087060050456095,-0.48087134406575566,-1.943366978333371,0.0
26720.0,0.0,0.0,0.0,1.4106273333333328,2.0470443333333326,0.8821646666666659,1.7087307256202091,-0.4808424362892647,-1.938073990333371,0.0
26732.0,0.0,0.0,0.0,1.4106273333333328,2.0470443333333326,0.8821646666666659,1.7087549517833167,-0.4808141066683036,-1.9327810023333711,0.0
26744.0,0.0,0.0,0.0,1.4106273333333328,2.0470443333333326,0.8821646666666659,1.7087786934231621,-0.4807863436397617,-1.9274880143333712,0.0
26756.0,0.0,0.0,0.0,1.4106273333333328,2.0470443333333326,0.8821646666666659,1.7088019602302107,-0.48075913587179064,-1.9221950263333714,0.0
26768.0,0.0,0.0,0.0,1.4106273333333328,2.0470443333333326,0.8821646666666659,1.7088247617011183,-0.48073247225917903,-1.9169020383333715,0.0
26780.0,0.0,0.0,0.0,1.4106273333333328,2.0470443333333326,0.8821646666666659,1.7088471071426077,-0.4807063419188196,-1.9116090503333716,0.0
26792.0,0.0,0.0,0.0,1.4106273333333328,2.0470443333333326,0.8821646666666659,1.7088690056752673,-0.4806807341852674,-1.9063160623333717,0.0
26804.0,0.0,0.0,0.0,1.4106273333333328,2.0470443333333326,0.8821646666666659,1.7088904662372737,-0.48065563860638627,-1.9010230743333718,0.0
26816.0,0.0,0.0,0.0,1.4106273333333328,2.0470443333333326,0.8821646666666659,1.70891149758804,-0.4806310449390827,-1.895730086333372,0.0
26828.0,0.0,0.0,0.0,1.4106273333333328,2.0470443333333326,0.8821646666666659,1.708932108311791,-0.48060694314512525,-1.890437098333372,0.0
26840.0,0.0,0.0,0.0,1.4106273333333328,2.0470443333333326,0.8821646666666659,1.708952306821067,-0.48058332338704696,-1.8851441103333721,0.0
26852.0,0.0,0.0,0.0,1.4106273333333328,2.0470443333333326,0.8821646666666659,1.7089721013601575,-0.4805601760241302,-1.8798511223333723,0.0
26864.0,0.0,0.0,0.0,1.4106273333333328,2.0470443333333326,0.8821646666666659,1.7089915000084661,-0.48053749160847176,-1.8745581343333724,0.0
26876.0,0.0,0.0,0.0,1.4106273333333328,2.0470443333333326,0.8821646666666659,1.7090105106838085,-0.4805152608811265,-1.8692651463333725,0.0
26888.0,0.0,0.0,0.0,1.4106273333333328,2.0470443333333326,0.8821646666666659,1.7090291411456442,-0.48049347476832815,-1.8639721583333726,0.0
26900.0,0.0,0.0,0.0,1.4106273333333328,2.0470443333333326,0.8821646666666659,1.709047398998243,-0.48047212437778575,-1.8586791703333727,0.0
26912.0,0.0,0.0,0.0,1.4106273333333328,2.0470443333333326,0.8821646666666659,1.70906529169379,-0.48045120099505423,-1.8533861823333728,0.0
26924.0,0.0,0.0,0.0,1.4106273333333328,2.0470443333333326,0.8821646666666659,1.709082826535426,-0.48043069607997735,-1.848093194333373,0.0
26936.0,0.0,0.0,0.0,1.4106273333333328,2.0470443333333326,0.8821646666666659,1.7091000106802294,-0.480410601263202,-1.842800206333373,0.0
26948.0,0.0,0.0,0.0,1.4106273333333328,2.0470443333333326,0.8821646666666659,1.7091168511421366,-0.48039090834276216,-1.8375072183333732,0.0
26960.0,0.0,0.0,0.0,1.4106273333333328,2.0470443333333326,0.8821646666666659,1.7091333547948058,-0.4803716092807311,-1.8322142303333733,0.0
26972.0,0.0,0.0,0.0,1.4106273333333328,2.0470443333333326,0.8821646666666659,1.7091495283744214,-0.48035269619994064,-1.8269212423333734,0.0
26984.0,0.0,0.0,0.0,1.4106273333333328,2.0470443333333326,0.8821646666666659,1.7091653784824448,-0.480334161380766,-1.8216282543333735,0.0
26996.0,0.0,0.0,0.0,1.4106273333333328,2.0470443333333326,0.8821646666666659,1.7091809115883076,-0.48031599725797486,-1.8163352663333736,0.0
27008.0,0.0,0.0,0.0,1.4106273333333328,2.0470443333333326,0.8821646666666659,1.7091961340320532,-0.48029819641763954,-1.8110422783333737,0.0
27020.0,0.0,0.0,0.0,1.4106273333333328,2.0470443333333326,0.8821646666666659,1.709211052026924,-0.48028075159411093,-1.8057492903333738,0.0
27032.0,0.0,0.0,0.0,1.4106273333333328,2.0470443333333326,0.8821646666666659,1.7092256716618972,-0.4802636556670529,-1.800456302333374,0.0
27044.0,0.0,0.0,0.0,1.4106273333333328,2.0470443333333326,0.8821646666666659,1.709239998904171,-0.48024690165853606,-1.795163314333374,0.0
27056.0,0.0,0.0,0.0,1.4106273333333328,2.0470443333333326,0.8821646666666659,1.7092540396015994,-0.48023048273018953,-1.7898703263333742,0.0
27068.0,0.0,0.0,0.0,1.4106273333333328,2.0470443333333326,0.8821646666666659,1.7092677994850791,-0.4802143921804099,-1.7845773383333743,0.0
27080.0,0.0,0.0,0.0,1.4106273333333328,2.0470443333333326,0.8821646666666659,1.7092812841708893,-0.4801986234416259,-1.7792843503333744,0.0
27092.0,0.0,0.0,0.0,1.4106273333333328,2.0470443333333326,0.8821646666666659,1.7092944991629833,-0.48018317007761757,-1.7739913623333745,0.0
27104.0,0.0,0.0,0.0,1.4106273333333328,2.0470443333333326,0.8821646666666659,1.7093074498552354,-0.4801680257808894,-1.7686983743333746,0.0
27116.0,0.0,0.0,0.0,1.4106273333333328,2.0470443333333326,0.8821646666666659,1.7093201415336425,-0.4801531843700958,-1.7634053863333747,0.0
27128.0,0.0,0.0,0.0,1.4106273333333328,2.0470443333333326,0.8821646666666659,1.7093325793784815,-0.4801386397875181,-1.7581123983333748,0.0
27140.0,0.0,0.0,0.0,1.4106273333333328,2.0470443333333326,0.8821646666666659,1.7093447684664236,-0.4801243860965919,-1.752819410333375,0.0
27152.0,0.0,0.0,0.0,1.4106273333333328,2.0470443333333326,0.8821646666666659,1.709356713772607,-0.48011041747948424,-1.747526422333375,0.0
27164.0,0.0,0.0,0.0,1.4106273333333328,2.0470443333333326,0.8821646666666659,1.7093684201726664,-0.4800967282347187,-1.7422334343333752,0.0
27176.0,0.0,0.0,0.0,1.4106273333333328,2.0470443333333326,0.8821646666666659,1.709379892444725,-0.4800833127748485,-1.7369404463333753,0.0
27188.0,0.0,0.0,0.0,1.4106273333333328,2.0470443333333326,0.8821646666666659,1.7093911352713422,-0.4800701656241757,-1.7316474583333754,0.0
27200.0,0.0,0.0,0.0,1.4106273333333328,2.0470443333333326,0.8821646666666659,1.7094021532414272,-0.4800572814165164,-1.7263544703333755,0.0
27212.0,0.0,0.0,0.0,1.4106273333333328,2.0470443333333326,0.8821646666666659,1.7094129508521103,-0.48004465489301024,-1.7210614823333756,0.0
27224.0,0.0,0.0,0.0,1.4106273333333328,2.0470443333333326,0.8821646666666659,1.70942353251058,-0.48003228089997424,-1.7157684943333757,0.0
27236.0,0.0,0.0,0.0,1.4106273333333328,2.0470443333333326,0.8821646666666659,1.7094339025358802,-0.48002015438679896,-1.7104755063333759,0.0
27248.0,0.0,0.0,0.0,1.4106273333333328,2.0470443333333326,0.8821646666666659,1.7094440651606744,-0.48000827040388716,-1.705182518333376,0.0
27260.0,0.0,0.0,0.0,1.4106273333333328,2.0470443333333326,0.8821646666666659,1.7094540245329726,-0.4799966241006336,-1.699889530333376,0.0
27272.0,0.0,0.0,0.0,1.4106273333333328,2.0470443333333326,0.8821646666666659,1.709463784717825,-0.47998521072344513,-1.6945965423333762,0.0
27284.0,0.0,0.0,0.0,1.4106273333333328,2.0470443333333326,0.8821646666666659,1.7094733496989802,-0.4799740256138004,-1.6893035543333763,0.0
27296.0,0.0,0.0,0.0,1.4106273333333328,2.0470443333333326,0.8821646666666659,1.7094827233805123,-0.4799630642063486,-1.6840105663333764,0.0
27308.0,0.0,0.0,0.0,1.4106273333333328,2.0470443333333326,0.8821646666666659,1.7094919095884138,-0.4799523220270458,-1.6787175783333765,0.0
27320.0,0.0,0.0,0.0,1.4106273333333328,2.0470443333333326,0.8821646666666659,1.7095009120721574,-0.4799417946913291,-1.6734245903333766,0.0
27332.0,0.0,0.0,0.0,1.4106273333333328,2.0470443333333326,0.8821646666666659,1.709509734506226,-0.4799314779023267,-1.6681316023333768,0.0
27344.0,0.0,0.0,0.0,1.4106273333333328,2.0470443333333326,0.8821646666666659,1.7095183804916132,-0.47992136744910435,-1.6628386143333769,0.0
27356.0,0.0,0.0,0.0,1.4106273333333328,2.0470443333333326,0.8821646666666659,1.7095268535572927,-0.47991145920494643,-1.657545626333377,0.0
27368.0,0.0,0.0,0.0,1.4106273333333328,2.0470443333333326,0.8821646666666659,1.7095351571616586,-0.4799017491256717,-1.652252638333377,0.0
27380.0,0.0,0.0,0.0,1.4106273333333328,2.0470443333333326,0.8821646666666659,1.7095432946939373,-0.4798922332479824,-1.6469596503333772,0.0
27392.0,0.0,0.0,0.0,1.4106273333333328,2.0470443333333326,0.8821646666666659,1.7095512694755703,-0.47988290768784697,-1.6416666623333773,0.0
27404.0,0.0,0.0,0.0,1.4106273333333328,2.0470443333333326,0.8821646666666659,1.7095590847615707,-0.47987376863891423,-1.6363736743333774,0.0
27416.0,0.0,0.0,0.0,1.4106273333333328,2.0470443333333326,0.8821646666666659,1.7095667437418511,-0.4798648123709601,-1.6310806863333775,0.0
27428.0,0.0,0.0,0.0,1.4106273333333328,2.0470443333333326,0.8821646666666659,1.709574249542526,-0.4798560352283651,-1.6257876983333777,0.0
27440.0,0.0,0.0,0.0,1.4106273333333328,2.0470443333333326,0.8821646666666659,1.709581605227187,-0.479847433628622,-1.6204947103333778,0.0
27452.0,0.0,0.0,0.0,1.4106273333333328,2.0470443333333326,0.8821646666666659,1.7095888137981552,-0.4798390040608737,-1.6152017223333779,0.0
27464.0,0.0,0.0,0.0,1.4106273333333328,2.0470443333333326,0.8821646666666659,1.7095958781977039,-0.4798307430844804,-1.609908734333378,0.0
27476.0,0.0,0.0,0.0,1.4106273333333328,2.0470443333333326,0.8821646666666659,1.7096028013092615,-0.479822647327615,-1.6046157463333781,0.0
27488.0,0.0,0.0,0.0,1.4106273333333328,2.0470443333333326,0.8821646666666659,1.709609585958588,-0.4798147134858869,-1.5993227583333782,0.0
27500.0,0.0,0.0,0.0,1.4106273333333328,2.0470443333333326,0.8821646666666659,1.709616234914928,-0.47980693832099336,-1.5940297703333783,0.0
27512.0,0.0,0.0,0.0,1.4106273333333328,2.0470443333333326,0.8821646666666659,1.709622750892141,-0.4797993186593977,-1.5887367823333785,0.0
27524.0,0.0,0.0,0.0,1.4106273333333328,2.0470443333333326,0.8821646666666659,1.70962913654981,-0.4797918513910339,-1.5834437943333786,0.0
27536.0,0.0,0.0,0.0,1.4106273333333328,2.0470443333333326,0.8821646666666659,1.7096353944943254,-0.4797845334680374,-1.5781508063333787,0.0
27548.0,0.0,0.0,0.0,1.4106273333333328,2.0470443333333326,0.8821646666666659,1.7096415272799508,-0.47977736190350084,-1.5728578183333788,0.0
27560.0,0.0,0.0,0.0,1.4106273333333328,2.0470443333333326,0.8821646666666659,1.7096475374098636,-0.479770333770255,-1.567564830333379,0.0
27572.0,0.0,0.0,0.0,1.4106273333333328,2.0470443333333326,0.8821646666666659,1.7096534273371782,-0.4797634461996741,-1.562271842333379,0.0
27584.0,0.0,0.0,0.0,1.4106273333333328,2.0470443333333326,0.8821646666666659,1.7096591994659465,-0.4797566963805048,-1.5569788543333791,0.0
27596.0,0.0,0.0,0.0,1.4106273333333328,2.0470443333333326,0.8821646666666659,1.7096648561521393,-0.47975008155771887,-1.5516858663333792,0.0
27608.0,0.0,0.0,0.0,1.4106273333333328,2.0470443333333326,0.8821646666666659,1.7096703997046083,-0.4797435990313887,-1.5463928783333794,0.0
27620.0,0.0,0.0,0.0,1.4106273333333328,2.0470443333333326,0.8821646666666659,1.709675832386028,-0.4797372461555851,-1.5410998903333795,0.0
27632.0,0.0,0.0,0.0,1.4106273333333328,2.0470443333333326,0.8821646666666659,1.7096811564138192,-0.4797310203372976,-1.5358069023333796,0.0
27644.0,0.0,0.0,0.0,1.4106273333333328,2.0470443333333326,0.8821646666666659,1.7096863739610546,-0.47972491903537584,-1.5305139143333797,0.0
27656.0,0.0,0.0,0.0,1.4106273333333328,2.0470443333333326,0.8821646666666659,1.7096914871573452,-0.4797189397594925,-1.5252209263333798,0.0
27668.0,0.0,0.0,0.0,1.4106273333333328,2.0470443333333326,0.8821646666666659,1.70969649808971,-0.47971308006912683,-1.51992793833338,0.0
27680.0,0.0,0.0,0.0,1.4106273333333328,2.0470443333333326,0.8821646666666659,1.7097014088034277,-0.47970733757256845,-1.51463495033338,0.0
27692.0,0.0,0.0,0.0,1.4106273333333328,2.0470443333333326,0.8821646666666659,1.7097062213028709,-0.47970170992594124,-1.5093419623333801,0.0
27704.0,0.0,0.0,0.0,1.4106273333333328,2.0470443333333326,0.8821646666666659,1.7097109375523252,-0.4796961948322466,-1.5040489743333803,0.0
27716.0,0.0,0.0,0.0,1.4106273333333328,2.0470443333333326,0.8821646666666659,1.7097155594767905,-0.47969079004042586,-1.4987559863333804,0.0
27728.0,0.0,0.0,0.0,1.4106273333333328,2.0470443333333326,0.8821646666666659,1.7097200889627666,-0.47968549334444155,-1.4934629983333805,0.0
27740.0,0.0,0.0,0.0,1.4106273333333328,2.0470443333333326,0.8821646666666659,1.709724527859023,-0.4796803025823769,-1.4881700103333806,0.0
27752.0,0.0,0.0,0.0,1.4106273333333328,2.0470443333333326,0.8821646666666659,1.7097288779773543,-0.4796752156355536,-1.4828770223333807,0.0
27764.0,0.0,0.0,0.0,1.4106273333333328,2.0470443333333326,0.8821646666666659,1.709733141093319,-0.4796702304276667,-1.4775840343333808,0.0
27776.0,0.0,0.0,0.0,1.4106273333333328,2.0470443333333326,0.8821646666666659,1.7097373189469645,-0.4796653449239376,-1.472291046333381,0.0
27788.0,0.0,0.0,0.0,1.4106273333333328,2.0470443333333326,0.8821646666666659,1.709741413243537,-0.479660557130283,-1.466998058333381,0.0
27800.0,0.0,0.0,0.0,1.4106273333333328,2.0470443333333326,0.8821646666666659,1.709745425654178,-0.4796558650925015,-1.4617050703333812,0.0
27812.0,0.0,0.0,0.0,1.4106273333333328,2.0470443333333326,0.8821646666666659,1.709749357816606,-0.47965126689547566,-1.4564120823333813,0.0
27824.0,0.0,0.0,0.0,1.4106273333333328,2.0470443333333326,0.8821646666666659,1.7097532113357858,-0.4796467606623903,-1.4511190943333814,0.0
27836.0,0.0,0.0,0.0,1.4106273333333328,2.0470443333333326,0.8821646666666659,1.709756987784582,-0.4796423445539667,-1.4458261063333815,0.0
27848.0,0.0,0.0,0.0,1.4106273333333328,2.0470443333333326,0.8821646666666659,1.7097606887044021,-0.47963801676771156,-1.4405331183333816,0.0
27860.0,0.0,0.0,0.0,1.4106273333333328,2.0470443333333326,0.8821646666666659,1.7097643156058258,-0.4796337755371815,-1.4352401303333817,0.0
27872.0,0.0,0.0,0.0,1.4106273333333328,2.0470443333333326,0.8821646666666659,1.709767869969221,-0.47962961913126206,-1.4299471423333818,0.0
27884.0,0.0,0.0,0.0,1.4106273333333328,2.0470443333333326,0.8821646666666659,1.7097713532453482,-0.479625545853461,-1.424654154333382,0.0
27896.0,0.0,0.0,0.0,1.4106273333333328,2.0470443333333326,0.8821646666666659,1.709774766855953,-0.479621554041216,-1.419361166333382,0.0
27908.0,0.0,0.0,0.0,1.4106273333333328,2.0470443333333326,0.8821646666666659,1.7097781121943458,-0.47961764206521584,-1.4140681783333822,0.0
27920.0,0.0,0.0,0.0,1.4106273333333328,2.0470443333333326,0.8821646666666659,1.7097813906259707,-0.47961380832873574,-1.4087751903333823,0.0
27932.0,0.0,0.0,0.0,1.4106273333333328,2.0470443333333326,0.8821646666666659,1.709784603488963,-0.4796100512669852,-1.4034822023333824,0.0
27944.0,0.0,0.0,0.0,1.4106273333333328,2.0470443333333326,0.8821646666666659,1.7097877520946956,-0.47960636934646966,-1.3981892143333825,0.0
27956.0,0.0,0.0,0.0,1.4106273333333328,2.0470443333333326,0.8821646666666659,1.7097908377283135,-0.47960276106436445,-1.3928962263333826,0.0
27968.0,0.0,0.0,0.0,1.4106273333333328,2.0470443333333326,0.8821646666666659,1.709793861649259,-0.47959922494790136,-1.3876032383333827,0.0
27980.0,0.0,0.0,0.0,1.4106273333333328,2.0470443333333326,0.8821646666666659,1.7097968250917857,-0.47959575955376754,-1.3823102503333828,0.0
27992.0,0.0,0.0,0.0,1.4106273333333328,2.0470443333333326,0.8821646666666659,1.7097997292654616,-0.4795923634675164,-1.377017262333383,0.0
28004.0,0.0,0.0,0.0,1.4106273333333328,2.0470443333333326,0.8821646666666659,1.7098025753556643,-0.47958903530299024,-1.371724274333383,0.0
28016.0,0.0,0.0,0.0,1.4106273333333328,2.0470443333333326,0.8821646666666659,1.7098053645240627,-0.4795857737017546,-1.3664312863333832,0.0
28028.0,0.0,0.0,0.0,1.4106273333333328,2.0470443333333326,0.8821646666666659,1.7098080979090933,-0.47958257733254367,-1.3611382983333833,0.0
28040.0,0.0,0.0,0.0,1.4106273333333328,2.0470443333333326,0.8821646666666659,1.7098107766264232,-0.47957944489071697,-1.3558453103333834,0.0
28052.0,0.0,0.0,0.0,1.4106273333333328,2.0470443333333326,0.8821646666666659,1.7098134017694064,-0.4795763750977268,-1.3505523223333835,0.0
28064.0,0.0,0.0,0.0,1.4106273333333328,2.0470443333333326,0.8821646666666659,1.70981597440953,-0.47957336670059647,-1.3452593343333836,0.0
28076.0,0.0,0.0,0.0,1.4106273333333328,2.0470443333333326,0.8821646666666659,1.7098184955968512,-0.47957041847140874,-1.3399663463333837,0.0
28088.0,0.0,0.0,0.0,1.4106273333333328,2.0470443333333326,0.8821646666666659,1.709820966360426,-0.47956752920680473,-1.3346733583333839,0.0
28100.0,0.0,0.0,0.0,1.4106273333333328,2.0470443333333326,0.8821646666666659,1.7098233877087292,-0.47956469772749283,-1.329380370333384,0.0
28112.0,0.0,0.0,0.0,1.4106273333333328,2.0470443333333326,0.8821646666666659,1.7098257606300664,-0.47956192287776717,-1.324087382333384,0.0
28124.0,0.0,0.0,0.0,1.4106273333333328,2.0470443333333326,0.8821646666666659,1.7098280860929769,-0.479559203525036,-1.3187943943333842,0.0
28136.0,0.0,0.0,0.0,1.4106273333333328,2.0470443333333326,0.8821646666666659,1.709830365046629,-0.4795565385593595,-1.3135014063333843,0.0
28148.0,0.0,0.0,0.0,1.4106273333333328,2.0470443333333326,0.8821646666666659,1.7098325984212084,-0.4795539268929965,-1.3082084183333844,0.0
28160.0,0.0,0.0,0.0,1.4106273333333328,2.0470443333333326,0.8821646666666659,1.709834787128296,-0.47955136745996074,-1.3029154303333845,0.0
28172.0,0.0,0.0,0.0,1.4106273333333328,2.0470443333333326,0.8821646666666659,1.7098369320612419,-0.4795488592155857,-1.2976224423333846,0.0
28184.0,0.0,0.0,0.0,1.4106273333333328,2.0470443333333326,0.8821646666666659,1.7098390340955287,-0.4795464011360982,-1.2923294543333848,0.0
28196.0,0.0,0.0,0.0,1.4106273333333328,2.0470443333333326,0.8821646666666659,1.70984109408913,-0.47954399221820043,-1.2870364663333849,0.0
28208.0,0.0,0.0,0.0,1.4106273333333328,2.0470443333333326,0.8821646666666659,1.709843112882859,-0.4795416314786606,-1.281743478333385,0.0
28220.0,0.0,0.0,0.0,1.4106273333333328,2.0470443333333326,0.8821646666666659,1.7098450913007137,-0.4795393179539115,-1.276450490333385,0.0
28232.0,0.0,0.0,0.0,1.4106273333333328,2.0470443333333326,0.8821646666666659,1.7098470301502111,-0.47953705069965746,-1.2711575023333852,0.0
28244.0,0.0,0.0,0.0,1.4106273333333328,2.0470443333333326,0.8821646666666659,1.7098489302227187,-0.4795348287904885,-1.2658645143333853,0.0
28256.0,0.0,0.0,0.0,1.4106273333333328,2.0470443333333326,0.8821646666666659,1.709850792293776,-0.4795326513195029,-1.2605715263333854,0.0
28268.0,0.0,0.0,0.0,1.4106273333333328,2.0470443333333326,0.8821646666666659,1.7098526171234123,-0.479530517397937,-1.2552785383333855,0.0
28280.0,0.0,0.0,0.0,1.4106273333333328,2.0470443333333326,0.8821646666666659,1.7098544054564557,-0.47952842615480246,-1.2499855503333857,0.0
28292.0,0.0,0.0,0.0,1.4106273333333328,2.0470443333333326,0.8821646666666659,1.7098561580228384,-0.47952637673653054,-1.2446925623333858,0.0
28304.0,0.0,0.0,0.0,1.4106273333333328,2.0470443333333326,0.8821646666666659,1.7098578755378935,-0.4795243683066241,-1.2393995743333859,0.0
28316.0,0.0,0.0,0.0,1.4106273333333328,2.0470443333333326,0.8821646666666659,1.7098595587026473,-0.4795224000453158,-1.234106586333386,0.0
28328.0,0.0,0.0,0.0,1.4106273333333328,2.0470443333333326,0.8821646666666659,1.709861208204106,-0.4795204711492337,-1.228813598333386,0.0
28340.0,0.0,0.0,0.0,1.4106273333333328,2.0470443333333326,0.8821646666666659,1.7098628247155356,-0.4795185808310732,-1.2235206103333862,0.0
28352.0,0.0,0.0,0.0,1.4106273333333328,2.0470443333333326,0.8821646666666659,1.7098644088967367,-0.4795167283192759,-1.2182276223333863,0.0
28364.0,0.0,0.0,0.0,1.4106273333333328,2.0470443333333326,0.8821646666666659,1.7098659613943137,-0.4795149128577145,-1.2129346343333864,0.0
28376.0,0.0,0.0,0.0,1.4106273333333328,2.0470443333333326,0.8821646666666659,1.7098674828419391,-0.4795131337053844,-1.2076416463333866,0.0
28388.0,0.0,0.0,0.0,1.4106273333333328,2.0470443333333326,0.8821646666666659,1.709868973860612,-0.4795113901361009,-1.2023486583333867,0.0
28400.0,0.0,0.0,0.0,1.4106273333333328,2.0470443333333326,0.8821646666666659,1.7098704350589116,-0.47950968143820305,-1.1970556703333868,0.0
28412.0,0.0,0.0,0.0,1.4106273333333328,2.0470443333333326,0.8821646666666659,1.7098718670332451,-0.47950800691426315,-1.191762682333387,0.0
28424.0,0.0,0.0,0.0,1.4106273333333328,2.0470443333333326,0.8821646666666659,1.709873270368092,-0.4795063658808021,-1.186469694333387,0.0
28436.0,0.0,0.0,0.0,1.4106273333333328,2.0470443333333326,0.8821646666666659,1.709874645636242,-0.4795047576680102,-1.1811767063333871,0.0
28448.0,0.0,0.0,0.0,1.4106273333333328,2.0470443333333326,0.8821646666666659,1.7098759933990288,-0.4795031816194742,-1.1758837183333872,0.0
28460.0,0.0,0.0,0.0,1.4106273333333328,2.0470443333333326,0.8821646666666659,1.70987731420656,-0.4795016370919089,-1.1705907303333873,0.0
28472.0,0.0,0.0,0.0,1.4106273333333328,2.0470443333333326,0.8821646666666659,1.7098786085979405,-0.4795001234548949,-1.1652977423333875,0.0
28484.0,0.0,0.0,0.0,1.4106273333333328,2.0470443333333326,0.8821646666666659,1.7098798771014934,-0.4794986400906212,-1.1600047543333876,0.0
28496.0,0.0,0.0,0.0,1.4106273333333328,2.0470443333333326,0.8821646666666659,1.7098811202349753,-0.479497186393633,-1.1547117663333877,0.0
28508.0,0.0,0.0,0.0,1.4106273333333328,2.0470443333333326,0.8821646666666659,1.7098823385057875,-0.4794957617705845,-1.1494187783333878,0.0
28520.0,0.0,0.0,0.0,1.4106273333333328,2.0470443333333326,0.8821646666666659,1.7098835324111836,-0.479494365639997,-1.144125790333388,0.0
28532.0,0.0,0.0,0.0,1.4106273333333328,2.0470443333333326,0.8821646666666659,1.7098847024384718,-0.47949299743202123,-1.138832802333388,0.0
28544.0,0.0,0.0,0.0,1.4106273333333328,2.0470443333333326,0.8821646666666659,1.7098858490652142,-0.479491656588205,-1.1335398143333881,0.0
28556.0,0.0,0.0,0.0,1.4106273333333328,2.0470443333333326,0.8821646666666659,1.7098869727594217,-0.47949034256126505,-1.1282468263333882,0.0
28568.0,0.0,0.0,0.0,1.4106273333333328,2.0470443333333326,0.8821646666666659,1.709888073979745,-0.4794890548148639,-1.1229538383333884,0.0
28580.0,0.0,0.0,0.0,1.4106273333333328,2.0470443333333326,0.8821646666666659,1.709889153175662,-0.4794877928233908,-1.1176608503333885,0.0
28592.0,0.0,0.0,0.0,1.4106273333333328,2.0470443333333326,0.8821646666666659,1.7098902107876606,-0.47948655607174717,-1.1123678623333886,0.0
28604.0,0.0,0.0,0.0,1.4106273333333328,2.0470443333333326,0.8821646666666659,1.709891247247419,-0.47948534405513643,-1.1070748743333887,0.0
28616.0,0.0,0.0,0.0,1.4106273333333328,2.0470443333333326,0.8821646666666659,1.7098922629779825,-0.4794841562788579,-1.1017818863333888,0.0
28628.0,0.0,0.0,0.0,1.4106273333333328,2.0470443333333326,0.8821646666666659,1.7098932583939346,-0.4794829922581049,-1.096488898333389,0.0
28640.0,0.0,0.0,0.0,1.4106273333333328,2.0470443333333326,0.8821646666666659,1.7098942339015677,-0.479481851517767,-1.091195910333389,0.0
28652.0,0.0,0.0,0.0,1.4106273333333328,2.0470443333333326,0.8821646666666659,1.7098951898990482,-0.47948073359223586,-1.0859029223333891,0.0
28664.0,0.0,0.0,0.0,1.4106273333333328,2.0470443333333326,0.8821646666666659,1.709896126776579,-0.4794796380252153,-1.0806099343333893,0.0
28676.0,0.0,0.0,0.0,1.4106273333333328,2.0470443333333326,0.8821646666666659,1.7098970449165594,-0.4794785643695352,-1.0753169463333894,0.0
28688.0,0.0,0.0,0.0,1.4106273333333328,2.0470443333333326,0.8821646666666659,1.70989794469374,-0.47947751218696866,-1.0700239583333895,0.0
28700.0,0.0,0.0,0.0,1.4106273333333328,2.0470443333333326,0.8821646666666659,1.709898826475377,-0.47947648104805346,-1.0647309703333896,0.0
28712.0,0.0,0.0,0.0,1.4106273333333328,2.0470443333333326,0.8821646666666659,1.7098996906213813,-0.4794754705319166,-1.0594379823333897,0.0
28724.0,0.0,0.0,0.0,1.4106273333333328,2.0470443333333326,0.8821646666666659,1.7099005374844654,-0.47947448022610245,-1.0541449943333898,0.0
28736.0,0.0,0.0,0.0,1.4106273333333328,2.0470443333333326,0.8821646666666659,1.7099013674102879,-0.47947350972640457,-1.04885200633339,0.0
28748.0,0.0,0.0,0.0,1.4106273333333328,2.0470443333333326,0.8821646666666659,1.7099021807375938,-0.4794725586367007,-1.04355901833339,0.0
28760.0,0.0,0.0,0.0,1.4106273333333328,2.0470443333333326,0.8821646666666659,1.7099029777983537,-0.47947162656879083,-1.0382660303333902,0.0
28772.0,0.0,0.0,0.0,1.4106273333333328,2.0470443333333326,0.8821646666666659,1.7099037589178983,-0.4794707131422392,-1.0329730423333903,0.0
28784.0,0.0,0.0,0.0,1.4106273333333328,2.0470443333333326,0.8821646666666659,1.7099045244150521,-0.4794698179842186,-1.0276800543333904,0.0
28796.0,0.0,0.0,0.0,1.4106273333333328,2.0470443333333326,0.8821646666666659,1.709905274602263,-0.4794689407293584,-1.0223870663333905,0.0
28808.0,0.0,0.0,0.0,1.4106273333333328,2.0470443333333326,0.8821646666666659,1.7099060097857295,-0.4794680810195954,-1.0170940783333906,0.0
28820.0,0.0,0.0,0.0,1.4106273333333328,2.0470443333333326,0.8821646666666659,1.7099067302655266,-0.4794672385040277,-1.0118010903333907,0.0
28832.0,0.0,0.0,0.0,1.4106273333333328,2.0470443333333326,0.8821646666666659,1.7099074363357278,-0.47946641283877134,-1.0065081023333908,0.0
28844.0,0.0,0.0,0.0,1.4106273333333328,2.0470443333333326,0.8821646666666659,1.709908128284525,-0.4794656036868201,-1.001215114333391,0.0
28856.0,0.0,0.0,0.0,1.4106273333333328,2.0470443333333326,0.8821646666666659,1.7099088063943462,-0.4794648107179079,-0.995922126333391,0.0
28868.0,0.0,0.0,0.0,1.4106273333333328,2.0470443333333326,0.8821646666666659,1.709909470941971,-0.4794640336083739,-0.990629138333391,0.0
28880.0,0.0,0.0,0.0,1.4106273333333328,2.0470443333333326,0.8821646666666659,1.7099101221986435,-0.4794632720410306,-0.985336150333391,0.0
28892.0,0.0,0.0,0.0,1.4106273333333328,2.0470443333333326,0.8821646666666659,1.7099107604301824,-0.47946252570503417,-0.980043162333391,0.0
28904.0,0.0,0.0,0.0,1.4106273333333328,2.0470443333333326,0.8821646666666659,1.7099113858970905,-0.4794617942957577,-0.974750174333391,0.0
28916.0,0.0,0.0,0.0,1.4106273333333328,2.0470443333333326,0.8821646666666659,1.7099119988546605,-0.4794610775146667,-0.969457186333391,0.0
28928.0,0.0,0.0,0.0,1.4106273333333328,2.0470443333333326,0.8821646666666659,1.709912599553079,-0.4794603750691976,-0.964164198333391,0.0
28940.0,0.0,0.0,0.0,1.4106273333333328,2.0470443333333326,0.8821646666666659,1.7099131882375294,-0.47945968667263783,-0.958871210333391,0.0
28952.0,0.0,0.0,0.0,1.4106273333333328,2.0470443333333326,0.8821646666666659,1.7099137651482905,-0.47945901204400926,-0.953578222333391,0.0
28964.0,0.0,0.0,0.0,1.4106273333333328,2.0470443333333326,0.8821646666666659,1.7099143305208364,-0.47945835090795325,-0.948285234333391,0.0
28976.0,0.0,0.0,0.0,1.4106273333333328,2.0470443333333326,0.8821646666666659,1.7099148845859315,-0.4794577029946184,-0.942992246333391,0.0
28988.0,0.0,0.0,0.0,1.4106273333333328,2.0470443333333326,0.8821646666666659,1.7099154275697246,-0.4794570680395502,-0.937699258333391,0.0
29000.0,0.0,0.0,0.0,1.4106273333333328,2.0470443333333326,0.8821646666666659,1.7099159596938418,-0.4794564457835834,-0.932406270333391,0.0
29012.0,0.0,0.0,0.0,1.4106273333333328,2.0470443333333326,0.8821646666666659,1.7099164811754768,-0.4794558359727359,-0.927113282333391,0.0
29024.0,0.0,0.0,0.0,1.4106273333333328,2.0470443333333326,0.8821646666666659,1.709916992227479,-0.47945523835810533,-0.921820294333391,0.0
29036.0,0.0,0.0,0.0,1.4106273333333328,2.0470443333333326,0.8821646666666659,1.7099174930584413,-0.4794546526957674,-0.916527306333391,0.0
29048.0,0.0,0.0,0.0,1.4106273333333328,2.0470443333333326,0.8821646666666659,1.7099179838727843,-0.4794540787466763,-0.911234318333391,0.0
29060.0,0.0,0.0,0.0,1.4106273333333328,2.0470443333333326,0.8821646666666659,1.7099184648708403,-0.47945351627656696,-0.905941330333391,0.0
29072.0,0.0,0.0,0.0,1.4106273333333328,2.0470443333333326,0.8821646666666659,1.7099189362489353,-0.4794529650558598,-0.900648342333391,0.0
29084.0,0.0,0.0,0.0,1.4106273333333328,2.0470443333333326,0.8821646666666659,1.7099193981994685,-0.4794524248595668,-0.895355354333391,0.0
29096.0,0.0,0.0,0.0,1.4106273333333328,2.0470443333333326,0.8821646666666659,1.709919850910991,-0.47945189546719963,-0.890062366333391,0.0
29108.0,0.0,0.0,0.0,1.4106273333333328,2.0470443333333326,0.8821646666666659,1.709920294568283,-0.47945137666267984,-0.884769378333391,0.0
29120.0,0.0,0.0,0.0,1.4106273333333328,2.0470443333333326,0.8821646666666659,1.709920729352429,-0.4794508682342504,-0.879476390333391,0.0
29132.0,0.0,0.0,0.0,1.4106273333333328,2.0470443333333326,0.8821646666666659,1.7099211554408922,-0.4794503699743896,-0.874183402333391,0.0
29144.0,0.0,0.0,0.0,1.4106273333333328,2.0470443333333326,0.8821646666666659,1.709921573007586,-0.479449881679726,-0.868890414333391,0.0
29156.0,0.0,0.0,0.0,1.4106273333333328,2.0470443333333326,0.8821646666666659,1.7099219822229461,-0.4794494031509557,-0.863597426333391,0.0
29168.0,0.0,0.0,0.0,1.4106273333333328,2.0470443333333326,0.8821646666666659,1.709922383253999,-0.47944893419276075,-0.858304438333391,0.0
29180.0,0.0,0.0,0.0,1.4106273333333328,2.0470443333333326,0.8821646666666659,1.7099227762644307,-0.4794484746137297,-0.853011450333391,0.0
29192.0,0.0,0.0,0.0,1.4106273333333328,2.0470443333333326,0.8821646666666659,1.709923161414654,-0.4794480242262793,-0.847718462333391,0.0
29204.0,0.0,0.0,0.0,1.4106273333333328,2.0470443333333326,0.8821646666666659,1.7099235388618725,-0.4794475828465779,-0.842425474333391,0.0
29216.0,0.0,0.0,0.0,1.4106273333333328,2.0470443333333326,0.8821646666666659,1.7099239087601468,-0.47944715029447055,-0.837132486333391,0.0
29228.0,0.0,0.0,0.0,1.4106273333333328,2.0470443333333326,0.8821646666666659,1.7099242712604557,-0.4794467263934053,-0.831839498333391,0.0
29240.0,0.0,0.0,0.0,1.4106273333333328,2.0470443333333326,0.8821646666666659,1.7099246265107584,-0.4794463109703614,-0.826546510333391,0.0
29252.0,0.0,0.0,0.0,1.4106273333333328,2.0470443333333326,0.8821646666666659,1.709924974656055,-0.47944590385577834,-0.821253522333391,0.0
29264.0,0.0,0.0,0.0,1.4106273333333328,2.0470443333333326,0.8821646666666659,1.7099253158384458,-0.479445504883487,-0.815960534333391,0.0
29276.0,0.0,0.0,0.0,1.4106273333333328,2.0470443333333326,0.8821646666666659,1.7099256501971887,-0.47944511389064143,-0.810667546333391,0.0
29288.0,0.0,0.0,0.0,1.4106273333333328,2.0470443333333326,0.8821646666666659,1.7099259778687568,-0.47944473071765276,-0.805374558333391,0.0
29300.0,0.0,0.0,0.0,1.4106273333333328,2.0470443333333326,0.8821646666666659,1.7099262989868935,-0.4794443552081239,-0.800081570333391,0.0
29312.0,0.0,0.0,0.0,1.4106273333333328,2.0470443333333326,0.8821646666666659,1.7099266136826674,-0.4794439872087856,-0.794788582333391,0.0
29324.0,0.0,0.0,0.0,1.4106273333333328,2.0470443333333326,0.8821646666666659,1.709926922084526,-0.47944362656943407,-0.789495594333391,0.0
29336.0,0.0,0.0,0.0,1.4106273333333328,2.0470443333333326,0.8821646666666659,1.7099272243183472,-0.47944327314286955,-0.784202606333391,0.0
29348.0,0.0,0.0,0.0,1.4106273333333328,2.0470443333333326,0.8821646666666659,1.709927520507492,-0.47944292678483635,-0.778909618333391,0.0
29360.0,0.0,0.0,0.0,1.4106273333333328,2.0470443333333326,0.8821646666666659,1.709927810772854,-0.47944258735396383,-0.773616630333391,0.0
29372.0,0.0,0.0,0.0,1.4106273333333328,2.0470443333333326,0.8821646666666659,1.7099280952329086,-0.47944225471170876,-0.768323642333391,0.0
29384.0,0.0,0.0,0.0,1.4106273333333328,2.0470443333333326,0.8821646666666659,1.709928374003762,-0.4794419287222988,-0.763030654333391,0.0
29396.0,0.0,0.0,0.0,1.4106273333333328,2.0470443333333326,0.8821646666666659,1.7099286471991986,-0.479441609252677,-0.757737666333391,0.0
29408.0,0.0,0.0,0.0,1.4106273333333328,2.0470443333333326,0.8821646666666659,1.7099289149307264,-0.47944129617244763,-0.752444678333391,0.0
29420.0,0.0,0.0,0.0,1.4106273333333328,2.0470443333333326,0.8821646666666659,1.7099291773076237,-0.47944098935382284,-0.747151690333391,0.0
29432.0,0.0,0.0,0.0,1.4106273333333328,2.0470443333333326,0.8821646666666659,1.709929434436983,-0.4794406886715706,-0.741858702333391,0.0
29444.0,0.0,0.0,0.0,1.4106273333333328,2.0470443333333326,0.8821646666666659,1.7099296864237552,-0.47944039400296334,-0.736565714333391,0.0
29456.0,0.0,0.0,0.0,1.4106273333333328,2.0470443333333326,0.8821646666666659,1.7099299333707918,-0.4794401052277283,-0.731272726333391,0.0
29468.0,0.0,0.0,0.0,1.4106273333333328,2.0470443333333326,0.8821646666666659,1.7099301753788878,-0.4794398222279979,-0.725979738333391,0.0
29480.0,0.0,0.0,0.0,1.4106273333333328,2.0470443333333326,0.8821646666666659,1.7099304125468218,-0.4794395448882621,-0.720686750333391,0.0
29492.0,0.0,0.0,0.0,1.4106273333333328,2.0470443333333326,0.8821646666666659,1.7099306449713971,-0.4794392730953211,-0.715393762333391,0.0
29504.0,0.0,0.0,0.0,1.4106273333333328,2.0470443333333326,0.8821646666666659,1.709930872747481,-0.47943900673823886,-0.710100774333391,0.0
29516.0,0.0,0.0,0.0,1.4106273333333328,2.0470443333333326,0.8821646666666659,1.7099310959680432,-0.47943874570829825,-0.704807786333391,0.0
29528.0,0.0,0.0,0.0,1.4106273333333328,2.0470443333333326,0.8821646666666659,1.7099313147241941,-0.4794384898989565,-0.699514798333391,0.0
29540.0,0.0,0.0,0.0,1.4106273333333328,2.0470443333333326,0.8821646666666659,1.709931529105222,-0.47943823920580153,-0.694221810333391,0.0
29552.0,0.0,0.0,0.0,1.4106273333333328,2.0470443333333326,0.8821646666666659,1.7099317391986293,-0.4794379935265097,-0.688928822333391,0.0
29564.0,0.0,0.0,0.0,1.4106273333333328,2.0470443333333326,0.8821646666666659,1.7099319450901684,-0.4794377527608037,-0.683635834333391,0.0
29576.0,0.0,0.0,0.0,1.4106273333333328,2.0470443333333326,0.8821646666666659,1.7099321468638768,-0.4794375168104118,-0.678342846333391,0.0
29588.0,0.0,0.0,0.0,1.4106273333333328,2.0470443333333326,0.8821646666666659,1.709932344602111,-0.47943728557902776,-0.673049858333391,0.0
29600.0,0.0,0.0,0.0,1.4106273333333328,2.0470443333333326,0.8821646666666659,1.7099325383855806,-0.4794370589722714,-0.667756870333391,0.0
29612.0,0.0,0.0,0.0,1.4106273333333328,2.0470443333333326,0.8821646666666659,1.7099327282933807,-0.47943683689765015,-0.662463882333391,0.0
29624.0,0.0,0.0,0.0,1.4106273333333328,2.0470443333333326,0.8821646666666659,1.7099329144030249,-0.47943661926452136,-0.657170894333391,0.0
29636.0,0.0,0.0,0.0,1.4106273333333328,2.0470443333333326,0.8821646666666659,1.7099330967904762,-0.4794364059840551,-0.651877906333391,0.0
29648.0,0.0,0.0,0.0,1.4106273333333328,2.0470443333333326,0.8821646666666659,1.7099332755301784,-0.4794361969691982,-0.646584918333391,0.0
29660.0,0.0,0.0,0.0,1.4106273333333328,2.0470443333333326,0.8821646666666659,1.7099334506950865,-0.47943599213463844,-0.641291930333391,0.0
29672.0,0.0,0.0,0.0,1.4106273333333328,2.0470443333333326,0.8821646666666659,1.7099336223566965,-0.47943579139676984,-0.635998942333391,0.0
29684.0,0.0,0.0,0.0,1.4106273333333328,2.0470443333333326,0.8821646666666659,1.7099337905850744,-0.47943559467365865,-0.630705954333391,0.0
29696.0,0.0,0.0,0.0,1.4106273333333328,2.0470443333333326,0.8821646666666659,1.7099339554488848,-0.47943540188500966,-0.625412966333391,0.0
29708.0,0.0,0.0,0.0,1.4106273333333328,2.0470443333333326,0.8821646666666659,1.709934117015419,-0.47943521295213365,-0.620119978333391,0.0
29720.0,0.0,0.0,0.0,1.4106273333333328,2.0470443333333326,0.8821646666666659,1.7099342753506224,-0.47943502779791514,-0.614826990333391,0.0
29732.0,0.0,0.0,0.0,1.4106273333333328,2.0470443333333326,0.8821646666666659,1.7099344305191218,-0.479434846346781,-0.6095340023333911,0.0
29744.0,0.0,0.0,0.0,1.4106273333333328,2.0470443333333326,0.8821646666666659,1.7099345825842511,-0.4794346685246696,-0.6042410143333911,0.0
29756.0,0.0,0.0,0.0,1.4106273333333328,2.0470443333333326,0.8821646666666659,1.709934731608078,-0.47943449425900037,-0.5989480263333911,0.0
29768.0,0.0,0.0,0.0,1.4106273333333328,2.0470443333333326,0.8821646666666659,1.7099348776514283,-0.47943432347864456,-0.5936550383333911,0.0
29780.0,0.0,0.0,0.0,1.4106273333333328,2.0470443333333326,0.8821646666666659,1.7099350207739115,-0.47943415611389584,-0.5883620503333911,0.0
29792.0,0.0,0.0,0.0,1.4106273333333328,2.0470443333333326,0.8821646666666659,1.709935161033945,-0.4794339920964421,-0.5830690623333911,0.0
29804.0,0.0,0.0,0.0,1.4106273333333328,2.0470443333333326,0.8821646666666659,1.709935298488778,-0.4794338313593374,-0.5777760743333911,0.0
29816.0,0.0,0.0,0.0,1.4106273333333328,2.0470443333333326,0.8821646666666659,1.709935433194514,-0.4794336738369749,-0.5724830863333911,0.0
29828.0,0.0,0.0,0.0,1.4106273333333328,2.0470443333333326,0.8821646666666659,1.7099355652061354,-0.4794335194650596,-0.5671900983333911,0.0
29840.0,0.0,0.0,0.0,1.4106273333333328,2.0470443333333326,0.8821646666666659,1.7099356945775246,-0.4794333681805826,-0.5618971103333911,0.0
29852.0,0.0,0.0,0.0,1.4106273333333328,2.0470443333333326,0.8821646666666659,1.709935821361486,-0.4794332199217951,-0.5566041223333911,0.0
29864.0,0.0,0.0,0.0,1.4106273333333328,2.0470443333333326,0.8821646666666659,1.709935945609768,-0.4794330746281834,-0.5513111343333911,0.0
29876.0,0.0,0.0,0.0,1.4106273333333328,2.0470443333333326,0.8821646666666659,1.7099360673730843,-0.4794329322404439,-0.5460181463333911,0.0
29888.0,0.0,0.0,0.0,1.4106273333333328,2.0470443333333326,0.8821646666666659,1.7099361867011345,-0.47943279270045924,-0.5407251583333911,0.0
29900.0,0.0,0.0,0.0,1.4106273333333328,2.0470443333333326,0.8821646666666659,1.7099363036426236,-0.47943265595127427,-0.5354321703333911,0.0
29912.0,0.0,0.0,0.0,1.4106273333333328,2.0470443333333326,0.8821646666666659,1.709936418245283,-0.479432521937073,-0.5301391823333911,0.0
29924.0,0.0,0.0,0.0,1.4106273333333328,2.0470443333333326,0.8821646666666659,1.7099365305558891,-0.4794323906031557,-0.5248461943333911,0.0
29936.0,0.0,0.0,0.0,1.4106273333333328,2.0470443333333326,0.8821646666666659,1.7099366406202832,-0.4794322618959167,-0.5195532063333911,0.0
29948.0,0.0,0.0,0.0,1.4106273333333328,2.0470443333333326,0.8821646666666659,1.7099367484833892,-0.4794321357628225,-0.5142602183333911,0.0
29960.0,0.0,0.0,0.0,1.4106273333333328,2.0470443333333326,0.8821646666666659,1.7099368541892332,-0.4794320121523902,-0.5089672303333911,0.0
29972.0,0.0,0.0,0.0,1.4106273333333328,2.0470443333333326,0.8821646666666659,1.7099369577809604,-0.4794318910141665,-0.5036742423333911,0.0
29984.0,0.0,0.0,0.0,1.4106273333333328,2.0470443333333326,0.8821646666666659,1.709937059300853,-0.47943177229870737,-0.4983812543333911,0.0
29996.0,0.0,0.0,0.0,1.4106273333333328,2.0470443333333326,0.8821646666666659,1.7099371587903476,-0.4794316559575573,-0.4930882663333911,0.0
30008.0,0.0,0.0,0.0,1.4106273333333328,2.0470443333333326,0.8821646666666659,1.7099372562900523,-0.4794315419432303,-0.4877952783333911,0.0
30020.0,0.0,0.0,0.0,1.4106273333333328,2.0470443333333326,0.8821646666666659,1.7099373518397631,-0.4794314302091898,-0.4825022903333911,0.0
30032.0,0.0,0.0,0.0,1.4106273333333328,2.0470443333333326,0.8821646666666659,1.7099374454784797,-0.47943132070983013,-0.4772093023333911,0.0
30044.0,0.0,0.0,0.0,1.4106273333333328,2.0470443333333326,0.8821646666666659,1.7099375372444219,-0.47943121340045763,-0.4719163143333911,0.0
30056.0,0.0,0.0,0.0,1.4106273333333328,2.0470443333333326,0.8821646666666659,1.7099376271750453,-0.4794311082372726,-0.4666233263333911,0.0
30068.0,0.0,0.0,0.0,1.4106273333333328,2.0470443333333326,0.8821646666666659,1.709937715307056,-0.47943100517735127,-0.4613303383333911,0.0
30080.0,0.0,0.0,0.0,1.4106273333333328,2.0470443333333326,0.8821646666666659,1.7099378016764266,-0.4794309041786284,-0.4560373503333911,0.0
30092.0,0.0,0.0,0.0,1.4106273333333328,2.0470443333333326,0.8821646666666659,1.7099378863184098,-0.47943080519987996,-0.4507443623333911,0.0
30104.0,0.0,0.0,0.0,1.4106273333333328,2.0470443333333326,0.8821646666666659,1.7099379692675534,-0.4794307082007065,-0.4454513743333911,0.0
30116.0,0.0,0.0,0.0,1.4106273333333328,2.0470443333333326,0.8821646666666659,1.709938050557714,-0.47943061314151647,-0.4401583863333911,0.0
30128.0,0.0,0.0,0.0,1.4106273333333328,2.0470443333333326,0.8821646666666659,1.7099381302220715,-0.4794305199835103,-0.4348653983333911,0.0
30140.0,0.0,0.0,0.0,1.4106273333333328,2.0470443333333326,0.8821646666666659,1.7099382082931418,-0.4794304286886642,-0.4295724103333911,0.0
30152.0,0.0,0.0,0.0,1.4106273333333328,2.0470443333333326,0.8821646666666659,1.7099382848027906,-0.47943033921971506,-0.4242794223333911,0.0
30164.0,0.0,0.0,0.0,1.4106273333333328,2.0470443333333326,0.8821646666666659,1.7099383597822466,-0.4794302515401449,-0.4189864343333911,0.0
30176.0,0.0,0.0,0.0,1.4106273333333328,2.0470443333333326,0.8821646666666659,1.7099384332621135,-0.4794301656141662,-0.4136934463333911,0.0
30188.0,0.0,0.0,0.0,1.4106273333333328,2.0470443333333326,0.8821646666666659,1.709938505272383,-0.47943008140670706,-0.4084004583333911,0.0
30200.0,0.0,0.0,0.0,1.4106273333333328,2.0470443333333326,0.8821646666666659,1.709938575842447,-0.4794299988833971,-0.4031074703333911,0.0
30212.0,0.0,0.0,0.0,1.4106273333333328,2.0470443333333326,0.8821646666666659,1.7099386450011098,-0.47942991801055335,-0.3978144823333911,0.0
30224.0,0.0,0.0,0.0,1.4106273333333328,2.0470443333333326,0.8821646666666659,1.7099387127765995,-0.4794298387551664,-0.3925214943333911,0.0
30236.0,0.0,0.0,0.0,1.4106273333333328,2.0470443333333326,0.8821646666666659,1.7099387791965792,-0.4794297610848872,-0.3872285063333911,0.0
30248.0,0.0,0.0,0.0,1.4106273333333328,2.0470443333333326,0.8821646666666659,1.7099388442881593,-0.47942968496801364,-0.3819355183333911,0.0
30260.0,0.0,0.0,0.0,1.4106273333333328,2.0470443333333326,0.8821646666666659,1.709938908077908,-0.47942961037347753,-0.3766425303333911,0.0
30272.0,0.0,0.0,0.0,1.4106273333333328,2.0470443333333326,0.8821646666666659,1.7099389705918615,-0.47942953727083215,-0.3713495423333911,0.0
30284.0,0.0,0.0,0.0,1.4106273333333328,2.0470443333333326,0.8821646666666659,1.709939031855536,-0.4794294656302397,-0.3660565543333911,0.0
30296.0,0.0,0.0,0.0,1.4106273333333328,2.0470443333333326,0.8821646666666659,1.7099390918939372,-0.4794293954224591,-0.36076356633339113,0.0
30308.0,0.0,0.0,0.0,1.4106273333333328,2.0470443333333326,0.8821646666666659,1.7099391507315702,-0.4794293266188341,-0.35547057833339113,0.0
30320.0,0.0,0.0,0.0,1.4106273333333328,2.0470443333333326,0.8821646666666659,1.7099392083924505,-0.4794292591912816,-0.35017759033339113,0.0
30332.0,0.0,0.0,0.0,1.4106273333333328,2.0470443333333326,0.8821646666666659,1.7099392649001133,-0.47942919311228016,-0.34488460233339113,0.0
30344.0,0.0,0.0,0.0,1.4106273333333328,2.0470443333333326,0.8821646666666659,1.7099393202776227,-0.47942912835485874,-0.33959161433339113,0.0
30356.0,0.0,0.0,0.0,1.4106273333333328,2.0470443333333326,0.8821646666666659,1.7099393745475822,-0.47942906489258574,-0.33429862633339114,0.0
30368.0,0.0,0.0,0.0,1.4106273333333328,2.0470443333333326,0.8821646666666659,1.7099394277321422,-0.47942900269955824,-0.32900563833339114,0.0
30380.0,0.0,0.0,0.0,1.4106273333333328,2.0470443333333326,0.8821646666666659,1.7099394798530112,-0.4794289417503912,-0.32371265033339114,0.0
30392.0,0.0,0.0,0.0,1.4106273333333328,2.0470443333333326,0.8821646666666659,1.7099395309314627,-0.4794288820202075,-0.31841966233339114,0.0
30404.0,0.0,0.0,0.0,1.4106273333333328,2.0470443333333326,0.8821646666666659,1.709939580988345,-0.4794288234846275,-0.31312667433339114,0.0
30416.0,0.0,0.0,0.0,1.4106273333333328,2.0470443333333326,0.8821646666666659,1.7099396300440899,-0.47942876611975915,-0.30783368633339114,0.0
30428.0,0.0,0.0,0.0,1.4106273333333328,2.0470443333333326,0.8821646666666659,1.70993967811872,-0.47942870990218817,-0.30254069833339114,0.0
30440.0,0.0,0.0,0.0,1.4106273333333328,2.0470443333333326,0.8821646666666659,1.7099397252318573,-0.47942865480896857,-0.29724771033339115,0.0
30452.0,0.0,0.0,0.0,1.4106273333333328,2.0470443333333326,0.8821646666666659,1.709939771402732,-0.4794286008176134,-0.29195472233339115,0.0
30464.0,0.0,0.0,0.0,1.4106273333333328,2.0470443333333326,0.8821646666666659,1.7099398166501891,-0.4794285479060853,-0.28666173433339115,0.0
30476.0,0.0,0.0,0.0,1.4106273333333328,2.0470443333333326,0.8821646666666659,1.709939860992697,-0.47942849605278776,-0.28136874633339115,0.0
30488.0,0.0,0.0,0.0,1.4106273333333328,2.0470443333333326,0.8821646666666659,1.7099399044483548,-0.4794284452365562,-0.27607575833339115,0.0
30500.0,0.0,0.0,0.0,1.4106273333333328,2.0470443333333326,0.8821646666666659,1.7099399470348995,-0.4794283954366493,-0.27078277033339115,0.0
30512.0,0.0,0.0,0.0,1.4106273333333328,2.0470443333333326,0.8821646666666659,1.7099399887697133,-0.4794283466327405,-0.26548978233339116,0.0
30524.0,0.0,0.0,0.0,1.4106273333333328,2.0470443333333326,0.8821646666666659,1.7099400296698308,-0.47942829880490984,-0.26019679433339116,0.0
30536.0,0.0,0.0,0.0,1.4106273333333328,2.0470443333333326,0.8821646666666659,1.709940069751946,-0.4794282519336358,-0.25490380633339116,0.0
30548.0,0.0,0.0,0.0,1.4106273333333328,2.0470443333333326,0.8821646666666659,1.7099401090324189,-0.47942820599978725,-0.24961081833339116,0.0
30560.0,0.0,0.0,0.0,1.4106273333333328,2.0470443333333326,0.8821646666666659,1.7099401475272822,-0.4794281609846157,-0.24431783033339116,0.0
30572.0,0.0,0.0,0.0,1.4106273333333328,2.0470443333333326,0.8821646666666659,1.7099401852522482,-0.47942811686974757,-0.23902484233339116,0.0
30584.0,0.0,0.0,0.0,1.4106273333333328,2.0470443333333326,0.8821646666666659,1.7099402222227151,-0.4794280736371768,-0.23373185433339116,0.0
30596.0,0.0,0.0,0.0,1.4106273333333328,2.0470443333333326,0.8821646666666659,1.7099402584537726,-0.4794280312692575,-0.22843886633339117,0.0
30608.0,0.0,0.0,0.0,1.4106273333333328,2.0470443333333326,0.8821646666666659,1.7099402939602089,-0.4794279897486965,-0.22314587833339117,0.0
30620.0,0.0,0.0,0.0,1.4106273333333328,2.0470443333333326,0.8821646666666659,1.7099403287565165,-0.47942794905854674,-0.21785289033339117,0.0
30632.0,0.0,0.0,0.0,1.4106273333333328,2.0470443333333326,0.8821646666666659,1.7099403628568979,-0.4794279091822,-0.21255990233339117,0.0
30644.0,0.0,0.0,0.0,1.4106273333333328,2.0470443333333326,0.8821646666666659,1.7099403962752717,-0.4794278701033802,-0.20726691433339117,0.0
30656.0,0.0,0.0,0.0,1.4106273333333328,2.0470443333333326,0.8821646666666659,1.709940429025278,-0.4794278318061368,-0.20197392633339117,0.0
30668.0,0.0,0.0,0.0,1.4106273333333328,2.0470443333333326,0.8821646666666659,1.7099404611202842,-0.4794277942748382,-0.19668093833339118,0.0
30680.0,0.0,0.0,0.0,1.4106273333333328,2.0470443333333326,0.8821646666666659,1.7099404925733903,-0.47942775749416566,-0.19138795033339118,0.0
30692.0,0.0,0.0,0.0,1.4106273333333328,2.0470443333333326,0.8821646666666659,1.7099405233974343,-0.47942772144910656,-0.18609496233339118,0.0
30704.0,0.0,0.0,0.0,1.4106273333333328,2.0470443333333326,0.8821646666666659,1.7099405536049974,-0.4794276861249486,-0.18080197433339118,0.0
30716.0,0.0,0.0,0.0,1.4106273333333328,2.0470443333333326,0.8821646666666659,1.7099405832084091,-0.47942765150727384,-0.17550898633339118,0.0
30728.0,0.0,0.0,0.0,1.4106273333333328,2.0470443333333326,0.8821646666666659,1.7099406122197527,-0.47942761758195257,-0.17021599833339118,0.0
30740.0,0.0,0.0,0.0,1.4106273333333328,2.0470443333333326,0.8821646666666659,1.7099406406508695,-0.4794275843351377,-0.16492301033339118,0.0
30752.0,0.0,0.0,0.0,1.4106273333333328,2.0470443333333326,0.8821646666666659,1.7099406685133638,-0.47942755175325913,-0.15963002233339119,0.0
30764.0,0.0,0.0,0.0,1.4106273333333328,2.0470443333333326,0.8821646666666659,1.7099406958186083,-0.4794275198230181,-0.1543370343333912,0.0
30776.0,0.0,0.0,0.0,1.4106273333333328,2.0470443333333326,0.8821646666666659,1.7099407225777479,-0.47942748853138195,-0.1490440463333912,0.0
30788.0,0.0,0.0,0.0,1.4106273333333328,2.0470443333333326,0.8821646666666659,1.7099407488017047,-0.4794274578655785,-0.1437510583333912,0.0
30800.0,0.0,0.0,0.0,1.4106273333333328,2.0470443333333326,0.8821646666666659,1.7099407745011823,-0.4794274278130911,-0.1384580703333912,0.0
30812.0,0.0,0.0,0.0,1.4106273333333328,2.0470443333333326,0.8821646666666659,1.7099407996866705,-0.4794273983616535,-0.1331650823333912,0.0
30824.0,0.0,0.0,0.0,1.4106273333333328,2.0470443333333326,0.8821646666666659,1.7099408243684489,-0.4794273694992446,-0.1278720943333912,0.0
30836.0,0.0,0.0,0.0,1.4106273333333328,2.0470443333333326,0.8821646666666659,1.7099408485565917,-0.47942734121408387,-0.1225791063333912,0.0
30848.0,0.0,0.0,0.0,1.4106273333333328,2.0470443333333326,0.8821646666666659,1.7099408722609717,-0.47942731349462636,-0.1172861183333912,0.0
30860.0,0.0,0.0,0.0,1.4106273333333328,2.0470443333333326,0.8821646666666659,1.709940895491264,-0.479427286329558,-0.1119931303333912,0.0
30872.0,0.0,0.0,0.0,1.4106273333333328,2.0470443333333326,0.8821646666666659,1.7099409182569505,-0.47942725970779104,-0.1067001423333912,0.0
30884.0,0.0,0.0,0.0,1.4106273333333328,2.0470443333333326,0.8821646666666659,1.7099409405673232,-0.4794272336184594,-0.1014071543333912,0.0
30896.0,0.0,0.0,0.0,1.4106273333333328,2.0470443333333326,0.8821646666666659,1.7099409624314885,-0.4794272080509144,-0.0961141663333912,0.0
30908.0,0.0,0.0,0.0,1.4106273333333328,2.0470443333333326,0.8821646666666659,1.7099409838583706,-0.47942718299472026,-0.0908211783333912,0.0
30920.0,0.0,0.0,0.0,1.4106273333333328,2.0470443333333326,0.8821646666666659,1.709941004856715,-0.47942715843965006,-0.08552819033339121,0.0
30932.0,0.0,0.0,0.0,1.4106273333333328,2.0470443333333326,0.8821646666666659,1.7099410254350924,-0.47942713437568124,-0.08023520233339121,0.0
30944.0,0.0,0.0,0.0,1.4106273333333328,2.0470443333333326,0.8821646666666659,1.7099410456019024,-0.4794271107929918,-0.07494221433339121,0.0
30956.0,0.0,0.0,0.0,1.4106273333333328,2.0470443333333326,0.8821646666666659,1.7099410653653762,-0.47942708768195613,-0.06964922633339121,0.0
30968.0,0.0,0.0,0.0,1.4106273333333328,2.0470443333333326,0.8821646666666659,1.7099410847335803,-0.4794270650331412,-0.06435623833339121,0.0
30980.0,0.0,0.0,0.0,1.4106273333333328,2.0470443333333326,0.8821646666666659,1.7099411037144205,-0.47942704283730253,-0.059063250333391215,0.0
30992.0,0.0,0.0,0.0,1.4106273333333328,2.0470443333333326,0.8821646666666659,1.709941122315644,-0.47942702108538066,-0.05377026233339122,0.0
31004.0,0.0,0.0,0.0,1.4106273333333328,2.0470443333333326,0.8821646666666659,1.7099411405448428,-0.47942699976849723,-0.04847727433339122,0.0
31016.0,0.0,0.0,0.0,1.4106273333333328,2.0470443333333326,0.8821646666666659,1.7099411584094577,-0.4794269788779515,-0.04318428633339122,0.0
31028.0,0.0,0.0,0.0,1.4106273333333328,2.0470443333333326,0.8821646666666659,1.7099411759167804,-0.47942695840521665,-0.03789129833339122,0.0
31040.0,0.0,0.0,0.0,1.4106273333333328,2.0470443333333326,0.8821646666666659,1.7099411930739565,-0.4794269383419365,-0.03259831033339122,0.0
31052.0,0.0,0.0,0.0,1.4106273333333328,2.0470443333333326,0.8821646666666659,1.7099412098879891,-0.47942691867992193,-0.027305322333391228,0.0
31064.0,0.0,0.0,0.0,1.4106273333333328,2.0470443333333326,0.8821646666666659,1.7099412263657412,-0.4794268994111477,-0.022012334333391233,0.0
31076.0,0.0,0.0,0.0,1.4106273333333328,2.0470443333333326,0.8821646666666659,1.7099412425139382,-0.4794268805277489,-0.016719346333391238,0.0
31088.0,0.0,0.0,0.0,1.4106273333333328,2.0470443333333326,0.8821646666666659,1.709941258339171,-0.4794268620220181,-0.011426358333391243,0.0
31100.0,0.0,0.0,0.0,1.4106273333333328,2.0470443333333326,0.8821646666666659,1.7099412738478994,-0.47942684388640194,-0.006133370333391247,0.0
31112.0,0.0,0.0,0.0,1.4106273333333328,2.0470443333333326,0.8821646666666659,1.7099412890464532,-0.4794268261134981,-0.000840382333391251,0.0
31124.0,0.0,0.0,0.0,1.4106273333333328,2.0470443333333326,0.8821646666666659,1.7099413039410358,-0.4794268086960523,0.004452605666608745,0.0
31136.0,0.0,0.0,0.0,1.4106273333333328,2.0470443333333326,0.8821646666666659,1.7099413185377268,-0.47942679162695545,0.00974559366660874,0.0
31148.0,0.0,0.0,0.0,1.4106273333333328,2.0470443333333326,0.8821646666666659,1.709941332842484,-0.4794267748992405,0.015038581666608736,0.0
31160.0,0.0,0.0,0.0,1.4106273333333328,2.0470443333333326,0.8821646666666659,1.709941346861146,-0.4794267585060799,0.02033156966660873,0.0
31172.0,0.0,0.0,0.0,1.4106273333333328,2.0470443333333326,0.8821646666666659,1.709941360599435,-0.4794267424407825,0.025624557666608726,0.0
31184.0,0.0,0.0,0.0,1.4106273333333328,2.0470443333333326,0.8821646666666659,1.709941374062958,-0.47942672669679104,0.03091754566660872,0.0
31196.0,0.0,0.0,0.0,1.4106273333333328,2.0470443333333326,0.8821646666666659,1.7099413872572107,-0.4794267112676794,0.036210533666608716,0.0
31208.0,0.0,0.0,0.0,1.4106273333333328,2.0470443333333326,0.8821646666666659,1.7099414001875783,-0.47942669614715,0.041503521666608714,0.0
31220.0,0.0,0.0,0.0,1.4106273333333328,2.0470443333333326,0.8821646666666659,1.7099414128593386,-0.47942668132903116,0.04679650966660871,0.0
31232.0,0.0,0.0,0.0,1.4106273333333328,2.0470443333333326,0.8821646666666659,1.7099414252776637,-0.4794266668072747,0.05208949766660871,0.0
31244.0,0.0,0.0,0.0,1.4106273333333328,2.0470443333333326,0.8821646666666659,1.7099414374476223,-0.4794266525759534,0.05738248566660871,0.0
31256.0,0.0,0.0,0.0,1.4106273333333328,2.0470443333333326,0.8821646666666659,1.7099414493741816,-0.4794266386292585,0.06267547366660871,0.0
31268.0,0.0,0.0,0.0,1.4106273333333328,2.0470443333333326,0.8821646666666659,1.7099414610622097,-0.4794266249614975,0.0679684616666087,0.0
31280.0,0.0,0.0,0.0,1.4106273333333328,2.0470443333333326,0.8821646666666659,1.7099414725164772,-0.47942661156709176,0.0732614496666087,0.0
31292.0,0.0,0.0,0.0,1.4106273333333328,2.0470443333333326,0.8821646666666659,1.7099414837416596,-0.4794265984405741,0.0785544376666087,0.0
31304.0,0.0,0.0,0.0,1.4106273333333328,2.0470443333333326,0.8821646666666659,1.7099414947423381,-0.4794265855765868,0.0838474256666087,0.0
31316.0,0.0,0.0,0.0,1.4106273333333328,2.0470443333333326,0.8821646666666659,1.7099415055230032,-0.47942657296987923,0.0891404136666087,0.0
31328.0,0.0,0.0,0.0,1.4106273333333328,2.0470443333333326,0.8821646666666659,1.709941516088055,-0.4794265606153058,0.0944334016666087,0.0
31340.0,0.0,0.0,0.0,1.4106273333333328,2.0470443333333326,0.8821646666666659,1.7099415264418056,-0.4794265485078239,0.0997263896666087,0.0
31352.0,0.0,0.0,0.0,1.4106273333333328,2.0470443333333326,0.8821646666666659,1.7099415365884814,-0.47942653664249163,0.1050193776666087,0.0
31364.0,0.0,0.0,0.0,1.4106273333333328,2.0470443333333326,0.8821646666666659,1.7099415465322234,-0.479426525014466,0.1103123656666087,0.0
31376.0,0.0,0.0,0.0,1.4106273333333328,2.0470443333333326,0.8821646666666659,1.7099415562770908,-0.47942651361900085,0.11560535366660869,0.0
31388.0,0.0,0.0,0.0,1.4106273333333328,2.0470443333333326,0.8821646666666659,1.7099415658270607,-0.479426502451445,0.12089834166660869,0.0
31400.0,0.0,0.0,0.0,1.4106273333333328,2.0470443333333326,0.8821646666666659,1.7099415751860312,-0.4794264915072403,0.12619132966660868,0.0
31412.0,0.0,0.0,0.0,1.4106273333333328,2.0470443333333326,0.8821646666666659,1.7099415843578223,-0.4794264807819197,0.13148431766660867,0.0
31424.0,0.0,0.0,0.0,1.4106273333333328,2.0470443333333326,0.8821646666666659,1.7099415933461777,-0.47942647027110546,0.13677730566660867,0.0
31436.0,0.0,0.0,0.0,1.4106273333333328,2.0470443333333326,0.8821646666666659,1.709941602154766,-0.47942645997050753,0.14207029366660867,0.0
31448.0,0.0,0.0,0.0,1.4106273333333328,2.0470443333333326,0.8821646666666659,1.7099416107871825,-0.4794264498759216,0.14736328166660867,0.0
31460.0,0.0,0.0,0.0,1.4106273333333328,2.0470443333333326,0.8821646666666659,1.7099416192469508,-0.4794264399832273,0.15265626966660867,0.0
