tempo_ms,ax,ay,az,gx,gy,gz,pitch,roll,yaw,magnitude
37735.0,0.0015,0.0023,0.9203,0,0,0,0.00026567803193941854,-0.00017326828546444627,0.0,0.9203040964811577
37746.0,0.0021,0.0044,0.9275,0,-0.5143926666666667,0,0.0010126215095352634,-0.006116082173643569,0.0,0.9275128139276567
37757.0,0.0024,-0.0001,0.9287,0,0,0,0.0016616358161559886,-0.006637533725849525,0.0,0.9287031064877516
37768.0,0.0015,0.0038,0.9282,0,0,0,0.0026806783838721326,-0.00726359668895672,0.0,0.9282089904757441
37779.0,0.0035,0.0017,0.9167,0,0,0,0.0037808379662992303,-0.008219282584124556,0.0,0.9167082578443373
37790.0,0.0027,0.0015,0.9207,0,-0.5067926666666667,0,0.004927098561197873,-0.01483485868745403,0.0,0.9207051808260882
37801.0,0.0018,0.0046,0.9294,0,0,0,0.0064809431480216655,-0.015942223712937235,0.0,0.9294131266557408
37812.0,0.0044,0.0021,0.9333,0,0,0,0.008093933511422343,-0.017417005288252695,0.0,0.9333127342964951
37823.0,0.0011,0.0018,0.9252,0,0,0,0.009721843038297968,-0.0188204993056664,0.0,0.9252024048823047
37834.0,0.0026,-0.0001,0.9196,0,0,0,0.011132099227290904,-0.020339794445466783,0.0,0.9196036809408714
37845.0,0.0034,0.0031,0.9192,0,-0.5372926666666666,0,0.012733289668509675,-0.027847905502894402,0.0,0.9192115153760858
38031.0,0.0026,-0.0004,0.9257,0,-0.5067926666666667,0,0.01407546354810912,-0.12189925061363216,0.0,0.9257037377044558
38042.0,0.0004,0.0037,0.9299,0,0,0,0.015682595583910646,-0.12152029794421078,0.0,0.9299074470074965
38053.0,0.0038,0.0032,0.9261,0,0,0,0.017461107116526056,-0.12140866505075958,0.0,0.9261133245991011
38064.0,0.0023,0.002,0.9192,0,0,0,0.019243271833017585,-0.12135290083171878,0.0,0.9192050532933335
38075.0,0.0034,0.0006,0.9276,0,0,0,0.02085242939229985,-0.1214788557726465,0.0,0.9276064251610162
38086.0,0.0002,0.0028,0.9271,0,0,0,0.022574443749296534,-0.12137429436972257,0.0,0.9271042498014989
38097.0,-0.0005,0.0039,0.9266,0,0,0,0.024527580774232373,-0.12098060133355165,0.0,0.9266083422892327
38108.0,0.0006,0.0001,0.9225,0,0,0,0.026216688620370444,-0.12046767064789296,0.0,0.9225002005419836
38119.0,0.0031,0.0031,0.9188,0,0,0,0.028038023238462932,-0.12015787761006509,0.0,0.9188104592352004
38130.0,0.0001,0.0009,0.9196,0,0,0,0.029702153915238807,-0.11965943118580599,0.0,0.9196004458459119
38141.0,0.0018,0.0006,0.928,0,-0.5143926666666667,0,0.031185187893147094,-0.12474777789323752,0.0,0.9280019396531454
38152.0,0.0007,0.0021,0.9308,0,0,0,0.032689342744542826,-0.12408183517050592,0.0,0.9308026321406703
38163.0,0.001,0.0021,0.9236,0,0,0,0.03421080727875501,-0.1233708350044682,0.0,0.9236029287523941
38174.0,0.0021,0.0031,0.9224,0,0,0,0.03586807399582394,-0.12275719732374038,0.0,0.922407599708502
38185.0,0.0015,0.0022,0.9198,0,-0.5449926666666665,0,0.03753173636845838,-0.12803233524527938,0.0,0.9198038540906425
38196.0,0.0028,0.0023,0.9235,0,0,0,0.03920916556729316,-0.12748800469413907,0.0,0.9235071087977612
38207.0,0.0027,0.0027,0.927,0,-0.5067926666666667,0,0.040943876997280096,-0.13254973689459135,0.0,0.9270078640443133
38218.0,-0.001,-0.0005,0.9238,0,0,0,0.04233134101907819,-0.1317096036356,0.0,0.9238006765531187
38229.0,0.0017,0.0031,0.9186,0,0,0,0.04385564745178989,-0.1309169776518083,0.0,0.9186068038067212
38240.0,0.0038,0.0016,0.9202,0,-0.5449926666666665,0,0.0453118652567212,-0.1363023994052352,0.0,0.9202092370760033
38251.0,0.0035,0.0048,0.9222,0,0,0,0.047100645851142806,-0.13592625549271023,0.0,0.922219133395095
38603.0,0.0021,0.0061,0.9326,0,0,0,0.04933683338788264,-0.13558082921432457,0.0,0.9326223136940269
38614.0,-0.0004,-0.0004,0.9257,0,0,0,0.05116124830721796,-0.13495570816768013,0.0,0.9257001728421573
38625.0,0.0018,0.0046,0.9185,0,0,0,0.053239696454647635,-0.1343588842204321,0.0,0.9185132824298188
38636.0,0.0028,0.0001,0.9161,0,0,0,0.054981676712102245,-0.13391271076170394,0.0,0.9161042844567424
38647.0,0.0038,0.0007,0.9226,0,0,0,0.056495473343542574,-0.13372283824165027,0.0,0.9226080912283394
38658.0,0.0048,0.0034,0.9303,0,-0.5601926666666666,0,0.058137342556867325,-0.13991999338401337,0.0,0.9303185959659197
38669.0,0.0011,0.0024,0.9305,0,0,0,0.05976485453456426,-0.13980573724716014,0.0,0.9305037452906894
38680.0,0.0013,0.0006,0.9235,0,0,0,0.06115565814969239,-0.1395868791420302,0.0,0.9235011099072918
38691.0,0.0015,0.0011,0.9188,0,0,0,0.0623980043761712,-0.1393022032177894,0.0,0.9188018828887977
38702.0,0.0013,-0.0004,0.9235,0,-0.5830926666666665,0,0.0633196787370607,-0.14521966941575495,0.0,0.9235010016237123
38713.0,-0.0002,0.0005,0.9313,0,0,0,0.06406646701495297,-0.14446492667093447,0.0,0.9313001556963254
38724.0,-0.0013,0.0024,0.9275,0,0,0,0.06489372493834619,-0.14334888753322667,0.0,0.9275040161638115
38735.0,0.0026,0.0016,0.9233,0,0,0,0.06569218172029587,-0.14240022056468135,0.0,0.9233050470998195
38746.0,0.0015,0.0032,0.9186,0,0,0,0.06666298983205236,-0.14146584512280513,0.0,0.918606798363696
38757.0,0.0029,0.0016,0.9182,0,0,0,0.067585775580748,-0.14071964961200625,0.0,0.9182059736246547
38768.0,0.0012,0.0011,0.9252,0,0,0,0.06840063538489845,-0.13992862136763035,0.0,0.9252014321216759
38779.0,0.0018,0.0048,0.9259,0,0,0,0.06957726179196493,-0.13917388517120846,0.0,0.9259141914886065
38790.0,0.0017,0.0024,0.9247,0,0,0,0.0707733236426456,-0.13844053148887783,0.0,0.9247046771807743
38801.0,0.0029,-0.0005,0.9237,0,0,0,0.07162486744865475,-0.13787650477719549,0.0,0.923704687657262
38812.0,0.0049,0.0029,0.9246,0,-0.5296926666666666,0,0.07259213643321606,-0.14342078405522224,0.0,0.9246175317394755
38823.0,0.0021,0.0037,0.928,0,-0.5220926666666665,0,0.07375774904109418,-0.14877239036383702,0.0,0.9280097521039313
38834.0,0.0023,0.0034,0.9277,0,0,0,0.07505874504886563,-0.14841379354109063,0.0,0.9277090815552038
38845.0,0.0018,0.0027,0.9252,0,0,0,0.07639052875944242,-0.14802361514321416,0.0,0.9252056906439778
38856.0,0.0021,0.0037,0.9204,0,0,0,0.07787224317801966,-0.14764486785623235,0.0,0.920409832628922
38867.0,0.0033,0.0021,0.9172,0,-0.5143926666666667,0,0.07928601047499445,-0.15297186414990577,0.0,0.9172083405639092
38878.0,0.0031,0.0037,0.9208,0,-0.5143926666666667,0,0.08083435751329371,-0.15830430567951498,0.0,0.9208126519547828
38889.0,0.001,0.0027,0.9277,0,0,0,0.0823719223040492,-0.15782313543183435,0.0,0.9277044680284773
38900.0,0.0009,0.0057,0.9298,0,0,0,0.08426800913198852,-0.15719311367835173,0.0,0.9298179069043573
38911.0,0.0051,0.0011,0.9222,0,0,0,0.08590899281306236,-0.1569559109753992,0.0,0.9222147580688568
38922.0,0.0042,0.0016,0.912,0,0,0,0.08738713292180963,-0.15695767138314898,0.0,0.9120110744941643
38933.0,0.0023,0.0051,0.9249,0,-0.6212926666666667,0,0.08914850712620631,-0.1636277516425167,0.0,0.924916920593412
38944.0,-0.0001,0.0037,0.9343,0,0,0,0.09097865349952726,-0.16313997638870295,0.0,0.9343073316634094
38955.0,0.0027,0.0056,0.9303,0,0,0,0.09310257450544634,-0.16271636947724477,0.0,0.9303207726370513
38966.0,-0.0004,0.0007,0.9205,0,0,0,0.09487813989474914,-0.1619689621107823,0.0,0.9205003530689165
38977.0,0.004,0.0016,0.9109,0,0,0,0.09645786402464371,-0.16148566470315665,0.0,0.9109101876694541
38988.0,-0.0009,0.0018,0.9208,0,-0.6059926666666664,0,0.09788255438138875,-0.16715790596050273,0.0,0.9208021991720046
38999.0,0.0034,0.0034,0.9326,0,-0.5220926666666665,0,0.09936190987524755,-0.17199480170835246,0.0,0.932612395371196
39010.0,-0.0017,0.0024,0.9272,0,0,0,0.10076443948948915,-0.17064000236695484,0.0,0.9272046645698026
39021.0,0.007,0.0033,0.9133,0,0,0,0.10221318751447782,-0.16997495541348867,0.0,0.9133327871044595
39032.0,0.0031,-0.0007,0.9248,0,0,0,0.1031991094812677,-0.16943273245378987,0.0,0.9248054606240168
39043.0,0.0035,0.0023,0.9288,0,-0.5754926666666664,0,0.1041459530901344,-0.17525203695334232,0.0,0.928809442243133
39054.0,0.0044,0.0013,0.9309,0,0,0,0.10493183173761456,-0.17499401603144896,0.0,0.930911306194097
39065.0,0.0017,0.0017,0.9242,0,0,0,0.10562592098189552,-0.1746272742077916,0.0,0.9242031270234915
39076.0,0.0038,0.0004,0.9244,0,0,0,0.1060764642440721,-0.17442559521280476,0.0,0.9244078969805483
39087.0,-0.0004,0.0037,0.9226,0,0,0,0.10672087310432189,-0.17384988188597825,0.0,0.9226075059308806
39098.0,0.0043,0.0012,0.9177,0,0,0,0.10722645584760579,-0.1735297528314811,0.0,0.9177108586041683
39109.0,0.0013,0.005,0.9274,0,0,0,0.10807702795203838,-0.17306040353443924,0.0,0.9274143895799762
39120.0,0.0009,0.0029,0.9312,0,0,0,0.10896834629036703,-0.17240974609303225,0.0,0.9312049505882151
39131.0,0.0007,0.0045,0.9296,0,0,0,0.11009244281229626,-0.17157641502920656,0.0,0.9296111552686962
39142.0,0.0022,0.005,0.9211,0,0,0,0.11148457147611311,-0.17077191072504924,0.0,0.9211161978816788
39153.0,0.0045,0.002,0.9172,0,0,0,0.11274014142300173,-0.17028078461590263,0.0,0.917213219486069
39164.0,0.0012,0.0038,0.9244,0,-0.5296926666666666,0,0.1140931729050894,-0.17536584397856222,0.0,0.9244085893153524
39175.0,-0.001,0.0055,0.9243,0,0,0,0.11574029496593674,-0.17423699743382998,0.0,0.9243169045300427
39186.0,0.0044,0.0011,0.9333,0,0,0,0.11709432791538893,-0.17343582019116363,0.0,0.9333110199713706
39197.0,0.0007,0.0067,0.9231,0,0,0,0.11888524036549082,-0.1724695472814564,0.0,0.9231245798915767
39208.0,0.0012,0.0029,0.9241,0,0,0,0.12058670172339085,-0.1714212320974157,0.0,0.9241053294944251
39219.0,0.0017,-0.0001,0.9196,0,0,0,0.12183587192722474,-0.17036575484900948,0.0,0.9196015767711581
39230.0,0.0029,0.0026,0.9199,0,0,0,0.12301802553138047,-0.16945481865966963,0.0,0.9199082454245098
39241.0,0.0002,0.0018,0.9314,0,0,0,0.12403506919684948,-0.168335407582198,0.0,0.931401760788544
39252.0,0.0026,0.002,0.9305,0,0,0,0.12492974612975659,-0.16733214473665572,0.0,0.9305057818197585
39263.0,0.0004,0.0035,0.9205,0,0,0,0.12590425393063434,-0.16616324484700795,0.0,0.9205067408770019
39274.0,0.0015,0.0004,0.9154,0,0,0,0.12656472757249693,-0.16498799314273382,0.0,0.9154013163634843
39285.0,0.0039,0.0005,0.9257,0,0,0,0.12695554782069143,-0.1641047260319882,0.0,0.9257083503998438
39296.0,-0.0007,0.0013,0.9243,0,0,0,0.12720746770058386,-0.1629105834126164,0.0,0.9243011792700473
39307.0,0.0023,0.0055,0.9229,0,0,0,0.12785771664229487,-0.16181702485810212,0.0,0.9229192543229338
39318.0,0.0055,0.0046,0.918,0,0,0,0.1287482586304346,-0.16121272424821628,0.0,0.9180280006622892
39329.0,0.0002,0.0043,0.9204,0,0,0,0.12981103759035037,-0.16038287962589495,0.0,0.9204100662204863
39340.0,0.002,0.0011,0.9246,0,0,0,0.13062476375242785,-0.15957807634543622,0.0,0.9246028174302736
39351.0,0.0015,0.0067,0.9276,0,0,0,0.1319110043266294,-0.15873414930343743,0.0,0.9276254093113232
39362.0,0.0024,0.0013,0.9261,0,-0.5525926666666665,0,0.13294194732874295,-0.16392640213167564,0.0,0.9261040222350835
39373.0,0.0038,0.0026,0.9237,0,-0.5220926666666665,0,0.1339079073802996,-0.16891640127696148,0.0,0.9237114755160293
39384.0,0.0001,0.0034,0.923,0,0,0,0.13491413231424593,-0.16792702704147938,0.0,0.923006267584354
39395.0,0.0026,0.0027,0.9198,0,0,0,0.13586829034458459,-0.16704213230334133,0.0,0.919807637498189
39406.0,0.0043,0.0049,0.9272,0,-0.5220926666666665,0,0.13704459754767095,-0.1720882220378967,0.0,0.9272229181809517
39417.0,0.0039,0.0022,0.9233,0,0,0,0.13808110306219099,-0.1716132937449329,0.0,0.9233108577288583
39428.0,0.0016,0.0054,0.9205,0,0,0,0.13939045087310245,-0.17105066603703709,0.0,0.9205172296051823
39439.0,0.0013,-0.001,0.9194,0,0,0,0.14014394718691386,-0.17037484076506879,0.0,0.9194014629094299
39450.0,0.0029,0.0046,0.9252,0,0,0,0.14109844088799328,-0.1697973774918692,0.0,0.9252159801905715
39461.0,0.0024,0.0059,0.9298,0,0,0,0.14238749230618084,-0.16924432534485598,0.0,0.9298218162637398
39645.0,0.0039,0.0049,0.9313,0,0,0,0.14384396002756974,-0.16889933285744563,0.0,0.9313210563495277
39656.0,-0.001,0.0027,0.9235,0,0,0,0.14517600827522714,-0.1681336304449709,0.0,0.9235044883485949
39667.0,0.0028,0.0043,0.9379,0,0,0,0.14658724766390813,-0.167465167256251,0.0,0.9379140365726487
39678.0,0.0013,0.0024,0.9379,0,0,0,0.14783039660310152,-0.16669818994239935,0.0,0.9379039716303583
39689.0,0.0032,0.0055,0.9106,0,0,0,0.14931892236857483,-0.16608870191821767,0.0,0.9106222323224927
39700.0,0.0061,0.0035,0.9146,0,-0.5754926666666664,0,0.15077173911428585,-0.1721818693924835,0.0,0.9146270387431151
39711.0,0.0011,0.0005,0.9226,0,0,0,0.15181432641845083,-0.17176518448928588,0.0,0.9226007912418025
39722.0,0.0004,0.0013,0.9127,0,0,0,0.15259618818794693,-0.17110717801133846,0.0,0.9127010134759356
39733.0,0.0018,0.0039,0.926,0,-0.5678926666666664,0,0.15346350991053956,-0.1765290721949331,0.0,0.9260099621494361
39744.0,-0.0001,0.0044,0.9293,0,-0.5372926666666666,0,0.15446500009621547,-0.1812264525632377,0.0,0.9293104217644392
39755.0,0.0017,0.0001,0.9208,0,-0.5067926666666667,0,0.15505302515617994,-0.18546915855541782,0.0,0.9208015747162903
39766.0,0.0024,-0.0007,0.926,0,0,0,0.15517386976347344,-0.18422051419350072,0.0,0.9260033747238722
39777.0,-0.0001,0.0035,0.9271,0,0,0,0.15540306461575326,-0.18273758702864232,0.0,0.9271066119923858
39788.0,0.0052,0.0045,0.9325,0,0,0,0.1558491734391839,-0.18170657628952758,0.0,0.9325253562236258
39799.0,0.0028,0.0076,0.9264,0,0,0,0.15687181830796892,-0.18078027319113066,0.0,0.9264354051956348
39810.0,0.0031,0.0013,0.9186,0,0,0,0.1576238186679199,-0.179987686900876,0.0,0.9186061506434626
39821.0,0.0005,0.0022,0.9199,0,0,0,0.15824640170852003,-0.17899191751774493,0.0,0.9199027666009055
39832.0,0.0013,0.001,0.9248,0,0,0,0.1586027462918276,-0.17791667237202938,0.0,0.9248014543673685
39843.0,0.0052,0.0037,0.9279,0,0,0,0.15905715191949862,-0.1772560962416748,0.0,0.9279219471485735
39854.0,-0.0006,0.0026,0.926,0,0,0,0.1594615111086524,-0.1762441695024594,0.0,0.92600384448446
39865.0,0.0013,0.0018,0.922,0,0,0,0.15972329316266495,-0.17516096855696936,0.0,0.9220026735319156
40220.0,0.0006,0.0026,0.9227,0,0,0,0.15995767198047256,-0.17393005442918155,0.0,0.922703858234049
40231.0,-0.0013,0.0024,0.9264,0,0,0,0.16014125049587621,-0.17233489453438572,0.0,0.9264040209325519
40242.0,0.0018,0.0026,0.9227,0,0,0,0.16030580664660263,-0.17080677924841242,0.0,0.9227054188634636
40253.0,-0.0006,0.0005,0.9303,0,0,0,0.16019030433929252,-0.16904189755912857,0.0,0.930300327851173
40264.0,0.0002,0.005,0.9252,0,0,0,0.16038743152461712,-0.16717191231872416,0.0,0.9252135321102908
40275.0,0.0004,0.0034,0.9242,0,0,0,0.16066203248321087,-0.16523790567117289,0.0,0.9242063405971634
40286.0,0.0004,0.0004,0.9218,0,0,0,0.16063351101293843,-0.1632516293909063,0.0,0.9218001735734269
40297.0,0.0009,0.0043,0.9237,0,0,0,0.16082035950632453,-0.16128489791763492,0.0,0.923710447055786
40308.0,0.002,0.0045,0.9268,0,0,0,0.16122040296990675,-0.15947522526639948,0.0,0.9268130825576427
40319.0,0.0004,0.002,0.9237,0,0,0,0.1614990222891054,-0.15760985354904933,0.0,0.9237022518106145
40330.0,-0.0021,-0.0005,0.9198,0,0,0,0.16136139731826643,-0.15538958443604806,0.0,0.9198025331558942
40341.0,0.0015,0.0031,0.9231,0,0,0,0.16130204118868616,-0.15330664403066888,0.0,0.9231064239837138
40352.0,0.0,0.0046,0.9319,0,0,0,0.16149463717881296,-0.15116208924364952,0.0,0.9319113530803237
40363.0,0.0051,0.0022,0.925,0,0,0,0.16161404324073872,-0.14960018036585035,0.0,0.9250166755253659
40374.0,0.002,0.0044,0.926,0,0,0,0.16194086586076775,-0.14817099150306354,0.0,0.9260126133050242
40385.0,0.0015,0.0001,0.9215,0,0,0,0.1619188250596539,-0.14680053377590255,0.0,0.9215012262607142
40396.0,0.0049,0.001,0.9205,0,0,0,0.16170081901340064,-0.14590638758805466,0.0,0.9205135849079035
40407.0,0.0046,0.004,0.9269,0,-0.5372926666666666,0,0.16168015666654445,-0.15118761006566972,0.0,0.9269200450955842
40418.0,-0.0028,0.0038,0.9417,0,0,0,0.1618033432626489,-0.14997999398598574,0.0,0.9417118295954447
40429.0,-0.001,0.0023,0.9288,0,0,0,0.16187201976953117,-0.14849076328641586,0.0,0.9288033860834056
40440.0,0.0022,-0.0001,0.9193,0,0,0,0.16159876410399313,-0.14715365709608927,0.0,0.9193026378728606
40451.0,0.0027,0.0015,0.9293,0,0,0,0.16121913122182097,-0.14601354713825893,0.0,0.9293051328815525
40462.0,0.0012,0.0028,0.9293,0,0,0,0.16090730994385744,-0.1448638133555888,0.0,0.9293049929920747
40473.0,0.0026,0.0055,0.9227,0,0,0,0.16099210758271015,-0.1438823932235131,0.0,0.9227200550546194
40484.0,-0.002,0.0048,0.9172,0,0,0,0.16134229210148712,-0.14248293733818312,0.0,0.9172147403961626
40495.0,-0.0009,0.004,0.9167,0,-0.5830926666666665,0,0.16182730935746342,-0.1471390283388897,0.0,0.9167091687116475
40506.0,0.0044,0.0018,0.9247,0,-0.5678926666666664,0,0.16215444265404544,-0.15196156376373418,0.0,0.9247122200987721
40517.0,0.0035,0.0022,0.9318,0,0,0,0.16238859412475987,-0.15083377705072534,0.0,0.931809170377712
40528.0,0.0009,0.0038,0.9257,0,0,0,0.16274080743206676,-0.14964876448266945,0.0,0.9257082369731836
40539.0,-0.0005,0.0022,0.9208,0,0,0,0.1630001286476144,-0.1482431014107954,0.0,0.9208027638968076
40550.0,-0.0002,0.0015,0.9224,0,0,0,0.16308957063714322,-0.14668238802539024,0.0,0.9224012413261378
40561.0,0.0007,0.0043,0.928,0,-0.6212926666666667,0,0.16337392094174552,-0.15179626190892137,0.0,0.9280102262367587
40572.0,0.0054,0.0082,0.9285,0,0,0,0.164312310697184,-0.15064366320188688,0.0,0.9285519102344252
40583.0,0.0012,0.0028,0.9272,0,0,0,0.16515724857852782,-0.14947401256751575,0.0,0.9272050043005592
40594.0,0.0032,0.0016,0.9144,0,0,0,0.16577495636148898,-0.14854213083738446,0.0,0.9144069990983228
40605.0,0.0028,0.0035,0.9247,0,0,0,0.16642196758724886,-0.14777016523711364,0.0,0.9247108629187828
40616.0,0.0032,0.0038,0.9264,0,0,0,0.1671299739282425,-0.14718992859369914,0.0,0.9264133202842023
40627.0,0.0016,0.0042,0.9224,0,0,0,0.16794169881199686,-0.1465826319851899,0.0,0.9224109496314535
40638.0,-0.0031,-0.001,0.9155,0,0,0,0.1682012502194306,-0.14537116262364283,0.0,0.915505794629395
40649.0,0.0027,0.0015,0.9258,0,-0.5296926666666666,0,0.1682790316222501,-0.15005655661808986,0.0,0.925805152286376
40660.0,-0.0001,-0.0011,0.9271,0,0,0,0.16787352077568374,-0.14873685539549406,0.0,0.927100657965466
40671.0,0.0059,0.0015,0.9297,0,-0.5525926666666665,0,0.16736438162567613,-0.1539626534682612,0.0,0.9297199309469492
40682.0,-0.0002,0.0023,0.9287,0,0,0,0.16686438318709962,-0.15287695568055726,0.0,0.928702869598237
40693.0,0.0001,0.002,0.9274,0,0,0,0.16633669253183384,-0.151625537032284,0.0,0.9274021619556427
40704.0,0.0004,0.0068,0.9258,0,-1.1327926666666666,0,0.16638056918596034,-0.16247947915073646,0.0,0.9258250590689365
40715.0,0.0612,0.0756,0.925,0,-1.3006926666666665,2.7957253333333334,0.1754485549976202,-0.18233808733179152,0.015376489333333333,0.9300998871089062
40726.0,-0.0457,-0.0304,0.9005,0,-1.6441926666666666,2.8262253333333334,0.17935118721244317,-0.19894091310500872,0.030920728666666668,0.902171214349028
40737.0,-0.083,0.186,0.8914,-0.677753666666667,0.7069073333333334,6.673625333333334,0.19831996151934078,-0.1792801493752366,0.067625668,0.914373534175175
40748.0,-0.0673,0.1062,0.9589,-0.952553666666667,-1.2395926666666663,25.284325333333335,0.22401008947206824,-0.1734835419928584,0.20668945733333333,0.9671075121205501
40759.0,-0.0266,-0.0227,0.9138,-1.234953666666667,-1.1785926666666664,30.879725333333333,0.23937310019584931,-0.16538441819216695,0.37652794666666667,0.9144688567687802
40770.0,-0.0079,0.0132,0.8882,-1.1433536666666668,-1.8426926666666668,32.230825333333335,0.253858463072876,-0.16529643877787337,0.553797486,0.8883332088805416
40781.0,-0.0305,0.094,0.9388,-1.1433536666666668,-2.7433926666666664,38.44462533333333,0.27651614650644113,-0.1728224533898523,0.7652429253333333,0.9439871238528627
40792.0,-0.056,0.0972,0.9448,-1.2578536666666669,-3.6212926666666667,48.99422533333333,0.3054300173824434,-0.18463228110607377,1.0347111646666667,0.9514362196174792
40803.0,-0.0732,0.0416,0.9349,-1.685353666666667,-6.720492666666667,56.36822533333333,0.32944792804808704,-0.22295108098605396,1.3447364039999998,0.9386835515763552
40814.0,-0.0024,-0.056,0.8923,-2.372353666666667,-6.728192666666667,58.11632533333333,0.3339560639980346,-0.2632344392873399,1.6643761933333332,0.8940587508659595
40825.0,0.2292,-0.1429,0.8556,2.413846333333333,-1.8120926666666666,37.97132533333333,0.368659833371852,-0.28102041445957554,1.8732184826666665,0.8972203798398697
40836.0,0.0093,-0.0201,1.0607,0,-5.590792666666667,25.872025333333333,0.37241731212965073,-0.3399303889797715,2.015514622,1.0609311900401457
40847.0,-0.0519,0.1908,0.9221,-2.4487536666666667,-14.033492666666666,30.123925333333332,0.3721308478558548,-0.4818472851340327,2.1811962113333334,0.9430623839386237
40858.0,0.0052,0.1372,0.8175,-1.2655536666666671,-5.422792666666666,43.17742533333333,0.3987308023454188,-0.528980486825525,2.418672050666667,0.828949413414353
40869.0,0.0481,-0.035,0.9525,-0.922053666666667,0,45.81862533333333,0.41922593662504865,-0.5228721089278278,2.67067449,0.9543557303228184
40880.0,0.0392,0.0544,0.9407,-1.311353666666667,-3.1632926666666665,44.36822533333333,0.4379478097266376,-0.5553969807202251,2.9146997293333334,0.9430866821241831
40891.0,0.0002,0.1935,0.9165,-0.815153666666667,-4.224392666666667,51.87202533333333,0.481543576894258,-0.5978523362422643,3.199995868666667,0.9367040834756727
40902.0,-0.0317,0.2094,0.9215,-1.0212536666666672,-2.0869926666666667,62.48272533333333,0.5418724862504348,-0.6116770975328755,3.5436508580000003,0.9455239288352252
40913.0,-0.0421,0.1479,0.9413,-1.318953666666667,-1.3922926666666666,68.56672533333332,0.6078069064409036,-0.6121819391703341,3.920767847333334,0.9537780192476654
40924.0,-0.0228,0.126,0.9338,-1.670153666666667,-2.3769926666666668,69.00942533333333,0.6749961253339224,-0.62069686470305,4.300319686666667,0.9425382114269957
40935.0,-0.0059,0.1337,0.9279,-1.8533536666666672,-2.2319926666666667,66.55912533333333,0.7455852535244759,-0.627235667914128,4.666394876,0.9375014186655932
40946.0,0.0291,0.1193,0.8704,0,-2.0640926666666664,61.97892533333333,0.839686718533341,-0.6359419282902162,5.007278965333334,0.8790196016016935
40957.0,-0.0203,0.1287,0.9769,0,0,57.94842533333333,0.9362574207925095,-0.6198155409023102,5.325995304666667,0.9855502980568774
40968.0,-0.0293,0.1622,0.9419,-1.456353666666667,-4.399892666666666,53.81862533333333,1.0235983143373266,-0.6481677504436502,5.621997744,0.9562128110415589
40979.0,-0.0404,0.0936,0.8776,0,-1.3693926666666667,49.84152533333333,1.1248872750847427,-0.6389006341034154,5.896126133333333,0.8835014883971617
40990.0,-0.057,0.0712,0.9916,-1.372353666666667,-1.5678926666666664,43.06292533333333,1.2051328554565317,-0.6261111765046472,6.132972222666666,0.9957856194984943
41001.0,-0.0013,0.0559,0.8534,-2.601453666666667,-3.6823926666666664,39.11632533333333,1.2665937601378272,-0.6377761337493338,6.348112012,0.8552298287594979
41012.0,0.0115,0.0227,0.8434,0,6.798507333333333,35.673625333333334,1.347269070498235,-0.5390968508038501,6.544316951333333,0.8437837993230257
41023.0,0.0243,-0.1096,0.8773,-0.952553666666667,16.462707333333334,29.719425333333334,1.3921822658927219,-0.342488178708685,6.707773790666667,0.8844534696636109
41034.0,0.0186,-0.1248,0.9589,-0.563253666666667,4.004607333333333,19.200325333333335,1.4162364020311509,-0.28731517265106565,6.81337558,0.9671660715719922
41045.0,0.0652,-0.0883,0.9728,1.0550463333333329,2.6917073333333335,13.498025333333334,1.440169045822577,-0.2560570324760464,6.8876147193333335,0.9789728137185425
41056.0,0.0851,-0.0201,0.8934,1.139046333333333,0,13.085825333333334,1.458044173865789,-0.2647209813742449,6.959586758666667,0.89766897016662
41067.0,0.0428,-0.0232,0.937,0.558846333333333,0,14.154525333333334,1.4629163390803,-0.27713802452906167,7.037436648000001,0.9382638648056314
41078.0,0.0367,-0.0608,0.8866,0,0,15.498025333333334,1.451360472369036,-0.29218069571251926,7.122675787333334,0.8894397618726072
41263.0,0.0448,0.0177,0.8158,0.9558463333333329,0.9665073333333335,-0.5630746666666666,1.6139731404273332,-0.135503524497302,7.070591380666667,0.817220882014159
41274.0,0.0146,0.0039,0.851,-1.318953666666667,-1.8731926666666667,0,1.5845837757934758,-0.17693335541971858,7.070591380666667,0.8511341668620759
41285.0,-0.0038,0.0126,0.9834,0,-0.5449926666666665,0,1.5697385673905242,-0.20014843540453212,7.070591380666667,0.9834880578837752
41296.0,0.0067,0.0074,0.9391,0,0,0,1.5543857574762399,-0.21571660460854014,7.070591380666667,0.9391530546188944
41307.0,0.0057,0.0076,0.892,-0.5479536666666671,-0.6899926666666665,0,1.5328178996060065,-0.237211300115964,7.070591380666667,0.892050587130573
41318.0,-0.001,0.0077,0.9266,-0.601453666666667,-0.6212926666666667,0,1.5105049550283687,-0.25554330495143646,7.070591380666667,0.9266325323449419
41329.0,0.0006,0.0106,0.9401,0,0,0,1.4949260853041508,-0.2652030653441707,7.070591380666667,0.9401599491575888
41340.0,0.0057,0.007,0.9187,0,0,0,1.4790665109795411,-0.2739005381602799,7.070591380666667,0.918744349642489
41351.0,0.0062,0.0093,0.9219,0,-0.7052926666666663,0,1.4632745222886963,-0.28939341078404013,7.070591380666667,0.92196775431682
41362.0,0.0031,0.0116,0.9199,0,0,0,1.44786467044625,-0.296018937249288,7.070591380666667,0.9199783584411103
41373.0,0.0028,0.0061,0.922,0,0,0,1.4321320844448047,-0.3016135449136535,7.070591380666667,0.9220244302620186
41384.0,0.0022,0.0068,0.922,0,0,0,1.416234417873839,-0.3062137089872881,7.070591380666667,0.9220277002346513
41395.0,0.0024,0.0078,0.9283,0,-0.5601926666666666,0,1.4003397080103062,-0.31598550763790967,7.070591380666667,0.9283358713310609
41406.0,0.0043,0.012,0.924,0,0,0,1.3850093556176348,-0.319068061529727,7.070591380666667,0.9240879233060023
41417.0,0.0017,0.0111,0.9167,0,0,0,1.3701052033553769,-0.3213628650441228,7.070591380666667,0.9167687767370789
41428.0,0.0045,0.0071,0.9264,0,0,0,1.3550947446968875,-0.32329844706497857,7.070591380666667,0.9264381360889674
41439.0,-0.0096,0.0345,1.0488,-2.0746536666666673,-3.499192666666666,0,1.3208654563017845,-0.36079619655434414,7.070591380666667,1.0494111920500944
41450.0,0.0195,-0.0178,0.6931,1.352746333333333,0,0,1.3208607451050147,-0.3618059965916042,7.070591380666667,0.6936026960731915
41461.0,0.0249,-0.0009,0.8273,-2.9830536666666667,-4.392292666666666,0.8949253333333334,1.2729145558974866,-0.4125575998858679,7.075513470000001,0.8276751234633067
41472.0,0.0006,0.0129,0.9576,-1.784653666666667,-2.6136926666666667,0.5667253333333333,1.2393541695123695,-0.44207243042609273,7.078630459333334,0.9576870731089566
41483.0,-0.0017,0.0023,0.9644,-0.6243536666666671,-1.1403926666666666,0.6736253333333333,1.218084421439026,-0.4538869908088135,7.082335398666667,0.9644042409695222
41827.0,0.0066,0.0018,0.8982,-0.784653666666667,-1.0105926666666667,0,0.938663819649796,-0.7938684982464796,7.082335398666667,0.8982260517264015
41838.0,0.0042,0.0032,0.9282,0,-0.6441926666666666,0,0.928793200133702,-0.7929799201118611,7.082335398666667,0.9282150181935218
41849.0,0.0031,0.0051,0.9314,0,0,0,0.918852253750776,-0.7847337323771904,7.082335398666667,0.9314191215559191
41860.0,0.0015,0.0048,0.9187,0,0,0,0.9088441946304016,-0.7760757075763487,7.082335398666667,0.918713763911263
41871.0,0.0074,0.0112,0.9231,0,0,0,0.8995942440276969,-0.7678075618158776,7.082335398666667,0.9231976007334508
41882.0,0.0063,0.005,0.9258,0,0,0,0.8902526945001275,-0.7597597671983615,7.082335398666667,0.9258349366922809
41893.0,0.006,0.0052,0.9261,0,0,0,0.880874271813562,-0.7518846046246835,7.082335398666667,0.9261340345759895
41904.0,0.0088,0.0074,0.9326,0,0,-0.5477746666666667,0.8717509461654309,-0.7445213671041876,7.079322638000001,0.9326708744246279
41915.0,0.0076,0.0083,0.9299,0,0,0,0.8629852698635614,-0.7374762790418349,7.079322638000001,0.929968096226962
41926.0,0.0067,0.0118,0.9225,0,0,0,0.8549950680409237,-0.7306199203476509,7.079322638000001,0.9225997940602414
41937.0,0.0074,0.0079,0.92,0,0,0,0.8472216390572122,-0.7240330243631776,7.079322638000001,0.9200636771441421
41948.0,0.0077,0.0061,0.9263,0,0,0,0.8394245762032748,-0.7177287330335533,7.079322638000001,0.9263520874915758
41959.0,0.0074,0.0089,0.9253,0,0,0,0.831971656223591,-0.7116497311780511,7.079322638000001,0.9253723899058152
41970.0,0.0051,0.0077,0.9271,0,0,0,0.8246860408777711,-0.7054940104198648,7.079322638000001,0.9271460025260315
41981.0,0.0042,0.0074,0.9192,0,0,0,0.8175332803896563,-0.6991780218603605,7.079322638000001,0.9192393812277626
41992.0,0.0065,0.0031,0.9181,0,0,0,0.8099783005660468,-0.6930201296982554,7.079322638000001,0.9181282426763704
42003.0,0.0087,0.0072,0.9281,0,0,0,0.8025838364272563,-0.6872789202341321,7.079322638000001,0.9281687023381041
42014.0,0.0056,0.011,0.9258,0,0,0,0.7958200056816384,-0.6815333083510751,7.079322638000001,0.9258822819343719
42025.0,0.0076,0.011,0.9297,0,0,0,0.7896214547367719,-0.6760403207290635,7.079322638000001,0.9297961335690743
42036.0,0.0088,0.0082,0.9236,0,0,0,0.7835924216861908,-0.6709353559216547,7.079322638000001,0.9236783206289947
42047.0,0.0079,0.0066,0.9189,0,0,0,0.7775312741196935,-0.6660754600514728,7.079322638000001,0.9189576595251819
42058.0,0.0057,0.0022,0.9269,0,0,0,0.7708994762426645,-0.6611609409876193,7.079322638000001,0.9269201367971245
42069.0,0.0029,0.007,0.9247,0,0,0,0.7643758417378133,-0.6558626650383967,7.079322638000001,0.9247310419792341
42080.0,0.0066,0.0072,0.9166,0,0,0,0.7579932631711945,-0.6507027524860959,7.079322638000001,0.9166520386711633
42091.0,0.007,0.0052,0.912,0,0,0,0.7515036512431814,-0.6457289584850022,7.079322638000001,0.9120416876437174
42102.0,0.0071,-0.0037,0.9069,0,1.3863073333333333,-0.8378746666666665,0.7438284845460571,-0.6260019907720263,7.074714327333334,0.9069353394812665
42113.0,0.0343,-0.0096,0.875,2.390946333333333,4.134407333333334,-3.8225746666666667,0.760176765777305,-0.5805604872046286,7.053690166666668,0.8757246427958962
42124.0,-0.0056,-0.0663,0.8715,5.917646333333333,12.142107333333334,-16.730974666666665,0.8053569875010322,-0.447886633875073,6.961669806000001,0.8740362120644659
42135.0,-0.0315,0.0104,0.9401,5.7573463333333335,11.691707333333333,-26.990574666666667,0.8495598088621736,-0.3177618620847453,6.813221645333334,0.9406850801410641
42146.0,-0.0116,0.0396,0.946,5.139046333333333,9.645907333333334,-29.547774666666665,0.891341326518522,-0.2103419533023869,6.650708884666667,0.9468995300452947
42157.0,0.0078,0.0408,0.9298,5.016946333333333,9.554307333333334,-27.883674666666668,0.9357193933272144,-0.10673558566052055,6.497348674,0.9307274144452821
42168.0,0.0155,0.0315,0.943,3.658146333333333,7.271807333333333,-27.738574666666665,0.9676494747443649,-0.0313670744943553,6.344786513333334,0.9436532731888339
42179.0,0.0096,0.0188,0.9463,3.2840463333333325,5.012307333333334,-31.64697466666667,0.9960920778314921,0.017473825846948326,6.170728152666667,0.9465354140231628
42190.0,0.0013,0.0186,0.9417,2.024546333333333,0.6840073333333334,-35.50197466666667,1.0114303608633497,0.019110050447496106,5.975467292,0.9418845682991096
42201.0,-0.0261,0.0295,0.9343,0.948246333333333,-1.9036926666666667,-36.42567466666667,1.01715351314276,-0.003409302857770711,5.775126081333333,0.9351299107610664
42212.0,-0.0463,0.0469,0.9264,0,-3.9571926666666664,-34.25767466666667,1.0167679637636216,-0.041725329025410485,5.5867088706666665,0.9287412233771042
42223.0,-0.052,0.0806,0.925,0,-2.9495926666666663,-31.181374666666667,1.0243650232555328,-0.06240610876477153,5.41521131,0.9299598701019308
42234.0,-0.0703,0.1082,0.9056,0.9787463333333329,-1.0487926666666665,-29.845474666666668,1.0530279784178453,-0.05447365322517744,5.251061199333334,0.9147462435014423
42245.0,-0.059,0.1212,0.9058,1.459646333333333,0,-29.089774666666667,1.0975457158286521,-0.029831814091565857,5.091067438666667,0.9157751252354478
42256.0,-0.0522,0.1008,0.9106,2.253546333333333,1.9970073333333334,-27.639374666666665,1.1573172238028222,0.02000831637558606,4.939050878000001,0.9176479935138527
42267.0,-0.0414,0.0941,0.9347,2.780246333333333,3.042807333333333,-27.074474666666667,1.2274138471387133,0.0824579217419615,4.790141267333334,0.9403365674055221
42278.0,-0.0474,0.1161,0.9384,2.917646333333333,3.3329073333333334,-28.219574666666666,1.305518305200136,0.14960962903616004,4.634933606666667,0.9467420609648649
42289.0,-0.0643,0.1744,0.9351,3.2535463333333325,1.8520073333333333,-31.288274666666666,1.3999907880402567,0.20409077524924682,4.462848096000001,0.9533949129295793
42300.0,-0.0786,0.2469,0.9236,1.681046333333333,-0.5372926666666666,-32.64697466666667,1.4974630785462262,0.23770891244637485,4.283289735333335,0.9592572803997893
42311.0,-0.0613,0.2327,0.9128,1.749746333333333,-1.4380926666666665,-28.959974666666668,1.6117314404575986,0.26424346407615296,4.124009874666668,0.94398666304138
42322.0,-0.0258,0.1729,0.9125,2.131446333333333,0.6535073333333334,-20.982874666666667,1.736729439177889,0.31137114000499866,4.008604064000002,0.9290943439715904
42333.0,-0.0245,0.1049,0.9399,2.436746333333333,4.264207333333333,-12.395074666666666,1.861815518997444,0.3949037773796978,3.940431153333335,0.9460529953443412
42344.0,-0.0369,0.077,0.9547,4.039846333333333,3.4703073333333334,-7.402774666666666,1.9974338040864366,0.4682565952346439,3.8997158926666686,0.9585106676506004
42355.0,-0.0421,0.0698,0.9569,7.780246333333333,1.4779073333333335,-4.822574666666666,2.1659514351728424,0.5193373461104269,3.8731917320000018,0.9603655866387549
42366.0,-0.0222,0.0795,0.8928,9.963446333333334,1.3253073333333334,-2.9828746666666666,2.3524373131764373,0.5662079562693606,3.8567859213333353,0.8966074559136792
42377.0,0.0012,0.0778,0.9093,10.123746333333333,4.103907333333334,1.4980253333333333,2.5345177790168427,0.6377246047029747,3.8650250606666687,0.9126230163654651
42388.0,-0.0056,0.0449,0.9401,9.139046333333333,3.9588073333333336,7.833925333333333,2.6957497711177076,0.7030241217611722,3.908111650000002,0.9411882808450178
42399.0,-0.0051,0.0332,0.9351,8.024546333333333,3.3100073333333335,14.727025333333334,2.834445477338661,0.757087564957029,3.9891102893333357,0.9357030832480997
42410.0,-0.0031,0.0155,0.8975,4.0016463333333325,3.9588073333333336,22.467525333333334,2.9186614052094324,0.8142991324925452,4.112681678666669,0.8976391869788217
42421.0,-0.0027,-0.0435,0.9103,-3.0288536666666666,1.0046073333333334,30.276625333333335,2.9104360899758017,0.8359291109656202,4.2792031180000025,0.9113427620824122
42432.0,0.0199,-0.1415,0.9056,-11.769353666666667,-3.5067926666666662,35.50562533333333,2.7825032440445328,0.8033570222699964,4.474484057333336,0.9168040248602751
42443.0,0.056,-0.2676,0.9088,-20.540353666666668,-7.163292666666667,35.12392533333333,2.5236472679189617,0.7228770145525342,4.667665646666669,0.9490327707724323
42454.0,0.1409,-0.4259,1.1134,-26.639553666666668,-10.086992666666665,30.910225333333333,2.1501137720322294,0.5937815449449056,4.8376718860000025,1.200376266009954
42465.0,0.0651,-0.4294,1.1461,-11.899153666666667,-36.84269266666667,29.795725333333333,1.8961170748034342,0.17177534268958475,5.001548375333336,1.2256294627659698
42476.0,0.2284,-0.2539,0.4061,-5.380053666666667,14.111507333333334,11.368225333333333,1.6893027807521566,0.2791610405045084,5.064073614666669,0.5306118920642469
42487.0,-0.0137,-0.0356,0.9692,-1.402953666666667,-8.827392666666666,0,1.536774850948729,0.14322977144963453,5.064073614666669,0.9699503543996466
42498.0,-0.0203,0.0315,0.9626,-1.708253666666667,0.9970073333333335,0,1.3987425998815606,0.12215657115050699,5.064073614666669,0.9633291753082122
42509.0,-0.0195,0.0122,0.9816,0.7726463333333329,-1.0563926666666665,0,1.301137226535175,0.08486899326703935,5.064073614666669,0.9818694668844734
42520.0,0.0122,0.0151,0.9199,-0.593753666666667,1.8978073333333334,0,1.2003756957917004,0.08099706191659237,5.064073614666669,0.9201048092472944
42531.0,0.0083,0.0137,0.8678,0,-2.804492666666667,0,1.1161898650712172,0.02761632776460078,5.064073614666669,0.8679478210123003
42542.0,-0.0233,0.0034,0.944,-1.0823536666666669,0,0,1.0286059372544654,0.010647405123944551,5.064073614666669,0.944293624885819
42553.0,0.0105,0.0256,0.9301,-1.326553666666667,0,0,0.9487286189719878,-0.005630529370098742,5.064073614666669,0.9305114830027623
42564.0,-0.0046,0.006,0.943,-3.2426536666666665,1.7375073333333335,0,0.8551304786803252,-0.0006403268328924686,5.064073614666669,0.9430303070421437
42575.0,-0.0068,0.0072,0.9001,-3.7846536666666672,2.4169073333333335,0,0.7623315357039578,0.01377449198634836,5.064073614666669,0.9001544811864239
42586.0,-0.0093,0.0082,0.9358,-2.0136536666666673,1.1573073333333335,0,0.6950369898021652,0.016660437613925026,5.064073614666669,0.9358821346729512
42597.0,0.002,0.0145,0.9181,-2.158653666666667,1.5543073333333335,0,0.6323474663935386,0.024447393049038917,5.064073614666669,0.9182166737758578
42608.0,-0.0044,0.0157,0.9247,-2.914353666666667,1.8901073333333334,0,0.5672739041714745,0.03711129586638383,5.064073614666669,0.9248437381525594
42619.0,-0.0173,0.0042,0.939,-2.807553666666667,2.6535073333333337,0,0.5073089887684268,0.060631527258272186,5.064073614666669,0.9391687441562352
42630.0,-0.0175,-0.002,0.9167,0,-0.7662926666666667,0,0.48038296754887627,0.04941966155991521,5.064073614666669,0.9168692055031622
42641.0,-0.0287,0.0005,0.9453,4.948246333333333,-4.987692666666666,0,0.5091135660757429,-0.003342670031460001,5.064073614666669,0.9457357083244768
42652.0,0.0038,0.0151,0.9357,6.192446333333333,-6.094592666666667,0,0.5540651858540465,-0.06765357712981747,5.064073614666669,0.9358295464452915
42663.0,0.0122,0.0278,0.9161,2.230646333333333,-3.3388926666666667,0,0.5600026416562507,-0.10261358393604343,5.064073614666669,0.9166029074795694
42674.0,-0.0184,0.0049,0.9248,0.5130463333333329,0,0,0.5486148804399725,-0.09857033138224741,5.064073614666669,0.9249960053967801
42685.0,-0.0516,0.1129,0.8811,2.2382463333333327,0,1.5285253333333335,0.5706488889692564,-0.0883773132276274,5.072480504000002,0.8898012025166071
42869.0,-0.0247,0.0221,0.9618,0,-4.002992666666666,0,0.56992835854833,-0.7980027525391986,5.072480504000002,0.962370895237382
42880.0,-0.0238,0.0031,0.9032,0,1.4856073333333335,0,0.5685604650191215,-0.753666408015368,5.072480504000002,0.9035188376564155
42891.0,-0.0093,0.0098,0.9282,-1.448753666666667,-1.1556926666666665,0,0.5518101560595958,-0.7387785157573193,5.072480504000002,0.9282983195072584
42902.0,-0.0081,0.0288,0.9474,0,0,0,0.5535292095759249,-0.7119834022909406,5.072480504000002,0.9478722540511458
42913.0,-0.001,0.0209,0.9071,0,-1.2395926666666663,0,0.5565536072553758,-0.7001430622693229,5.072480504000002,0.9073412919072955
42924.0,-0.0118,0.0116,0.9255,0,-0.8960926666666666,0,0.5595441406879568,-0.6844714021897319,5.072480504000002,0.925647908224288
42935.0,-0.0144,0.0115,0.9117,-0.5098536666666671,0,0,0.5570112860590113,-0.6587844663100224,5.072480504000002,0.9118862319390506
42946.0,-0.0148,0.0093,0.9207,-0.929653666666667,0,0,0.549746054076911,-0.6329704152639316,5.072480504000002,0.9208659077194681
42957.0,-0.0022,0.0071,0.9033,-0.776953666666667,0,0,0.5437925453158818,-0.6086387781615399,5.072480504000002,0.9033305817916274
42968.0,0.0228,-0.0168,0.917,4.360446333333333,6.600107333333334,-0.7614746666666667,0.5899111710658115,-0.5176464320460489,5.068292393333335,0.917437234910378
42979.0,-0.0293,-0.0157,0.9773,0,0.6382073333333335,-5.234774666666667,0.5851047262620543,-0.4899270479797359,5.039501132666668,0.977865159416164
42990.0,0.0208,-0.022,0.9094,1.4062463333333328,4.073307333333334,-6.967674666666667,0.592138716585642,-0.4293418566596646,5.001178922000002,0.9099038410733301
43001.0,-0.0022,-0.0203,0.9292,4.223046333333333,0.9436073333333335,-10.227174666666667,0.6265224894263016,-0.40412483354494777,4.944929461333335,0.9294243218250747
43012.0,-0.0079,0.0197,0.9381,4.093246333333333,2.1497073333333336,-11.708074666666667,0.6611856554145645,-0.36608709192341404,4.880535050666668,0.9383400822729465
43023.0,0.0034,0.0515,0.939,3.4672463333333328,0,-14.593574666666667,0.694459618195115,-0.3530906257258734,4.800270390000001,0.9404173594739731
43034.0,-0.0178,0.0853,0.9022,-2.7464536666666675,-1.5601926666666666,-18.700474666666665,0.6697612180880412,-0.35552122610458203,4.6974177793333345,0.906398240289554
43045.0,-0.1086,0.0571,0.9722,-7.540353666666666,-2.0945926666666663,-20.127974666666667,0.598945946759055,-0.35104556726183095,4.586713918666668,0.9799118378711423
43056.0,-0.0347,0.0347,0.8584,-0.960153666666667,-1.4609926666666664,-15.578274666666665,0.6025682349909519,-0.3373757943256779,4.501033408000001,0.8598015701311553
43067.0,-0.0214,0.1042,0.9335,4.627646333333333,0.6917073333333335,-7.112674666666667,0.6766488000080346,-0.30038249056544425,4.461913697333335,0.9395412976554037
43078.0,-0.0391,0.1467,0.9224,5.9863463333333335,0,-2.7156746666666667,0.7784491403983869,-0.2690115852434151,4.446977486666668,0.9348109220585733
43089.0,-0.0433,0.1462,0.9417,7.108546333333333,2.5695073333333336,-1.6011746666666666,0.9032025478187611,-0.20778967238921087,4.438171026000002,0.9539644752295549
43445.0,0.2251,-0.0043,0.1227,-23.288453666666665,14.745107333333333,-16.402774666666666,-7.177530547541683,4.937854186214498,1.5184771353333355,0.25640551866135797
43456.0,-0.004,0.3634,1.6331,-33.42585366666667,56.79090733333333,-17.089774666666667,-7.298201027426351,5.449506546870472,1.4244833746666687,1.673048466124039
43467.0,0.0424,0.0447,0.9564,-47.616653666666664,14.317607333333333,-30.349274666666666,-7.5738198275778394,5.488008414550062,1.2575623640000022,0.9583823923674725
43478.0,0.0244,0.0082,1.2061,-47.47165366666667,13.485607333333334,-42.66227466666667,-7.852928742767496,5.514708962850918,1.0229198533333355,1.2063746557351078
43489.0,-0.084,0.0996,1.0081,-22.364753666666665,2.4703073333333334,-41.54777466666667,-7.8524675840985125,5.43308962091462,0.7944070926666688,1.016485007267692
43500.0,-0.0416,0.0701,0.7394,-10.196853666666668,5.844307333333333,-29.654674666666665,-7.71896685227945,5.394394022994226,0.6313063820000021,0.7438796475237106
43511.0,-0.0233,0.0667,0.8994,4.352746333333333,12.737507333333333,-23.868374666666668,-7.431441652243448,5.432968111635968,0.5000303213333355,0.9021707931428505
43522.0,-0.103,0.0282,1.1705,6.146646333333333,5.897807333333333,-24.784374666666665,-7.13748340011669,5.408239491950356,0.36371626066666884,1.1753614295185972
43533.0,0.0016,0.0828,0.964,2.413846333333333,-5.957192666666666,-27.288274666666666,-6.887718232431295,5.253970905844481,0.2136307500000022,0.9675507221846305
43544.0,0.0096,0.058,0.8754,3.627646333333333,-1.3388926666666667,-25.608874666666665,-6.630338829282406,5.149746957982939,0.07278193933333554,0.8773718253967356
43555.0,-0.0155,0.0374,0.9121,10.055046333333333,7.248907333333333,-23.372174666666666,-6.312049367308655,5.1405870991459865,-0.05576502133333111,0.912998039428344
43566.0,-0.0455,0.0312,0.9769,15.734446333333333,9.241307333333333,-21.311174666666666,-5.943086577555834,5.156964328916486,-0.17297648199999777,0.9784565907591404
43577.0,0.2025,-0.0847,0.804,19.787946333333334,12.096307333333334,-20.509574666666666,-5.554420686459524,5.17729020558123,-0.28577914266666443,0.8334244656836036
43588.0,0.0494,0.111,1.231,30.139046333333333,36.52370733333333,-16.799674666666665,-5.055989937691552,5.455553177199692,-0.3781773533333311,1.2369811477949049
43599.0,0.1703,0.1945,0.8165,12.581846333333333,58.04280733333333,-5.356974666666666,-4.738798141383942,5.94071098417976,-0.40764071399999774,0.8564488250911434
43610.0,0.1786,0.1827,0.7849,-5.219753666666667,87.69930733333334,14.459825333333335,-4.6043533632072355,6.716602321329316,-0.3281116746666644,0.8254364057878717
43621.0,0.0734,0.1527,0.9341,-24.883853666666667,121.18790733333333,27.849125333333333,-4.675557288636868,7.834056221928514,-0.1749414853333311,0.949340644868848
43632.0,-0.0896,0.0731,1.0291,-42.135753666666666,143.82140733333335,31.047625333333333,-4.933844442697085,9.189977265514827,-0.004179545999997786,1.035576448167879
43643.0,-0.2704,-0.0308,1.0913,-62.89145366666666,158.11150733333335,21.971325333333333,-5.425944879709693,10.709473686452442,0.11666274333333554,1.124722405751748
43654.0,-0.3917,-0.1257,1.1948,-83.72355366666666,156.86720733333334,4.910225333333333,-6.158023717703448,12.23101706657169,0.14366898266666886,1.2636361897318389
43665.0,-0.41,-0.2134,1.2288,-104.05175366666667,140.98940733333333,-16.326374666666666,-7.1264639620506,13.592060157100834,0.0538739220000022,1.312855285246626
43676.0,-0.4102,-0.1472,1.2197,-122.02125366666667,120.27950733333333,-33.242474666666666,-8.289208952694187,14.737880334914658,-0.12895968866666446,1.2952219771143478
43687.0,-0.3864,-0.0103,1.2004,-130.97545366666668,85.14210733333333,-39.41037466666667,-9.527533300103817,15.510027816395759,-0.34571674933333113,1.2610992070412224
43698.0,-0.3444,-0.0043,1.1049,-128.45635366666667,53.47030733333333,-41.33407466666667,-10.715238066884307,15.946681705559525,-0.5730541599999979,1.1573391292097577
43709.0,-0.3147,-0.0284,1.0286,-116.28075366666667,21.226007333333335,-38.38747466666667,-11.751649547917266,16.044130554257222,-0.7841852706666645,1.0760393161962067
43720.0,-0.2827,-0.0637,1.0128,-104.54795366666667,-3.285392666666666,-30.975274666666667,-12.648007201355895,15.887696044778968,-0.9545492813333312,1.0534423667196986
43731.0,-0.2343,-0.0724,0.9625,-97.03655366666666,-21.354092666666666,-21.898974666666668,-13.452927200922403,15.546538172257259,-1.074993641999998,0.993249465139549
43742.0,-0.1992,-0.0519,0.8938,-95.57085366666666,-30.76629266666667,-12.814974666666666,-14.230625721122546,15.114656195316003,-1.1454760026666646,0.9171982828156625
43753.0,-0.1875,-0.0781,0.7988,-98.72355366666666,-31.76629266666667,-4.494374666666667,-15.0342166040073,14.684941312485126,-1.1701950633333313,0.8242192062794945
43764.0,-0.2113,-0.1362,0.707,-104.12045366666666,-23.827392666666665,1.1468253333333334,-15.893896724482756,14.358168633262276,-1.163887523999998,0.7503646646797808
43775.0,-0.2589,-0.1927,0.6375,-108.90675366666666,-9.949592666666666,2.643025333333333,-16.8083060514701,14.203112147566015,-1.1493508846666647,0.7145409365459756
43786.0,-0.3099,-0.2598,0.6017,-107.62435366666666,5.607707333333334,-1.4714746666666665,-17.718459425564937,14.240895514559094,-1.1574439953333313,0.7249668544147381
43797.0,-0.3556,-0.3127,0.6102,-102.06705366666667,19.584807333333334,-10.982874666666666,-18.58344974714139,14.45504897181077,-1.217849805999998,0.7723837711914977
43808.0,-0.3584,-0.3486,0.6294,-94.79985366666666,32.439807333333334,-24.089774666666667,-19.388059365093124,14.82825712301683,-1.3503435666666648,0.8038139585749926
43819.0,-0.3492,-0.3268,0.6287,-90.20445366666667,46.623007333333334,-34.326374666666666,-20.157094756694057,15.36901972077439,-1.5391386273333314,0.7899383330361934
43830.0,-0.3357,-0.2379,0.6533,-84.59375366666667,36.96650733333333,-40.13557466666667,-20.86604921305075,15.81283959341499,-1.759884287999998,0.7720698090198839
43841.0,-0.277,-0.2686,0.6162,-70.93725366666666,21.081007333333336,-46.25007466666667,-21.433578943328396,16.087178074411224,-2.014259698666665,0.7270332867207663
43852.0,-0.2053,-0.251,0.4404,-53.822753666666664,17.149707333333332,-48.22717466666667,-21.82693331660514,16.321948864790027,-2.2795091593333314,0.5469014993579739
43863.0,-0.106,-0.3217,0.2841,-39.715953666666664,69.22600733333333,-44.44857466666667,-22.09768159432308,17.114929724364835,-2.5239763199999983,0.4420856251904149
43874.0,-0.2047,-0.4114,0.5432,-28.051753666666666,105.95880733333333,-38.59357466666667,-22.276360304704315,18.291189695907665,-2.7362409806666648,0.7114901896723524
43885.0,-0.2616,-0.4235,0.6855,-16.41825366666667,105.11150733333334,-32.07447466666667,-22.356881271140143,19.43894572671844,-2.9126505913333314,0.8471700301592355
43896.0,-0.3135,-0.3878,0.8666,-8.349453666666667,87.89010733333333,-24.387474666666666,-22.362389284134114,20.38022212337216,-3.046781701999998,0.9998333111074066
43907.0,-0.3317,-0.3544,0.976,-5.860953666666667,57.08100733333333,-17.776774666666665,-22.343198897518292,20.96959932166624,-3.1445539626666643,1.0900459852685114
43918.0,-0.3326,-0.3334,1.0129,-8.502153666666667,23.279507333333335,-13.166074666666667,-22.3505602063884,21.180420917385913,-3.216967373333331,1.117024946006131
43929.0,-0.3412,-0.3105,0.9813,-11.303653666666667,-11.468592666666666,-10.364574666666666,-22.384275803493882,21.01296611780367,-3.2739725339999977,1.0843326887998903
43940.0,-0.3428,-0.3278,0.886,-10.746453666666667,-41.01059266666667,-8.448574666666666,-22.41381458112102,20.535274564184796,-3.320439694666664,1.0049679994905312
43951.0,-0.3193,-0.3242,0.7239,-6.784653666666667,-57.12509266666667,-5.677574666666667,-22.408302730872762,19.902050307585654,-3.3516663553333306,0.8550376249031384
43962.0,-0.3243,-0.4362,0.793,6.9863463333333335,-69.57549266666668,-9.318774666666666,-22.27279368163506,19.152538839934834,-3.402919615999997,0.9613999843977532
43973.0,-0.2721,-0.4211,0.9485,20.314646333333332,-81.49149266666667,-10.089774666666667,-22.005173592510477,18.280503690411834,-3.458413376666664,1.072854076750422
43984.0,-0.2365,-0.3376,1.0194,26.566546333333335,-106.20149266666667,-4.395074666666666,-21.671095311366386,17.144177711856678,-3.4825862873333304,1.0995828163444534
43995.0,-0.2296,-0.2911,1.2098,22.994046333333333,-131.28539266666667,8.276625333333334,-21.36596453686257,15.738627912627132,-3.4370648479999972,1.2653345051803495
44006.0,-0.2416,-0.2599,1.2476,15.016946333333333,-168.29309266666667,21.948425333333333,-21.134270455491034,13.944304251762908,-3.316348508666664,1.2970830081378755
44017.0,-0.2729,-0.2858,1.1702,3.856646333333333,-201.16329266666665,32.574325333333334,-21.016653069178503,11.822585268798187,-3.1371897193333305,1.2351210831331476
44028.0,-0.3136,-0.366,1.032,-6.578553666666667,-224.85789266666666,35.41402533333333,-21.01701225661276,9.48923270019506,-2.9424125799999974,1.139001738365662
44039.0,-0.3159,-0.4193,0.9188,-12.700653666666668,-236.47629266666667,30.345325333333335,-21.09540651443294,7.0825029159796715,-2.775513290666664,1.058205433741483
44050.0,-0.2485,-0.4382,0.851,-16.853353666666667,-237.10219266666667,20.123925333333332,-21.232798690989203,4.716547453111546,-2.664831701333331,0.9889249162600768
44061.0,-0.1383,-0.4302,0.8031,-18.998353666666667,-230.48389266666666,8.910225333333333,-21.406979828850094,2.457638217694289,-2.6158254619999974,0.9215034129074076
44072.0,-0.0076,-0.3989,0.7576,-19.051753666666666,-217.42279266666665,0.9942253333333333,-21.593080494511632,0.35990472457547956,-2.6103572226666643,0.8562340392673022
44083.0,0.0964,-0.387,0.7213,-18.044153666666666,-201.13279266666666,-3.2195746666666665,-21.779471895593325,-1.5553144799358696,-2.628064883333331,0.8242182053315736
44094.0,0.1824,-0.3816,0.6925,-15.647253666666668,-183.46859266666667,-4.440874666666666,-21.951348248443807,-3.2852969706936994,-2.6524896939999976,0.8114459747882172
44105.0,0.2455,-0.3671,0.6716,-11.357153666666667,-167.67469266666666,-2.4561746666666666,-22.08696900777398,-4.85976107934948,-2.665998654666664,0.8037905324150068
44116.0,0.2992,-0.35,0.6508,-6.227353666666667,-153.73579266666667,1.9636253333333333,-22.175854610326915,-6.306498032768016,-2.6551987153333307,0.7972209731310386
44127.0,0.229,-0.2916,0.6597,-1.2655536666666671,-148.78919266666665,4.574325333333333,-22.211622945291886,-7.712434040809437,-2.6300399259999976,0.7567533614064756
44138.0,0.2859,-0.3533,0.6667,8.001646333333333,-145.37699266666667,2.757525333333333,-22.155484154387317,-9.10066285674572,-2.6148735366666642,0.8068758206812248
44149.0,0.302,-0.3933,0.6838,16.841346333333334,-147.63659266666664,0.7575253333333334,-22.016528311890802,-10.531816587831257,-2.610707147333331,0.8446723210807845
44160.0,0.2817,-0.4581,0.7175,26.230646333333333,-155.85029266666666,-1.5248746666666668,-21.794939389824126,-12.06239677383547,-2.6190939579999974,0.8966698110229874
44171.0,0.3278,-0.4137,0.6602,36.520746333333335,-158.56019266666667,1.0552253333333335,-21.478357180693784,-13.635160582347977,-2.613290218666664,0.845260060573076
44182.0,0.3774,-0.4004,0.6268,49.91764633333333,-155.94189266666666,8.803325333333333,-21.033586239322762,-15.196427746953578,-2.564871929333331,0.8340438597579867
44193.0,0.4498,-0.3927,0.4425,72.60464633333333,-143.09459266666664,20.826225333333333,-20.37102242899153,-16.648490509744853,-2.4503276899999977,0.7431955193621662
44204.0,0.5007,-0.3741,0.3876,101.40624633333333,-111.00299266666667,34.78042533333333,-19.427283472239626,-17.793593184787472,-2.2590353506666645,0.7354488833358849
44215.0,0.4899,-0.3005,0.5259,121.24594633333334,-84.01829266666667,46.14682533333333,-18.28388741080133,-18.681674640726737,-2.0052278113333313,0.7790205838102098
44226.0,0.4869,-0.2032,0.6252,131.22304633333334,-67.56789266666667,57.25372533333333,-17.03174373655876,-19.420782520165172,-1.690332321999998,0.818069000757271
44237.0,0.5123,-0.1934,0.6591,134.39094633333335,-52.46859266666667,72.20792533333334,-15.744243295688994,-20.025122924882574,-1.2931887326666647,0.856894194168685
44248.0,0.489,-0.173,0.6605,131.26114633333333,-32.97249266666667,86.35302533333333,-14.489961771417013,-20.44127492746387,-0.8182470933333313,0.8398275120523261
44259.0,0.4576,-0.1659,0.6691,129.07034633333333,-10.995392666666666,93.69652533333333,-13.259832592346736,-20.637133642297147,-0.3029162039999981,0.8274148777971061
44442.0,0.155,0.0349,0.8485,74.29934633333333,61.37870733333333,75.65072533333333,-0.06933175932146679,-9.670725676725034,6.6191251640000015,0.8632469287521387
44453.0,0.1611,0.0729,0.838,80.66574633333333,71.06570733333334,78.24612533333332,0.45374657851907335,-9.138541066733353,7.049478853333334,0.8564529292377954
44464.0,0.1621,0.0637,0.8788,84.05504633333334,78.31760733333333,81.87202533333333,1.0498120124707966,-8.51343337768509,7.4997749926666675,0.8958925940089024
44475.0,0.12,0.1069,0.9377,83.67344633333333,80.62300733333333,84.83392533333333,1.6790950935660762,-7.845185819874182,7.966361582000001,0.9513721143695563
44486.0,0.098,0.0511,0.9681,82.46724633333334,79.85200733333333,86.54382533333333,2.319136620325671,-7.167671398850936,8.442352621333335,0.9743884338394005
44497.0,0.0233,0.0693,1.0244,79.97874633333333,74.88250733333334,86.84152533333334,2.954665934941048,-6.5183365444512065,8.919981010666667,1.0270057156608234
44508.0,-0.0397,0.0538,1.0309,76.33754633333334,66.11910733333333,82.49042533333333,3.5666167456263205,-5.93436347428638,9.37367835,1.0330659901477737
44519.0,-0.0784,-0.021,1.0173,73.00164633333333,58.93590733333333,73.78042533333333,4.1449304299952,-5.398365133375734,9.779470689333333,1.0205326305415228
44530.0,-0.1025,-0.0536,0.9447,68.67344633333333,57.98940733333333,60.37592533333333,4.672465917501517,-4.845842580359988,10.111538278666666,0.9517548528901757
44541.0,-0.1173,-0.0594,0.8843,66.03984633333333,65.16500733333334,43.79572533333333,5.166134161855427,-4.192896504386012,10.352414768,0.8940213308417199
44552.0,-0.1083,-0.0735,0.8126,65.03984633333333,79.21080733333334,23.421725333333335,5.6409359256340945,-3.373121619636717,10.481234257333332,0.8230734475124319
44563.0,-0.1227,-0.0688,0.7515,63.94824633333333,101.65350733333334,2.0705253333333333,6.095913574084009,-2.3005563769846646,10.492622146666665,0.7645527973920441
44574.0,-0.1432,-0.0183,0.7368,62.71154633333333,130.18790733333336,-18.234774666666667,6.53654745270355,-0.9139762878623772,10.392330885999998,0.7508098094724123
44585.0,-0.1587,0.0199,0.7698,59.71924633333333,159.72220733333336,-34.63937466666667,6.949356690453856,0.7912860409228462,10.20181432533333,0.7862402559014643
44596.0,-0.1802,0.0328,0.8425,53.59704633333333,183.64590733333335,-47.96767466666667,7.302643155231727,2.749014213545266,9.937992114666663,0.8621798710246024
44607.0,-0.214,0.0409,0.9171,47.69634633333333,196.63060733333336,-60.07447466666667,7.60027988761176,4.837722737927778,9.607582503999996,0.9426246442778802
44618.0,-0.2876,0.0348,1.0469,44.87954633333333,194.04280733333334,-71.05927466666667,7.874953505923271,6.8923902119014455,9.21675649333333,1.0862432554451142
44629.0,-0.3468,0.0316,1.1465,47.497846333333335,159.22600733333334,-82.54017466666667,8.183960782503936,8.567737459644277,8.762785532666664,1.1982199505933793
44640.0,-0.3678,0.0377,1.1117,47.71154633333333,129.86720733333334,-92.68517466666667,8.49952957835414,9.9273881961224,8.253017071999997,1.1715694687042677
44651.0,-0.4014,0.0323,1.0645,46.658146333333335,102.29470733333333,-105.40277466666667,8.805575423256254,10.996752265264098,7.67330181133333,1.1381236751777022
44662.0,-0.4315,0.03,1.0272,44.27644633333333,83.69170733333333,-119.80727466666667,9.086539036094795,11.87804076432435,7.014361800666663,1.1145546599427054
44673.0,-0.4514,0.049,0.9736,40.06274633333334,72.47030733333332,-137.20427466666666,9.32453682941639,12.653879307799945,6.259738289999996,1.0742718091805257
44684.0,-0.4679,0.0847,0.9318,33.87184633333333,70.21080733333334,-154.53247466666664,9.502411868731093,13.42213684168402,5.409809679333329,1.0461145921934174
44695.0,-0.478,0.1334,0.9333,26.245946333333332,72.48560733333333,-168.08977466666664,9.610408448243083,14.229393502566504,4.485315918666663,1.0570375821133324
44706.0,-0.4767,0.1749,0.9696,14.994046333333333,74.18790733333333,-176.55537466666667,9.613820925542887,15.0640592954048,3.514261357999996,1.0945122475331193
45055.0,-0.1997,-0.0065,1.0815,-6.204453666666667,-14.346492666666666,-96.99057466666667,7.328965146140478,10.163248215188352,-13.410593921333337,1.0998020685559742
45066.0,-0.1154,0.0265,1.0804,-15.624353666666668,-27.758692666666665,-82.45617466666667,7.04329430393871,9.947892015314896,-13.864102882000005,1.0868686995217038
45077.0,-0.0471,0.0474,1.0917,-23.410553666666665,-39.98009266666667,-61.71567466666667,6.681676245701932,9.579416667643173,-14.203539092666672,1.0937431416927832
45088.0,0.0049,0.0505,1.1183,-28.280753666666666,-52.64419266666667,-33.49437466666667,6.277092971757004,9.052638742312325,-14.387758153333339,1.1194503785340377
45099.0,0.0537,0.0442,1.131,-30.067053666666666,-67.76629266666667,1.4293253333333333,5.862645370003883,8.341943098259788,-14.379896864000006,1.133136501044777
45110.0,0.085,0.061,1.1637,-30.670153666666668,-87.17859266666667,41.52852533333333,5.452877695075362,7.404402043996917,-14.151489974666672,1.1683936365797272
45121.0,0.0914,0.0935,1.165,-30.593753666666668,-111.27019266666667,85.00942533333333,5.058212137875584,6.1971824095732995,-13.683938135333339,1.172314467197262
45132.0,0.0444,0.115,1.1191,-26.776953666666667,-138.14799266666665,127.77282533333333,4.720457637889494,4.704639524229666,-12.981187596000005,1.1258690732052283
45143.0,-0.0133,0.0485,1.0294,-18.952553666666667,-164.40759266666666,165.34532533333334,4.47400959071524,2.9484866888380044,-12.071788306666672,1.0306277213426778
45154.0,-0.0713,-0.0201,0.9338,-8.311353666666667,-187.43809266666665,196.92552533333335,4.340269670035329,0.9771172239918838,-10.988697917333338,0.9367337615352613
45165.0,-0.0896,-0.0585,0.8649,1.352746333333333,-201.14799266666665,218.34532533333334,4.302957910792814,-1.1017560031080977,-9.787798628000004,0.8714943602800881
45176.0,-0.0962,-0.0498,0.8219,10.711546333333333,-207.98009266666665,235.02472533333335,4.358697151807089,-3.21067836983334,-8.49516263866667,0.8290078950166879
45187.0,-0.0969,-0.0198,0.8076,21.184846333333333,-211.09459266666664,248.23082533333334,4.521734700412449,-5.308862206872283,-7.129893099333337,0.8136334617012749
45198.0,-0.0745,0.0951,0.7771,30.986346333333334,-206.70529266666665,250.81102533333333,4.796723376950189,-7.31806429753096,-5.750432460000004,0.7864341485464629
45209.0,-0.0475,0.0771,0.8744,40.99404633333333,-205.65949266666667,250.81102533333333,5.18047641896983,-9.2804663427683,-4.3709718206666714,0.8790767998303675
45220.0,-0.032,0.1119,0.8872,53.01694633333333,-208.98769266666665,250.81102533333333,5.696156193229061,-11.245772763737822,-2.991511181333338,0.8948013466686335
45231.0,-0.0529,0.1667,0.853,62.59704633333333,-213.01059266666667,250.81102533333333,6.320781658001729,-13.217965938654395,-1.6120505420000049,0.8707446812929723
45242.0,-0.0789,0.1809,0.8127,69.25354633333333,-211.94189266666666,250.81102533333333,7.021378557415567,-15.138157119357901,-0.23258990266667157,0.8363201002008741
45253.0,-0.0953,0.1399,0.8062,76.81844633333333,-206.40759266666666,250.81102533333333,7.799841686454589,-16.957207146722862,1.1468707366666617,0.823779424360672
45264.0,-0.1429,0.1088,0.782,84.93294633333333,-195.29309266666667,250.81102533333333,8.656007260166765,-18.610917807815717,2.526331375999995,0.8023601747345142
45275.0,-0.183,0.0833,0.8478,91.03984633333333,-178.84269266666666,250.81102533333333,9.562207037207445,-20.041569676452703,3.9057920153333283,0.8713166645944516
45286.0,-0.1881,0.0603,0.8524,95.43674633333333,-160.50679266666666,250.81102533333333,10.495892084070158,-21.233890476792308,5.285252654666662,0.8749876913419983
45297.0,-0.2018,0.0529,0.9348,94.98634633333333,-137.47629266666667,250.81102533333333,11.402610851261406,-22.142799849268176,6.664713293999995,0.9577957454488926
45308.0,-0.1879,0.0306,0.9994,85.86424633333333,-112.17859266666667,250.81102533333333,12.186401150775874,-22.753628006201232,8.044173933333328,1.017370694486528
45319.0,-0.1591,-0.0187,0.9879,67.77264633333333,-80.48389266666668,228.67362533333335,12.747834188100137,-23.00759632594574,9.301878872666661,1.0008041316861158
45330.0,-0.1256,-0.0607,0.929,43.06274633333334,-38.97249266666667,194.07052533333334,13.016589543199341,-22.809458038423607,10.369266761999995,0.9394151638120389
45341.0,-0.1237,-0.1024,0.9408,24.48254633333333,-4.667092666666667,164.75752533333335,13.06092077832051,-22.246321565967147,11.275433151333328,0.9544066690881828
45352.0,-0.1184,-0.092,0.9719,17.52074633333333,16.981707333333333,137.60492533333334,13.013713132779205,-21.463003751978995,12.03226024066666,0.983398276386531
45363.0,-0.0623,-0.0361,0.9349,16.429146333333332,32.180207333333335,116.87972533333333,12.94871645396254,-20.53946499584457,12.675098729999995,0.937668656829266
45374.0,0.0182,0.0099,0.9169,14.871846333333334,46.76800733333333,104.92552533333333,12.867676943670219,-19.493878718780486,13.252189119333329,0.9171340469091747
45385.0,0.0533,0.0531,0.902,15.299346333333332,56.55430733333333,98.96362533333333,12.79774580265372,-18.382981070439843,13.796489058666662,0.9051323107700885
45396.0,0.0659,0.0535,0.7952,19.161946333333333,63.01230733333333,95.58202533333333,12.775637449382094,-17.24263907373797,14.322190197999996,0.7997175126255521
45407.0,0.0688,0.0778,0.7035,28.54364633333333,70.79850733333333,94.97132533333333,12.862985386895302,-16.057380468162535,14.844532487333328,0.7111248343293883
45418.0,-0.005,0.1353,0.676,43.76504633333333,76.97410733333334,94.35302533333333,13.127776640981615,-14.83460223518109,15.363474126666661,0.6894251881096309
45429.0,-0.0779,0.1415,0.6588,61.25354633333333,82.42450733333332,90.67362533333333,13.590958690888952,-13.572593978426474,15.862179065999994,0.6783126860084515
45440.0,-0.1414,0.1133,0.6624,77.97114633333334,94.51610733333332,82.87972533333333,14.23540260729431,-12.192121600511861,16.318017555333327,0.6867347450071243
45451.0,-0.2196,0.1049,0.7534,94.43674633333333,109.56950733333333,71.78042533333333,15.051923484817651,-10.654767339275736,16.71280989466666,0.7917321074707024
45462.0,-0.296,0.0819,0.8909,102.07794633333333,126.11910733333333,56.53622533333333,15.936553606295135,-8.941237376379583,17.02375913399999,0.9423515373787004
45473.0,-0.3629,-0.0076,1.027,96.50544633333334,140.81380733333336,36.51332533333333,16.731819914971098,-7.072235159857224,17.224582423333324,1.089258082366158
45484.0,-0.4304,-0.1132,1.1237,82.36804633333334,152.01230733333335,10.940725333333333,17.33447288639756,-5.086718471168808,17.284756412666656,1.208619083913538
45495.0,-0.4817,-0.2007,1.1544,68.37564633333334,155.53140733333333,-19.914174666666668,17.742774804903235,-3.0696617635698407,17.17522845199999,1.2668680831088928
45506.0,-0.5076,-0.2157,1.0765,60.16954633333334,152.15730733333334,-58.15087466666667,18.026140143087055,-1.0961428328104885,16.85539864133332,1.2095604573563077
45517.0,-0.5144,-0.1781,0.8577,58.90244633333333,153.92070733333335,-93.97527466666666,18.269707561946134,0.8929971977967934,16.338534630666654,1.015862323348986
45528.0,-0.5369,-0.1272,0.7207,64.84134633333333,166.43210733333333,-128.38747466666666,18.55966647735341,3.0171215055875065,15.632403519999988,0.9076617982486649
45539.0,-0.6029,-0.095,0.7014,79.42914633333334,185.28710733333335,-160.78447466666665,18.99340647121462,5.347123234090564,14.74808890933332,0.9297716762732666
45550.0,-0.6707,-0.0243,0.882,96.94054633333333,197.25660733333333,-190.60117466666665,19.610070870175726,7.800302673892934,13.699782448666655,1.1083108679427447
45561.0,-0.6956,-0.0093,1.1112,106.03984633333333,192.40160733333335,-216.60117466666665,20.31780791235896,10.179723128890343,12.508475987999988,1.3109962967148305
45572.0,-0.6838,0.0002,1.2434,101.43674633333333,173.69930733333334,-239.82257466666667,20.96776022783651,12.325875964160053,11.189451827333322,1.4190229173625069
45583.0,-0.6547,0.0751,1.2413,85.44434633333333,150.95880733333334,-249.45617466666667,21.445350402445698,14.194410654487635,9.817442866666655,1.4053817239454909
45594.0,-0.6136,0.1447,1.1357,64.16954633333333,134.62300733333333,-249.45617466666667,21.702243360789325,15.859001826864262,8.445433905999987,1.2989447794267468
45605.0,-0.5771,0.2063,1.0354,45.02454633333333,127.10390733333332,-249.45617466666667,21.76990689451686,17.418510873153565,7.073424945333321,1.2031862948022638
45616.0,-0.5548,0.2798,0.9678,28.146646333333333,126.43980733333333,-249.45617466666667,21.681897577324808,18.948835102035776,5.701415984666655,1.150099091382999
45627.0,-0.5482,0.3273,0.9598,14.047446333333333,126.48560733333333,-249.45617466666667,21.47340157226821,20.457014556889376,4.3294070239999884,1.1527638830220177
45638.0,-0.5227,0.3494,0.9814,1.467246333333333,124.05810733333333,-249.45617466666667,21.16231900268535,21.912629272409955,2.957398063333322,1.165522033253769
45649.0,-0.5244,0.348,1.0215,-12.128153666666666,114.88250733333334,-249.45617466666667,20.736120077384456,23.24189421800441,1.5853891026666556,1.1998173235955547
45660.0,-0.5024,0.3047,1.0251,-27.54795366666667,101.29470733333333,-249.45617466666667,20.170288645507963,24.39738541355839,0.213380141999989,1.1815573875186935
45671.0,-0.4884,0.2642,0.9401,-41.98305366666667,87.69170733333333,-249.45617466666667,19.473315877908085,25.385116328418434,-1.1586288186666776,1.0918444074134372
45682.0,-0.484,0.2119,0.8743,-51.067053666666666,81.51610733333332,-249.45617466666667,18.699815466538894,26.291007680165485,-2.530637779333344,1.0215469152222036
45693.0,-0.47,0.1926,0.8132,-54.21205366666667,79.76800733333333,-249.45617466666667,17.913655695745966,27.16566915387433,-3.9026467400000104,0.9587955986548958
45704.0,-0.46,0.2014,0.7717,-52.07465366666667,80.36340733333333,-247.31117466666666,17.173202577726208,28.035655167746647,-5.2628582006666775,0.9206969371079715
45715.0,-0.4475,0.1709,0.7599,-47.685353666666664,78.98940733333333,-234.25767466666665,16.49832051875538,28.878760158249953,-6.551275411333344,0.898282288593068
45726.0,-0.4354,0.1195,0.7644,-45.693053666666664,73.27180733333333,-221.36457466666667,15.856031758275826,29.64688949127294,-7.7687805720000105,0.8877841911185398
45737.0,-0.406,0.0656,0.7645,-46.23495366666667,62.577207333333334,-209.38747466666666,15.212788549691961,30.284676784381332,-8.920411682666677,0.8681011519402563
45748.0,-0.3894,-0.0035,0.7908,-49.38005366666667,49.05040733333333,-197.75387466666666,14.533057801341744,30.761071968088487,-10.008057993333344,0.8814812817071046
45759.0,-0.3917,-0.0553,0.8632,-58.525053666666665,33.93590733333333,-187.37987466666667,13.747206616601776,31.058770602117587,-11.03864730400001,0.9495268400629863
45770.0,-0.4185,-0.0994,0.9299,-72.02885366666666,16.386307333333335,-176.61647466666665,12.806347868386627,31.15491813754613,-12.010037914666677,1.0245665522551475
45781.0,-0.462,-0.0999,0.9701,-85.09755366666667,-3.499192666666666,-164.38747466666666,11.720271531324588,31.031411730568433,-12.914169025333344,1.0791283612249287
45792.0,-0.4904,-0.1191,1.0039,-94.77695366666667,-26.109892666666667,-150.42567466666665,10.528542710597106,30.66480029518031,-13.74151023600001,1.1236067728524957
45803.0,-0.4801,-0.174,1.0292,-101.09755366666667,-52.90369266666667,-139.88367466666665,9.26598102554776,30.012771724036384,-14.510870446666678,1.1489232567930723
45814.0,-0.4288,-0.2098,1.0421,-101.47925366666666,-84.17859266666667,-133.59357466666665,7.997230850419336,29.027476234397827,-15.245635107333344,1.1462364023184748
45825.0,-0.3433,-0.2115,0.991,-95.63955366666667,-114.50679266666667,-126.02107466666666,6.792350670473652,27.720780366845577,-15.93875101800001,1.0698916487196262
45836.0,-0.2595,-0.1898,0.8794,-84.26555366666666,-138.43049266666665,-112.33407466666667,5.71416061908681,26.166301888500513,-16.55658842866668,0.9363272131044788
45847.0,-0.1899,-0.2161,0.8171,-69.53275366666666,-159.48389266666666,-90.60117466666667,4.794484813028149,24.3968018046386,-17.054894889333344,0.8662641802591171
45858.0,-0.1516,-0.2911,0.7832,-54.296053666666666,-181.16329266666665,-64.95237466666667,4.027992295456784,22.40849424379643,-17.41213295000001,0.8491902083750142
46053.0,0.3654,0.1046,0.879,208.31464633333334,-67.75109266666666,200.50562533333334,43.68981389819933,9.384283417145218,2.1371655199999893,0.9576530269361655
46064.0,0.2925,0.1464,0.9802,181.78024633333334,-34.10989266666667,198.66592533333335,44.73285312000281,9.12837343462528,3.2298281093333223,1.0333350134394943
46075.0,0.251,0.1238,1.0581,149.95584633333334,-7.728192666666667,191.19262533333335,45.43135389159082,9.099400718853795,4.281387548666656,1.0944875741642752
46086.0,0.2433,0.0803,1.0547,116.82604633333334,15.653507333333334,181.57432533333335,45.77087223545821,9.26820178865717,5.280046337999989,1.0853732399502025
46097.0,0.2384,0.0165,1.0388,89.67344633333333,35.18790733333333,172.62782533333333,45.81404880451398,9.596209201373538,6.2294993773333225,1.0659325729144409
46108.0,0.2335,-0.0186,0.9943,71.70394633333333,50.49320733333333,165.72702533333336,45.661238460274205,10.040922416343761,7.140998016666656,1.02151882018884
46119.0,0.2069,-0.0201,0.9391,62.474946333333335,59.60770733333333,158.90262533333333,45.410498756698686,10.541090507357037,8.014962455999989,0.96183180962162
46130.0,0.1384,0.0219,0.8792,60.65054633333333,68.23370733333333,153.52092533333334,45.14877924887668,11.102039490302861,8.859327545333322,0.890295911481121
46141.0,0.0815,0.0378,0.8568,63.68864633333333,77.32530733333333,151.21552533333335,44.93034330388228,11.736483675370918,9.691012934666656,0.8614971445106477
46152.0,0.0295,0.0409,0.8383,68.57414633333333,86.87490733333333,146.68882533333334,44.77418738327552,12.455457837413658,10.497801473999989,0.8398154261502941
46163.0,-0.0093,-0.0115,0.8446,72.85664633333333,96.37870733333332,139.01712533333335,44.66558738435633,13.262082384139134,11.262395663333322,0.8447294833258752
46174.0,-0.0146,-0.0729,0.8032,77.30694633333333,107.52370733333333,128.87972533333334,44.597783724340346,14.17307709182188,11.971234152666655,0.8066336281113007
46185.0,-0.0626,-0.1398,0.7861,82.31464633333333,118.74510733333334,114.10102533333333,44.56810200270967,15.193333082227651,12.59878979199999,0.8008845172682514
46196.0,-0.1174,-0.1345,0.756,88.24594633333334,132.08860733333336,97.94072533333333,44.58762822037556,16.35026859423323,13.137463781333322,0.7767940589371163
46207.0,-0.208,-0.1077,0.7335,96.07794633333333,149.06570733333334,77.88732533333334,44.680432049605606,17.69144082884074,13.565844070666655,0.7699906103323598
46218.0,-0.3143,-0.0636,0.7137,102.79554633333333,172.42450733333334,54.719425333333334,44.839668379158006,19.29461904217088,13.866800909999988,0.7824302780439929
46229.0,-0.427,-0.0277,0.6896,107.87184633333334,199.43210733333333,29.711725333333334,45.05147907125846,21.206788085296008,14.03021539933332,0.811569128294072
46240.0,-0.5234,-0.0466,0.6099,110.69634633333334,234.92070733333335,2.6736253333333333,45.28753701457192,23.52442994302827,14.044920338666653,0.8050447999956276
46251.0,-0.6208,-0.0588,0.5615,114.27644633333334,251.71460733333333,-26.692774666666665,45.55389272214903,26.04863344546463,13.898110077999986,0.8391259321460635
46262.0,-0.7083,-0.056,0.5194,122.38334633333334,251.71460733333333,-56.77677466666667,45.89950285909199,28.602799302752445,13.585837817333319,0.8801143391628159
46273.0,-0.8074,-0.0369,0.5433,134.18484633333333,251.71460733333333,-85.75387466666668,46.366319262887295,31.19189574753208,13.114191506666652,0.9738743553456986
46284.0,-0.9292,-0.0283,0.7365,148.07794633333333,251.71460733333333,-113.61647466666668,46.97752883584893,33.809732337239176,12.489300895999985,1.186020986323598
46295.0,-1.006,0.035,0.9926,157.36044633333333,251.71460733333333,-138.20427466666666,47.69001715833444,36.43530267473112,11.729177385333319,1.4136887068941308
46306.0,-1.0417,0.1174,1.2815,157.16954633333333,251.71460733333333,-157.36457466666667,48.40790398189382,39.04182726324305,10.863672224666653,1.6556460672498818
46317.0,-0.7666,0.2914,1.9999,69.56654633333333,115.96650733333333,-165.76917466666666,48.202794481886706,40.092510255591364,9.951941763999987,2.161524815957476
46328.0,-0.9364,0.0983,1.3033,24.910046333333334,182.79090733333334,-175.86837466666665,47.528567323206595,41.86147463722891,8.98466570333332,1.6078242254674482
46670.0,0.0348,-0.3638,0.3107,87.03214633333333,-248.55259266666667,12.375925333333333,75.72817051493548,-41.70087015751029,11.10094893533332,0.4796831975377082
46681.0,0.1416,-0.3315,0.3309,102.60464633333333,-248.55259266666667,26.383525333333335,75.26083630145419,-43.000641578142066,11.246058324666654,0.4893236352354135
46692.0,0.262,-0.3131,0.3483,120.94824633333333,-248.55259266666667,48.46752533333333,74.96124658391159,-44.32566341068855,11.512629713999987,0.5366456000005962
46703.0,0.3466,-0.2797,0.4139,140.74974633333332,-212.72049266666664,73.23082533333333,74.84511337475331,-45.306580546991405,11.91539925333332,0.6080105755659189
46714.0,0.397,-0.2161,0.4998,158.36044633333333,-187.19379266666667,91.96362533333333,74.8953069211019,-46.0751016139529,12.421199192666652,0.6738755448894106
46725.0,0.4082,-0.1422,0.5872,172.66574633333335,-169.36179266666664,108.97892533333334,75.08694664624991,-46.723709222030955,13.020583281999986,0.7291446495723602
46736.0,0.3843,-0.0693,0.6902,181.69634633333334,-155.94949266666666,125.41402533333333,75.37557729083947,-47.2983272447206,13.71036042133332,0.7930101008183944
46747.0,0.3512,-0.054,0.7809,183.26884633333333,-145.56019266666667,140.45982533333336,75.68385089839462,-47.822855240091684,14.482889460666653,0.8579407030791814
46758.0,0.3228,-0.0643,0.8997,174.64284633333332,-135.23199266666666,152.62012533333333,75.90196131613746,-48.28732984371594,15.322300149999986,0.9580158766951622
46769.0,0.274,-0.1318,1.0159,157.23824633333334,-125.24729266666667,158.38352533333335,75.92842503074336,-48.68065120086612,16.19340953933332,1.0604244668999296
46780.0,0.2461,-0.1508,1.1162,136.10854633333332,-117.23199266666667,156.05522533333334,75.72621430084065,-49.01358556431094,17.051713278666654,1.1529129585532467
46791.0,0.2471,-0.1201,1.1621,111.39854633333333,-110.99539266666667,149.16982533333334,75.26640290730845,-49.3003999183392,17.872147317999985,1.1941351807898466
46802.0,0.2422,-0.067,1.1761,83.45964633333334,-105.36939266666667,142.58202533333335,74.52565651856655,-49.543010628700934,18.65634845733332,1.2026475169391901
46813.0,0.2299,-0.045,1.1311,54.98634633333333,-97.59839266666667,136.44462533333333,73.50417774980917,-49.71448812219472,19.406793896666652,1.1551044195223217
46824.0,0.229,-0.0458,0.9865,31.253546333333333,-83.96479266666667,130.39112533333335,72.25512868840504,-49.75229248380625,20.123945085999985,1.0137656977822835
46835.0,0.2338,-0.0908,0.8597,16.78794633333333,-63.941892666666675,125.94072533333333,70.87495014112372,-49.590797390429955,20.816619075333318,0.8955395971144995
46846.0,0.2438,-0.1332,0.7449,13.024546333333333,-41.11749266666667,121.23082533333333,69.47486132972143,-49.20546758847908,21.48338861466665,0.7950199305677814
46857.0,0.2476,-0.179,0.6141,17.51304633333333,-13.980092666666666,115.97892533333334,68.13692227650208,-48.556092360751606,22.121272703999985,0.6859049278143436
46868.0,0.2433,-0.2241,0.537,27.963446333333334,17.22600733333333,108.71942533333333,66.91755137750496,-47.60434237083666,22.719229543333316,0.6307017520191299
46879.0,0.2048,-0.2621,0.4365,45.681046333333335,57.72980733333333,96.62782533333333,65.88604456864819,-46.25266640275186,23.25068258266665,0.5487911260215493
46890.0,0.1195,-0.2838,0.3583,70.06274633333334,105.24130733333332,81.67362533333333,65.1054892091909,-44.423091326206105,23.699887521999983,0.47244214460608824
46901.0,-0.0026,-0.2942,0.3677,99.46724633333334,157.52370733333333,61.26902533333333,64.62324922287232,-42.05443577855059,24.036867161333316,0.4709179227848522
46912.0,-0.1279,-0.2999,0.4642,124.97114633333334,206.86720733333334,34.83392533333333,64.39384351303777,-39.16588313181372,24.22845375066665,0.5672566085996708
46923.0,-0.2488,-0.3369,0.5928,141.33754633333334,249.90540733333336,2.337725333333333,64.31445526227928,-35.81371140220504,24.241311239999984,0.7258201498994086
46934.0,-0.3708,-0.3016,0.7067,147.36044633333333,251.71460733333333,-31.39507466666667,64.28432979320127,-32.43369654553059,24.068638329333318,0.8531588890704943
46945.0,-0.5002,-0.2344,0.8706,145.41384633333334,251.71460733333333,-62.74627466666667,64.23758906792196,-29.032818717178596,23.723533818666652,1.0310614724641787
46956.0,-0.5948,-0.1881,0.9446,138.22304633333334,251.71460733333333,-91.95237466666667,64.12923421458582,-25.611059830738927,23.217795757999987,1.132006099806887
46967.0,-0.6707,-0.1547,0.928,127.25354633333333,251.71460733333333,-120.30347466666667,63.92331497950215,-22.17215086508029,22.556126647333322,1.1554023455056683
46978.0,-0.7471,-0.0953,0.9156,117.31464633333333,251.71460733333333,-146.02867466666666,63.63954507300069,-18.71953688892166,21.752968936666655,1.1855647852395077
46989.0,-0.8258,-0.0508,1.0072,112.64284633333334,251.71460733333333,-166.10507466666667,63.34243794430771,-15.260905173583208,20.839391025999987,1.303448549042117
47000.0,-0.875,0.0111,1.1348,111.65814633333333,251.71460733333333,-181.32637466666665,63.07823547619573,-11.810441304419177,19.84209596533332,1.433010554741311
47011.0,-0.8772,0.0652,1.2308,108.22304633333333,251.71460733333333,-192.01347466666667,62.82107989434072,-8.384762706530427,18.786021854666654,1.5128117926563105
47022.0,-0.8575,0.0961,1.246,100.65054633333334,251.71460733333333,-198.78447466666665,62.522384621596835,-4.995152162898244,17.692707243999987,1.5156046516159813
47033.0,-0.8257,0.0795,1.1995,89.20014633333334,251.71460733333333,-204.05157466666665,62.132430617698546,-1.6478931903127965,16.57042358333332,1.458389862142493
47044.0,-0.7825,0.0852,1.1167,74.68104633333333,251.71460733333333,-209.73097466666667,61.61552523829377,1.653549953065566,15.416903222666653,1.3662299147654469
47055.0,-0.7412,0.1057,1.0281,57.76504633333333,251.71460733333333,-214.32637466666665,60.9468081699621,4.907608278120445,14.238108161999985,1.2718252788807116
47066.0,-0.7107,0.1406,0.981,43.11614633333333,243.18020733333336,-215.27297466666664,60.15461241079101,8.020476459400712,13.054106801333319,1.2195178760477436
47077.0,-0.6893,0.1532,1.045,28.345146333333332,231.64590733333335,-211.75387466666666,59.23901443000984,10.955566155213294,11.889460490666652,1.261201700760033
47088.0,-0.676,0.1239,1.0985,12.329846333333332,211.30240733333335,-206.12797466666666,58.183668925107746,13.616497631643163,10.755756629999986,1.2957736916607003
47099.0,-0.6569,0.1125,1.0739,-4.227353666666667,186.67640733333334,-199.09737466666667,56.98257923487919,15.961695332464462,9.66072106933332,1.263896779804427
47110.0,-0.636,0.0997,1.0107,-18.761753666666667,165.92830733333335,-190.42567466666665,55.65791455747043,18.040316265805664,8.613379858666654,1.1983115538122797
47121.0,-0.6421,0.0663,0.9435,-30.349453666666665,149.79850733333333,-182.73097466666667,54.239728432080234,19.9109874468471,7.608359497999988,1.143188676465963
47132.0,-0.6559,0.0105,0.9203,-40.135753666666666,136.11910733333335,-177.31117466666666,52.74328397630171,21.605924746995054,6.633148037333322,1.1301624440760718
47143.0,-0.6628,-0.049,0.9497,-48.670153666666664,118.15730733333334,-174.18897466666667,51.17776123753346,23.080638154499212,5.675108676666655,1.1591526776055
47154.0,-0.6581,-0.069,0.979,-59.685353666666664,93.92830733333334,-170.81497466666664,49.51650154449463,24.26928938927249,4.735626315999989,1.181650375534151
47165.0,-0.6456,-0.076,0.9742,-73.34185366666667,64.31000733333333,-165.65467466666666,47.73311683569914,25.11822052016492,3.824525605333322,1.1711707817393668
47176.0,-0.6206,-0.0436,0.9135,-88.06705366666667,33.60770733333333,-158.10507466666667,45.8225430595998,25.623315553842588,2.9549476946666555,1.1052273838446096
47187.0,-0.6111,-0.0605,0.8883,-104.10525366666667,4.615307333333334,-147.54017466666664,43.77183059419912,25.81005545411678,2.143476733999989,1.0798983053973183
47198.0,-0.6288,-0.0896,0.8502,-116.03655366666666,-24.315992666666666,-136.34167466666665,41.62556507014362,25.688672357834477,1.3935975233333224,1.0612528633648062
47209.0,-0.6301,-0.108,0.8682,-121.42585366666667,-58.48389266666667,-125.82257466666667,39.455041126799664,25.207334436874643,0.7015733626666558,1.078174962610429
47220.0,-0.6543,-0.0905,0.9054,-125.08995366666667,-100.93429266666666,-115.18897466666667,37.28209746931563,24.283386682940407,0.06803400199998921,1.1207354281899007
47231.0,-0.6541,-0.09,0.8718,-126.41055366666667,-155.15569266666665,-100.21957466666667,35.13261967628579,22.800146088249328,-0.4831736586666775,1.093609642422743
47242.0,-0.6455,-0.1266,0.7805,-122.58615366666666,-203.60599266666665,-84.60887466666667,33.05804126009007,20.83491772668701,-0.948522469333344,1.0207242820664157
47253.0,-0.6006,-0.1366,0.6024,-112.43345366666667,-245.24729266666665,-68.34927466666667,31.12387204159608,18.476710798169645,-1.3244434800000107,0.8615484199973905
47264.0,-0.6415,-0.3467,0.6182,-95.55565366666667,-248.55259266666667,-52.76147466666667,29.37810563051467,16.148290452473017,-1.6146315906666773,0.9559782319697452
47275.0,-0.611,-0.3688,0.4551,-72.86855366666667,-248.55259266666667,-40.00577466666667,27.87769357110852,13.891665049205852,-1.834663351333344,0.8464339608026133
47286.0,-0.5924,-0.515,0.5095,-48.547953666666665,-248.55259266666667,-27.349274666666666,26.621224789986254,11.698765227038484,-1.9850843620000105,0.935816760909955
47297.0,-0.5419,-0.4839,0.4489,-22.815153666666667,-248.55259266666667,-16.776774666666665,25.624056231296414,9.56719282208649,-2.0773566226666773,0.8540058723451497
47308.0,-0.472,-0.4681,0.417,5.9863463333333335,-248.55259266666667,-4.120274666666667,24.91656371522916,7.490908723589511,-2.100018133333344,0.7847232696944828
47319.0,-0.4033,-0.4424,0.3837,40.841346333333334,-248.55259266666667,9.398825333333333,24.561098336251025,5.464443183870312,-2.0483245940000105,0.7110515733756589
47330.0,-0.3101,-0.4175,0.3951,79.94054633333333,-248.55259266666667,23.818625333333333,24.59908703496683,3.4761547259720973,-1.9173221546666772,0.6531250033492824
47341.0,-0.2406,-0.4467,0.4299,116.01694633333334,-248.55259266666667,39.74232533333333,24.986915297571343,1.5147634665335992,-1.6987393653333438,0.6650137291815862
47352.0,-0.131,-0.4319,0.39,149.36044633333333,-248.55259266666667,54.94842533333333,25.686840701676257,-0.4289438084398024,-1.3965230260000105,0.5964885665291498
47363.0,-0.0258,-0.4222,0.3306,179.45964633333332,-248.55259266666667,73.81102533333333,26.65391592972314,-2.3628649555074204,-0.9905623866666773,0.5368564426362042
47374.0,0.0715,-0.374,0.2919,206.35274633333333,-248.55259266666667,97.11632533333334,27.84988832047772,-4.297590347377819,-0.456422597333344,0.47978522278202773
47385.0,0.1245,-0.358,0.3408,224.06274633333334,-248.55259266666667,122.26902533333333,29.174590420854976,-6.247803911653234,0.21605704199998932,0.5097145181373589
47396.0,0.1389,-0.334,0.4663,229.13144633333334,-248.55259266666667,142.74992533333335,30.502188177937196,-8.229070718181912,1.0011816313333228,0.5901566741129003
47407.0,0.1222,-0.2858,0.644,222.65054633333332,-248.55259266666667,154.97892533333334,31.73196272999591,-10.251462294873788,1.8535657206666563,0.7150877428679645
47418.0,0.1167,-0.2699,0.7949,207.47494633333332,-248.55259266666667,156.85682533333335,32.78809601843071,-12.316871813211513,2.7162782599999895,0.847544046053065
47429.0,0.1328,-0.262,0.8826,184.84894633333334,-248.55259266666667,151.41402533333334,33.60107784993819,-14.42098212713464,3.549055399333323,0.9301949258085641
47440.0,0.1698,-0.2552,0.9053,159.12374633333334,-242.20909266666666,141.37592533333336,34.14298845482767,-16.489535753297307,4.3266229886666565,0.9557861528605653
47451.0,0.2076,-0.2046,0.92,133.82604633333332,-222.49149266666666,129.71172533333333,34.429951731274,-18.374073232133046,5.04003747799999,0.965069386106512
47462.0,0.251,-0.1605,0.8921,111.45204633333333,-198.75869266666666,117.69652533333333,34.500225669237885,-20.03066028984303,5.687368367333323,0.9405337101879975
47646.0,-0.4951,0.0239,0.9033,80.60464633333333,251.71460733333333,-93.10507466666667,47.96079261612588,25.942092272040075,-2.8782985020000096,1.0303621256626234
47657.0,-0.5721,0.0566,0.7614,77.09324633333334,251.71460733333333,-97.22717466666667,47.499332031949834,28.389871163119548,-3.4130479626666763,0.9540607580233033
47668.0,-0.6802,0.1295,0.7517,82.97114633333334,251.71460733333333,-99.31117466666667,47.16773285183371,30.865757617106897,-3.959259423333343,1.0220054696526826
47679.0,-0.7881,0.1827,0.9033,92.16194633333333,251.71460733333333,-97.47147466666667,47.00569055067328,33.365578853014455,-4.495352534000009,1.2126136194188155
47690.0,-0.8385,0.1837,1.121,96.94054633333333,251.71460733333333,-93.65467466666666,46.95673851512685,35.870282584799654,-5.010453244666675,1.411902595790517
47701.0,-0.8351,0.1465,1.2808,92.16954633333333,251.71460733333333,-91.26537466666667,46.90118115384083,38.35917110974755,-5.5124128053333425,1.5360022460921077
47712.0,-0.826,0.1174,1.376,78.84894633333333,251.71460733333333,-90.99057466666667,46.73486615417895,40.81914648993931,-6.012860966000009,1.6091720728374574
47723.0,-0.8223,0.0787,1.3542,61.71924633333333,217.15730733333334,-92.90657466666667,46.40784832221441,42.87449056683864,-6.523847126666675,1.5862624688241225
47734.0,-0.7988,0.037,1.2122,42.352746333333336,174.64590733333335,-97.76917466666667,45.89027331956388,44.44891337086375,-7.061577587333342,1.4521980856618701
47745.0,-0.7833,0.0031,1.0066,23.719246333333334,150.10390733333335,-106.63177466666667,45.187790692929674,45.75150086138267,-7.648052348000008,1.2754654287749236
47756.0,-0.7625,-0.0059,0.8042,7.161946333333333,146.71460733333333,-119.36457466666667,44.32422729057399,47.02125098525021,-8.304557508666674,1.1082322410036625
47767.0,-0.7474,0.0477,0.684,-4.5479536666666665,156.05810733333334,-128.90657466666664,43.360095761345754,48.39847404106564,-9.013543669333341,1.0142672478198238
47778.0,-0.7513,0.0588,0.6073,-13.540353666666666,170.84430733333335,-133.20427466666666,42.32711570518615,49.94195899128761,-9.746167180000008,0.9678442126706136
47789.0,-0.7714,0.0376,0.6772,-17.906753666666667,176.96650733333334,-135.71567466666664,41.27367103655397,51.549850259093795,-10.492603390666675,1.0271667634809842
47800.0,-0.7656,0.0221,0.7886,-21.830453666666667,167.66880733333335,-136.33407466666665,40.202812365996834,53.04437589902477,-11.242440801333341,1.0993278537360907
47811.0,-0.7476,0.0302,0.8773,-26.52505366666667,142.36340733333336,-133.18897466666667,39.10708588623417,54.24599624240805,-11.974980162000008,1.153027792379698
47822.0,-0.7108,0.0509,0.9191,-32.799853666666664,106.54660733333333,-124.29587466666666,37.97166417520106,55.04033846906681,-12.658607472666676,1.163001401546877
47833.0,-0.6587,0.0745,0.9137,-40.250253666666666,66.44740733333333,-109.88367466666666,36.78649327148074,55.384971290816424,-13.262967683333342,1.1288417205259555
47844.0,-0.6146,0.0973,0.8885,-48.410553666666665,25.371107333333335,-92.22717466666667,35.546547842088685,55.276346267751684,-13.770217144000009,1.0847270163501967
47855.0,-0.5948,0.1122,0.8672,-55.89145366666666,-13.865592666666666,-71.85307466666667,34.260951279798654,54.74334918433503,-14.165409054666675,1.0575498664365666
47866.0,-0.5968,0.1047,0.8601,-60.01365366666667,-53.13279266666667,-50.19667466666667,32.96506732927778,53.795095005667605,-14.441490765333342,1.0520952143223539
47877.0,-0.6096,0.0795,0.8652,-60.65485366666667,-95.96479266666667,-29.830174666666665,31.69308993653392,52.40249695193775,-14.605556726000009,1.0613686682769565
47888.0,-0.6179,0.0236,0.8376,-57.616653666666664,-138.31599266666666,-11.250074666666666,30.47782621933245,50.58222789909257,-14.667432136666676,1.0411201323574528
47899.0,-0.623,-0.0074,0.8187,-52.547953666666665,-176.90379266666665,5.948425333333333,29.33688679324051,48.384950739345236,-14.634715797333342,1.0288116688685058
47910.0,-0.6105,-0.0382,0.7932,-47.135753666666666,-210.05639266666665,21.719425333333334,28.269671189300052,45.87709512545666,-14.51525895800001,1.0016664764281573
47921.0,-0.5988,-0.0574,0.764,-42.63195366666667,-239.26249266666665,36.07052533333333,27.263542081519148,43.108019622943765,-14.316871068666677,0.9723950843150124
47932.0,-0.5911,-0.0867,0.7073,-38.624353666666664,-248.55259266666667,49.33772533333333,26.30949504067841,40.300392428483136,-14.045513579333344,0.9258452300465775
48282.0,-0.0435,-0.0618,0.8092,-19.868553666666667,251.71460733333333,-113.98287466666667,18.968402547595005,126.51511977268267,-33.99251664600001,0.8127214344411006
48293.0,-0.0355,0.0051,0.8497,-20.807553666666667,251.71460733333333,-108.95237466666667,18.365338579835424,127.32835871893784,-34.59175470666668,0.8504565538579851
48304.0,-0.0734,0.0571,0.8573,-25.44875366666667,251.71460733333333,-93.12027466666667,17.73110037714669,128.07911177428514,-35.10391621733334,0.8623289743479572
48315.0,-0.1427,0.1025,0.8074,-32.23495366666667,251.71460733333333,-75.20427466666666,17.04829760889594,128.78195508531527,-35.51753972800001,0.8262955282464016
48326.0,-0.2491,0.0646,0.7815,-38.03655366666667,251.71460733333333,-61.71567466666667,16.322919774330636,129.4533290618088,-35.85697593866668,0.8227795695081399
48337.0,-0.3794,-0.0167,0.7866,-40.555653666666664,251.71460733333333,-54.36457466666667,15.580382658852841,130.1095153232839,-36.155981099333346,0.8734774238639486
48348.0,-0.4912,-0.0828,0.8508,-38.479253666666665,251.71460733333333,-49.68517466666667,14.86259938001306,130.75981126593564,-36.42924956000001,0.9858975200293386
48359.0,-0.5333,-0.0695,0.8806,-35.181553666666666,251.71460733333333,-46.25007466666667,14.185266567379609,131.40643944266034,-36.68362497066668,1.0318408307486189
48370.0,-0.5592,-0.0836,0.9729,-34.731153666666664,251.71460733333333,-40.15087466666667,13.516397527715878,132.04594549832518,-36.90445478133334,1.1252679725292105
48381.0,-0.5953,-0.087,1.0437,-28.784653666666667,251.71460733333333,-34.87607466666667,12.916149823795552,132.67754826621095,-37.09627319200001,1.2046828545306023
48392.0,-0.6376,-0.0583,1.1086,-18.899153666666667,251.71460733333333,-27.028674666666667,12.430339658056793,133.30146808692908,-37.24493090266668,1.2802056905044594
48403.0,-0.6545,-0.021,1.1698,-10.479253666666667,251.71460733333333,-12.295874666666666,12.045758102528897,133.91555239056555,-37.31255821333335,1.3406130276854689
48414.0,-0.6409,0.0264,1.1765,-9.028853666666667,203.69170733333334,6.872025333333333,11.690199578180618,134.00028774737248,-37.274762074000016,1.3400007537311314
48425.0,-0.6093,0.0688,1.1356,-12.250253666666667,146.22600733333334,24.673625333333334,11.316273109212046,133.46350183565488,-37.139057134666686,1.2905685917455143
48436.0,-0.5607,0.0762,1.0525,-17.028853666666667,93.83670733333334,40.29192533333333,10.907095678788092,132.37204761902547,-36.91745154533335,1.1949674388869347
48447.0,-0.5042,0.0739,0.8889,-21.570853666666668,54.79090733333333,56.18502533333333,10.464802773457853,130.88384074362534,-36.608433906000016,1.024608247087637
48458.0,-0.4772,0.0914,0.7375,-24.364753666666665,30.706907333333334,74.40642533333333,10.010309347507716,129.17308996776703,-36.19919856666668,0.8831647920971488
48469.0,-0.49,0.1234,0.6483,-23.242653666666666,14.798507333333333,96.22322533333333,9.58916573806044,127.33788734889542,-35.669970827333344,0.8219613433732756
48480.0,-0.53,0.1385,0.6348,-17.960153666666667,1.8825073333333335,115.63542533333333,9.246528144397299,125.41690636005559,-35.03397598800001,0.8384827308895516
48491.0,-0.5758,0.1311,0.6715,-10.051753666666666,-14.735792666666665,133.34532533333334,9.007179538081294,123.37324395384101,-34.300576698666674,0.8942287738604702
48502.0,-0.6263,0.0978,0.7362,-2.089953666666667,-36.08699266666667,149.21552533333335,8.864464258165421,121.15797014294237,-33.47989130933334,0.9714972825489528
48513.0,-0.6709,0.0684,0.7903,4.986346333333333,-64.12509266666667,161.59722533333334,8.802547056484864,118.70174488480085,-32.59110657000001,1.0389222588817701
48524.0,-0.7095,0.0663,0.7976,11.574146333333333,-94.62889266666667,170.23852533333334,8.81395210926239,115.98421931484252,-31.654794680666676,1.0695567773615386
48535.0,-0.7476,0.0723,0.7841,18.070346333333333,-122.17089266666667,175.89492533333333,8.896703698088603,113.04494435392057,-30.687372591333343,1.0857927334440953
48546.0,-0.7814,0.0707,0.759,23.765046333333334,-144.25489266666665,178.52092533333334,9.040370972484599,109.94962266092948,-29.70550750200001,1.0916343023192336
48557.0,-0.7872,0.0441,0.7455,27.169546333333333,-158.85789266666666,177.71172533333333,9.215981943077525,106.78090080278983,-28.728093012666676,1.0850801352895554
48568.0,-0.7655,0.0133,0.7366,26.681046333333335,-166.57549266666666,172.29192533333335,9.377815555096529,103.61079529973125,-27.780487423333344,1.0624249149939962
48579.0,-0.7367,0.0046,0.7239,22.284046333333333,-167.72049266666664,163.30722533333335,9.483699442168454,100.50665516546476,-26.88229768400001,1.0328500665633904
48590.0,-0.7013,0.0062,0.7126,15.650546333333333,-163.85789266666666,153.46752533333336,9.511487873915783,97.51740852608872,-26.03822629466668,0.9998294304530149
48601.0,-0.6758,0.0289,0.7274,9.261146333333333,-158.96479266666665,143.21552533333335,9.468354655636698,94.64755123036676,-25.250540905333345,0.993303382658088
48612.0,-0.6683,0.0344,0.7469,6.306946333333333,-156.99539266666665,132.36062533333333,9.39345995470596,91.86047672015457,-24.522557466000013,1.002829925760096
48623.0,-0.6622,0.0367,0.7655,9.994046333333333,-159.50679266666666,121.62782533333333,9.35931878101602,89.10395266074585,-23.853604426666678,1.012840550136101
48634.0,-0.6497,0.0283,0.7833,17.856646333333334,-163.57549266666666,109.24612533333332,9.409208060613933,86.35802970100298,-23.252750737333344,1.0180716428621317
48645.0,-0.6377,0.0281,0.8234,27.703946333333334,-166.49919266666666,94.43692533333333,9.562862631695221,83.63098358633096,-22.73334764800001,1.0418437790763067
48656.0,-0.5918,0.0752,0.8677,34.497846333333335,-171.61369266666665,80.01712533333333,9.790679243798381,80.8921685004846,-22.293253458666676,1.0529888745851022
48667.0,-0.561,0.0856,0.9471,35.154346333333336,-177.76639266666666,64.43692533333333,10.025535084444385,78.12359773399203,-21.93885036933334,1.1041045104517961
48678.0,-0.5033,0.1093,0.9716,28.940546333333334,-183.85029266666666,47.31482533333333,10.195414270563658,75.32190975788211,-21.67861883000001,1.0996653763759228
48689.0,-0.4432,0.1522,1.0137,16.268846333333332,-183.70529266666665,32.11632533333333,10.235974984094133,72.54929711104627,-21.501979040666676,1.1167715836284517
48700.0,-0.4019,0.1766,1.0383,0.963446333333333,-181.78159266666665,19.360625333333335,10.122904815982068,69.82215638370711,-21.39549560133334,1.1272879224049197
48711.0,-0.3595,0.1917,1.0498,-12.601453666666666,-180.72819266666664,8.887325333333333,9.878425036529165,67.12891261343289,-21.346615312000008,1.1260857782602531
48722.0,-0.3086,0.2114,1.0349,-22.891453666666667,-181.42279266666665,0,9.541588280207357,64.44949859827238,-21.346615312000008,1.1004280667085877
48733.0,-0.2655,0.2197,1.0316,-29.349453666666665,-183.25489266666665,-6.2271746666666665,9.155257952925764,61.77068993428875,-21.380864772666676,1.087638221101116
48744.0,-0.2291,0.2435,1.0195,-33.92205366666667,-187.20149266666667,-11.624074666666667,8.742266963721395,59.069988190901945,-21.444797183333343,1.0729209243928464
48755.0,-0.1949,0.2584,1.0062,-37.44875366666667,-191.19379266666667,-15.937074666666668,8.314888947750173,56.34769323923477,-21.53245109400001,1.0569744604293898
48766.0,-0.1494,0.2832,0.9792,-40.509853666666665,-195.53729266666664,-20.280574666666666,7.88026973568579,53.60006587034787,-21.643994254666676,1.030220966589207
48777.0,-0.1072,0.2882,0.9279,-43.39525366666667,-196.55259266666667,-24.578274666666665,7.440462052314784,50.864193507656005,-21.779174765333345,0.9775221173968393
48788.0,-0.0624,0.2474,0.8748,-45.24265366666667,-190.79689266666665,-28.746274666666665,7.00196035612144,48.212757371232854,-21.937279276000012,0.9112494499312469
48799.0,-0.0278,0.2134,0.8842,-46.21205366666667,-182.03349266666666,-32.80727466666667,6.569367341166311,45.674558955376924,-22.11771928666668,0.9100121098095344
48810.0,-0.0071,0.1926,0.9532,-49.21205366666667,-175.60599266666665,-37.72337466666667,6.116304220374825,43.21984489233808,-22.325197847333346,0.972489285288018
48821.0,0.0167,0.1716,0.9447,-58.54035366666667,-167.98769266666665,-44.34167466666667,5.572398997989873,40.86055425445264,-22.569077058000012,0.9603038789883127
48832.0,0.0262,0.1702,0.9238,-69.89145366666666,-155.46099266666667,-50.76147466666667,4.917753020023957,38.65034880804814,-22.84826516866668,0.9397132115704238
48843.0,0.026,0.1635,0.8855,-80.98305366666666,-140.27019266666665,-56.85317466666667,4.157192177418531,36.618866503191846,-23.160957629333346,0.900843216103668
48854.0,0.0306,0.1359,0.8361,-91.61665366666666,-122.88849266666666,-63.95997466666667,3.295423807030532,34.789186737184885,-23.512737490000013,0.8476251412033505
48865.0,0.0569,0.1057,0.7877,-99.71595366666666,-104.86559266666667,-72.12797466666667,2.359331623978502,33.16398868286484,-23.90944135066668,0.7967944465167913
48876.0,0.0906,0.0729,0.7635,-103.47925366666666,-84.92669266666667,-80.10507466666667,1.3939108177159079,31.75786448217601,-24.350019261333344,0.7723050045157029
48887.0,0.1294,0.0544,0.7784,-103.28845366666667,-63.59079266666667,-87.38747466666668,0.44020193295701093,30.578134145670337,-24.83065037200001,0.7909552958290373
48898.0,0.1735,0.0719,0.7845,-103.06705366666667,-45.26249266666667,-93.05157466666667,-0.4989479329900678,29.58429106909144,-25.342434032666677,0.8066672858124345
48909.0,0.2007,0.0907,0.7819,-105.50215366666667,-28.987692666666668,-96.86837466666667,-1.44957253079118,28.74958729450922,-25.875210093333344,0.8123266522772721
48920.0,0.2297,0.101,0.7478,-108.15865366666667,-13.346492666666666,-98.81497466666667,-2.4116089853107034,28.0631087658256,-26.41869245400001,0.7887762230189245
48931.0,0.2629,0.0897,0.7014,-108.57085366666666,4.111507333333334,-98.43327466666668,-3.3612334742088072,27.539703002974825,-26.960075464666676,0.7544033801620987
48942.0,0.2817,0.0488,0.6826,-107.28075366666667,27.218407333333335,-97.35697466666667,-4.285584033120741,27.23698473833861,-27.495538825333345,0.7400534372597697
48953.0,0.2849,0.0114,0.6742,-105.32655366666667,54.44740733333333,-96.91417466666667,-5.182714619458351,27.1971696892757,-28.02856678600001,0.7320133946861902
48964.0,0.2656,-0.0123,0.6672,-100.04415366666667,84.69170733333333,-97.43327466666668,-6.019775993517196,27.452845325271277,-28.564449796666675,0.718227324737788
48975.0,0.2395,-0.035,0.6837,-92.44115366666666,114.26420733333333,-98.59357466666667,-6.775459778259446,27.99727829011806,-29.106714457333343,0.7252799045885664
48986.0,0.2107,-0.0441,0.6682,-86.63955366666667,147.12680733333335,-100.43327466666668,-7.470583731020459,28.86606837794691,-29.65909746800001,0.7020189028794026
48997.0,0.1614,-0.0596,0.6349,-83.95255366666667,179.09620733333335,-101.64697466666667,-8.140505047651502,30.051154378714806,-30.218155828666674,0.657799460322065
49008.0,0.1104,-0.0828,0.5714,-84.09755366666667,217.41690733333334,-102.40277466666667,-8.817933821622947,31.621696819660595,-30.78137108933334,0.5878281721727873
49019.0,0.0178,-0.1079,0.5563,-84.21975366666666,251.71460733333333,-102.87607466666667,-9.505167716827408,33.54092401279054,-31.347189500000006,0.5669470345631944
49030.0,-0.078,-0.1161,0.5952,-81.08995366666667,251.71460733333333,-103.53247466666667,-10.167212640170794,35.447700949191486,-31.916618110666672,0.611413321739067
49041.0,-0.1403,-0.113,0.7267,-73.88385366666667,251.71460733333333,-104.31117466666667,-10.758733127925698,37.35265071359027,-32.49032957133334,0.7486961867139434
49052.0,-0.1694,-0.0428,0.8837,-66.30365366666666,251.71460733333333,-100.65467466666666,-11.263646570173725,39.25819791207153,-33.043930282000005,0.9008073545436894
49063.0,-0.1793,0.0447,0.9626,-60.135753666666666,251.71460733333333,-89.15087466666667,-11.68446103471806,41.160814312057795,-33.53426009266667,0.9801761780414785
49074.0,-0.1863,0.0488,0.974,-55.17395366666667,251.71460733333333,-71.43327466666668,-12.036402474691984,43.05626756335002,-33.927143103333336,0.9928570541623805
49085.0,-0.2231,0.0349,0.8882,-49.92205366666667,251.71460733333333,-53.92947466666667,-12.320630220800467,44.9458326064993,-34.223755214,0.9164555963056803
49275.0,-0.7407,-0.0303,0.8987,27.276446333333332,-175.27779266666664,207.63542533333333,-6.988045493225417,11.549256469468393,-14.498389807333332,1.164996253212859
49286.0,-0.7681,-0.0179,0.8938,27.322246333333332,-192.08699266666665,198.57432533333335,-6.54984327173298,9.477985257365397,-13.406231018,1.1786333017525001
49297.0,-0.7722,-0.0027,0.9103,25.955846333333334,-202.14799266666665,189.99422533333333,-6.135992818811293,7.4176023811721,-12.361262778666667,1.193711112455606
49308.0,-0.7646,0.0295,0.9445,23.314646333333332,-208.50679266666666,180.68122533333334,-5.755417704492734,5.393622546274819,-11.367516039333333,1.2155507640571823
49319.0,-0.7664,0.0862,1.0475,18.696346333333334,-216.35409266666665,170.45982533333336,-5.422292960005876,3.3748579960915306,-10.429987,1.3007903943372277
49330.0,-0.7347,0.1694,1.1183,9.894746333333334,-235.75869266666666,159.45982533333336,-5.172588381499344,1.2214440593675804,-9.552957960666667,1.348731010987736
49341.0,-0.6912,0.2419,1.0905,1.108546333333333,-248.55259266666667,151.94842533333335,-4.998941977631173,-1.0017633226762943,-8.717241621333335,1.313568917110937
49352.0,-0.649,0.2684,1.1279,-8.708253666666668,-248.55259266666667,147.37592533333336,-4.9118144501690155,-3.1654404940395366,-7.9066740320000015,1.3286827951019762
49363.0,-0.5879,0.2522,1.1357,-23.738853666666667,-248.55259266666667,142.70412533333334,-4.9707718719166,-5.279497926093827,-7.121801342666668,1.3034744876674802
49374.0,-0.5415,0.2527,1.1307,-38.845653666666664,-248.55259266666667,135.87202533333334,-5.175956700850748,-7.350121262285966,-6.374505203333335,1.2788909374923259
49385.0,-0.4946,0.2531,1.087,-52.81515366666667,-248.55259266666667,128.58202533333335,-5.513539581832491,-9.380870928842903,-5.667304064000001,1.2207611437132162
49396.0,-0.4365,0.2202,1.0381,-62.49455366666667,-248.55259266666667,121.39112533333333,-5.938908853335561,-11.375749238981875,-4.999652874666668,1.1474632455987426
49407.0,-0.3967,0.1929,1.0057,-67.04415366666667,-248.55259266666667,112.47512533333332,-6.39831648869259,-13.337366662513375,-4.381039685333335,1.0981865916136475
49418.0,-0.3495,0.1573,0.9729,-71.31135366666666,-248.55259266666667,102.04762533333333,-6.891747126231319,-15.268878952484535,-3.819777746000002,1.0456710524825672
49429.0,-0.3127,0.1268,0.8778,-77.07465366666666,-248.55259266666667,90.07812533333333,-7.436730720460985,-17.16956960945199,-3.3243480566666688,0.9404213789573268
49440.0,-0.2662,0.0402,0.8783,-80.28075366666667,-248.55259266666667,76.40642533333333,-8.013816571921126,-19.044160621788848,-2.9041127173333354,0.9186345138301739
49451.0,-0.2316,-0.0178,0.9343,-81.06705366666667,-238.27779266666664,56.68122533333333,-8.602486590036488,-20.787417896138734,-2.592365978000002,0.9627418605212926
49462.0,-0.1974,-0.0676,0.9371,-86.28075366666667,-229.04119266666666,32.414025333333335,-9.254458413528742,-22.415395944631438,-2.4140888386666686,0.9600483998215924
49473.0,-0.1514,-0.0455,0.882,-96.31135366666666,-217.05639266666665,7.322425333333333,-10.015795495222463,-23.901861123959986,-2.373815499333335,0.8960559190139865
49484.0,-0.0873,-0.0341,0.7554,-110.23495366666667,-194.49149266666666,-13.280574666666666,-10.922823039687392,-25.13624078227056,-2.446858660000002,0.7611919994324691
49495.0,-0.0028,-0.0641,0.6774,-120.72355366666666,-160.32359266666666,-32.47147466666667,-11.937932080835774,-26.00414468344652,-2.6254517706666687,0.6804317820325562
49506.0,0.0549,-0.0847,0.6671,-126.55565366666667,-129.45339266666664,-49.60887466666667,-13.01073797911183,-26.554005749123622,-2.898300581333335,0.6746929005110399
49517.0,0.106,-0.1102,0.6497,-130.35715366666668,-103.41519266666667,-68.18897466666667,-14.120855654200867,-26.84889466786553,-3.2733399420000016,0.6674504700724991
49528.0,0.1411,-0.1149,0.5887,-130.05945366666666,-78.60599266666667,-87.05927466666667,-15.223230103538189,-26.908600704807547,-3.752165952666668,0.616180906877193
49539.0,0.1721,-0.1155,0.5159,-125.28075366666667,-50.40759266666667,-104.46377466666667,-16.269312206099432,-26.702583012029987,-4.326716713333335,0.5559779402098612
49550.0,0.1857,-0.1179,0.4843,-118.16625366666666,-17.575492666666666,-120.52487466666668,-17.235169675433276,-26.18679249589063,-4.989603524000001,0.5319129534049721
50724.0,-0.5421,0.2377,1.0209,-45.273153666666666,-198.80449266666665,106.57432533333333,-68.95951377099762,-254.16597136288038,57.56952544666666,1.1800891957814037
50735.0,-0.5238,0.2156,1.0424,-34.90675366666667,-220.92659266666666,102.45982533333333,-67.91115000999315,-251.19640174185773,58.13305448599999,1.1863589507396148
50746.0,-0.5238,0.1986,1.0197,-24.891453666666667,-241.38469266666667,97.94842533333333,-66.75549393988686,-248.47069692210465,58.671770825333326,1.1634416573253685
50757.0,-0.4974,0.2036,0.9764,-18.250253666666666,-248.55259266666667,91.92552533333333,-65.5331668035743,-245.84790296522388,59.17736121466666,1.1145477468462264
50768.0,-0.4487,0.1898,0.9268,-16.349453666666665,-248.55259266666667,83.69652533333333,-64.30027253743039,-243.25666805445908,59.637692103999996,1.0470501277398325
50779.0,-0.4014,0.1602,0.8652,-18.196853666666666,-248.55259266666667,70.84912533333333,-63.102097432359756,-240.70214094708095,60.027362293333326,0.9671385836579988
50790.0,-0.355,0.1398,0.8086,-21.410553666666665,-241.31599266666666,54.68882533333333,-61.955450797561376,-238.11042559080246,60.32815083266666,0.8940933955689416
50801.0,-0.307,0.1334,0.8079,-24.212053666666666,-215.91139266666664,35.62012533333333,-60.85613008786463,-235.29312354061688,60.52406152199999,0.874498124640642
50812.0,-0.2518,0.1285,0.8704,-30.059453666666666,-189.01059266666667,15.421725333333335,-59.837754112730856,-232.24820343757943,60.608881011333324,0.9151566259389701
50823.0,-0.2147,0.1125,0.9143,-39.92965366666667,-166.41519266666666,-3.4637746666666662,-58.9449136641303,-229.03225085257486,60.58983025066666,0.9458841525260903
50834.0,-0.1882,0.0846,0.9524,-50.58615366666667,-149.52969266666665,-21.761474666666665,-58.18758177327385,-225.7136367833981,60.47014213999999,0.9744958491445718
50845.0,-0.1541,0.0817,0.984,-58.624353666666664,-141.72819266666664,-39.63937466666667,-57.535159616379104,-222.39588258855585,60.252125579333324,0.9993386312957185
50856.0,-0.123,0.141,0.964,-64.22735366666667,-142.82739266666667,-56.41037466666667,-56.951330953155406,-219.1758430226276,59.94186851866666,0.9819908349877813
50867.0,-0.053,0.1849,0.8899,-68.01365366666667,-145.65179266666667,-66.76147466666667,-56.40903452937766,-216.07415907568648,59.57468040799999,0.9104498997748312
50878.0,0.0436,0.1846,0.7548,-71.57855366666666,-139.55259266666667,-72.68517466666667,-55.90368628198376,-212.99813979464963,59.17491194733333,0.778268051509247
50889.0,0.0875,0.1592,0.7599,-73.38765366666667,-124.68239266666667,-79.99057466666667,-55.41969058635815,-209.85660376853457,58.73496378666666,0.7813122935164913
50900.0,0.1279,0.1322,0.8208,-74.47165366666667,-107.56789266666667,-89.99817466666667,-54.95396274182552,-206.63104933826023,58.239973825999996,0.8411586592314199
50911.0,0.1805,0.1547,0.8986,-79.91435366666667,-94.02589266666666,-101.15087466666667,-54.551924401154814,-203.36681906886184,57.68364401533333,0.9295129369729073
50922.0,0.2439,0.2036,1.0031,-90.50985366666667,-88.31599266666667,-104.95237466666667,-54.26410004285153,-200.15433655213528,57.10640595466666,1.0522118512923146
50933.0,0.2531,0.2429,1.0278,-102.10525366666667,-89.20149266666667,-109.83027466666667,-54.09577823722108,-197.05918950397813,56.50233944399999,1.086016970401476
50944.0,0.2554,0.2692,0.9976,-116.92205366666667,-92.67469266666667,-111.28057466666667,-54.07707171412226,-194.10170436745312,55.89029628333333,1.0643794248293228
50955.0,0.2617,0.2858,0.913,-128.45635366666667,-90.78159266666667,-110.56307466666667,-54.16748696817336,-191.21769203799946,55.28219937266666,0.9918354349386798
50966.0,0.2848,0.2654,0.8302,-135.05175366666666,-80.04879266666667,-108.74627466666666,-54.31392755831929,-188.31023507374582,54.684094861999995,0.91694069601038
50977.0,0.3281,0.2108,0.7657,-140.03655366666666,-63.24729266666667,-109.57827466666667,-54.50448423145927,-185.31753415623697,54.08141435133333,0.8592919992645108
50988.0,0.365,0.1696,0.6793,-140.41055366666666,-40.96479266666667,-110.85307466666667,-54.69235335120972,-182.18532167499933,53.47172244066666,0.7895806798548202
50999.0,0.3975,0.1368,0.505,-133.13575366666666,-11.125092666666665,-110.90657466666667,-54.795266750870745,-178.84015849310387,52.861736279999995,0.6570734281646154
51010.0,0.4423,0.1095,0.3639,-114.90675366666666,33.165007333333335,-104.12797466666667,-54.69724979851776,-175.13915504108883,52.28903241933333,0.5831318461548812
51021.0,0.4352,0.089,0.4111,-97.78465366666667,76.82140733333333,-94.57067466666668,-54.419086203948346,-171.0928067813946,51.76889370866667,0.6052464374120677
51032.0,0.3844,0.0311,0.5057,-87.62435366666666,114.27180733333333,-86.00577466666667,-54.05062715184062,-166.76164203107663,51.295861948,0.6359741032463507
51043.0,0.3156,0.0331,0.5446,-80.89915366666666,145.69170733333334,-79.60887466666667,-53.63033400857515,-162.20205392373555,50.85801313733334,0.6303079644110487
51054.0,0.1959,-0.0099,0.5902,-73.24265366666667,174.89010733333333,-76.76917466666667,-53.15521602136725,-157.4207050222644,50.43578267666667,0.6219412030087732
51065.0,0.1132,-0.0931,0.629,-64.22735366666667,202.64590733333335,-82.68517466666667,-52.62376781635981,-152.4229480350055,49.981014216000005,0.6458504857937323
51076.0,0.042,-0.1416,0.6335,-54.135753666666666,231.73750733333335,-93.79207466666666,-52.03078663251091,-147.188411496024,49.46515780533334,0.6504896694029814
51087.0,-0.0179,-0.1461,0.6497,-43.38005366666667,251.71460733333333,-102.63177466666667,-51.368545252673584,-141.81167376337999,48.90068304466667,0.6661649270263333
51098.0,-0.0797,-0.146,0.693,-35.34945366666667,251.71460733333333,-109.15847466666666,-50.66544184311283,-136.50194023514874,48.300311434,0.712683022107304
51109.0,-0.1412,-0.1151,0.7242,-30.563253666666668,251.71460733333333,-117.44087466666667,-49.949427576721895,-131.2506368380548,47.65438662333334,0.7467603966467423
51120.0,-0.1936,-0.0525,0.7336,-26.021253666666667,251.71460733333333,-124.73857466666666,-49.21068282253027,-126.05254708629415,46.96832446266667,0.7605301900647995
51131.0,-0.2372,0.0118,0.7034,-18.654853666666668,251.71460733333333,-127.85307466666667,-48.407330820066434,-120.9051498264285,46.265132552000004,0.7424113684474397
51142.0,-0.2795,0.0281,0.7429,-6.998353666666667,251.71460733333333,-125.27297466666667,-47.4918762561447,-115.80544035167266,45.57613119133334,0.7942356514284662
51153.0,-0.2816,0.0363,0.7218,6.505446333333333,251.71460733333333,-117.28827466666667,-46.445548312260286,-110.75818083870917,44.93104568066667,0.7756361840450715
51164.0,-0.3331,0.0458,0.7087,21.230646333333333,251.71460733333333,-103.73097466666667,-45.25663151088681,-105.7591184391972,44.36052532,0.7844163052869312
51175.0,-0.4297,-0.0906,0.9481,41.04744633333333,251.71460733333333,-93.87607466666667,-43.896316971151194,-100.80168864096792,43.84420690933334,1.0448655703007923
51186.0,-0.5106,-0.1425,1.0947,59.39094633333333,251.71460733333333,-93.08217466666667,-42.38854772515845,-95.88621044249227,43.33225494866667,1.2163004151935493
51197.0,-0.5245,-0.132,1.239,64.01694633333332,251.71460733333333,-93.73857466666666,-40.877737376447705,-91.02495051110091,42.816692788000005,1.3519043050452944
51208.0,-0.4918,0.0173,1.1801,52.87954633333333,234.86720733333334,-90.21187466666667,-39.51100352241855,-86.40998834308061,42.320527477333336,1.2785939699529323
51219.0,-0.452,0.1183,1.041,34.09324633333333,215.11910733333335,-81.73857466666666,-38.3563381509772,-82.07408095523122,41.87096531666667,1.1410433339711512
51230.0,-0.3955,0.121,0.8743,16.413846333333332,212.32530733333334,-71.31877466666667,-37.399599668667385,-77.83396550322988,41.478712056000006,0.9671927108906477
51241.0,-0.3098,0.0366,0.8005,4.055046333333333,216.59240733333334,-65.05927466666667,-36.591745770143945,-73.62179040339593,41.12088604533334,0.8591366887754242
51252.0,-0.3325,0.0642,0.7216,-6.700653666666667,230.95880733333334,-57.89127466666667,-35.90910820213885,-69.32338822019015,40.802484034666676,0.7971100614093389
51263.0,-0.4639,0.0841,0.7405,-13.494553666666667,243.45500733333336,-42.69277466666667,-35.30462848628743,-64.94629800097992,40.567673774000006,0.8778475209283216
51274.0,-0.5621,0.0594,0.8031,-11.036553666666666,247.34050733333333,-24.112674666666667,-34.68144713081188,-60.5784755300074,40.43505406333334,0.9820663826849997
51285.0,-0.5924,0.0508,0.9312,-5.105253666666667,237.68400733333334,-7.776774666666666,-34.00467156597805,-56.372272548055086,40.39228180266667,1.1048311364185932
51296.0,-0.5724,0.0508,1.1157,-3.9830536666666667,206.03520733333335,5.360625333333333,-33.328217322846,-52.57661050995082,40.421765242000006,1.2549935816568942
51307.0,-0.533,0.0601,1.2653,-10.242653666666667,154.08100733333333,20.001825333333333,-32.731257763000414,-49.415573285221996,40.53177528133334,1.3742944007744484
51318.0,-0.4933,0.104,1.317,-20.509853666666668,89.58480733333333,41.45982533333333,-32.25090219454204,-47.018212583304475,40.759804320666674,1.410194982972213
51329.0,-0.4904,0.1606,1.2845,-31.609053666666668,22.943607333333333,68.99422533333333,-31.88854592093075,-45.390484865077056,41.13927256000001,1.3842777069648995
51340.0,-0.4866,0.2156,1.1532,-38.532753666666665,-37.62889266666667,97.55912533333333,-31.591982449875378,-44.44625191645618,41.67584774933334,1.2700917919583607
51351.0,-0.5165,0.2683,0.9723,-40.433453666666665,-80.24729266666667,128.92552533333335,-31.301045867724135,-43.96838613012165,42.384938138666676,1.1331921416953084
51362.0,-0.4973,0.2256,0.8513,-37.593753666666665,-108.61369266666667,159.99422533333333,-30.969992668238785,-43.79192923879896,43.264906378000006,1.011392278000974
51373.0,-0.4674,0.1949,0.7686,-33.51745366666667,-129.14799266666665,185.46752533333336,-30.589898219240695,-43.82689302072225,44.28497776733334,0.9204318171380214
51384.0,-0.5031,0.1704,0.7404,-33.570853666666665,-143.70529266666665,202.20792533333335,-30.20966612865609,-44.000676210378984,45.39712135666667,0.9112288022225812
51395.0,-0.5551,0.1428,0.6724,-33.807553666666664,-149.94949266666666,214.75752533333335,-29.834459734557136,-44.21352735545884,46.57828774600001,0.8835437793341085
51406.0,-0.601,0.1373,0.6296,-29.769353666666667,-148.57549266666666,223.82622533333335,-29.41889376392137,-44.377289602362715,47.809331985333344,0.881163123377278
51417.0,-0.6366,0.1262,0.6477,-21.143353666666666,-141.80449266666665,228.21552533333335,-28.91645356532923,-44.434232973151786,49.06451737466668,0.9168976442329865
51428.0,-0.6449,0.1311,0.7092,-11.708253666666668,-132.57549266666666,225.85682533333335,-28.320683126718382,-44.365219968130326,50.30672991400001,0.9674956640729715
51439.0,-0.647,0.1595,0.7949,-7.059453666666666,-122.16329266666666,220.20032533333335,-27.68308789426611,-44.167359598053,51.51783170333334,1.0372633513240503
51450.0,-0.6274,0.2057,0.8973,-10.464053666666667,-112.94949266666667,214.94842533333335,-27.08765412366483,-43.86624267912258,52.70004804266668,1.1140424318669373
51461.0,-0.6274,0.2736,0.9751,-23.204453666666666,-106.30829266666667,211.96362533333334,-26.628560154225298,-43.49728707017908,53.86584798200001,1.1913470233311534
51472.0,-0.6522,0.373,1.0288,-43.38005366666667,-105.76629266666667,210.70412533333334,-26.375155004588933,-43.12870990434243,55.02472067133335,1.273940061384365
51483.0,-0.6676,0.434,1.0304,-65.72355366666666,-112.85029266666668,212.30722533333335,-26.343357732863034,-42.841535931665064,56.19241041066668,1.3022173090540612
51494.0,-0.6659,0.4354,0.9899,-84.26555366666666,-123.05639266666667,216.91022533333336,-26.490209910222227,-42.66593685776325,57.38541665000002,1.2699992047241604
51505.0,-0.651,0.391,0.9165,-95.79225366666667,-134.52209266666665,221.00942533333335,-26.74225149165961,-42.61090516880958,58.600968489333354,1.190232855369066
51516.0,-0.6128,0.369,0.8562,-99.31135366666666,-144.10219266666667,223.03242533333335,-27.0134334966911,-42.65434565301487,59.82764682866669,1.1156895984098802
51699.0,0.0084,0.2007,0.8209,-57.227353666666666,-142.02589266666666,-26.066874666666667,-36.467836615901206,-66.66471008292683,57.44252779666669,0.8451200269784168
51710.0,0.0686,0.1862,0.8126,-47.99075366666667,-148.62129266666665,-21.204274666666667,-35.98467445199093,-66.38014943922659,57.325904286000025,0.8364778299512785
51721.0,0.105,0.1355,0.8307,-38.670153666666664,-152.42279266666665,-14.181374666666667,-35.41439926655832,-66.19902629600544,57.24790672533336,0.8482026526721076
51732.0,0.1139,0.0646,0.8762,-32.31135366666667,-152.00299266666664,-12.288274666666666,-34.800300286372895,-66.07411419961967,57.18032121466669,0.8859304769562902
51743.0,0.1184,0.0433,0.9369,-30.731153666666668,-150.69759266666665,-16.349274666666666,-34.19843383761433,-65.99407460253953,57.09040020400003,0.9453438845203368
51754.0,0.1318,0.0533,0.9873,-37.33425366666667,-146.81209266666664,-23.845474666666668,-33.695819647883596,-65.92893466612347,56.95925009333336,0.9974835437239052
51765.0,0.1509,0.0521,1.0299,-51.273153666666666,-142.01059266666667,-32.29587466666667,-33.36946957574895,-65.86678455162027,56.781622782666695,1.042199227595185
51776.0,0.1566,0.0394,1.0482,-68.63195366666666,-139.49919266666666,-42.21187466666667,-33.25331532935711,-65.82770106274647,56.54945747200003,1.060565490669954
51787.0,0.1082,0.0597,1.0428,-85.18915366666667,-138.48389266666666,-53.06687466666667,-33.33066209520925,-65.81600766216556,56.25758966133336,1.0500967431622668
51798.0,0.1201,0.0598,0.9729,-96.17395366666666,-139.20149266666667,-63.87607466666667,-33.535103224755666,-65.84588734441957,55.9062712506667,0.9821071530133563
51809.0,0.1136,0.0676,0.9677,-104.08995366666667,-138.14799266666665,-74.83787466666666,-33.82913266572002,-65.8931938759134,55.49466294000003,0.9766872631502881
51820.0,0.1456,0.0844,0.9003,-109.46395366666667,-134.33119266666665,-84.68517466666667,-34.17970467992799,-65.92801438235942,55.02889447933337,0.915894540872474
51831.0,0.1831,0.0924,0.8433,-112.56325366666667,-127.72819266666666,-93.06687466666666,-34.55895462223159,-65.92213240476099,54.5170266686667,0.8678814780832692
51842.0,0.236,0.0845,0.7755,-113.79225366666667,-116.92669266666667,-99.69277466666666,-34.94592502572642,-65.83498779984872,53.968716408000034,0.8150070551841867
51853.0,0.275,0.0912,0.7214,-114.62435366666666,-98.81209266666667,-103.25767466666667,-35.33444386225259,-65.59195278085235,53.40079919733337,0.7774062001296362
51864.0,0.3003,0.0713,0.6929,-115.96015366666667,-77.49919266666667,-105.68517466666667,-35.73214135873654,-65.16274763696015,52.81953073666671,0.7585342378561432
51875.0,0.3114,0.0397,0.6466,-116.12045366666666,-54.34649266666667,-109.57067466666668,-36.129582396805404,-64.53078412779247,52.21689202600004,0.718775076084306
51886.0,0.3246,-0.0056,0.5984,-114.47925366666666,-30.995392666666664,-117.47147466666667,-36.512583236088055,-63.6982807139893,51.57079891533337,0.6807929788122085
51897.0,0.3491,-0.0186,0.4977,-109.72355366666666,-4.018292666666667,-126.09737466666667,-36.847856725423135,-62.63359861161649,50.8772633546667,0.6082121833702445
51908.0,0.3812,-0.0143,0.3738,-100.66245366666666,37.92830733333333,-128.43327466666665,-37.087459173150876,-61.18653519803818,50.17088034400003,0.5340827370361263
51919.0,0.3915,-0.0576,0.3223,-89.89915366666666,86.15730733333334,-124.31877466666667,-37.22114425918901,-59.299690083317145,49.48712708333336,0.5103599710008613
51930.0,0.3359,-0.0975,0.3564,-81.83805366666667,135.57720733333335,-119.83027466666667,-37.28693408994512,-56.95811250142055,48.82806057266669,0.4993556047547679
51941.0,0.2307,-0.1592,0.4252,-75.89145366666666,178.65350733333335,-126.26537466666667,-37.3193051306454,-54.21774596707296,48.13360101200003,0.5092761235322151
51952.0,0.1664,-0.1821,0.4847,-66.45635366666667,214.05050733333334,-141.33407466666665,-37.284104805890884,-51.154829481675854,47.35626360133336,0.5438597797226782
51963.0,0.0983,-0.1456,0.5446,-51.067053666666666,242.57720733333335,-156.69277466666665,-37.109914397444356,-47.83505559251066,46.494453340666695,0.5722337022580896
51974.0,0.0289,-0.0985,0.6393,-31.02885366666667,251.71460733333333,-168.58597466666666,-36.73864590579131,-44.45697932123093,45.56723048000003,0.6474889574347967
51985.0,-0.0444,-0.0653,0.7594,-7.7464536666666675,251.71460733333333,-180.17377466666665,-36.131199022244346,-41.10534854352778,44.57627471933336,0.7634944728025213
52335.0,-0.7539,0.1155,0.6857,8.299346333333332,-165.86559266666666,250.81102533333333,-32.58136264738713,-97.26839356744343,88.46820415266669,1.025616863160898
52346.0,-0.7762,0.0403,0.6287,15.047446333333333,-169.04119266666666,250.81102533333333,-31.777926597700347,-97.09093919949018,89.84766479200002,0.9996870610346019
52357.0,-0.787,0.0221,0.5916,24.062746333333333,-162.61369266666665,250.81102533333333,-30.88836401049219,-96.71278436059991,91.22712543133335,0.9848085956164274
52368.0,-0.782,0.0306,0.597,33.71924633333333,-148.33889266666665,250.81102533333333,-29.906530662360055,-96.07048261027121,92.60658607066668,0.9843116173245138
52379.0,-0.7626,0.0547,0.6399,41.81084633333333,-129.78919266666665,246.52092533333334,-28.84788575105382,-95.14481072432042,93.96245116000001,0.997006950828328
52390.0,-0.7191,0.0844,0.7198,45.00924633333333,-108.17089266666667,222.03242533333335,-27.763444753411306,-93.93476701666044,95.18362949933335,1.0209506403347812
52401.0,-0.6738,0.1283,0.8362,40.18484633333333,-88.49919266666667,203.22322533333335,-26.735864144680132,-92.49294560477398,96.30135723866668,1.0815256677490368
52412.0,-0.6307,0.1617,0.9977,29.444346333333332,-77.16329266666666,190.24612533333334,-25.826755565926824,-90.93827252489896,97.34771092800001,1.1913583298067798
52423.0,-0.5886,0.1836,1.2056,16.65054633333333,-81.56019266666667,179.97132533333334,-25.05776433253847,-89.46469127622245,98.33755321733335,1.3541160511566208
52434.0,-0.5442,0.2151,1.3356,2.4825463333333326,-104.43809266666668,171.74992533333335,-24.4411711898525,-88.28179338188738,99.28217780666668,1.458166317674359
52445.0,-0.4973,0.2423,1.344,-16.784653666666667,-135.68239266666666,167.05522533333334,-24.028819723852457,-87.47646338800023,100.20098154600001,1.4533934704683382
52456.0,-0.4824,0.2526,1.2876,-32.410553666666665,-158.47629266666667,164.66592533333335,-23.77858564573457,-86.94565406722243,101.10664413533334,1.3980093991100346
52467.0,-0.4498,0.2592,1.1975,-43.670153666666664,-174.17089266666665,160.81102533333333,-23.640730519878055,-86.60441852151295,101.99110477466667,1.3051861667976716
52478.0,-0.4119,0.2466,1.0812,-49.624353666666664,-179.98769266666665,155.10102533333335,-23.557594656379262,-86.33974120776597,102.844160414,1.1829905367330713
52489.0,-0.3793,0.2075,0.9893,-52.341853666666665,-176.68239266666666,147.23852533333334,-23.497519207790116,-86.05017952747669,103.65397230333333,1.0796477342170454
52500.0,-0.3364,0.1606,0.9438,-51.41815366666667,-168.07169266666665,137.64302533333336,-23.425838757926407,-85.68086712644873,104.41100894266667,1.0147491118498206
52511.0,-0.2982,0.1151,0.9048,-48.204453666666666,-155.10219266666667,125.11632533333334,-23.32259723955941,-85.18798809613159,105.099148732,0.9596011098367906
52522.0,-0.2684,0.0786,0.9529,-45.99075366666667,-142.65949266666667,110.66592533333333,-23.203598557745643,-84.58406910139284,105.70781132133334,0.9930936159295356
52533.0,-0.2499,0.0426,1.1038,-45.83045366666666,-138.39229266666666,96.84912533333333,-23.096542967056813,-83.9662462976747,106.24048151066667,1.1325366263392986
52544.0,-0.2135,0.0555,1.2122,-51.601453666666664,-145.75869266666666,85.49042533333333,-23.063555978436746,-83.46567272441516,106.71067885000001,1.2321084935994882
52555.0,-0.172,0.0529,1.1898,-61.92965366666667,-163.83499266666666,76.97892533333334,-23.150986085366572,-83.1956363790328,107.13406293933335,1.2033313965820056
52566.0,-0.1593,0.0774,1.1882,-71.67775366666666,-186.62129266666665,71.46752533333333,-23.3465616621469,-83.20042405991167,107.52713432866668,1.201326970478895
52577.0,-0.1284,0.0789,1.1278,-80.86855366666667,-209.05639266666665,67.71942533333333,-23.640750554278068,-83.46929495565483,107.89959116800001,1.1378245075581734
52588.0,-0.0985,0.05,1.017,-90.48695366666666,-224.47629266666667,60.81862533333333,-24.037777912987984,-83.91896007182896,108.23409360733335,1.0229815491982248
52599.0,-0.0647,0.0066,0.8676,-98.02125366666667,-227.00299266666664,51.88732533333333,-24.515943202207083,-84.40463973701654,108.51947389666668,0.8700341430081925
52610.0,-0.0166,-0.046,0.7227,-104.04415366666667,-217.94949266666666,39.77282533333333,-25.0614089525882,-84.80114703311732,108.73822443600001,0.7243527110462139
52621.0,-0.0011,-0.1533,0.6083,-106.86095366666666,-199.62129266666665,19.452225333333335,-25.649540574698648,-85.00844222633862,108.84521167533335,0.6273204842821569
52632.0,-0.0155,-0.2334,0.5299,-103.34945366666666,-176.33119266666665,-6.700474666666667,-26.220362161497302,-84.97274743571192,108.80835906466667,0.579232095105235
52643.0,-0.0249,-0.2682,0.4896,-94.55565366666667,-146.88089266666665,-36.23477466666667,-26.721426527906768,-84.63014175622142,108.609067804,0.558801762703018
52654.0,-0.015,-0.2782,0.5052,-84.15865366666667,-117.10989266666667,-68.33407466666667,-27.137746164492878,-83.98492196470848,108.23323039333334,0.5769291810959123
52665.0,-0.002,-0.269,0.563,-73.84565366666666,-89.52969266666668,-100.57827466666667,-27.46929912553259,-83.06977418645691,107.68004988266668,0.62396634524628
52676.0,0.001,-0.2114,0.6487,-66.27315366666667,-70.62129266666668,-131.97527466666665,-27.73651597550224,-81.98546059077565,106.95418587200001,0.6822775461643158
52687.0,0.0529,-0.1268,0.7004,-65.86855366666667,-56.76629266666667,-159.42567466666665,-28.003498440168396,-80.79741518555296,106.07734466133334,0.7137484220648057
52698.0,0.105,-0.0688,0.7698,-70.68535366666667,-44.96479266666667,-181.37987466666667,-28.316406036291323,-79.53683480503705,105.07975535066667,0.7799682557642972
52709.0,0.1503,0.0397,0.7883,-76.54795366666667,-35.57549266666667,-198.54017466666664,-28.669603436155366,-78.23516203111494,103.98778439,0.803481841736327
52720.0,0.2303,0.1425,0.7742,-82.91435366666667,-24.376992666666666,-207.25767466666665,-29.054363886285593,-76.8819291283802,102.84786717933333,0.8202011826375283
52731.0,0.3199,0.2183,0.7311,-88.75405366666666,-8.186192666666667,-208.23477466666665,-29.456092698625127,-75.43341121727869,101.70257591866667,0.8273440094664372
52742.0,0.3904,0.2122,0.6829,-93.11285366666667,13.607707333333334,-204.94477466666666,-29.86266785681028,-73.83729207988975,100.575379658,0.8147351778338775
52753.0,0.4214,0.2109,0.6489,-93.37235366666667,40.73750733333333,-199.78447466666665,-30.232729932960616,-72.03927675649379,99.47656504733334,0.8019526045845852
52764.0,0.4366,0.2506,0.6814,-89.58615366666666,67.89780733333333,-191.19667466666667,-30.520410273964266,-70.03977965199475,98.42498333666667,0.8471870395609225
52775.0,0.4417,0.287,0.7301,-86.28075366666667,91.41690733333333,-177.80737466666665,-30.731289120061618,-67.87609932174247,97.447042776,0.900285454730887
52786.0,0.434,0.2614,0.777,-84.79225366666667,108.75270733333333,-162.22717466666666,-30.89530036202819,-65.60998574166652,96.55479331533334,0.9275855540056669
52797.0,0.3932,0.1705,0.8098,-81.97545366666667,120.45500733333333,-147.55537466666667,-31.016113941443265,-63.2921764608386,95.74323875466668,0.9162164209399436
52808.0,0.3564,0.0883,0.7957,-78.26555366666666,129.63820733333336,-139.05927466666665,-31.097562634053943,-60.942634915770526,94.97841274400001,0.8763311816887493
52819.0,0.3253,0.0374,0.748,-73.08235366666666,144.94360733333335,-135.31877466666666,-31.130563349817642,-58.49118719815284,94.23415948333334,0.8165309853275624
52830.0,0.2803,0.035,0.7069,-68.96015366666667,171.59240733333334,-134.06687466666665,-31.126129112965685,-55.81141167048554,93.49679167266667,0.7612494334973261
52841.0,0.2141,0.0258,0.717,-67.55565366666667,203.84430733333335,-133.69277466666665,-31.114793930978283,-52.83685849964587,92.76148141200001,0.7487278878204017
52852.0,0.1329,0.0027,0.7609,-68.61665366666666,233.70690733333333,-135.18897466666667,-31.126160275950355,-49.58597068618418,92.01794205133334,0.7724237891209721
52863.0,0.0546,-0.0168,0.8022,-69.82275366666667,251.71460733333333,-138.23477466666665,-31.16337460668394,-46.18072986756978,91.25765079066667,0.8042314592205406
52874.0,-0.0142,-0.0111,0.8297,-68.95255366666667,251.71460733333333,-141.03637466666666,-31.201546044999812,-42.810183317848036,90.48195073000001,0.8298957404397254
52885.0,-0.056,0.0059,0.8638,-66.36475366666667,251.71460733333333,-142.47907466666666,-31.21881535494891,-39.47017936827631,89.69831581933335,0.8656334385870268
52896.0,-0.0699,0.0238,0.8505,-62.044153666666666,251.71460733333333,-140.63937466666667,-31.193416754895836,-36.1625536432026,88.92479925866668,0.8536994201708235
52907.0,-0.0814,0.0254,0.8787,-57.89915366666666,251.71460733333333,-133.31117466666666,-31.127679148369804,-32.88816894098767,88.19158779800001,0.8828277351782736
52918.0,-0.1254,0.0204,0.9302,-54.502153666666665,251.71460733333333,-122.09737466666667,-31.031144230444855,-29.643082413356794,87.52005223733335,0.938836173142045
52929.0,-0.1788,0.0303,0.9973,-52.387653666666665,251.71460733333333,-111.20427466666666,-30.916814315265277,-26.423027134630576,86.90842872666668,1.0136541915268735
52940.0,-0.2032,0.0404,1.0343,-54.44875366666667,251.71460733333333,-100.05927466666667,-30.828572486694988,-23.229352094951874,86.35810271600002,1.0548454341750737
52951.0,-0.2137,0.0421,1.0211,-59.99075366666667,251.71460733333333,-86.49437466666667,-30.802939702341497,-20.065458982461248,85.88238365533336,1.0440715061718713
52962.0,-0.2169,0.0441,0.99,-66.47925366666666,251.71460733333333,-70.89127466666667,-30.84830440468221,-16.93483692663206,85.4924816446667,1.0144409396312828
52973.0,-0.2195,-0.0049,1.0071,-71.20445366666667,251.71460733333333,-54.80727466666667,-30.95061188521356,-13.840322892331265,85.19104163400003,1.03075441789012
52984.0,-0.2292,0.0123,0.9739,-75.67775366666666,251.71460733333333,-36.03637466666667,-31.102813919152634,-10.783069066265696,84.99284157333337,1.0005824004048842
52995.0,-0.2935,0.0308,0.907,-78.21205366666666,251.71460733333333,-16.364574666666666,-31.27995758141817,-7.756432390962135,84.9028364126667,0.9538028569888015
53006.0,-0.3619,0.0515,0.8148,-76.15105366666667,251.71460733333333,5.024725333333333,-31.42891343174348,-4.753048033268641,84.93047240200004,0.893041376421048
53017.0,-0.4187,0.0511,0.7579,-70.48695366666666,246.92830733333335,27.017125333333333,-31.51145729809965,-1.819085383536827,85.07906659133337,0.8673714948048501
53028.0,-0.4606,0.0273,0.7704,-63.01365366666667,233.79850733333333,47.00182533333333,-31.512874504757686,0.9583947234142904,85.3375766306667,0.8980054621214728
53039.0,-0.4611,0.0121,0.785,-56.97545366666667,216.83670733333335,64.13162533333333,-31.45226985303184,3.536835037170009,85.69030057000003,0.9104859252069744
53050.0,-0.4534,-0.0192,0.845,-53.76935366666667,193.90540733333336,81.47512533333332,-31.365469061432588,5.849085236440521,86.13841375933336,0.9591481637369692
53061.0,-0.4769,-0.0493,0.9261,-52.70065366666667,160.71460733333333,100.13922533333333,-31.27940574475087,7.786302802536599,86.68917949866669,1.0428448158762644
53072.0,-0.5115,-0.061,0.9723,-53.639553666666664,116.98940733333333,120.06292533333333,-31.215969847500734,9.24118731313516,87.34952558800002,1.100327469438076
53083.0,-0.533,-0.0374,0.9578,-52.89145366666666,67.63060733333333,140.49042533333335,-31.152189255712567,10.162022967774506,88.12222292733335,1.0967536642291194
53094.0,-0.5581,-0.0032,0.9163,-48.90675366666667,15.546607333333334,161.38352533333335,-31.048188622162915,10.531190884446127,89.00983231666669,1.0728893419174226
53105.0,-0.5891,0.0337,0.8735,-43.15105366666667,-33.80449266666667,181.90262533333333,-30.881048435657956,10.39111159583396,90.01029675600002,1.0541236881884404
53116.0,-0.6224,0.0781,0.8607,-36.410553666666665,-78.35409266666667,201.61252533333334,-30.6364943513813,9.804510740953091,91.11916564533335,1.0650285723866755
53127.0,-0.6794,0.0363,0.7789,-31.19685366666667,-113.04879266666667,220.05522533333334,-30.338307236485146,8.893222890214382,92.32946938466668,1.0342085186266838
53313.0,-0.5037,0.0579,1.1935,-63.87625366666667,-149.95719266666666,62.04002533333333,-41.34931626443982,-18.12132699964042,98.09919174066668,1.2967298677828007
53324.0,-0.4584,0.0735,1.1799,-69.20445366666667,-176.98009266666665,53.82622533333333,-41.237698184580466,-19.17824353232905,98.39523598000001,1.2679498491659675
53335.0,-0.4211,0.0826,1.1239,-72.89915366666666,-197.80449266666665,49.757525333333334,-41.16258033290358,-20.447463004959456,98.66890236933334,1.2030374807128827
53346.0,-0.3451,0.0785,1.0197,-72.53275366666666,-211.54499266666664,46.81862533333333,-41.08012541884574,-21.85029493750603,98.92640480866667,1.0793722017913931
53357.0,-0.299,0.0669,0.9747,-75.96785366666667,-217.68999266666665,45.99422533333333,-41.032995215110645,-23.303785119709463,99.179373048,1.0217224182722038
53368.0,-0.2455,0.0508,0.8077,-74.58615366666666,-210.59079266666666,41.88732533333333,-40.96987433704427,-24.661422882992646,99.40975333733334,0.8457128235991221
53379.0,-0.2128,0.0261,0.7362,-72.03655366666666,-197.17859266666665,36.03232533333333,-40.88108840228283,-25.856857655437167,99.60793112666667,0.7667825571829343
53390.0,-0.1893,-0.031,0.6398,-62.89915366666666,-177.10989266666667,26.414025333333335,-40.70243595044815,-26.81947361680697,99.753208266,0.6679367709596471
53401.0,-0.1936,-0.1222,0.6095,-51.486953666666665,-158.95719266666666,13.093425333333334,-40.42206909899866,-27.572448467836487,99.82522210533334,0.651079142654716
53412.0,-0.1619,-0.1595,0.6885,-40.17395366666667,-142.67469266666666,-3.1737746666666666,-40.04716200500753,-28.147243930925185,99.80776634466667,0.725040764371218
53423.0,-0.1166,-0.1768,0.8248,-30.670153666666668,-135.73579266666667,-18.540174666666665,-39.59983063436321,-28.658841078031667,99.70579538400001,0.851556715668428
53434.0,-0.0757,-0.1482,0.9257,-26.303653666666666,-140.43809266666665,-33.49437466666667,-39.13096848430662,-29.241098948358776,99.52157632333335,0.9405393240051156
53445.0,-0.036,-0.1093,0.9854,-27.280753666666666,-154.95719266666666,-46.59357466666667,-38.691691052618125,-30.0023572482018,99.26531166266668,0.9920965930795248
53456.0,-0.0172,-0.0483,0.9332,-25.891453666666667,-173.36939266666664,-57.63937466666667,-38.24741403974888,-30.977841410928736,98.948295102,0.9346073881582576
53467.0,0.0421,0.0081,0.884,-24.532753666666668,-186.58309266666666,-64.50957466666667,-37.79158252106421,-32.110030992523924,98.59349244133334,0.8850389934912473
53478.0,0.0862,0.0496,0.8074,-23.49455366666667,-191.16329266666665,-68.88367466666666,-37.32337510969136,-33.303304917312204,98.21463223066667,0.8135019114913007
53489.0,0.1647,0.1083,0.7323,-25.654853666666668,-186.14039266666666,-71.93707466666667,-36.87075279261631,-34.458879809738065,97.81897832,0.7583655253240352
53500.0,0.2134,0.1316,0.6815,-29.715953666666667,-172.76639266666666,-73.77677466666667,-36.451769633275376,-35.49066156612473,97.41320605933333,0.7261545083520449
53511.0,0.2568,0.1394,0.6526,-32.670153666666664,-150.88089266666665,-73.28827466666667,-36.05371807851504,-36.31264379431245,97.01012054866666,0.7150282232191957
53522.0,0.2913,0.1055,0.6456,-32.525053666666665,-124.53729266666667,-71.37217466666667,-35.64865701790572,-36.883301504278464,96.617573588,0.7160902876034557
53533.0,0.2948,0.0695,0.6719,-31.341853666666665,-98.44569266666667,-68.88367466666666,-35.231775289439,-37.2079813277716,96.23871337733333,0.7370121437262754
53544.0,0.2893,0.0322,0.7052,-31.830453666666664,-76.90369266666667,-68.12797466666667,-34.82757844506171,-37.336313610228075,95.86400951666666,0.762914392314105
53555.0,0.276,-0.0157,0.7277,-33.731153666666664,-59.75109266666667,-70.92947466666666,-34.458340738016176,-37.313791266039274,95.47389740599999,0.7784406078821942
53566.0,0.2759,-0.0585,0.7328,-35.761753666666664,-44.11749266666667,-78.55537466666667,-34.13055749380977,-37.15634210206419,95.04184284533332,0.7851999108507336
53577.0,0.2867,-0.0435,0.733,-37.99075366666667,-25.751092666666665,-88.35697466666667,-33.84217733796882,-36.83562331571589,94.55587948466665,0.7882754214105626
53588.0,0.2909,0.0023,0.7468,-40.87625366666666,-6.041192666666667,-96.82257466666667,-33.591872823727044,-36.33764514950515,94.02335532399998,0.8014601300127162
53599.0,0.2903,0.0178,0.7684,-44.15105366666667,13.004607333333334,-103.47907466666668,-33.38071390411004,-35.66953528168616,93.45422041333332,0.8216017831041994
53959.0,-0.5342,0.1963,0.7751,-34.761753666666664,-31.018292666666664,123.67362533333333,-44.933942405444355,-45.999791880257796,115.71547297333332,0.9616045652969832
53970.0,-0.5748,0.208,0.7896,-27.860953666666667,-59.30829266666667,140.20792533333335,-44.26583821303072,-45.72375523925356,116.48661656266665,0.9985625668930315
53981.0,-0.6096,0.2089,0.7618,-24.028853666666667,-83.45339266666667,155.98652533333333,-43.5459342842703,-45.62226657930968,117.34454245199998,0.9977928692870079
53992.0,-0.6458,0.1794,0.7136,-23.166253666666666,-98.45339266666667,169.63542533333333,-42.81413915632523,-45.59677169684335,118.27753729133332,0.9790132583371893
54003.0,-0.6929,0.1438,0.7399,-23.051753666666666,-108.27779266666667,180.28432533333336,-42.086906475903724,-45.59347839131736,119.26910108066664,1.0238363443441534
54014.0,-0.7291,0.0956,0.8248,-25.212053666666666,-121.22439266666667,185.13162533333335,-41.39855136177014,-45.654450631544165,120.28732501999998,1.1049982850665425
54025.0,-0.7582,0.0492,0.9226,-30.769353666666667,-139.69759266666665,185.13922533333334,-40.79292141998153,-45.84978630912098,121.30559075933331,1.195189792459758
54036.0,-0.7844,0.037,0.9738,-38.88385366666667,-160.85789266666666,181.25372533333334,-40.29697412008802,-46.21561619085475,122.30248624866664,1.250975139641072
54047.0,-0.8159,0.0735,0.9794,-48.318953666666665,-180.38469266666667,174.73462533333336,-39.916799195000635,-46.73671690062059,123.26352668799997,1.276839621878958
54058.0,-0.8309,0.1073,1.0063,-57.87625366666666,-195.92659266666666,167.50562533333334,-39.647043056781406,-47.374860488431274,124.1848076273333,1.3094074194077256
54069.0,-0.8364,0.1426,1.0299,-67.19685366666667,-210.79689266666665,160.11632533333335,-39.47918298854264,-48.12783958551399,125.06544741666663,1.3343888975857077
54080.0,-0.821,0.1628,1.0417,-75.76935366666666,-225.34649266666665,153.76522533333335,-39.401574989515815,-48.997373819213166,125.91115615599996,1.3362947766118072
54091.0,-0.7994,0.16,1.0326,-82.42585366666667,-239.86559266666666,148.53622533333333,-39.39276725045274,-49.986249258174624,126.7281053953333,1.3156379137133438
54102.0,-0.7629,0.1466,0.9919,-86.61665366666666,-248.55259266666667,143.51332533333334,-39.42635559403325,-51.0331467762193,127.51742868466664,1.2599101475898986
54113.0,-0.7184,0.0852,0.8525,-85.06705366666667,-248.55259266666667,137.04762533333334,-39.445056840847954,-52.04138306495963,128.27119062399998,1.1180849028584547
54124.0,-0.6448,0.0323,0.7242,-74.31135366666666,-248.55259266666667,128.77282533333334,-39.353892097876326,-53.012659516755,128.97944116333332,0.9701937796131245
54135.0,-0.6007,-0.0582,0.6104,-61.25785366666667,-247.88089266666665,115.07052533333334,-39.13864658459164,-53.93882983909035,129.61232905266667,0.8583798052144518
54146.0,-0.5648,-0.0839,0.5684,-49.95255366666667,-220.42279266666665,95.34532533333334,-38.822244263223794,-54.533817647453496,130.136728342,0.8056778574591709
54157.0,-0.521,-0.0809,0.7096,-49.05945366666667,-181.18619266666664,76.66592533333333,-38.518203484053174,-54.69186940670271,130.55839093133332,0.8840350502101147
54168.0,-0.5273,-0.157,0.6929,-50.12045366666667,-156.35409266666665,53.50562533333333,-38.25496789080174,-54.575439094711285,130.85267187066665,0.8847625105077632
54179.0,-0.4773,-0.1139,0.8815,-49.24265366666667,-138.08699266666665,28.551425333333334,-38.0041557019222,-54.27859215650543,131.00970471,1.0088759834588192
54190.0,-0.4515,-0.1288,0.8444,-43.754053666666664,-136.14799266666665,8.948425333333335,-37.715853147129934,-53.97957094985935,131.05892104933332,0.9661537403539874
54201.0,-0.3983,-0.1216,0.8705,-35.807553666666664,-139.71289266666665,-8.272974666666666,-37.36190573831499,-53.74343552012352,131.01341968866666,0.964986891102672
54212.0,-0.3748,-0.0929,0.8616,-27.937253666666667,-145.85789266666666,-24.265374666666666,-36.93977432213707,-53.59678462377692,130.879960128,0.9441715998694306
54223.0,-0.3507,-0.046,0.8563,-20.799853666666667,-153.49919266666666,-38.74627466666667,-36.452336638060146,-53.55437782006285,130.66685561733334,0.9264751372810821
54234.0,-0.3088,0.0181,0.8331,-13.433453666666667,-159.73579266666667,-50.50957466666667,-35.890593667258294,-53.60021137367746,130.38905295666666,0.8886735396083311
54245.0,-0.2415,0.0735,0.7734,-8.082353666666666,-161.84269266666666,-58.20427466666667,-35.271552503170405,-53.68990290435808,130.068929446,0.8135551978814959
54256.0,-0.1591,0.0897,0.7563,-3.425853666666667,-159.23959266666665,-61.83787466666667,-34.6025898410576,-53.778307051286,129.72882113533333,0.7780415091754423
54267.0,-0.0883,0.0946,0.7792,0.856646333333333,-152.87319266666665,-62.19667466666667,-33.888859149689566,-53.832440670562534,129.38673942466667,0.7898725783314673
54278.0,-0.0176,0.1194,0.8566,3.062746333333333,-143.85029266666666,-60.18137466666667,-33.15135385040808,-53.83438740650873,129.055741864,0.8650605065543104
54289.0,0.0587,0.1638,0.9308,0.795546333333333,-136.36939266666664,-55.09737466666667,-32.43438691140653,-53.81088897833753,128.75270630333333,0.9469238459348248
54300.0,0.098,0.2131,0.9744,-7.044153666666666,-130.09459266666664,-48.41797466666667,-31.79329095895609,-53.77697362268791,128.48640744266666,1.0022329918736461
54311.0,0.0983,0.2312,1.0146,-18.433453666666665,-127.26249266666666,-41.94477466666667,-31.26541986411648,-53.765574636157304,128.255711182,1.0452413549032586
54322.0,0.0732,0.1881,1.0569,-29.48695366666667,-130.45339266666664,-37.60117466666667,-30.853619400432706,-53.83337327733653,128.04890472133334,1.0760006784384477
54333.0,0.0713,0.1135,1.0381,-37.15105366666667,-137.60599266666665,-38.27297466666667,-30.529909517807777,-54.015329452896786,127.83840336066667,1.0467175120346464
54344.0,0.0859,0.0559,0.9926,-40.318953666666665,-144.89609266666665,-43.84547466666667,-30.251061158051787,-54.30693242466301,127.59725325000001,0.9978769363002635
54355.0,0.1052,0.0536,0.9336,-41.21205366666667,-149.24729266666665,-52.25767466666667,-29.99089963462791,-54.67186888313502,127.30983603933335,0.9410361098278853
54366.0,0.1327,0.0724,0.8656,-41.49455366666667,-147.14039266666666,-59.71567466666667,-29.739096934584506,-55.03835311378496,126.98139982866668,0.8787004096960466
54377.0,0.1642,0.0963,0.8086,-41.464053666666665,-137.85789266666666,-65.93707466666667,-29.488484367136483,-55.32965737467128,126.61874591800002,0.8307040929235873
54388.0,0.1931,0.0937,0.7506,-42.601453666666664,-120.49919266666667,-70.95997466666667,-29.251597791298398,-55.46105555252991,126.22846605733335,0.7806840974427492
54399.0,0.2271,0.0618,0.682,-45.89145366666666,-95.42279266666667,-76.86077466666667,-29.055026607947234,-55.35455852537799,125.80573179666668,0.7214690915070444
54410.0,0.2654,0.0282,0.6091,-50.845653666666664,-59.93429266666667,-83.95997466666667,-28.91964568308892,-54.90594727350213,125.34395193600001,0.6650076766474203
54421.0,0.298,0.0126,0.5668,-55.09755366666667,-16.667092666666665,-92.52487466666668,-28.838283227267603,-54.04124580099518,124.83506512533334,0.6404880951274582
54432.0,0.3019,0.0421,0.5826,-56.87625366666666,29.340507333333335,-99.04397466666667,-28.77899945893932,-52.737764890459815,124.29032326466668,0.6575247371772411
54443.0,0.2853,0.069,0.6675,-55.81515366666667,68.63060733333333,-103.02867466666667,-28.70783856355773,-51.070649763249975,123.72366555400002,0.729186766199168
54454.0,0.2521,0.0796,0.7507,-54.17395366666667,95.07330733333333,-105.75387466666668,-28.61842280082923,-49.176448393797024,123.14201924333335,0.7958901054793934
54465.0,0.2074,0.0637,0.7732,-51.96785366666667,111.94360733333333,-108.47147466666667,-28.507785387994,-47.15344173277905,122.54542613266669,0.8030633163082472
54476.0,0.1786,0.0312,0.7635,-48.39525366666667,123.63060733333333,-113.86837466666667,-28.366120711201255,-45.05455360431702,121.91915007200002,0.7847315783119728
54487.0,0.1713,0.011,0.7079,-42.12815366666667,137.34820733333333,-121.17377466666667,-28.166815344191697,-42.85870348492036,121.25269431133336,0.7284140992594803
54498.0,0.178,0.0253,0.6755,-32.570853666666665,156.20310733333335,-128.40277466666666,-27.872494528471805,-40.51346653261774,120.54647905066669,0.6990166950795954
54509.0,0.1731,0.0581,0.6772,-21.51745366666667,178.79850733333333,-133.93707466666666,-27.463692065451937,-37.97991599061828,119.80982514000003,0.7013836753161568
54520.0,0.1555,0.1063,0.7325,-11.303653666666667,202.07340733333334,-136.95237466666666,-26.94518351287906,-35.24964039878375,119.05658707933337,0.7563307411443753
54531.0,0.1514,0.1193,0.8181,-4.693053666666667,216.79850733333333,-137.19667466666667,-26.357904193183497,-32.41545316494882,118.3020053686667,0.840501076739346
54542.0,0.1522,0.1573,0.8584,-1.6319536666666672,223.28710733333335,-135.25007466666665,-25.737398556956794,-29.56723859772374,117.55812995800004,0.8858660677551659
54553.0,0.1516,0.2239,0.7896,-3.387653666666667,231.28710733333335,-128.18897466666667,-25.12702790358838,-26.69080446881938,116.85309059733338,0.8346148393121224
54564.0,0.1356,0.2156,0.6582,-3.7922536666666664,247.83670733333335,-117.41797466666667,-24.512998717355405,-23.69564825383215,116.2072917366667,0.7057605542958604
54575.0,0.0924,0.1738,0.5344,3.352746333333333,251.71460733333333,-108.22717466666667,-23.818971552516775,-20.717562930536502,115.61204227600004,0.5694976382742952
54586.0,0.0248,0.1293,0.478,17.665746333333335,251.71460733333333,-102.38747466666668,-22.975282509272876,-17.789085205250277,115.04891116533338,0.49579988906816025
54597.0,-0.0605,0.1155,0.5424,37.02454633333333,251.71460733333333,-98.77677466666667,-21.934384845435677,-14.89403174423614,114.50563890466671,0.557851467686516
54608.0,-0.1694,0.1506,0.7377,55.703946333333334,251.71460733333333,-94.12027466666667,-20.707068504007356,-12.011195044775205,113.98797739400004,0.7717370083130652
54619.0,-0.2863,0.1947,1.0251,66.00164633333333,251.71460733333333,-84.92947466666666,-19.38879620496113,-9.123325615047285,113.52086528333338,1.0819915849950035
54630.0,-0.344,0.2039,1.308,62.467246333333335,251.71460733333333,-72.42567466666667,-18.137290841928035,-6.23223101242278,113.1225240726667,1.3677628485962032
54641.0,-0.3982,0.1398,1.535,42.89474633333333,251.71460733333333,-55.23477466666667,-17.137198803827413,-3.3451665616575523,112.81873281200004,1.5919586301157451
54652.0,-0.4304,0.0771,1.5809,19.352746333333332,248.87490733333334,-42.96767466666667,-16.431240244588057,-0.5020949966757211,112.58241060133336,1.6402540595895503
54663.0,-0.4023,0.0911,1.454,-2.6930536666666667,200.50080733333334,-36.05157466666667,-15.989621232575836,1.7953180488828597,112.3841269406667,1.5113770211300686
54674.0,-0.3756,0.114,1.261,-22.250253666666666,162.47790733333335,-30.112674666666667,-15.772920612320036,3.6632417014661747,112.21850723000004,1.320678749734393
54685.0,-0.3264,0.14,1.0375,-37.09755366666667,138.84430733333335,-19.410374666666666,-15.719366520815667,5.259787803227774,112.11175016933338,1.096605311860197
54696.0,-0.3021,0.1639,0.879,-43.98305366666667,128.98170733333333,-5.776774666666666,-15.735214657178549,6.736851106640092,112.0799779086667,0.9438053930763481
54707.0,-0.326,0.1569,0.7792,-44.12045366666667,125.11910733333333,8.215625333333334,-15.746255451300902,8.164758762715872,112.12516384800004,0.8590961820424998
54718.0,-0.3674,0.1478,0.6786,-40.76935366666667,126.95880733333333,20.116325333333332,-15.71506815355652,9.611687264447967,112.23580363733338,0.7857006809211763
54729.0,-0.4327,0.1339,0.653,-35.181553666666666,131.91300733333335,29.910225333333333,-15.62028112106426,11.117740406407684,112.40030987666671,0.7947122120616997
54740.0,-0.4904,0.1228,0.6943,-28.792253666666667,134.93600733333335,38.45222533333333,-15.457181955213846,12.664428968060589,112.61179711600005,0.8588506796876859
54751.0,-0.5342,0.1216,0.7689,-23.44875366666667,130.92830733333335,46.59722533333333,-15.240265061708635,14.174757797222947,112.86808185533339,0.9441204425283884
54762.0,-0.5726,0.1195,0.8293,-21.402953666666665,120.47030733333332,54.04762533333333,-15.007690598239455,15.578402361848195,113.16534379466673,1.0148347156064381
54946.0,-0.7814,0.1434,0.5099,-79.63955366666667,-153.92659266666666,125.12392533333333,-28.90500033688338,-12.029611998886864,124.6767449253334,0.9440061069717717
54957.0,-0.7749,0.0969,0.4456,-66.08235366666666,-150.33119266666665,123.17742533333333,-28.87707913631895,-12.880968029136989,125.35422076466674,0.8991212265317731
54968.0,-0.7931,0.0272,0.4163,-49.76935366666667,-140.01829266666667,116.33012533333333,-28.683879732265755,-13.535781653933165,125.99403645400007,0.8961323228184552
54979.0,-0.8093,-0.0204,0.5251,-31.05945366666667,-122.68999266666667,104.08582533333333,-28.310361512227082,-13.933268937331587,126.5665084933334,0.964941790990524
54990.0,-0.8065,-0.0636,0.6678,-21.112853666666666,-115.67469266666667,87.56672533333332,-27.860211476032685,-14.20637185096468,127.04812548266673,1.0490205193417332
55001.0,-0.8011,-0.0734,0.838,-21.441053666666665,-116.27019266666667,71.73462533333333,-27.445583329645025,-14.457902103558206,127.44266592200006,1.1616336642849157
55012.0,-0.7643,-0.064,0.9408,-29.242653666666666,-124.75869266666668,57.29952533333333,-27.142350464246686,-14.787708805841088,127.7578133113334,1.213818408988758
55023.0,-0.6875,-0.0363,0.97,-40.639553666666664,-139.47629266666667,42.25372533333333,-26.980813133210045,-15.271948415256485,127.99020880066672,1.1894847371866526
55034.0,-0.6014,-0.0027,0.9067,-51.28075366666667,-149.80449266666665,30.498025333333334,-26.94380668688576,-15.863647048444111,128.15794794000004,1.0880230420354156
55045.0,-0.5332,0.0504,0.8059,-59.60905366666667,-154.56789266666667,21.971325333333333,-26.99637766533361,-16.499585472832468,128.27879022933337,0.9676348536509006
55056.0,-0.4509,0.1106,0.7034,-61.72355366666667,-154.39989266666666,16.185025333333332,-27.062014250753688,-17.126163774991994,128.3678078686667,0.8428017145212746
55067.0,-0.4093,0.1531,0.6317,-58.807553666666664,-147.15569266666665,14.246125333333334,-27.08114694991968,-17.66602462736948,128.44616155800003,0.7681217286342055
55078.0,-0.3893,0.1481,0.6174,-50.58615366666667,-136.67469266666666,15.253725333333334,-26.998765996276045,-18.086788259715526,128.53005704733337,0.7447622842222879
55089.0,-0.3561,0.1082,0.6661,-38.227353666666666,-128.40759266666666,16.31482533333333,-26.77830140127319,-18.42138669657259,128.61978858666671,0.7630227126370487
55100.0,-0.3419,0.0668,0.8857,-26.914353666666667,-125.10989266666667,16.230825333333332,-26.44132332165837,-18.74128482846761,128.70905812600006,0.9517469936910755
55111.0,-0.3467,0.0127,0.9427,-16.631953666666668,-144.22439266666666,12.406425333333333,-26.008445510214095,-19.288754077955225,128.7772934653334,1.0045125534307673
55122.0,-0.3191,0.0685,1.0835,-8.792253666666667,-168.91139266666664,9.482725333333335,-25.50108801795931,-20.12779431855974,128.82944845466673,1.1315870757480397
55133.0,-0.3102,0.0808,1.1124,-6.883853666666667,-199.12509266666666,9.070525333333334,-24.983271097080838,-21.30989861248282,128.87933634400005,1.1576642172927347
55144.0,-0.3068,0.0856,1.0945,-7.166253666666666,-228.44569266666664,7.467525333333333,-24.47817104296936,-22.813406057807498,128.92040773333338,1.1399051934261901
55155.0,-0.3093,0.0687,1.0444,-8.151053666666666,-248.55259266666667,3.864425333333333,-23.99482990347472,-24.52606569235325,128.9416620726667,1.0914016400940583
55166.0,-0.295,0.0629,0.9689,-7.433453666666667,-248.55259266666667,-2.2195746666666665,-23.51442571117624,-26.222136326050087,128.92945441200004,1.0147653029149153
55177.0,-0.2556,0.0509,0.8867,-6.005953666666667,-248.55259266666667,-10.494374666666666,-23.02981969737533,-27.90043665546301,128.87173535133337,0.9242072603047435
55188.0,-0.1884,0.0482,0.7874,-5.731153666666667,-248.55259266666667,-18.921874666666668,-22.55276710704359,-29.562635588532526,128.7676650406667,0.8110589127800767
55199.0,-0.0828,0.0485,0.6732,-7.395253666666667,-248.55259266666667,-27.288274666666666,-22.102729850651023,-31.21463959723644,128.61757953000006,0.6800046543958358
55210.0,0.0142,0.0524,0.6108,-10.677753666666668,-212.06399266666665,-34.01347466666667,-21.69534581645958,-32.47115726252322,128.4305054193334,0.6132079908155144
55221.0,0.0884,0.056,0.5903,-14.616653666666666,-167.20909266666666,-40.57067466666667,-21.336051187427444,-33.25756600522835,128.20736670866674,0.599503669713539
55578.0,0.0704,0.207,1.0426,0,132.85960733333334,-64.54777466666667,-20.80847949114813,14.20429796500281,116.68558893066674,1.0652792685488628
55589.0,0.0352,0.2113,0.9734,0,126.21840733333333,-54.87607466666667,-20.274678456998643,15.556220050431262,116.38377052000007,0.9966916724845253
55600.0,0.0103,0.1853,0.8806,-0.5785536666666671,127.31760733333333,-47.59357466666667,-19.745160942511163,16.86406971471251,116.1220058593334,0.8999436315681111
55611.0,-0.0176,0.1689,0.7924,-1.9983536666666672,135.92830733333335,-41.92187466666667,-19.231061511495856,18.218387919411693,115.89143554866673,0.8103917139260495
55622.0,-0.0697,0.1704,0.7451,-0.960153666666667,148.08100733333333,-37.14317466666667,-18.70564683760831,19.66613593860522,115.68714808800007,0.7675078240643544
55633.0,-0.1112,0.2206,0.6628,2.024546333333333,164.55430733333336,-32.55537466666667,-18.140821301963832,21.260467068833712,115.5080935273334,0.7073426609501224
55644.0,-0.174,0.1973,0.6582,3.2001463333333326,192.95880733333334,-21.265374666666666,-17.561406683731736,23.135971075477165,115.39113396666673,0.7088233418842809
55655.0,-0.1971,0.1029,0.7601,10.299346333333332,213.45500733333336,-14.677574666666667,-16.92017303517977,25.201675808618024,115.31040730600006,0.791952542770083
55666.0,-0.2366,0.0703,0.9443,17.597046333333335,213.81380733333336,-17.372174666666666,-16.22427671739148,27.236261333848315,115.21486034533339,0.9760246615736715
55677.0,-0.3375,0.0851,1.1571,21.230646333333333,196.99700733333336,-22.196674666666667,-15.515070805184441,29.06157941569635,115.09277863466673,1.2083164610316288
55688.0,-0.38,0.1145,1.2279,22.833746333333334,163.98170733333333,-23.601174666666665,-14.810310368185561,30.50826614853095,114.96297217400006,1.2904451402519985
55699.0,-0.3767,0.1719,1.1865,18.53594633333333,134.40920733333334,-19.150874666666667,-14.164739440346658,31.619388008590462,114.8576423633334,1.2566760720249273
55710.0,-0.3601,0.2241,1.0929,7.642846333333333,115.24130733333332,-12.715674666666667,-13.640911275168822,32.51269221004228,114.78770615266673,1.1723153287405228
55721.0,-0.3643,0.2839,0.9642,-5.868553666666667,111.33290733333332,-6.1966746666666666,-13.256812693734132,33.35986358544863,114.75362444200006,1.0691096014908854
55732.0,-0.3882,0.2056,0.9714,-16.341853666666665,106.63060733333333,-1.1431746666666667,-12.988016169289258,34.15420602227847,114.74733698133339,1.0661090750950393
55743.0,-0.3932,0.1877,0.913,-23.952553666666667,104.40160733333333,1.3453253333333333,-12.803013994722917,34.92425517000402,114.75473627066673,1.0116355717351977
55754.0,-0.3937,0.1533,0.8486,-29.631953666666668,105.08100733333333,4.2766253333333335,-12.682505042529037,35.70254434621353,114.77825771000006,0.94795703489135
55765.0,-0.3862,0.1624,0.7628,-32.532753666666665,110.36340733333333,8.169725333333334,-12.592673683051196,36.53934625203452,114.8231911993334,0.8702804375602154
55776.0,-0.4006,0.1599,0.7521,-33.509853666666665,119.41690733333333,13.444625333333335,-12.51262624341507,37.47488851767547,114.89713663866672,0.8670079469070627
55787.0,-0.422,0.1573,0.7533,-31.876253666666663,128.35580733333333,17.230825333333335,-12.414742944861807,38.50696831702439,114.99190617800005,0.8776606291728027
55798.0,-0.46,0.1549,0.785,-30.158653666666666,134.46270733333336,19.696525333333334,-12.299832980501447,39.60455069589674,115.10023706733338,0.9229404151948272
55809.0,-0.5048,0.1609,0.8329,-31.715953666666664,137.98170733333333,21.749925333333334,-12.20415265398488,40.739456466628305,115.21986165666671,0.9871343677534482
55820.0,-0.5762,0.1431,0.9358,-37.05175366666667,130.88250733333334,23.597225333333334,-12.17260136807065,41.79732440304775,115.34964639600004,1.108244417987296
55831.0,-0.601,0.1177,0.9777,-42.79225366666667,109.85960733333333,25.162125333333332,-12.211550851909138,42.62744298560518,115.48803808533337,1.153668747951508
55842.0,-0.611,0.1128,0.95,-46.49455366666667,83.69930733333334,26.406425333333335,-12.296818189742595,43.17874906408778,115.63327342466671,1.1351408899339324
55853.0,-0.5872,0.1364,0.8534,-46.56325366666667,61.27950733333333,28.612525333333334,-12.383173235589062,43.49707166499078,115.79064231400004,1.044844658310507
55864.0,-0.5503,0.1526,0.7469,-44.32655366666667,50.93590733333333,32.643025333333334,-12.441831850795314,43.71693715214461,115.97017895333337,0.9402002233567062
55875.0,-0.5164,0.1506,0.6715,-42.044153666666666,52.18790733333333,37.25372533333333,-12.471836236472782,43.964256639086614,116.17507444266671,0.8603845477459483
55886.0,-0.5126,0.1366,0.6339,-42.86095366666667,60.98940733333333,41.55142533333333,-12.508434331909077,44.32029254717798,116.40360728200005,0.826587884014761
55897.0,-0.5432,0.1158,0.6498,-45.91435366666666,70.24890733333334,45.37592533333333,-12.578782292716152,44.78877155086689,116.65317487133339,0.8548192323526653
55908.0,-0.6002,0.1095,0.7074,-49.555653666666664,72.88250733333334,48.29192533333333,-12.690652549599456,45.29684972323388,116.91878046066672,0.934154724871635
55919.0,-0.6467,0.1019,0.7467,-53.670153666666664,65.18790733333333,50.05522533333333,-12.849938801889081,45.73271429260798,117.19408420000006,0.9930586035073661
55930.0,-0.6647,0.0969,0.7328,-57.05945366666667,51.08100733333333,51.757525333333334,-13.047922691368267,46.02919655391512,117.4787505893334,0.9940882958771822
55941.0,-0.6613,0.0934,0.6709,-59.532753666666665,37.11920733333333,53.95602533333333,-13.27298951226885,46.19223231022944,117.77550872866674,0.9466509705271526
55952.0,-0.6401,0.0927,0.569,-60.532753666666665,29.630607333333334,57.10102533333333,-13.506895187370837,46.29714477785547,118.08956436800007,0.8614419887607058
55963.0,-0.6406,0.0973,0.4917,-58.601453666666664,29.394007333333334,60.00182533333333,-13.716158172481952,46.427027825390724,118.4195744073334,0.8133907670978322
55974.0,-0.6573,0.1093,0.4447,-53.464053666666665,32.546607333333334,62.00942533333333,-13.86479609410615,46.621197294698156,118.76062624666673,0.8010916739050531
55985.0,-0.6887,0.093,0.4731,-47.05945366666667,35.40920733333333,63.27662533333333,-13.943329950354086,46.8736856866675,119.10864768600007,0.8407022659657817
55996.0,-0.7144,0.0802,0.5011,-41.89145366666666,34.36340733333333,63.05522533333333,-13.96870053018141,47.138706437990834,119.45545142533341,0.8762993837724639
56007.0,-0.7281,0.0682,0.5114,-38.74645366666667,31.012307333333332,62.52092533333333,-13.96528693258262,47.38888810221183,119.79931651466674,0.892362488005855
56018.0,-0.7737,0.0629,0.5269,-37.502153666666665,26.958807333333333,60.65072533333333,-13.955008899308684,47.61720718830966,120.13289550400007,0.9381853281734905
56029.0,-0.9102,-0.0004,0.5614,-38.94495366666667,22.432107333333335,54.34532533333333,-13.976031647080339,47.82517645008548,120.43179479333341,1.0694083223914055
56040.0,-1.2185,-0.1406,0.6621,-48.92205366666667,13.867207333333335,26.536225333333334,-14.138000630583733,47.98171872459102,120.57774403266674,1.393874822213243
56051.0,-0.7299,0.1763,0.4515,-53.547953666666665,19.363407333333335,21.230825333333335,-14.332884316829567,48.21277321063488,120.69451357200008,0.8761780355612665
56062.0,-0.6906,0.1913,0.4835,-51.63195366666667,16.516107333333334,29.520925333333334,-14.488721883420448,48.41924348431964,120.85687866133341,0.8644630125112353
56073.0,-0.7166,0.1564,0.521,-46.441153666666665,8.019907333333334,34.97132533333333,-14.57710986659216,48.53834120514638,121.04922095066675,0.8996763418029842
56084.0,-0.8102,0.0967,0.5421,-40.639553666666664,-2.6823926666666664,37.55912533333333,-14.602086773257442,48.55262430083362,121.25579614000009,0.9796159145297713
56095.0,-0.9595,-0.0072,0.5304,-36.05945366666667,-9.132792666666665,31.085825333333332,-14.591913411775893,48.52108574142051,121.42676817933342,1.0963650167713306
56106.0,-0.7915,0.0846,0.4913,-29.49455366666667,-9.758692666666667,27.673625333333334,-14.511421394652942,48.49583137072459,121.57897311866675,0.9354170727541806
56117.0,-0.7793,0.1167,0.5708,-23.189153666666666,-15.667092666666665,28.582025333333334,-14.361364656792281,48.40997175444974,121.73617425800009,0.9730056628817738
56128.0,-0.7605,0.145,0.5692,-19.815153666666667,-26.369392666666666,29.498025333333334,-14.171481060579616,48.211544254439495,121.89841339733343,0.9609234568892571
56139.0,-0.7731,0.1465,0.5245,-18.189153666666666,-34.47629266666667,32.482725333333335,-13.961672701573496,47.93592076500049,122.07706838666677,0.9456458692343557
56150.0,-0.812,0.1045,0.502,-15.380053666666665,-38.17859266666667,33.53622533333333,-13.72548066694143,47.63653054129164,122.2615176260001,0.9603479838058703
56161.0,-0.8284,0.0586,0.4868,-9.723553666666668,-38.77399266666667,31.780425333333334,-13.438339155457545,47.348921824084655,122.43630996533344,0.9626290874474965
56172.0,-0.829,0.0242,0.4923,-1.2655536666666671,-37.71289266666667,26.643025333333334,-13.07470965066084,47.08896455936587,122.58284660466677,0.9644614714958809
56183.0,-0.7969,0.0363,0.5151,6.772646333333333,-35.63659266666667,21.055225333333333,-12.638152372798576,46.861487148823414,122.6986503440001,0.9495763844999516
56194.0,-0.778,0.0435,0.5807,11.039846333333333,-34.56019266666667,16.543825333333334,-12.169498031814616,46.64676501120481,122.78964138333343,0.9717966556847168
56205.0,-0.7052,0.087,0.6527,10.818446333333334,-38.49919266666667,14.078125333333334,-11.71186057731519,46.37865760003146,122.86707107266676,0.9648281349546146
56216.0,-0.6465,0.1311,0.7262,6.887146333333333,-49.01829266666667,16.475125333333335,-11.299794390980303,45.977491508182396,122.9576842620001,0.9810789468743073
56227.0,-0.6201,0.1593,0.7004,2.5436463333333332,-60.44569266666667,21.528525333333334,-10.933678060576783,45.439124646898364,123.07609115133343,0.9489260561287165
56238.0,-0.6346,0.166,0.6954,-1.372353666666667,-66.93429266666666,27.734625333333334,-10.608194870206036,44.82321413731454,123.22863159066677,0.9559572793802034
56249.0,-0.651,0.1473,0.6998,-4.425853666666667,-71.97249266666667,31.612525333333334,-10.316587122637342,44.14960501099996,123.4025004800001,0.9670668694562956
56260.0,-0.6636,0.1296,0.6915,-6.9907536666666665,-75.88849266666666,32.01712533333333,-10.055667322371646,43.43488731854005,123.57859466933343,0.9671263464511759
56271.0,-0.6801,0.1057,0.7101,-9.876253666666667,-78.79689266666666,30.459825333333335,-9.831764014613919,42.69162583614572,123.74612370866676,0.9889138031193618
56282.0,-0.6776,0.0851,0.7267,-13.044153666666666,-86.26249266666667,26.643025333333334,-9.649687418245874,41.87079407020863,123.89266034800009,0.9972345060215275
56293.0,-0.6615,0.0763,0.691,-15.830453666666667,-90.49149266666667,21.612525333333334,-9.50474233472071,41.011979988955204,124.01152923733342,0.9596275006480378
56304.0,-0.6355,0.0925,0.6289,-17.059453666666666,-87.62129266666668,17.284325333333335,-9.376357188283219,40.196743478285605,124.10659302666676,0.8988502155531809
56315.0,-0.6108,0.1129,0.5845,-14.380053666666667,-83.41519266666667,13.543825333333334,-9.218945414456558,39.44095706188203,124.1810840660001,0.8529145912692548
56326.0,-0.601,0.146,0.5466,-8.212053666666668,-76.89609266666668,10.765225333333333,-8.991203508090482,38.77116977557318,124.24029280533343,0.8254020596048934
56337.0,-0.5841,0.1487,0.541,-0.5479536666666671,-66.56019266666667,9.223225333333334,-8.678376120461849,38.225841641974576,124.29102054466676,0.8099169710532061
56348.0,-0.5911,0.1274,0.6232,6.177246333333334,-55.59079266666667,7.284325333333333,-8.296445359594257,37.80229387872027,124.3310843340001,0.8683364612867526
56359.0,-0.5933,0.1133,0.7494,9.558846333333333,-53.17089266666667,3.5667253333333333,-7.886239164536834,37.3952221838324,124.35070132333342,0.9625186439752739
56370.0,-0.5708,0.1232,0.7987,7.444346333333333,-56.89609266666667,1.0858253333333334,-7.506608894387605,36.93363524527862,124.35667336266675,0.9894001061249185
56381.0,-0.5306,0.1367,0.7885,1.497846333333333,-59.62889266666667,1.5362253333333333,-7.196145710144067,36.42908705455488,124.36512260200008,0.9601851383977987
56392.0,-0.4872,0.1665,0.7435,-4.998353666666667,-57.07169266666667,3.5133253333333334,-6.955037962372944,35.941666586044725,124.38444589133341,0.9043662642978232
56403.0,-0.4781,0.1783,0.7131,-7.364753666666667,-52.71289266666667,5.589625333333334,-6.736111488279021,35.4940542693104,124.41518883066675,0.8768592304355357
56588.0,-0.4088,0.1476,0.8235,-12.189153666666666,-61.30829266666667,6.635425333333334,-8.649176239297589,24.477201203048228,125.02896567400008,0.9311581229844907
56599.0,-0.4154,0.1093,0.8263,-9.677753666666668,-61.22439266666667,7.154525333333334,-8.420775139499453,24.108097359649577,125.06831556333341,0.9312761888934991
56610.0,-0.4165,0.1154,0.8524,-6.906753666666667,-62.82739266666667,5.597225333333334,-8.168888014269367,23.70217230552046,125.09910030266674,0.955706633857901
56621.0,-0.423,0.1211,0.891,-5.433453666666667,-66.80449266666668,3.3835253333333335,-7.907745483109405,23.235161772099385,125.11770969200008,0.9937178724366389
56632.0,-0.4232,0.113,0.9222,-4.899153666666667,-74.50679266666667,0.8720253333333333,-7.648962021039326,22.66884713672415,125.12250583133341,1.0209407818282117
56643.0,-0.4103,0.0969,0.926,-5.0288536666666666,-83.03349266666667,-0.8072746666666666,-7.401266118694156,21.997707083227883,125.11806582066674,1.0174535370226987
56654.0,-0.3779,0.1136,0.9073,-5.998353666666667,-88.85789266666667,-1.1431746666666667,-7.170503734386854,21.2536276867511,125.11177836000007,0.98939711946215
56665.0,-0.35,0.1355,0.8807,-8.158653666666666,-91.39229266666666,-1.1279746666666666,-6.965837761269205,20.47485481653666,125.1055744993334,0.9573362732081138
56676.0,-0.3112,0.1469,0.8704,-10.257853666666668,-90.97249266666667,-1.6240746666666666,-6.784478645214515,19.692687573604495,125.09664208866673,0.9359600472242392
56687.0,-0.2816,0.1521,0.8778,-11.647253666666666,-89.31599266666667,-1.5782746666666667,-6.61792816284812,18.919132597294187,125.08796157800006,0.9343263937190258
56698.0,-0.2743,0.1384,0.8699,-12.486953666666667,-87.39989266666667,-0.6164746666666667,-6.461880607064635,18.158846652340817,125.08457096733339,0.9225622255436216
56709.0,-0.2526,0.1323,0.8452,-11.738853666666667,-82.81209266666667,0.8720253333333333,-6.299440165757553,17.441508017312103,125.08936710666673,0.8920050952769272
56720.0,-0.236,0.1254,0.8372,-10.158653666666666,-76.20149266666667,2.8262253333333334,-6.1225425279386,16.788571742853453,125.10491134600007,0.8788202319018379
56731.0,-0.2338,0.1133,0.8616,-7.891453666666667,-71.45339266666667,3.8491253333333333,-5.926045375954487,16.178998040751118,125.1260815353334,0.8999188241169311
56742.0,-0.2369,0.1219,0.8748,-6.425853666666667,-69.58309266666667,3.3453253333333333,-5.7180680100147825,15.58254370234536,125.14448082466673,0.9144704806608029
56753.0,-0.2439,0.1244,0.8699,-5.5479536666666665,-68.39989266666667,2.2614253333333334,-5.504834583248027,14.99447440254338,125.15691866400006,0.9119696157219275
56764.0,-0.2449,0.1205,0.8613,-5.036553666666667,-65.43049266666667,0.5209253333333334,-5.2907772254198155,14.436004348095137,125.15978375333339,0.9035120087746481
56775.0,-0.2393,0.1006,0.8594,-4.845653666666667,-61.50679266666667,-2.1584746666666668,-5.081760553793238,13.917631336269618,125.14791214266673,0.8977489682533755
56786.0,-0.2224,0.0878,0.8579,-5.754053666666667,-56.59079266666667,-5.853174666666666,-4.89075684776424,13.448604953449095,125.11571968200006,0.8905969964018517
56797.0,-0.2131,0.0829,0.8717,-7.303653666666667,-51.88849266666667,-9.601174666666667,-4.724725278136104,13.02525579524438,125.06291322133339,0.9011908288481414
56808.0,-0.1978,0.0859,0.8914,-8.128153666666666,-49.315992666666666,-12.814974666666666,-4.5747711985876975,12.622450065098025,124.99243086066672,0.9171137388568552
56819.0,-0.1808,0.0939,0.9128,-7.410553666666667,-49.62129266666667,-14.730974666666667,-4.42280846945455,12.20742179311703,124.91141050000004,0.9352591565977849
56830.0,-0.1682,0.1062,0.9337,-5.868553666666667,-53.49149266666667,-15.043974666666665,-4.258441510913772,11.741430229141653,124.82866863933337,0.9546545815110301
56841.0,-0.1517,0.1127,0.9417,-4.158653666666667,-59.75869266666667,-13.715674666666667,-4.07924561940859,11.199254219511959,124.7532324286667,0.9604754395610541
57191.0,0.252,0.1387,0.8671,0.8489463333333329,-16.079292666666667,-25.692774666666665,-3.5619605617868815,5.733897710291545,120.25699686200004,0.9135666915994693
57202.0,0.2458,0.1389,0.8969,1.917646333333333,-15.621292666666665,-26.845474666666668,-3.3211812854157547,5.666454268849342,120.10934675133338,0.9402874347772601
57213.0,0.2537,0.136,0.9128,1.612346333333333,-18.323592666666666,-27.318774666666666,-3.0854887753939413,5.516873318405118,119.9590934906667,0.9571120780765437
57224.0,0.2635,0.1279,0.8838,0.505446333333333,-20.415192666666666,-27.173774666666667,-2.8645229722399357,5.297705737439641,119.80963773000003,0.9310709425172714
57235.0,0.2704,0.1219,0.8397,0,-18.033492666666668,-27.257674666666666,-2.6519292410733506,5.06269388471787,119.65972051933336,0.8905458213927007
57246.0,0.2723,0.1169,0.8192,0.963446333333333,-11.529692666666666,-27.990574666666667,-2.432334761116313,4.86045743896616,119.50577235866669,0.8711495508809035
57257.0,0.2678,0.1163,0.8325,2.085646333333333,-4.476292666666666,-28.624074666666665,-2.2047404611764607,4.700575940439951,119.34833994800002,0.8822124347344011
57268.0,0.2585,0.1221,0.8674,2.994046333333333,-0.5220926666666665,-29.105074666666667,-1.9716458218202586,4.5537472904969185,119.18826203733335,0.9132981002936554
57279.0,0.2451,0.1158,0.8931,2.604746333333333,-1.1861926666666665,-29.692774666666665,-1.7485402690117733,4.375271240967475,119.02495177666668,0.9333334130952348
57290.0,0.2488,0.1168,0.8845,0.841346333333333,-3.079292666666667,-31.410374666666666,-1.5497160152290528,4.1549156383512065,118.85219471600001,0.9262202383882572
57301.0,0.2574,0.1218,0.8521,-0.700653666666667,-2.0182926666666665,-33.10507466666667,-1.3710864908525469,3.9264546093677755,118.67011680533335,0.8984232911050336
57312.0,0.255,0.1295,0.8376,-0.525053666666667,2.1879073333333334,-34.21187466666667,-1.192577692375078,3.726432540558543,118.48195149466669,0.8850813578423172
57323.0,0.2557,0.1221,0.8324,0.543646333333333,7.241307333333333,-35.96767466666667,-1.0056248926993197,3.5653307496137034,118.28412928400002,0.8793069202502616
57334.0,0.2521,0.1371,0.8505,2.375646333333333,10.989407333333334,-37.56307466666667,-0.8006295531625278,3.431056487994441,118.07753237333336,0.8976085282571685
57345.0,0.2563,0.1365,0.8701,4.085646333333333,12.302407333333333,-38.55537466666667,-0.5799455396482605,3.298428842312373,117.86547781266668,0.91727637601761
57356.0,0.2698,0.1481,0.9017,4.612346333333333,11.539007333333334,-38.73857466666667,-0.35593822640700606,3.1456613809088263,117.65241565200002,0.9527793763511047
57367.0,0.2874,0.1582,0.906,3.841346333333333,9.050407333333334,-38.02867466666667,-0.14177797426036842,2.95406572700669,117.44325794133334,0.9635673302888594
57378.0,0.3047,0.1792,0.8894,2.2153463333333328,7.829107333333333,-36.31877466666667,0.05603488560434118,2.7371527955067037,117.24350468066667,0.9570721446160682
57389.0,0.3113,0.1952,0.8647,1.322246333333333,8.668807333333334,-33.18897466666667,0.24754040963195978,2.5178591599517866,117.06096532000001,0.939530105957228
57400.0,0.3057,0.1877,0.8451,1.955846333333333,11.142107333333334,-30.028674666666667,0.4480020504878863,2.315589974105035,116.89580760933335,0.9180837597953685
57411.0,0.2886,0.1771,0.8307,3.848946333333333,15.684007333333334,-28.379874666666666,0.6692443570965763,2.1553819769362605,116.73971829866667,0.8970601206162271
57422.0,0.2767,0.1711,0.8153,5.4520463333333335,21.638207333333334,-28.188974666666667,0.9069111413488201,2.053660061742445,116.58467893800001,0.8778110218036682
57433.0,0.2697,0.1674,0.808,6.4749463333333335,29.058107333333332,-28.379874666666666,1.1537985984119792,2.0265201188857596,116.42858962733334,0.8681156892949234
57444.0,0.2551,0.1573,0.8278,7.116146333333333,35.72220733333333,-29.501974666666666,1.4037167159713113,2.067519126698825,116.26632876666667,0.8803818148962415
57455.0,0.2428,0.1631,0.8031,7.169546333333333,43.05810733333333,-31.33407466666667,1.6514946107976094,2.1836385899739654,116.093991356,0.8547064174323252
57466.0,0.2329,0.1722,0.7816,7.238246333333334,54.09630733333333,-33.31877466666667,1.8988146688145005,2.4140739427800915,115.91073809533334,0.8335429263091373
57477.0,0.2246,0.179,0.7716,7.116146333333333,68.47790733333333,-35.73857466666667,2.1444433715472933,2.79349078519951,115.71417593466667,0.8233181159187497
57488.0,0.2064,0.1724,0.8026,6.505446333333333,81.92830733333334,-37.93707466666667,2.381298521309248,3.3124363240481567,115.505522024,0.8464570160380265
57499.0,0.1783,0.1637,0.8588,5.780246333333333,90.56950733333333,-40.33407466666667,2.605822780611775,3.9216518751711433,115.28368461333334,0.8922589422359408
57510.0,0.1639,0.1494,0.9158,5.032146333333333,94.47030733333332,-41.75387466666667,2.8149441671915167,4.571203553407345,115.05403830266667,0.942270242552528
57521.0,0.1453,0.1523,0.9788,3.062746333333333,95.69930733333334,-41.59357466666667,2.995187485987582,5.234641050348224,114.825273642,1.0011777164919322
57532.0,0.1382,0.1752,1.0267,-1.3571536666666673,91.74510733333334,-40.303474666666666,3.122964373550829,5.856433467448812,114.60360453133333,1.0506698672751589
57543.0,0.1223,0.2124,1.0221,-7.395253666666667,87.63820733333333,-38.79207466666667,3.186727389140592,6.435771479551656,114.39024812066667,1.05107538264389
57554.0,0.1367,0.271,0.9066,-16.41825366666667,93.42450733333332,-33.45617466666667,3.1647025585908493,7.073635744541192,114.20623916,0.9560603798923998
57565.0,0.0996,0.1405,0.9473,-19.005953666666667,99.74510733333334,-31.639374666666665,3.1100622403208757,7.779425869568791,114.03222259933332,0.9628279700964238
57576.0,0.071,0.1541,0.9685,-17.540353666666668,100.23370733333333,-36.67757466666667,3.0689747725516425,8.491571348227783,113.83049593866666,0.9832497444698372
57587.0,0.0446,0.1904,0.9723,-19.349453666666665,97.79850733333333,-38.59357466666667,3.0105761308498167,9.180070194184951,113.618231278,0.9917704421891187
57598.0,0.0444,0.2261,0.9044,-23.105253666666666,102.05810733333333,-35.21187466666667,2.919842180511586,9.914428367351668,113.42456596733334,0.9332909139169844
57609.0,0.0234,0.1772,0.9297,-26.044153666666666,108.29470733333333,-31.44857466666667,2.7991325202788695,10.716777858416231,113.25159880666666,0.9467256677623143
57620.0,-0.0087,0.1298,0.981,-23.616653666666668,105.95880733333333,-32.33407466666667,2.7001357268655433,11.496577581720606,113.073761396,0.9895881618127816
57631.0,-0.0417,0.1438,0.9885,-19.120453666666666,95.82140733333333,-34.55537466666667,2.6469979027374344,12.172277162805244,112.88370683533333,0.9997747646345151
57642.0,-0.0469,0.1504,0.9683,-15.517453666666668,85.62300733333333,-34.326374666666666,2.630837208865383,12.743425681407558,112.69491177466666,0.9810324459466161
57653.0,-0.0474,0.1558,0.9642,-13.395253666666667,78.68400733333333,-32.20427466666667,2.6359385777702804,13.245281856298742,112.517788264,0.9778558380456701
57664.0,-0.0499,0.158,0.9498,-12.937253666666667,74.50080733333333,-30.425674666666666,2.6446668173185963,13.707360082615583,112.35044705333334,0.9641442060189959
57675.0,-0.061,0.1685,0.9063,-14.578553666666666,73.06570733333334,-27.921874666666668,2.6365850750660678,14.159591685326978,112.19687674266667,0.9238468163066862
57686.0,-0.0724,0.1489,0.8617,-16.715953666666667,77.69930733333334,-24.425674666666666,2.605168439884083,14.667382904001457,112.06253553200001,0.8774621701247297
57697.0,-0.1011,0.1355,0.8712,-16.540353666666668,84.23370733333333,-22.990574666666667,2.5740228282390696,15.252461115479129,111.93608737133334,0.8874519141902845
57708.0,-0.1212,0.1477,0.8871,-16.693053666666668,90.11910733333333,-21.814974666666668,2.540916228153567,15.90730415767929,111.81610501066667,0.9074420863063383
57719.0,-0.1483,0.1453,0.9362,-17.830453666666667,93.40920733333333,-19.631774666666665,2.4939896457916992,16.60420811673385,111.70813025000001,0.9589449514961743
57730.0,-0.1637,0.1542,0.952,-19.685353666666668,93.05050733333333,-17.105074666666667,2.426707330354661,17.302821327508976,111.61405233933334,0.9782020905722907
57741.0,-0.1802,0.1787,0.8923,-23.731153666666668,94.90540733333333,-13.639374666666667,2.3201333245834608,18.027232738934618,111.53903577866667,0.9276879971197213
57752.0,-0.2023,0.1954,0.7948,-26.998353666666667,104.83670733333334,-8.708074666666667,2.1872285120735557,18.86558197063766,111.491141368,0.8430975566326828
57763.0,-0.2368,0.11,0.8539,-24.051753666666666,111.92070733333333,-6.356974666666666,2.083009458174222,19.78700589134539,111.45617800733334,0.8929274606595992
57774.0,-0.259,0.0576,0.9377,-16.51745366666667,105.88250733333334,-9.631774666666667,2.048596439284944,20.64794524952293,111.40320324666666,0.9745152897723052
57785.0,-0.2577,0.0837,0.9529,-11.891453666666667,94.72220733333333,-11.295874666666666,2.05553683799362,21.391466227636677,111.341075936,0.9906732004046541
57796.0,-0.2393,0.1305,0.9055,-11.112853666666666,89.57720733333333,-8.906574666666666,2.0691088284571895,22.08101090422927,111.29208977533332,0.9456347021974183
57807.0,-0.235,0.1503,0.907,-13.647253666666666,91.69930733333334,-4.105074666666667,2.0559991621159694,22.79376392195102,111.26951186466665,0.9489278634332539
57818.0,-0.2661,0.1399,0.9567,-16.853353666666667,90.33290733333332,0,2.007114743692985,23.493055238564352,111.26951186466665,1.0028240673218807
57829.0,-0.2968,0.1187,1.0144,-19.135753666666666,80.89010733333333,2.2385253333333335,1.929607795500345,24.092846240614627,111.28182375399999,1.0635728888985465
57840.0,-0.3069,0.1039,1.0115,-21.173953666666666,66.43980733333333,4.7804253333333335,1.8255281452067276,24.540414588588295,111.30811609333333,1.0621276147431626
57851.0,-0.3054,0.1176,0.9541,-23.899153666666667,55.24890733333333,9.375925333333333,1.691244812056267,24.87325275486194,111.35968368266666,1.008665321105073
57862.0,-0.2916,0.1354,0.8735,-25.822753666666667,49.35580733333333,15.032325333333334,1.5397363654057035,25.149560197117758,111.44236147199999,0.9307878222237334
57873.0,-0.2699,0.1472,0.7809,-26.723553666666668,51.55430733333333,21.520925333333334,1.3853078622821333,25.456325813808448,111.56072656133333,0.8392369510454125
57884.0,-0.276,0.1799,0.657,-30.059453666666666,70.62300733333333,33.40642533333333,1.207630268558735,25.97817712410726,111.74446190066666,0.7349755165990226
57895.0,-0.3064,0.0483,0.7073,-24.059453666666666,78.31760733333333,38.44462533333333,1.0896880577707877,26.589517479012493,111.95590734,0.7723257991288393
57906.0,-0.374,0.0964,0.7512,-18.601453666666668,79.98170733333333,36.32242533333333,1.030013886411071,27.229274819819004,112.15568067933333,0.8446717705712675
57917.0,-0.4445,0.0897,0.7963,-14.547953666666666,77.16500733333334,34.80332533333333,1.0105245394755806,27.85368489110203,112.34709896866666,0.916362390105574
57928.0,-0.489,0.0649,0.8419,-10.097553666666666,69.47790733333333,36.14682533333333,1.0309975169235475,28.411362582675462,112.54590650799999,0.9757707825099089
57939.0,-0.5115,0.047,0.9165,-8.693053666666668,57.06570733333333,36.04762533333333,1.055224454142918,28.849028219191165,112.74416844733332,1.0506252900059088
57950.0,-0.4991,0.0447,0.9116,-10.189153666666666,43.67640733333333,33.84152533333333,1.0530086713344964,29.154185192121382,112.93029683666666,1.0402468264791775
57961.0,-0.4908,0.0402,0.8894,-14.051753666666666,35.34050733333333,31.101025333333332,1.0002710360894373,29.3815015523814,113.10135247599999,1.0166282703131957
57972.0,-0.4855,0.0415,0.8695,-18.914353666666667,31.035207333333332,29.162125333333332,0.8886373385246078,29.57421141324962,113.26174416533333,0.9967260155127888
57983.0,-0.4858,0.0598,0.8303,-24.021253666666667,29.386307333333335,27.704125333333334,0.7200773200565426,29.76174063059393,113.41411685466666,0.9638338912904029
57994.0,-0.4893,0.0826,0.7806,-28.380053666666665,31.371107333333335,27.284325333333335,0.5074565791566711,29.98451900640025,113.56418064399999,0.9249722212045073
58005.0,-0.4908,0.0833,0.7319,-31.24265366666667,38.65350733333333,27.772825333333333,0.26839194977654063,30.299959757302993,113.71693118333333,0.8851559975507143
58016.0,-0.4958,0.0717,0.7267,-33.41815366666667,50.21840733333333,28.643025333333334,0.009381106590765437,30.751575867612743,113.87446782266666,0.8826388955852784
58027.0,-0.5189,0.0696,0.7432,-35.486953666666665,58.76800733333333,28.215625333333335,-0.2684812375226685,31.304202503922284,114.029653762,0.9090916400451606
58214.0,-0.6385,0.0535,0.6505,-22.181553666666666,6.760407333333333,34.36062533333333,-4.2265269428998735,32.48599066870871,117.24237223066666,0.9130688637775356
58225.0,-0.63,0.0385,0.5984,-18.410553666666665,6.256607333333333,32.26902533333333,-4.243312639928609,32.506666077688266,117.41985186999999,0.8697498548433338
58236.0,-0.6257,0.0336,0.5831,-13.937253666666667,10.424507333333334,30.055225333333333,-4.2161335085277605,32.60353109121604,117.58515560933333,0.8559410376889287
58247.0,-0.6207,0.0354,0.5823,-10.448753666666667,16.577207333333334,27.727025333333334,-4.155898183574509,32.79330394471423,117.73765424866666,0.8518186074511404
58258.0,-0.6276,0.0537,0.6001,-8.624353666666666,22.829107333333333,25.597225333333334,-4.078735839764316,33.0721692788322,117.87843898799998,0.8699916436380294
58269.0,-0.651,0.0768,0.6139,-7.212053666666668,28.806207333333333,24.177425333333336,-3.9865905284183127,33.434458745946166,118.01141482733331,0.898093786861929
58280.0,-0.6681,0.0834,0.6427,-5.7693536666666665,32.432107333333335,23.482725333333335,-3.879084973809861,33.85028285690593,118.14056981666664,0.9307934572180877
58291.0,-0.6812,0.083,0.6838,-4.853353666666667,31.874907333333333,22.207925333333336,-3.7628692278958487,34.26929387752686,118.26271340599997,0.9687646153736211
58302.0,-0.6915,0.0813,0.723,-4.868553666666667,27.126807333333335,21.154525333333332,-3.648874083002091,34.64220880439074,118.37906329533331,1.0037484445816094
58313.0,-0.6842,0.0907,0.7533,-5.0212536666666665,18.019907333333332,20.757525333333334,-3.537600585517367,34.918270696025175,118.49322968466664,1.0216736367353325
58324.0,-0.6614,0.0985,0.7499,-5.509853666666666,7.943607333333333,21.665925333333334,-3.43163335519746,35.08598262194723,118.61239227399997,1.004739876784036
58335.0,-0.6346,0.1008,0.7404,-6.883853666666667,0,23.291925333333335,-3.340132506759036,35.16801839006543,118.7404978633333,0.9803417567358844
58346.0,-0.6149,0.1228,0.7242,-9.517453666666666,-4.995392666666666,25.475125333333335,-3.273707149867357,35.196900493732116,118.88061105266664,0.9579391890929194
58357.0,-0.5995,0.1282,0.6923,-12.372353666666667,-6.552592666666666,27.803325333333333,-3.23372625310338,35.2115426311353,119.03352934199997,0.9247241642781917
58368.0,-0.6,0.1199,0.6824,-14.173953666666668,-5.430492666666666,29.917825333333333,-3.2097877897921845,35.24163630246173,119.1980773813333,0.9165401082331313
58379.0,-0.6028,0.1057,0.6497,-14.708253666666668,-4.140392666666667,31.230825333333335,-3.18976815083383,35.29119800239206,119.36984692066665,0.8925527547433821
58390.0,-0.6133,0.0925,0.6354,-14.418153666666667,-1.4304926666666664,31.841525333333333,-3.1664961289921476,35.37672702392245,119.54497530999998,0.8879337250042932
58401.0,-0.6245,0.084,0.6489,-12.952553666666667,2.2489073333333334,31.719425333333334,-3.128688338914165,35.507202989030986,119.71943214933331,0.9045039856186373
58412.0,-0.6401,0.0942,0.6844,-11.593753666666666,2.2718073333333333,31.085825333333332,-3.076908362665056,35.64020053568532,119.89040418866665,0.9418094340151834
58423.0,-0.6538,0.0946,0.7195,-11.219753666666668,-1.5678926666666664,30.528525333333334,-3.022448103334539,35.73194007621713,120.05831107799999,0.9767721586941348
58434.0,-0.6536,0.0999,0.7187,-11.715953666666667,-8.117492666666665,29.513325333333334,-2.9740516893584172,35.75377391215168,120.22063436733332,0.9765770118121766
58445.0,-0.6429,0.1028,0.6886,-12.341853666666667,-12.361792666666666,28.849125333333333,-2.9323206459123883,35.733133719004044,120.37930455666665,0.9476593322497279
58456.0,-0.6183,0.1185,0.6593,-11.799853666666667,-13.041192666666666,28.375925333333335,-2.8822453924323748,35.70904499399605,120.53537214599999,0.9115994899077116
58814.0,-0.4166,0.1283,0.843,4.581846333333333,-46.60599266666667,-0.9447746666666665,-1.094349190640128,19.44414331649328,120.36625748066665,0.9490339561891344
58825.0,-0.3895,0.1375,0.8334,3.9558463333333327,-51.85029266666667,0.5896253333333333,-0.9019554325410736,19.267306602046407,120.36950041999998,0.9301462573165578
58836.0,-0.371,0.1473,0.8243,2.856646333333333,-54.22439266666667,2.5285253333333335,-0.7192402359776365,19.04050980592598,120.38340730933331,0.9158650446435872
58847.0,-0.3568,0.1591,0.8203,1.223046333333333,-54.66709266666667,5.2461253333333335,-0.5507678031412944,18.786998141291313,120.41226099866664,0.9085764359700289
58858.0,-0.3524,0.1704,0.8156,-0.700653666666667,-54.01059266666667,8.772825333333333,-0.3985953325870759,18.521463838655748,120.46051153799998,0.9046686023069442
58869.0,-0.3608,0.1577,0.8215,-2.143353666666667,-52.71289266666667,11.582025333333334,-0.25973745270303206,18.253757982216207,120.52421267733331,0.9109929637488975
58880.0,-0.3732,0.1288,0.8267,-3.357153666666667,-51.77399266666667,12.910225333333333,-0.13579604968054576,17.983069885604216,120.59521891666664,0.9161334891815711
58891.0,-0.3834,0.1099,0.8334,-4.181553666666667,-51.41519266666667,12.719425333333334,-0.02493798361871183,17.705670464218155,120.66517575599997,0.9239205214735735
58902.0,-0.3964,0.103,0.8386,-4.181553666666667,-51.49149266666667,10.574325333333334,0.0810922031651533,17.419683840613416,120.7233345453333,0.9332694787680565
58913.0,-0.4049,0.1051,0.8492,-4.807553666666667,-51.23199266666667,6.169725333333334,0.17593705525743952,17.130518068438697,120.75726803466664,0.9466417801893173
58924.0,-0.4044,0.1125,0.8862,-7.586153666666666,-51.10989266666667,1.2537253333333334,0.23725435686649177,16.835618660583993,120.76416352399997,0.9805845450546321
58935.0,-0.3955,0.1093,0.9164,-12.097553666666666,-50.33119266666667,-3.2347746666666666,0.24647324156689895,16.540804362095997,120.7463722633333,1.0040695693028447
58946.0,-0.3948,0.1029,0.9733,-18.067053666666666,-51.02589266666667,-7.5324746666666655,0.18763370221071152,16.22840087735742,120.70494365266663,1.0553522350381412
58957.0,-0.3781,0.0959,0.9818,-25.387653666666665,-54.61369266666667,-12.181374666666667,0.047104071405453016,15.86725077656816,120.63794609199996,1.0564505004968288
58968.0,-0.3496,0.1204,0.9486,-32.88385366666667,-57.01059266666667,-16.524874666666665,-0.17143110540633621,15.471866223800223,120.5470592813333,1.0181150622596644
58979.0,-0.3088,0.1315,0.8942,-38.670153666666664,-55.28539266666667,-19.295874666666666,-0.4457289581222412,15.087564068574906,120.44093197066664,0.9551143020602298
58990.0,-0.2794,0.1393,0.8593,-42.28075366666667,-49.43049266666667,-20.051574666666667,-0.7498784356146475,14.758737662855866,120.33064830999997,0.9142567144954419
59001.0,-0.262,0.1288,0.8459,-44.21205366666667,-43.10989266666667,-19.479074666666666,-1.0664894935730844,14.489427421679176,120.2235133993333,0.894863257710361
59012.0,-0.2539,0.1074,0.8301,-44.21205366666667,-37.02589266666667,-18.814974666666668,-1.3770308763411157,14.27709931279222,120.12003103866664,0.874680501669038
59023.0,-0.2577,0.0839,0.8219,-43.25785366666667,-30.598392666666665,-18.456174666666666,-1.674111312037511,14.126351265222373,120.01852207799998,0.8654294367538002
59034.0,-0.2793,0.0616,0.8319,-42.18915366666667,-25.636592666666665,-19.417974666666666,-1.9595243800708284,14.023187014379388,119.9117232173333,0.8796935034431026
59045.0,-0.2822,0.0212,0.8336,-41.00595366666667,-22.399892666666666,-22.402774666666666,-2.236792224413867,13.949124605906729,119.78850795666663,0.8803267802356123
59056.0,-0.2761,-0.0155,0.8611,-40.464053666666665,-20.407592666666666,-26.990574666666667,-2.5169134501358803,13.888889013201684,119.64005979599997,0.9044139925940996
59067.0,-0.2832,-0.0304,0.8939,-42.761753666666664,-21.575492666666666,-32.280574666666666,-2.831293606613241,13.808348611811265,119.4625166353333,0.9381810113192444
59078.0,-0.2565,-0.0396,0.9028,-45.89145366666666,-23.644192666666665,-37.08217466666667,-3.1878102107288346,13.695615933955686,119.25856467466663,0.9393658765358682
59089.0,-0.2484,-0.0138,0.899,-47.91435366666666,-25.621292666666665,-40.72337466666667,-3.568943272828846,13.552732243156468,119.03458611399996,0.9327882932370024
59100.0,-0.2443,0.0149,0.8779,-48.56325366666667,-27.415192666666666,-42.35697466666667,-3.9546696813305267,13.383823134392749,118.80162275333329,0.9113796739010587
59111.0,-0.1957,0.0211,0.8628,-48.74645366666667,-25.193792666666667,-42.89127466666667,-4.338391337930794,13.228513912611449,118.56572074266663,0.8849675361277385
59122.0,-0.1857,0.0386,0.8715,-49.784653666666664,-22.957192666666668,-40.95237466666667,-4.7268646182115495,13.086428777074461,118.34048268199996,0.8919006110548418
59133.0,-0.1714,0.0338,0.8716,-50.410553666666665,-19.941892666666668,-37.38747466666667,-5.116016878697186,12.96530074912691,118.13485157133329,0.888935858203504
59144.0,-0.174,0.0444,0.8617,-48.754053666666664,-16.621292666666665,-33.03637466666667,-5.479682316888617,12.870047851093698,117.95315151066661,0.8802126163603883
59155.0,-0.1749,0.0386,0.8583,-43.204453666666666,-14.987692666666668,-29.005774666666667,-5.777110419419436,12.783356738717286,117.79361974999995,0.8767889483792549
59166.0,-0.1721,0.0145,0.8654,-35.85335366666666,-15.453392666666666,-25.295874666666666,-5.993233085054265,12.682860318417964,117.65449243933328,0.8824657613754767
59177.0,-0.1653,0.0016,0.8793,-29.234953666666666,-17.583092666666666,-21.830174666666665,-6.138916091120244,12.550591745479768,117.53442647866662,0.8947039398594375
59188.0,-0.1587,-0.0122,0.8925,-24.746453666666667,-19.789192666666665,-18.524874666666665,-6.239830923525198,12.38617971640258,117.43253966799995,0.9065819212845577
59199.0,-0.1632,-0.0383,0.9043,-23.723553666666668,-20.430492666666666,-16.173774666666667,-6.336948920188582,12.2084252230752,117.34358390733328,0.9197062683270132
59210.0,-0.1727,-0.0671,0.8947,-25.52505366666667,-18.247292666666667,-16.563074666666665,-6.463483268894307,12.05051598109599,117.25248699666662,0.9136825433376737
59221.0,-0.1833,-0.0818,0.8752,-28.677753666666668,-12.224392666666667,-19.471474666666666,-6.634051456157278,11.956087046411245,117.14539388599995,0.8979226971181873
59232.0,-0.1769,-0.0933,0.8658,-32.39525366666667,-3.567892666666667,-22.723374666666665,-6.85409269915431,11.952204072805106,117.02041532533329,0.888598975916583
59243.0,-0.1648,-0.1052,0.8726,-36.685353666666664,5.623007333333334,-24.929474666666668,-7.129063638271763,12.04156292674858,116.88330321466663,0.8942353381520998
59254.0,-0.1602,-0.1029,0.8893,-40.35715366666667,13.531407333333334,-25.738574666666665,-7.449575978030096,12.20799615964731,116.74174105399996,0.9094541989567149
59265.0,-0.1636,-0.099,0.9061,-42.88385366666667,18.332907333333335,-25.563074666666665,-7.800643878166568,12.417063883708954,116.60114414333329,0.9260578653626349
59276.0,-0.16,-0.0946,0.9182,-44.112853666666666,19.668807333333334,-24.639374666666665,-8.166034699882385,12.630379282473537,116.46562758266661,0.9368246367383812
59287.0,-0.163,-0.1077,0.9475,-44.40295366666667,16.691707333333333,-22.952374666666667,-8.535956052952578,12.801583398438533,116.33938952199995,0.9674319304219806
59298.0,-0.1674,-0.11,0.9612,-44.47165366666667,9.905407333333335,-20.616474666666665,-8.907149605319912,12.891276145764436,116.22599891133328,0.9818493774505335
59309.0,-0.1785,-0.1173,0.9608,-44.23495366666667,0,-18.097374666666667,-9.276291675763604,12.869378509184696,116.12646335066661,0.9842551396868598
59320.0,-0.1835,-0.1346,0.9426,-44.181553666666666,-9.064092666666665,-15.898974666666668,-9.646783093191594,12.748589140518924,116.03901898999995,0.969682509896925
59331.0,-0.1975,-0.1505,0.9086,-43.56325366666667,-17.300692666666666,-14.654674666666667,-10.013745592179271,12.542525509140273,115.95841827933327,0.9419184996590735
59342.0,-0.2015,-0.1672,0.8705,-41.41815366666667,-22.209092666666667,-14.364574666666666,-10.362164981429284,12.290115581483885,115.8794131186666,0.9090260392310003
59353.0,-0.1925,-0.1951,0.8425,-38.09755366666667,-23.659492666666665,-14.784374666666666,-10.682411268230183,12.028961437519737,115.79809905799993,0.8859607835564732
59364.0,-0.1757,-0.2173,0.8441,-35.33425366666667,-22.926592666666664,-15.265374666666666,-10.982505794415383,11.780502285281603,115.71413949733326,0.8891538618259497
59375.0,-0.162,-0.2183,0.856,-34.93725366666666,-20.682392666666665,-15.898974666666668,-11.2868589816935,11.558810761886914,115.6266951366666,0.8981285487055848
59386.0,-0.1499,-0.1981,0.8539,-35.341853666666665,-17.430492666666666,-15.631774666666665,-11.600208156707467,11.37298688609888,115.54072037599992,0.8893024401180961
59397.0,-0.1453,-0.1948,0.8563,-35.441153666666665,-13.453392666666666,-14.876074666666666,-11.917630147695824,11.22983002650425,115.45890196533325,0.8901173068758971
59408.0,-0.1429,-0.204,0.877,-35.97545366666667,-9.140392666666665,-14.211874666666667,-12.243611344774529,11.131656899748648,115.38073665466659,0.9116827353855068
59419.0,-0.1313,-0.2034,0.8942,-36.662453666666664,-5.514392666666666,-14.043974666666665,-12.578339984987442,11.068718135807613,115.30349479399993,0.9263934855125008
59430.0,-0.119,-0.2102,0.9182,-37.441153666666665,-3.7281926666666663,-13.295874666666666,-12.922214445579142,11.018960042979026,115.23036748333327,0.9494399823053588
59441.0,-0.1149,-0.2075,0.9335,-38.662453666666664,-3.8960926666666666,-11.639374666666667,-13.27838270889156,10.960966713569272,115.1663509226666,0.9631617257761025
59452.0,-0.1123,-0.2117,0.9343,-39.05945366666667,-5.651792666666667,-8.921874666666666,-13.637559466382,10.878240526298,115.11728061199993,0.9645437626152584
59463.0,-0.1165,-0.2352,0.9277,-39.60905366666667,-8.147992666666665,-6.593574666666667,-14.003678170419345,10.76469387126979,115.08101595133327,0.9641154391461636
59474.0,-0.1263,-0.2478,0.9253,-40.502153666666665,-10.934292666666666,-5.311174666666666,-14.38096226416838,10.6196609577972,115.0518044906666,0.9661969881965065
59485.0,-0.1357,-0.2567,0.901,-41.570853666666665,-13.499192666666666,-4.532474666666667,-14.77175415930447,10.448199598950287,115.02687587999993,0.946631068579518
59496.0,-0.1449,-0.2728,0.8851,-42.715953666666664,-15.376992666666666,-4.356974666666666,-15.177928100042266,10.259875151356905,115.00291251933326,0.9374528574813775
59507.0,-0.1466,-0.2842,0.8379,-44.250253666666666,-14.766292666666665,-5.303474666666666,-15.604897947011821,10.083035172996698,114.97374340866659,0.8968487107645302
59518.0,-0.1385,-0.2969,0.8093,-45.12815366666667,-8.438092666666666,-6.845474666666666,-16.046402226184806,9.978562070352325,114.93609329799993,0.8730969877396211
59529.0,-0.1332,-0.2994,0.7968,-45.14335366666667,-1.2014926666666668,-8.211874666666667,-16.492346050395806,9.95433959968484,114.89092798733327,0.8615525752964818
59540.0,-0.1254,-0.2954,0.7955,-43.441153666666665,3.9588073333333336,-8.708074666666667,-16.922571625118582,9.985393320527628,114.8430335766666,0.8577916821699776
59551.0,-0.1082,-0.291,0.8013,-39.89915366666666,6.371107333333333,-8.089774666666667,-17.315903593726784,10.0387121660698,114.79853981599993,0.8593427313941743
59562.0,-0.1001,-0.2874,0.8248,-35.74645366666667,3.8520073333333333,-5.975274666666667,-17.66441679404239,10.05941362747461,114.76567580533326,0.8791551683292318
59573.0,-0.0935,-0.2963,0.8096,-32.12815366666667,-0.8044926666666665,-3.2118746666666667,-17.975674961100644,10.02495422070269,114.74801049466659,0.8671724741941478
59584.0,-0.0928,-0.3102,0.7953,-27.944953666666667,-3.575492666666667,-1.0134746666666667,-18.245743298837326,9.9573610349143,114.74243638399992,0.8586838591705331
59595.0,-0.0973,-0.3285,0.7756,-23.876253666666667,-4.926692666666666,0.6812253333333333,-18.478710428330327,9.873936197194114,114.74618312333325,0.8479002889491193
59606.0,-0.103,-0.3462,0.7682,-19.402953666666665,-4.140392666666667,2.2079253333333333,-18.672298833033256,9.799173914205987,114.75832671266659,0.848878483647689
59617.0,-0.1196,-0.3551,0.7839,-15.456353666666669,-2.3159926666666664,2.9484253333333332,-18.832105406083055,9.746156151175587,114.77454305199993,0.8688494576162202
59799.0,-0.0984,-0.3655,0.7054,11.726846333333333,-12.209092666666667,-1.4027746666666667,-16.746641137369604,7.54076462300901,114.64689055733326,0.8005385499774511
59810.0,-0.0913,-0.3644,0.6996,22.612346333333335,-10.048792666666666,-0.7920746666666667,-16.565707620114914,7.447167611512353,114.64253414666659,0.7940801030122843
59821.0,-0.0897,-0.3674,0.7018,33.23064633333333,-6.140392666666667,0,-16.28795008979409,7.395822363570421,114.64253414666659,0.7972152093381059
59832.0,-0.0819,-0.3768,0.7063,42.192446333333336,0,1.5056253333333334,-15.932979983347371,7.408872517596001,114.65081508599992,0.8047021436531657
59843.0,-0.089,-0.3724,0.7179,47.65054633333333,10.989407333333334,2.169725333333333,-15.537704466412544,7.538321203621727,114.66274857533325,0.8136234817162051
59854.0,-0.1028,-0.3524,0.7723,46.85664633333333,25.684007333333334,2.123925333333333,-15.163905924105807,7.822842580759447,114.67443016466659,0.8551028534626697
59865.0,-0.1272,-0.3248,0.8594,39.98634633333333,38.76800733333333,1.8797253333333332,-14.868168118764915,8.243810512745855,114.68476865399992,0.927492986496394
59876.0,-0.1481,-0.3105,0.9725,29.055046333333333,44.14210733333333,1.6049253333333333,-14.685769553971845,8.71594702209728,114.69359574333326,1.031552281757934
59887.0,-0.1765,-0.2999,1.0598,16.314646333333332,39.97410733333333,1.2537253333333334,-14.629934139143842,9.137289022726344,114.7004912326666,1.1154677494217393
59898.0,-0.2002,-0.3136,1.0946,3.688646333333333,30.103907333333336,0,-14.6989593099913,9.449269559396429,114.7004912326666,1.156103005791439
59909.0,-0.2141,-0.3342,1.0887,-6.364753666666667,18.371107333333335,-1.1279746666666666,-14.866920200184294,9.635047134582544,114.69428737199992,1.1587908094216144
59920.0,-0.2194,-0.3435,1.0588,-12.715953666666667,6.432107333333333,-2.7996746666666668,-15.095229741404367,9.695231382898363,114.67888916133326,1.1345422204572202
59931.0,-0.2107,-0.3513,1.0138,-15.021253666666667,-4.628892666666667,-4.318774666666666,-15.342320121533062,9.640731195742601,114.6551359006666,1.0934334090377886
59942.0,-0.1903,-0.3439,0.9479,-13.883853666666667,-13.819792666666666,-5.471474666666667,-15.572700989757076,9.492180637128104,114.62504278999992,1.0261557922654825
59953.0,-0.1647,-0.3386,0.8738,-10.059453666666666,-19.880792666666665,-5.387474666666666,-15.760107160568788,9.283214579922065,114.59541167933325,0.9514738514536277
59964.0,-0.1392,-0.3387,0.7661,-1.227353666666667,-21.323592666666666,-3.8989746666666663,-15.855563208623991,9.063798080261963,114.57396731866659,0.8491192731295174
59975.0,-0.1163,-0.3464,0.6823,12.016946333333333,-16.743392666666665,-1.2653746666666668,-15.817300328928768,8.897937514265916,114.56700775799992,0.7739844572082828
59986.0,-0.1019,-0.3583,0.6357,26.429146333333332,-8.338892666666666,1.0247253333333335,-15.638222910751619,8.82496633614961,114.57264374733325,0.7368018661757041
59997.0,-0.1033,-0.3287,0.6301,40.55124633333333,2.2184073333333334,3.2843253333333333,-15.320220440183824,8.866602922460716,114.59070753666659,0.7181508128520081
60008.0,-0.1067,-0.3051,0.6465,52.90244633333333,11.332907333333335,6.444625333333333,-14.880937644319438,9.00511975940367,114.62615297599991,0.722795372148992
60019.0,-0.1211,-0.2894,0.6969,62.99404633333333,17.439807333333334,9.185025333333334,-14.342319814956237,9.207002208884258,114.67667061533325,0.7642559649750861
60030.0,-0.1355,-0.2826,0.7439,71.29174633333334,19.798507333333333,11.398825333333333,-13.722398122851818,9.431446475338042,114.73936415466659,0.8072237731880795
60041.0,-0.1425,-0.2723,0.7787,77.36044633333333,19.531407333333334,13.551425333333334,-13.044046941557598,9.649729473242617,114.81389699399992,0.837154245046873
60052.0,-0.1523,-0.2734,0.8252,81.38334633333334,17.798507333333333,15.711725333333334,-12.328851829528721,9.846294635958975,114.90031148333325,0.8825519191526355
60063.0,-0.1713,-0.2594,0.8759,81.55124633333334,15.119207333333334,16.772825333333333,-11.615624659443688,10.012630818565261,114.99256202266659,0.9294260917361854
60074.0,-0.182,-0.2262,0.915,78.50544633333334,11.836707333333333,17.101025333333332,-10.934273305128228,10.14304241583695,115.08661766199992,0.9599559573230431
60426.0,-0.1309,0.0546,0.9141,-37.83805366666667,-19.117492666666667,-15.761474666666665,-24.11777022083981,3.54405394309887,112.31259812066659,0.9250377181499141
60437.0,-0.1182,0.0258,0.8961,-33.93725366666666,-22.338892666666666,-12.219574666666666,-24.31208922793161,3.425821213134799,112.24539045999992,0.9042301089877509
60448.0,-0.1093,-0.0168,0.8839,-31.486953666666665,-22.926592666666664,-9.257674666666666,-24.446979001388843,3.2981082879783874,112.19447324933326,0.8907906263539149
60459.0,-0.1104,-0.0535,0.8754,-30.96785366666667,-19.667092666666665,-6.998174666666667,-24.552239616792093,3.2035080640421443,112.15598328866659,0.8839545067479434
60470.0,-0.1176,-0.0791,0.8932,-33.441153666666665,-13.491492666666666,-5.417974666666666,-24.66560251968006,3.1738632696653,112.12618442799992,0.9043742643397146
60481.0,-0.1406,-0.085,0.942,-39.05945366666667,-6.468592666666666,-5.188974666666667,-24.82194260479951,3.219409412558023,112.09764506733325,0.9562203511743513
60492.0,-0.1647,-0.0687,0.972,-43.135753666666666,-4.323592666666666,-6.265374666666666,-25.00267462890615,3.2886934810684005,112.06318550666658,0.9882458095028787
60503.0,-0.1748,-0.0419,0.9951,-44.761753666666664,-7.392292666666666,-6.937074666666666,-25.178966582174667,3.325662918829357,112.02503159599992,1.0112045589295966
60514.0,-0.1768,-0.0446,0.9956,-44.26555366666667,-15.407592666666666,-7.059274666666667,-25.330560151391992,3.2776109268995444,111.98620558533325,1.0121594538411427
60525.0,-0.1652,-0.0768,0.9901,-44.868553666666664,-24.094592666666667,-7.853174666666666,-25.475764337037255,3.1374124753256547,111.94301312466659,1.0067210586850759
60536.0,-0.1545,-0.0997,0.9589,-47.181553666666666,-29.430492666666666,-8.837874666666666,-25.63764548430802,2.942281982039065,111.89440481399993,0.9763706007454341
60547.0,-0.1451,-0.1223,0.9238,-50.044153666666666,-30.109892666666667,-10.486674666666666,-25.82575275987461,2.7430851954246913,111.83672810333326,0.9430894655333607
60558.0,-0.1404,-0.1106,0.8932,-51.18915366666667,-25.125092666666667,-12.540174666666665,-26.02029085530734,2.601060304767374,111.7677571426666,0.9109065594230837
60569.0,-0.1362,-0.1089,0.8934,-51.10525366666667,-18.957192666666668,-14.112674666666667,-26.207890623811167,2.527348946119209,111.69013743199993,0.9102599683606876
60580.0,-0.1326,-0.108,0.9272,-51.273153666666666,-13.751092666666667,-14.830274666666666,-26.39095519008737,2.509206941186287,111.60857092133327,0.9428396470238192
60591.0,-0.1375,-0.1298,0.9922,-54.624353666666664,-13.560192666666666,-15.219574666666666,-26.60575020968954,2.49101882583169,111.5248632606666,1.0100569934414592
60602.0,-0.1384,-0.1534,1.0219,-60.93725366666666,-17.308292666666667,-16.639374666666665,-26.886007826327035,2.4301604189631782,111.43334669999994,1.0425764864027962
60613.0,-0.113,-0.1532,0.998,-67.86095366666666,-18.224392666666667,-18.318774666666666,-27.23722589420605,2.3557162825979963,111.33259343933328,1.015993720453035
60624.0,-0.0966,-0.1396,0.9653,-72.33425366666667,-13.857892666666666,-18.799674666666665,-27.63031262642726,2.324063944345132,111.22919522866661,0.9801141821236953
60635.0,-0.0815,-0.1207,0.9445,-73.50985366666667,-8.987692666666666,-17.601174666666665,-28.026939183167784,2.3389199077707823,111.13238876799994,0.9556625921317629
60646.0,-0.0653,-0.1346,0.952,-73.55565366666667,-6.689992666666667,-14.761474666666667,-28.416541883229037,2.370222465683964,111.05120065733327,0.9636831688890285
60657.0,-0.0686,-0.1619,0.9445,-74.50215366666667,-7.544992666666666,-12.135574666666667,-28.812276950552825,2.384976074351091,110.9844549966666,0.9607277554021222
60668.0,-0.0751,-0.1833,0.9283,-74.44875366666666,-9.697592666666667,-10.257674666666666,-29.205666030268365,2.3712090545047,110.92803778599993,0.9491995522544245
60679.0,-0.0834,-0.2267,0.9281,-73.73115366666667,-12.903692666666666,-9.043974666666665,-29.59412043946619,2.319625320564292,110.87829592533326,0.9590193220159853
60690.0,-0.0945,-0.2631,0.9545,-73.96785366666667,-19.308292666666667,-8.723374666666666,-29.99071544747388,2.1978145649430263,110.8303173646666,0.9945964558553384
60701.0,-0.0815,-0.2861,0.9546,-76.70065366666667,-24.911392666666668,-9.532474666666666,-30.42350430190724,2.0144846888034604,110.77788875399993,0.9998783025948708
60712.0,-0.0625,-0.2719,0.9156,-80.83045366666667,-19.972492666666668,-10.692774666666667,-30.90452713666069,1.8830986292283711,110.71907849333327,0.9571620656921167
60723.0,-0.0703,-0.2666,0.9164,-82.53275366666666,-12.445692666666666,-11.563074666666667,-31.404775292413593,1.8319187495014306,110.65548158266661,0.9569778524082989
60734.0,-0.0549,-0.2865,0.9058,-81.25025366666667,-11.430492666666666,-11.364574666666666,-31.89327684520701,1.7877463535039604,110.59297642199995,0.9516143651711023
60745.0,-0.036,-0.3008,0.874,-78.14335366666667,-9.392292666666666,-9.959974666666666,-32.35196734962543,1.7599985224999222,110.53819656133328,0.9250149404198832
60756.0,-0.0331,-0.3219,0.8577,-72.72355366666666,-9.399892666666666,-8.250074666666666,-32.75819122764472,1.7266835548227037,110.49282115066661,0.9167139739308003
60767.0,-0.0239,-0.3364,0.8204,-65.89915366666666,-10.323592666666666,-6.334074666666666,-33.0992998345535,1.6778062640247349,110.45798373999995,0.8870131509735355
60778.0,-0.0148,-0.3489,0.7777,-58.76935366666667,-7.857892666666666,-4.166074666666667,-33.37472409381992,1.6499957928927167,110.43507032933329,0.8525066216751633
60789.0,-0.0187,-0.3621,0.7556,-51.79225366666667,-2.6365926666666666,-2.7920746666666667,-33.58827941777878,1.6737278870989656,110.41971391866662,0.838091558244086
60800.0,-0.0216,-0.3766,0.7507,-44.81515366666667,2.9207073333333335,-1.6164746666666665,-33.741602787148,1.752398491160444,110.41082330799995,0.84014558857379
60811.0,-0.032,-0.3972,0.7499,-37.32655366666667,6.546607333333334,0,-33.831282665163236,1.865807511170462,110.41082330799995,0.8492007124349343
60822.0,-0.0452,-0.4218,0.7651,-27.212053666666666,7.455007333333333,0,-33.83085231195497,1.9858156310208912,110.41082330799995,0.8748350073013769
60833.0,-0.0558,-0.4399,0.7894,-18.609053666666668,5.371107333333334,0,-33.757576176224525,2.081325303526156,110.41082330799995,0.9054159320444941
60844.0,-0.0616,-0.4196,0.8011,-13.547953666666666,4.844307333333333,-0.7691746666666666,-33.64615964011644,2.1702608777255246,110.40659284733329,0.9064325292044632
60855.0,-0.0535,-0.3933,0.8138,-10.357153666666667,4.4779073333333335,-1.2576746666666667,-33.51234713499724,2.253164728685236,110.39967563666661,0.9054377836163012
60866.0,-0.046,-0.3805,0.8093,-7.166253666666666,2.8443073333333335,-0.9752746666666667,-33.354323938396874,2.3155409834703264,110.39431162599995,0.8954678888715106
60877.0,-0.0378,-0.394,0.7849,-2.853353666666667,1.2566073333333334,0.6736253333333333,-33.162529988460136,2.3575066156346502,110.39801656533328,0.8790522453187866
60888.0,-0.0378,-0.4065,0.7621,2.024546333333333,1.5543073333333335,2.8491253333333333,-32.9332388305997,2.400179876667263,110.41368675466661,0.8645620278499397
60899.0,-0.0498,-0.4142,0.7421,7.604746333333333,3.8520073333333333,4.574325333333333,-32.66047307250808,2.4671077714164173,110.43884554399995,0.8513249027251582
60910.0,-0.0546,-0.4132,0.7234,15.345146333333334,7.210807333333333,5.307225333333333,-32.32156170652067,2.570067116044614,110.46803528333328,0.834879009198339
60921.0,-0.0547,-0.4122,0.7255,24.994046333333333,9.867207333333335,5.734625333333334,-31.8959701479814,2.700666056743089,110.4995757226666,0.8362124012474343
60932.0,-0.0576,-0.4025,0.7273,35.14664633333334,10.142107333333334,6.261425333333333,-31.377784548934507,2.8329924998396097,110.53401356199994,0.8332402414670093
60943.0,-0.0664,-0.3943,0.7504,44.98634633333333,8.027507333333334,7.704125333333334,-30.769165300444268,2.9421838557018147,110.57638625133328,0.8502832528046168
60954.0,-0.0775,-0.3811,0.7612,51.39094633333333,6.065707333333334,9.307225333333333,-30.106220016279075,3.0316420211715736,110.62757599066661,0.8547917290194144
60965.0,-0.0817,-0.3591,0.7673,56.497846333333335,4.7298073333333335,10.383525333333333,-29.400786028318556,3.108712156694783,110.68468537999995,0.851103395598913
60976.0,-0.0873,-0.3563,0.764,61.16954633333334,5.126807333333334,10.612525333333334,-28.65829289654822,3.19280978664127,110.74305426933329,0.8475063303598387
60987.0,-0.0905,-0.339,0.7579,66.49014633333333,7.615307333333334,9.849125333333333,-27.87080744136106,3.3064686718275995,110.79722445866662,0.8351788191758697
60998.0,-0.0901,-0.3237,0.7769,72.60464633333333,10.554307333333334,9.169725333333334,-27.027988676535838,3.453231244405021,110.84765794799995,0.846447464406386
61009.0,-0.0907,-0.301,0.793,78.80314633333333,12.042807333333334,8.994225333333334,-26.12688829703549,3.616305610563902,110.89712618733328,0.853039559457825
61020.0,-0.0856,-0.2787,0.8037,86.03214633333333,12.134407333333334,9.696525333333334,-25.155104502271932,3.7790902485031164,110.95045707666662,0.8549472147448637
61031.0,-0.0854,-0.2656,0.8405,91.00164633333333,12.462707333333334,11.559125333333334,-24.135930288390018,3.9434113647331985,111.01403226599996,0.8855940209825267
61042.0,-0.0909,-0.2578,0.9064,90.63524633333333,11.935907333333335,13.001825333333334,-23.12490937060302,4.099786194911009,111.08554230533329,0.9467230904546482
61053.0,-0.0944,-0.2418,0.9646,84.37564633333334,9.752707333333333,13.207925333333334,-22.18253665844594,4.230115271276857,111.15818589466663,0.9989152917039562
61064.0,-0.0905,-0.225,0.9868,74.15434633333334,7.004607333333334,12.734625333333334,-21.3494958855552,4.327930052271395,111.22822633399997,1.0161641058411777
61075.0,-0.0941,-0.2137,0.9791,64.01694633333332,4.974107333333333,12.375925333333333,-20.62409898371596,4.402233368539841,111.29629392333331,1.0065581503321106
61086.0,-0.1031,-0.2083,0.9729,55.131446333333336,3.8520073333333333,11.872025333333333,-19.99246069021741,4.464510277744631,111.36159006266664,1.0002764167968772
61097.0,-0.1069,-0.1973,0.958,48.85664633333333,3.6688073333333335,10.742325333333334,-19.425744719478992,4.5256118834239345,111.42067285199997,0.9839303328996418
61108.0,-0.1138,-0.184,0.9399,45.85664633333333,3.9054073333333337,9.696525333333334,-18.88813313183736,4.590966920756221,111.4740037413333,0.9644783304978914
61119.0,-0.1105,-0.1711,0.9335,45.76504633333333,3.569507333333333,9.276625333333334,-18.34795947429171,4.653645188067597,111.52502518066665,0.9554620400622936
61130.0,-0.1019,-0.1581,0.9104,47.20774633333333,2.5924073333333335,9.818625333333333,-17.789496673904587,4.705742086231952,111.57902761999998,0.9296275490754348
61141.0,-0.0963,-0.1409,0.8849,50.245946333333336,2.1955073333333335,11.467525333333334,-17.19604868159381,4.753217788050579,111.64209900933331,0.9012072514133472
61152.0,-0.0922,-0.1277,0.8612,54.58184633333333,2.1497073333333336,13.498025333333334,-16.55475222950938,4.79966914468021,111.71633814866664,0.8754847628599826
61163.0,-0.0892,-0.1244,0.8444,59.81084633333333,2.9207073333333335,15.353025333333333,-15.85822180436503,4.85372017909778,111.80077978799997,0.8581627817611296
61174.0,-0.0951,-0.1205,0.8625,62.08564633333334,4.378707333333333,16.40642533333333,-15.13941243908733,4.923123695659709,111.8910151273333,0.8760539424030921
61185.0,-0.1069,-0.136,0.8921,60.261146333333336,5.279507333333333,16.490425333333334,-14.445090783191278,5.002617302264738,111.98171246666664,0.9087166885228861
61196.0,-0.114,-0.1649,0.9269,54.23064633333333,5.012307333333334,14.490425333333334,-13.823651007031298,5.0796567997706825,112.06140980599997,0.9483309654334819
61207.0,-0.123,-0.1603,0.921,46.50544633333333,4.790907333333333,10.940725333333333,-13.292117889534232,5.155794716602524,112.12158379533331,0.9429030119794931
61218.0,-0.1268,-0.1433,0.906,39.84894633333333,5.561907333333334,7.391125333333333,-12.836081153741194,5.242120266373194,112.16223498466664,0.9259854912470281
61229.0,-0.1376,-0.1166,0.8887,36.192446333333336,5.966507333333334,4.353025333333333,-12.41951618419437,5.335754449039047,112.18617662399997,0.906816966096246
61240.0,-0.1368,-0.0957,0.871,36.154346333333336,5.829107333333333,2.4598253333333333,-12.001359510166916,5.430409160426512,112.1997056633333,0.8868560931740843
61251.0,-0.1332,-0.0787,0.8577,39.10084633333334,5.470307333333333,1.5820253333333334,-11.54864227335635,5.523004558226832,112.20840680266664,0.871541863595777
61436.0,-0.1163,0.1245,0.9348,42.16954633333334,9.455007333333333,5.788125333333333,-3.844084912565374,7.268929218774905,112.74380839599998,0.9501983898113067
61447.0,-0.12,0.1173,0.9447,37.97114633333333,4.1955073333333335,9.933125333333333,-3.497063960926174,7.311243790979279,112.79844058533331,0.9594880822605354
61458.0,-0.1321,0.0881,0.9468,35.09324633333333,-3.812092666666666,11.956025333333335,-3.1624592252298602,7.268116926193464,112.86419872466665,0.9600220101643503
61469.0,-0.144,0.0748,0.9073,33.55124633333333,-10.705292666666667,11.276625333333334,-2.8303795297900685,7.155201454426397,112.92622016399999,0.9216964413514896
61480.0,-0.1559,0.0796,0.8676,33.78794633333333,-14.018292666666666,8.436925333333333,-2.4833717165876705,7.014267649635766,112.97262325333332,0.8850823295038717
61491.0,-0.1533,0.0825,0.8295,35.818446333333334,-12.980092666666666,4.070525333333333,-2.1040326690528937,6.892606659463662,112.99501114266666,0.8475714660133387
61502.0,-0.1456,0.0966,0.8091,38.76504633333333,-7.422792666666666,-1.8302746666666665,-1.6829251719424732,6.837478915749054,112.984944632,0.8277522153398322
61513.0,-0.1344,0.1112,0.8151,40.887146333333334,0.6459073333333335,-6.295874666666666,-1.2293496960800596,6.872723005919714,112.95031732133333,0.8335567227249745
61524.0,-0.1198,0.1276,0.8348,41.291746333333336,9.142107333333334,-8.837874666666666,-0.7618902365648171,6.99868862408661,112.90170901066666,0.8529506668031862
61535.0,-0.1101,0.1451,0.858,40.50544633333333,16.676407333333334,-9.563074666666667,-0.2931250781312455,7.201522698543468,112.8491121,0.8771202996168769
61546.0,-0.1055,0.174,0.8779,38.932946333333334,22.081007333333336,-9.219574666666666,0.1702695454370798,7.45595010904018,112.79840443933334,0.9011740453430735
61557.0,-0.1185,0.2078,0.911,37.02454633333333,24.019907333333332,-7.891274666666666,0.6267941250999178,7.724921948366605,112.75500242866667,0.9418832677142109
61568.0,-0.136,0.229,0.9445,35.421446333333336,21.783307333333333,-5.654674666666667,1.0797569159235423,7.9649094365335,112.72390171800001,0.981334423119866
61579.0,-0.1521,0.2584,0.9886,33.36804633333333,16.30240733333333,-2.242474666666667,1.5249064007253819,8.142707040828927,112.71156810733333,1.0330706316607787
61590.0,-0.1605,0.2551,1.0518,26.719246333333334,7.401607333333333,1.9026253333333334,1.9086832793221464,8.22240846578547,112.72203254666667,1.094129562711839
61601.0,-0.1644,0.243,1.0803,17.390946333333332,-3.018292666666667,5.123925333333334,2.198985628715917,8.189391646246186,112.750214136,1.1194304132012851
61612.0,-0.1693,0.2162,1.0752,7.604746333333333,-12.842692666666666,7.8033253333333334,2.3876643468525462,8.052845169725687,112.79313242533333,1.109711660747962
61623.0,-0.1741,0.1892,1.0316,0,-20.529692666666666,8.681225333333334,2.496552561944459,7.838985746371583,112.84087916466666,1.0631585065266609
61634.0,-0.1677,0.182,0.9635,-5.502153666666667,-24.789192666666665,7.833925333333333,2.549501102651874,7.586430570381887,112.88396575399999,0.9947761255679591
61645.0,-0.1584,0.1818,0.8933,-8.578553666666666,-24.766292666666665,6.070525333333334,2.5743948513660655,7.341985684993197,112.91735364333331,0.9252711440437338
61656.0,-0.1539,0.1892,0.8447,-9.166253666666666,-20.957192666666668,4.322425333333333,2.5998142664582016,7.146416610721467,112.94112698266665,0.8792041514915635
61667.0,-0.1608,0.183,0.8427,-8.532753666666666,-16.201492666666667,2.3072253333333332,2.6375737140685334,7.009581074021828,112.95381672199998,0.8772051812432482
61678.0,-0.1729,0.1636,0.8677,-8.036553666666666,-13.277792666666667,-0.5706746666666667,2.682585134382455,6.911234927910144,112.95067801133332,0.8997570005284761
61689.0,-0.1727,0.1583,0.908,-8.876253666666667,-13.193792666666667,-3.5630746666666666,2.718641285229232,6.818777130323773,112.93108110066666,0.9377356663793908
62051.0,-0.066,-0.1501,0.9139,-100.68535366666667,-19.331192666666666,-2.776774666666667,-32.90555583519525,0.0020911871683130523,112.42848488599999,0.9284929832798954
62062.0,-0.0541,-0.1813,0.8851,-97.46395366666667,-18.567892666666665,-2.1966746666666666,-33.185109378949306,-0.030795704405224333,112.41640317533333,0.9050958568019191
62073.0,-0.0455,-0.2013,0.8698,-96.67775366666666,-15.644192666666665,-1.8149746666666666,-33.48613938444489,-0.04167139462900685,112.40642081466666,0.8939485331941655
62084.0,-0.045,-0.2034,0.8561,-95.50215366666667,-10.850292666666666,-1.9981746666666664,-33.801177723631824,-0.009748449092329359,112.395430854,0.8810810235159987
62095.0,-0.0417,-0.2209,0.8396,-93.12815366666666,-4.384692666666666,-2.6011746666666666,-34.11640763579327,0.08277670384989443,112.38112439333334,0.8691742402993775
62106.0,-0.0378,-0.2515,0.8495,-90.36475366666667,1.7604073333333334,-2.8607746666666665,-34.42877162212883,0.23132496032890565,112.36539013266668,0.8867532576765648
62117.0,-0.0299,-0.2618,0.8623,-88.60145366666667,6.447407333333333,-2.2882746666666667,-34.747366014759834,0.41862214504376466,112.35280462200001,0.9016620985712995
62128.0,-0.0237,-0.2664,0.8485,-85.00595366666667,8.951207333333333,-1.5553746666666668,-35.05005081560181,0.6205564893913847,112.34425006133334,0.8896532470575264
62139.0,-0.0177,-0.2919,0.8618,-80.42585366666667,8.821407333333333,0,-35.32689874601611,0.8082946143015932,112.34425006133334,0.9100649097729238
62150.0,-0.0134,-0.3063,0.8746,-76.80755366666666,6.829107333333333,1.3453253333333333,-35.587525502177215,0.9621719623176712,112.35164935066668,0.9267817488492099
62161.0,-0.0283,-0.3228,0.8777,-74.63955366666667,3.7222073333333334,3.3530253333333335,-35.847001715194615,1.0735803423688994,112.37009099000001,0.9356056968616641
62172.0,-0.0432,-0.3405,0.8665,-73.13575366666667,0.5772073333333334,4.612525333333333,-36.11209299460273,1.145573518884577,112.39545987933334,0.9320025429149859
62183.0,-0.0552,-0.3685,0.8352,-70.85335366666666,-2.6517926666666667,5.0781253333333325,-36.37575166807674,1.180211741857801,112.42338956866668,0.9145481561951783
62194.0,-0.057,-0.4069,0.8068,-67.86855366666667,-3.018292666666667,4.597225333333333,-36.633193161282065,1.209713496007059,112.44867430800001,0.9053965153456246
62205.0,-0.054,-0.4062,0.7848,-66.20445366666667,-0.8273926666666664,4.154525333333334,-36.8963644665368,1.2616125365475104,112.47152419733334,0.8853391892376616
62216.0,-0.049,-0.4104,0.7664,-64.27315366666667,3.4474073333333335,4.299525333333333,-37.160730886119204,1.3574901955877574,112.49517158666667,0.8707457263748125
62227.0,-0.05,-0.4174,0.7711,-62.112853666666666,7.424507333333333,3.864425333333333,-37.42197801485002,1.4934327977966024,112.51642592600001,0.8782471007637884
62238.0,-0.0498,-0.4269,0.7699,-59.738853666666664,11.149707333333334,3.7881253333333333,-37.67666918358108,1.6659823983779145,112.53726061533334,0.8817424000239527
62249.0,-0.0549,-0.4465,0.788,-56.01365366666667,13.569507333333334,4.040025333333333,-37.90965137468295,1.8609278588723828,112.55948075466667,0.9073699686456457
62260.0,-0.058,-0.4629,0.8271,-52.44875366666667,11.294707333333333,4.635425333333334,-38.12091932392437,2.027276838122807,112.584975594,0.9495971882856435
62271.0,-0.064,-0.4609,0.8304,-50.479253666666665,5.943607333333333,5.368225333333333,-38.325327621804,2.1332471521863723,112.61450083333334,0.9518870573760314
62282.0,-0.0687,-0.4539,0.8234,-48.12045366666667,-0.6212926666666667,6.123925333333334,-38.51624850422489,2.167613491481132,112.64818242266666,0.9427260789858314
62293.0,-0.0677,-0.4657,0.7941,-45.593753666666665,-6.537292666666666,6.765225333333333,-38.69323396765496,2.1388382997879614,112.685391162,0.9230680310789666
62304.0,-0.0638,-0.48,0.7507,-40.509853666666665,-10.094592666666665,7.490425333333333,-38.8311236360636,2.0734015382631177,112.72658850133334,0.8933201721667322
62315.0,-0.0664,-0.5042,0.7255,-33.16625366666667,-12.285392666666667,8.345325333333333,-38.90862163738237,1.987310026296994,112.77248779066667,0.8859891929363473
62326.0,-0.075,-0.4998,0.7145,-25.380053666666665,-13.293092666666666,8.093425333333334,-38.92017764617937,1.8949445123727762,112.81700163000001,0.8751772906103084
62337.0,-0.0779,-0.5048,0.7322,-17.700653666666668,-14.598392666666665,7.101025333333334,-38.86596099514556,1.793202348014078,112.85605726933333,0.8927532077791711
62348.0,-0.0763,-0.5056,0.7451,-12.631953666666666,-14.972492666666668,5.665925333333334,-38.77306456251788,1.6916781608541092,112.88721985866667,0.9036742001407366
62359.0,-0.075,-0.5071,0.7581,-9.563253666666666,-13.491492666666666,4.841525333333333,-38.66170724045017,1.6098172897695062,112.91384824800001,0.9151453545748894
62370.0,-0.0721,-0.5088,0.7705,-8.273153666666667,-10.842692666666666,3.368225333333333,-38.54955637707539,1.5590827906352522,112.93237348733334,0.9261458308495482
62381.0,-0.0642,-0.5105,0.7727,-7.700653666666668,-8.636592666666665,2.123925333333333,-38.44330851210457,1.5328135869933182,112.94405507666667,0.9283303183673363
62392.0,-0.0531,-0.5188,0.7727,-7.731153666666668,-6.613692666666665,1.1545253333333334,-38.34928360053424,1.5269623669700958,112.95040496600001,0.9322222589061046
62403.0,-0.0471,-0.5192,0.7676,-7.929653666666667,-4.667092666666667,0.7728253333333334,-38.26841087843022,1.5396712419715355,112.95465550533333,0.9278991378377285
62414.0,-0.0442,-0.5122,0.7603,-7.395253666666667,-3.2319926666666663,0.9484253333333333,-38.191288565519194,1.5649614455050187,112.95987184466667,0.9178009424706426
62425.0,-0.0424,-0.5107,0.7466,-5.7769536666666665,-1.6517926666666667,1.1163253333333334,-38.10607899476506,1.604287901039877,112.966011634,0.9055516605914873
62436.0,-0.04,-0.5112,0.7341,-3.112853666666667,0,1.4675253333333333,-38.00177292266709,1.6581571557450396,112.97408302333334,0.8954486305757577
62447.0,-0.0426,-0.5133,0.7419,0,0.7069073333333334,2.1545253333333334,-37.87283635599757,1.7166179128952497,112.98593291266667,0.9031651344023418
62458.0,-0.0446,-0.5105,0.7434,2.7955463333333332,1.0504073333333335,2.4751253333333336,-37.72208890693311,1.7761245495086357,112.999546102,0.9029080628724055
62469.0,-0.0486,-0.5134,0.7552,5.887146333333333,1.2337073333333335,2.8415253333333332,-37.545701836161115,1.8355410857173877,113.01517449133333,0.9144772058394894
62480.0,-0.0514,-0.5179,0.7676,8.429146333333332,0.7375073333333334,3.368225333333333,-37.34926862556999,1.8879165118455798,113.03369973066665,0.9274007386238162
62491.0,-0.0548,-0.5134,0.7678,9.635246333333333,0,3.8491253333333333,-37.14668350904388,1.9313455528283465,113.05486991999999,0.9252564185132681
62502.0,-0.0635,-0.5229,0.7839,10.406246333333334,0,4.223225333333334,-36.94233668968984,1.9750754171332758,113.07809765933332,0.9444341533426246
62513.0,-0.0745,-0.5183,0.7992,9.139046333333333,0,3.719425333333333,-36.75640051211532,2.0204406670426915,113.09855449866666,0.9554610300791969
62524.0,-0.0836,-0.5007,0.7994,6.749746333333333,0,2.9178253333333335,-36.5986214741946,2.068477585629432,113.11460253799999,0.9469581880949127
62535.0,-0.0913,-0.4968,0.8025,4.146646333333333,1.7527073333333334,1.5972253333333333,-36.47022001773095,2.1387376782787535,113.12338727733332,0.9482363523932206
62546.0,-0.0913,-0.5032,0.7972,2.161946333333333,3.0275073333333333,-0.5401746666666667,-36.36514964304811,2.2252313295331603,113.12041631666665,0.9471397837700621
62557.0,-0.0809,-0.5078,0.7936,1.429146333333333,3.035207333333333,-2.135574666666667,-36.27028649797086,2.312094139094039,113.10867065599999,0.9456249838070058
62568.0,-0.0659,-0.5063,0.7864,2.009246333333333,1.7833073333333336,-2.7233746666666665,-36.17165483744548,2.3834376451630033,113.09369209533332,0.9376073058589081
62579.0,-0.0554,-0.5033,0.7706,3.352746333333333,0,-2.876074666666667,-36.06183063836984,2.432538114785827,113.07787368466666,0.9220652959525154
62590.0,-0.0426,-0.4916,0.7412,6.161946333333333,-1.1250926666666667,-2.4866746666666666,-35.925908810153125,2.4655729224988354,113.06419697399998,0.8904284137425086
62601.0,-0.0402,-0.4904,0.7172,11.146646333333333,-1.3388926666666667,-1.4637746666666667,-35.742270077483596,2.49288441622836,113.05614621333332,0.8697609096757568
62612.0,-0.0414,-0.5026,0.6779,17.864246333333334,-0.8197926666666664,-0.6393746666666666,-35.49684973529828,2.523361881400058,113.05262965266665,0.844907764196779
62623.0,-0.0502,-0.5099,0.6406,25.887146333333334,3.6611073333333333,-0.5782746666666667,-35.179544648644566,2.601571801405206,113.04944914199999,0.8202965378446991
62634.0,-0.0461,-0.5073,0.644,32.84894633333333,10.821407333333333,-1.4332746666666667,-34.80193797412631,2.7547671031077745,113.04156613133333,0.8211056570259396
62645.0,-0.0544,-0.4833,0.676,37.50544633333333,16.775607333333333,-1.9752746666666665,-34.38444701448865,2.969403060394389,113.03070212066666,0.8327750296448615
62656.0,-0.0516,-0.4525,0.7208,40.329846333333336,19.974107333333333,-2.0744746666666667,-33.94082840835441,3.213536286628332,113.01929251,0.8526262076666421
62667.0,-0.0551,-0.4473,0.7522,42.71924633333333,20.058107333333332,-1.2042746666666666,-33.47383059788018,3.453239936822693,113.01266899933333,0.8768797751117311
62678.0,-0.066,-0.4469,0.7589,45.375646333333336,18.928307333333333,-0.5935746666666666,-32.98110280855026,3.6771741610336477,113.00940433866666,0.8831788154162213
62689.0,-0.0767,-0.4423,0.7573,49.223046333333336,17.470307333333334,0,-32.45051452868847,3.883659620588282,113.00940433866666,0.8803496294086799
62700.0,-0.0704,-0.4242,0.7421,54.25354633333333,16.180207333333332,0,-31.869804700167684,4.073787375987805,113.00940433866666,0.8576795497153934
62711.0,-0.069,-0.4087,0.7285,60.64284633333333,15.226007333333333,0,-31.225188595266022,4.251293731151892,113.00940433866666,0.8381580638519205
62722.0,-0.0581,-0.3801,0.693,68.96344633333334,15.241307333333333,0.6507253333333334,-30.49707090115977,4.42550964369115,113.01298332799999,0.7925279931964548
62733.0,-0.0546,-0.3547,0.6656,79.21534633333333,16.523707333333334,2.864425333333333,-29.665906283113724,4.609960129721897,113.02873766733332,0.7561855658500762
62744.0,-0.0513,-0.3262,0.6384,92.47494633333334,18.355807333333335,5.7728253333333335,-28.70050304373326,4.810209135823727,113.06048820666665,0.7187438277995853
62755.0,-0.0541,-0.2998,0.6146,108.78024633333334,19.447407333333334,9.139225333333334,-27.56980692939863,5.018745606793991,113.11075394599997,0.6859591897481949
62766.0,-0.0536,-0.2816,0.5956,125.94824633333333,20.661107333333334,13.528525333333334,-26.26754816653977,5.236858709053478,113.1851608353333,0.660992344887594
62777.0,-0.0574,-0.2867,0.5979,140.68864633333334,22.142107333333335,18.406425333333335,-24.824358949712458,5.467788441758859,113.28639617466663,0.665564467200586
62788.0,-0.0575,-0.2631,0.6254,151.77264633333334,22.989407333333332,22.925525333333333,-23.2780385242027,5.703977590851842,113.41248656399996,0.6809207149147395
62799.0,-0.0546,-0.2223,0.6283,159.75734633333335,24.867207333333333,27.162125333333332,-21.659473201253082,5.95583580929627,113.56187825333329,0.6686997382981393
62810.0,-0.0588,-0.1758,0.6375,165.41384633333334,28.737507333333333,30.436925333333335,-19.989551658841126,6.2450940188718285,113.72928134266662,0.6639046091118813
62821.0,-0.0721,-0.1393,0.6796,168.35274633333333,33.226007333333335,33.27662533333333,-18.29232406074588,6.57923595734869,113.91230278199995,0.6974661712226622
62832.0,-0.0826,-0.1217,0.7336,167.51304633333334,35.77560733333333,35.70412533333333,-16.60547493623715,6.937173555553207,114.10867547133329,0.7481995789894565
62843.0,-0.1179,-0.1051,0.7969,163.30694633333334,35.12680733333333,37.58962533333333,-14.961885385359906,7.28844395286179,114.31541841066662,0.8124013970938259
62854.0,-0.1515,-0.0941,0.8446,157.59704633333334,30.920707333333333,38.40642533333333,-13.37647540147308,7.598466569444347,114.52665374999995,0.8632243161542659
62865.0,-0.1812,-0.0771,0.8776,151.52834633333333,24.348207333333335,38.23852533333333,-11.852069498440894,7.845065325604702,114.73696563933329,0.899421819837611
62876.0,-0.2025,-0.0675,0.9023,145.29174633333332,16.531407333333334,37.15452533333333,-10.39118880706659,8.016910918990652,114.94131552866662,0.9272042870910381
62887.0,-0.2163,-0.0684,0.9352,138.62764633333333,8.310007333333333,34.01712533333333,-9.0003037878975,8.110410851128954,115.12840971799996,0.9623218224689701
63074.0,-0.1528,0.2056,0.9437,-36.364753666666665,-34.40759266666667,6.345325333333333,-15.731130310148243,1.809315798031058,115.72169763666662,0.9778491141275324
63085.0,-0.1472,0.2069,0.8866,-34.09755366666667,-35.97249266666667,6.444625333333333,-15.974880774987154,1.554459425880946,115.75714307599995,0.9222445499974505
63096.0,-0.1415,0.2053,0.8456,-27.509853666666668,-34.20909266666667,6.291925333333333,-16.093989494234823,1.325936451889202,115.79174866533329,0.8815949750310513
63107.0,-0.13,0.2122,0.8215,-18.906753666666667,-29.163292666666667,7.2385253333333335,-16.073603176420303,1.157254713173355,115.83156055466662,0.8583653592730778
63118.0,-0.1208,0.2136,0.8027,-10.112853666666666,-21.071692666666667,8.971325333333334,-15.918843235665253,1.0790684087193627,115.88090284399996,0.839371723374096
63129.0,-0.1074,0.2056,0.8097,-2.395253666666667,-10.491492666666666,10.704125333333334,-15.64903862809453,1.1143781999815612,115.93977553333329,0.8422708649834683
63140.0,-0.1403,0.2266,0.9103,3.2459463333333334,4.584807333333334,12.353025333333333,-15.289574302675112,1.3120939748812273,116.00771717266662,0.9485134369106217
63151.0,-0.179,0.1943,0.9521,4.925346333333333,13.714607333333333,11.162125333333334,-14.893853659694171,1.60919402827516,116.06910886199995,0.9880728212029718
63162.0,-0.1946,0.1566,0.995,1.5207463333333329,26.729807333333333,5.658325333333334,-14.526097803858288,2.0461062717072793,116.10022965133328,1.0258741248320868
63173.0,-0.2103,0.1294,1.1011,-6.005953666666667,34.645907333333334,-0.7156746666666667,-14.236815024278357,2.56411774840955,116.09629344066661,1.1284465694041521
63184.0,-0.2173,0.0724,1.2208,-17.792253666666667,30.790907333333333,-6.868374666666666,-14.079922646983723,3.032435084981473,116.05851737999994,1.2421005152563138
63195.0,-0.2187,0.0645,1.2438,-31.341853666666665,17.874907333333333,-11.929474666666666,-14.07296100210568,3.3537172654210567,115.99290526933328,1.2645269392148195
63206.0,-0.2216,0.0914,1.1971,-42.601453666666664,2.6153073333333334,-15.005774666666666,-14.184690493640112,3.5066321205918376,115.91037350866661,1.2208640096259697
63217.0,-0.2052,0.1035,1.1426,-51.70065366666667,-11.399892666666666,-16.547774666666665,-14.38808483028388,3.5067848204205783,115.81936074799994,1.1654844700810045
63228.0,-0.1787,0.0853,1.1051,-60.502153666666665,-23.399892666666666,-16.883674666666668,-14.68041138567374,3.376522619502915,115.72650053733327,1.1227002226774518
63239.0,-0.157,0.0673,1.0575,-71.90675366666666,-33.56019266666667,-16.112674666666667,-15.089840447752001,3.13688748305972,115.6378808266666,1.0712070481470892
63250.0,-0.1576,0.0468,1.001,-82.03655366666666,-38.75869266666667,-15.662274666666665,-15.60220094254582,2.8449327721716466,115.55173831599994,1.0144106663477075
63261.0,-0.1592,0.0475,0.9634,-90.80755366666666,-39.68999266666667,-16.494374666666666,-16.200266521230436,2.5486871106491007,115.46101925533327,0.9776197880566863
63272.0,-0.1578,0.0642,0.9132,-95.09755366666667,-37.88079266666667,-17.860774666666668,-16.831648353363555,2.278569577598526,115.3627849946666,0.9289546382897284
63283.0,-0.1455,0.0707,0.886,-93.99835366666667,-34.72819266666667,-18.685174666666665,-17.436713948305396,2.0475955379414628,115.26001653399993,0.9006468453284007
63294.0,-0.1305,0.052,0.8829,-89.80755366666666,-31.483892666666666,-18.876074666666668,-17.98494722693922,1.8543220669489011,115.15619812333327,0.8940059619488004
63305.0,-0.1096,0.0237,0.8967,-84.79225366666667,-29.560192666666666,-18.814974666666668,-18.4719539746022,1.6812256358661641,115.05271576266661,0.9036839823743696
63316.0,-0.0935,-0.01,0.9232,-81.83045366666667,-29.506792666666666,-18.540174666666665,-18.924900928346815,1.5057539626773753,114.95074480199995,0.9279765568159575
63667.0,-0.0303,-0.5084,0.7821,-2.7540536666666666,2.4550073333333335,0,-19.500186878557887,2.48550433725269,114.95074480199995,0.9333108056805085
63678.0,-0.0302,-0.525,0.8044,-4.212053666666667,4.027507333333333,-1.1279746666666666,-19.22575233395106,2.6340831980216777,114.94454094133327,0.9610392291680917
63689.0,-0.0275,-0.5226,0.8203,-5.731153666666667,3.9359073333333336,-1.6622746666666668,-19.031395183102273,2.7683636063897317,114.93539843066661,0.973015467502958
63700.0,-0.0188,-0.5164,0.827,-8.089953666666666,3.0810073333333334,-2.0897746666666666,-18.918572600747574,2.8800261811435806,114.92390466999994,0.9751673702498458
63711.0,-0.0159,-0.5034,0.8287,-10.708253666666668,2.3482073333333333,-2.3492746666666666,-18.881928258835988,2.9713210336387026,114.91098365933327,0.9697463895266638
63722.0,-0.0101,-0.5144,0.823,-13.151053666666666,1.3558073333333334,-2.6088746666666665,-18.915107795941168,3.0400441489541286,114.89663484866661,0.9705866112820637
63733.0,-0.005,-0.5128,0.806,-16.593753666666668,0.9894073333333334,-2.9065746666666668,-19.023621206388714,3.093780301231601,114.88064868799994,0.955314000734837
63744.0,0.0,-0.4995,0.7753,-18.143353666666666,1.8367073333333335,-2.5401746666666667,-19.181276514061334,3.1463853210124806,114.86667772733327,0.922274546976116
63755.0,0.0101,-0.5115,0.757,-17.731153666666668,3.1650073333333335,-2.4332746666666667,-19.364877555695553,3.202624471287657,114.8532947166666,0.9136647415764713
63766.0,0.021,-0.5083,0.7371,-16.42585366666667,4.065707333333334,-1.8072746666666668,-19.561657750858597,3.2572571000718176,114.84335470599993,0.8956150400702302
63777.0,0.0226,-0.5107,0.7157,-13.425853666666667,4.989407333333333,0,-19.75153311743477,3.3112631650604945,114.84335470599993,0.8795179020349728
63788.0,0.017,-0.5253,0.7039,-9.364753666666667,5.760407333333333,0.9636253333333333,-19.922843807568487,3.36454874871338,114.84865464533326,0.8784670170245437
63799.0,0.0054,-0.5336,0.702,-4.532753666666667,6.310007333333333,1.8186253333333333,-20.066043716856193,3.4169615432368414,114.85865708466659,0.8817948287441926
63810.0,-0.0018,-0.5425,0.71,0,6.233707333333333,2.3148253333333333,-20.182925863498976,3.4631790438598027,114.87138862399992,0.8935376265160858
63821.0,-0.0112,-0.5426,0.7115,4.658146333333333,5.7298073333333335,2.1545253333333334,-20.27010207273052,3.5004049391860677,114.88323851333325,0.8948588994919814
63832.0,-0.0195,-0.5337,0.7081,8.719246333333333,5.187907333333333,1.5133253333333334,-20.33153203468709,3.5298533825449514,114.89156180266659,0.8869168788561869
63843.0,-0.022,-0.5408,0.7201,12.406246333333334,4.722207333333333,0.6125253333333334,-20.369881645961033,3.552901512745883,114.89493069199992,0.9008288683207261
63854.0,-0.0245,-0.5382,0.7236,15.703946333333333,4.073307333333334,0,-20.387482712385584,3.568122432362916,114.89493069199992,0.902139928170791
63865.0,-0.0259,-0.5458,0.7174,19.54364633333333,4.012307333333334,0,-20.378572986678712,3.582286168275904,114.89493069199992,0.9017933299819866
63876.0,-0.0206,-0.5414,0.7175,22.658146333333335,4.539007333333334,-1.0057746666666667,-20.349477897345384,3.600960060678516,114.88939893133325,0.8990798462873028
63887.0,-0.0142,-0.5273,0.7089,26.719246333333334,5.539007333333334,-1.2576746666666667,-20.288114081489148,3.6283117836703473,114.88248172066658,0.8836210386811758
63898.0,-0.0038,-0.5234,0.6949,31.848946333333334,7.447407333333333,-0.9294746666666667,-20.183093165356002,3.6725956479358426,114.8773696099999,0.8699701201765495
63909.0,-0.0049,-0.5131,0.6863,38.00164633333333,10.287107333333333,0,-20.02273481017139,3.743986453872137,114.8773696099999,0.856914995784296
63920.0,-0.0095,-0.5037,0.6884,44.67344633333333,13.554307333333334,0,-19.800529666946108,3.847478505677408,114.8773696099999,0.8530524602860015
63931.0,-0.0238,-0.4792,0.7008,49.67344633333333,16.073307333333332,0.9942253333333333,-19.531497702104463,3.9766899819301664,114.88283784933324,0.8493054338693471
63942.0,-0.038,-0.4707,0.7208,54.58184633333333,16.737507333333333,2.1545253333333334,-19.21492004219492,4.1131809606886,114.89468773866658,0.8617163860575009
63953.0,-0.0499,-0.4739,0.7341,58.681046333333335,15.966507333333334,2.5285253333333335,-18.85984072966028,4.242861506895394,114.9085946279999,0.8751994229888409
63964.0,-0.0636,-0.4633,0.7468,62.18484633333333,14.271807333333333,2.0934253333333332,-18.471400232828145,4.3575443189897225,114.92010846733324,0.881136816845148
63975.0,-0.0758,-0.4542,0.7642,65.67344633333333,11.470307333333334,1.5209253333333335,-18.048420922884024,4.446762800242205,114.92847355666657,0.8922134946300688
63986.0,-0.0724,-0.4689,0.7865,67.60464633333333,7.539007333333334,0,-17.608917150271598,4.4973917098975,114.92847355666657,0.918526657207073
63997.0,-0.067,-0.4412,0.7979,67.77264633333333,4.172607333333334,-1.0592746666666666,-17.168864307081208,4.51474872160982,114.92264754599991,0.9142159755768874
64008.0,-0.0525,-0.4175,0.8029,67.58184633333333,4.180207333333334,-1.5324746666666664,-16.73004537206402,4.533173395962871,114.91421893533324,0.9064827135693212
64019.0,-0.0464,-0.3973,0.808,66.99404633333333,4.401607333333334,-2.4714746666666665,-16.295165114828027,4.553837338723969,114.90062582466658,0.9015898457724555
64030.0,-0.0385,-0.3613,0.8174,65.83374633333334,5.470307333333333,-2.0668746666666666,-15.866870316076572,4.584545941042232,114.8892580139999,0.8945181384410268
64041.0,-0.0314,-0.3402,0.8051,65.71924633333333,7.539007333333334,0,-15.433661119603883,4.635041745044098,114.8892580139999,0.8745901954629952
64052.0,-0.0205,-0.3518,0.823,65.45204633333333,8.783307333333333,1.5743253333333334,-14.99892575839874,4.694502589040949,114.89791680333325,0.8952722993592508
64063.0,-0.0067,-0.3422,0.8307,63.62764633333333,9.813807333333333,2.604925333333333,-14.579272341370846,4.758751159849105,114.91224389266658,0.8984476723771952
64074.0,-0.0001,-0.3073,0.8029,62.32224633333333,12.103907333333334,4.902625333333333,-14.1678265841256,4.841049168705995,114.93920833199991,0.8596986157950937
64085.0,0.0084,-0.2828,0.7671,63.375646333333336,16.630607333333334,8.528525333333333,-13.739603886616058,4.964653919737164,114.98611522133324,0.8176116498680777
64096.0,0.0101,-0.2682,0.7377,66.34514633333333,21.462707333333334,12.070525333333334,-13.275439187835385,5.1324799720613505,115.05250311066656,0.7850060764096033
64107.0,0.012,-0.2446,0.7151,71.08564633333333,26.004607333333333,16.185025333333332,-12.756426944521433,5.340809551188045,115.1415207499999,0.755871133196658
64118.0,0.0007,-0.2235,0.7043,76.23064633333334,28.737507333333333,21.047625333333333,-12.178297542432404,5.571502426650884,115.25728268933324,0.7389121937009837
64129.0,-0.0105,-0.2119,0.7003,81.46724633333334,28.775607333333333,26.215625333333335,-11.541048792729008,5.797017742523138,115.40146862866658,0.7317321572816108
64140.0,-0.0323,-0.2046,0.6962,86.85664633333333,26.325307333333335,31.192625333333332,-10.844556824120062,5.994055319026762,115.57302806799991,0.7263600278099009
64151.0,-0.0547,-0.2157,0.6885,93.18484633333334,22.355807333333335,35.35302533333333,-10.082786418759367,6.150072602412307,115.76746970733325,0.723568123952403
64162.0,-0.0742,-0.2328,0.6866,100.28404633333334,17.752707333333333,37.55142533333333,-9.251911932072295,6.261599680645062,115.97400254666658,0.7287805156561198
64173.0,-0.0896,-0.2611,0.6906,107.74974633333333,14.302407333333333,37.52092533333333,-8.353505541549673,6.3436076106820884,116.18036763599991,0.7437269189695906
64184.0,-0.1034,-0.2495,0.7051,113.96344633333334,12.859607333333335,35.757525333333334,-7.400315441500853,6.419475666183254,116.37703402533324,0.7550548456900332
64195.0,-0.1227,-0.2201,0.7328,117.67344633333333,13.806207333333333,33.757525333333334,-6.415386566704968,6.5167748679701,116.56270041466658,0.7749162148258353
64206.0,-0.1576,-0.1875,0.7584,118.86424633333333,14.760407333333333,31.742325333333334,-5.421594252992018,6.638970162608125,116.73728320399991,0.7969721262378001
64217.0,-0.194,-0.1694,0.783,118.95584633333333,14.157307333333334,29.040025333333332,-4.428598248700479,6.772217625934359,116.89700334333324,0.8242701984179702
64228.0,-0.2135,-0.1555,0.7987,119.56654633333333,12.378707333333335,24.612525333333334,-3.429841277941781,6.90402789167718,117.03237223266657,0.8412396745280146
64239.0,-0.2147,-0.1304,0.8141,121.13904633333334,9.966507333333334,18.337725333333335,-2.4129035211625927,7.0250838011413315,117.13322972199991,0.8519736263523654
64250.0,-0.2104,-0.0942,0.8157,122.55884633333334,8.424507333333333,10.658325333333334,-1.3770372016242343,7.142181555632754,117.19185051133324,0.8476486831229079
64261.0,-0.2052,-0.0575,0.8186,124.87184633333334,9.126807333333334,4.0247253333333335,-0.3103812878961652,7.276993819748857,117.21398650066658,0.8458837095014894
64272.0,-0.2006,-0.0186,0.8359,125.74214633333334,10.325307333333335,-2.1737746666666666,0.7740548023926737,7.4319801052322445,117.20203073999991,0.8598343619558362
64283.0,-0.1887,0.0204,0.858,124.78794633333334,10.623007333333334,-7.860774666666666,1.8590646872492964,7.593603967674703,117.15879647933325,0.8787421976894019
64294.0,-0.1841,0.0531,0.8969,122.13144633333333,9.210807333333333,-12.410374666666666,2.9281957617172485,7.740898586673083,117.09053941866658,0.9171379558168989
64305.0,-0.1731,0.0822,0.9326,117.14664633333334,5.905407333333333,-15.631774666666665,3.9573455418549504,7.850823392060376,117.00456465799991,0.9520836150254871
64316.0,-0.1609,0.0859,0.9785,111.83374633333334,0.8672073333333334,-17.891274666666668,4.940728963445559,7.902538316135792,116.90616264733325,0.9953541430063975
64327.0,-0.1411,0.0977,1.0256,105.00924633333334,-5.3006926666666665,-19.578274666666665,5.860966534733589,7.881562207814409,116.79848213666658,1.03986050025953
64338.0,-0.1235,0.1124,1.0514,95.29174633333334,-10.728192666666667,-19.921874666666668,6.686218787790247,7.79522055622279,116.68891182599991,1.064578775854563
64349.0,-0.1075,0.1443,1.0553,83.81844633333333,-13.659492666666667,-19.417974666666666,7.399726158190696,7.670634727637612,116.58211296533324,1.0705310971662616
64360.0,-0.0912,0.1742,1.071,70.56654633333333,-14.819792666666665,-18.242474666666666,7.984586531363455,7.526467292387864,116.48177935466657,1.0889003994856463
64371.0,-0.0781,0.189,1.0941,56.43674633333333,-14.926592666666664,-16.723374666666665,8.431984939884654,7.373742219990355,116.38980079399991,1.1130478067001437
64382.0,-0.0699,0.21,1.0984,42.32224633333333,-14.102192666666665,-14.769174666666666,8.743840149213183,7.222985429355552,116.30857033333325,1.1204769386292608
64393.0,-0.0581,0.261,1.1239,27.864246333333334,-11.529692666666666,-11.486674666666666,8.92175376688564,7.0925363727757755,116.24539362266658,1.1552695875855123
64404.0,-0.0648,0.2515,1.0938,13.658146333333333,-10.369392666666666,-7.868374666666666,8.96650774857997,6.969306940513024,116.20211756199991,1.1242107142346582
64415.0,-0.0825,0.2401,1.0254,2.581846333333333,-9.094592666666665,-5.173774666666667,8.910894091372443,6.858264056415559,116.17366180133324,1.0563614059591537
64426.0,-0.0912,0.2371,0.9655,-1.731153666666667,-8.079292666666666,-3.6011746666666666,8.827937808072397,6.7585624139135225,116.15385534066657,0.998360706358178
64437.0,-0.0981,0.2412,0.9142,-1.372353666666667,-7.048792666666666,-2.280574666666667,8.767876333785257,6.671769109376859,116.1413121799999,0.9505591459767246
64448.0,-0.1014,0.2314,0.8781,2.070346333333333,-4.140392666666667,-1.2271746666666667,8.761287730134372,6.618739474020588,116.13456271933323,0.9137218012064723
64459.0,-0.1521,0.3091,0.8802,6.2001463333333335,4.058107333333334,-0.9065746666666668,8.822165468420133,6.661766383169168,116.12957655866657,0.9452138699786414
64470.0,-0.213,0.3435,0.858,10.688646333333333,21.248907333333335,-1.9676746666666665,8.955244488772427,6.902902930413316,116.11875434799991,0.9484330498248149
64481.0,-0.2382,0.3019,0.9576,15.467246333333334,42.39400733333333,-6.883674666666666,9.152784050013526,7.381004918204163,116.08089413733325,1.0319305257622724
64492.0,-0.2252,0.2812,1.1604,16.169546333333333,51.89010733333333,-12.517274666666665,9.361027392092797,7.959236280139438,116.01204912666658,1.2150377113489113
64503.0,-0.2023,0.2606,1.3113,9.749746333333333,44.88250733333333,-15.433274666666666,9.496590476665393,8.451532315767608,115.92716611599991,1.3521632076047625
64695.0,-0.1746,0.0822,1.2625,-66.25025366666667,-42.58309266666667,-9.028674666666666,-2.958702493160436,0.4364650780915909,115.06041334799991,1.277164143718418
64706.0,-0.1918,0.126,1.1816,-89.84565366666666,-46.24729266666667,-17.990574666666667,-3.676794595456918,0.0976334687050193,114.96146518733325,1.2036784454329985
64717.0,-0.1733,0.1882,1.0482,-103.82275366666667,-43.20909266666667,-25.601174666666665,-4.530223469446239,-0.1997236795516049,114.82065872666658,1.0789695871524831
64728.0,-0.1184,0.2362,0.9272,-108.28075366666667,-34.46859266666667,-29.776774666666665,-5.406323079046905,-0.39913911224583287,114.65688646599992,0.9641103878706007
64739.0,-0.0642,0.251,0.8557,-106.12815366666666,-24.743392666666665,-29.906574666666668,-6.230901586915468,-0.4966251247866167,114.49240030533325,0.8940610325922946
64750.0,-0.0205,0.2026,0.8307,-99.52505366666666,-17.224392666666667,-27.311174666666666,-6.962458780001837,-0.5220895200245639,114.34218884466658,0.8552949783554209
64761.0,0.0146,0.0681,0.9589,-97.38765366666667,-14.499192666666666,-22.585974666666665,-7.668954233161615,-0.533718969746453,114.21796598399992,0.9614260137940932
64772.0,0.0009,-0.042,1.1326,-110.59375366666667,-19.880792666666665,-18.631774666666665,-8.530640556646174,-0.6182307334900665,114.11549122333325,1.1333788289887896
64783.0,-0.0186,-0.0626,1.2009,-135.02885366666666,-26.766292666666665,-17.150874666666667,-9.66566023076772,-0.7870867106380695,114.02116141266659,1.202674324162614
64794.0,-0.0393,-0.0068,1.1805,-160.71595366666668,-30.300692666666666,-18.265374666666666,-11.072389273248758,-0.9984835464959235,113.92070185199992,1.1811735604897362
64805.0,-0.0598,0.0372,1.1124,-179.84565366666666,-30.254892666666667,-21.250074666666666,-12.667113902491298,-1.209179225617678,113.80382644133326,1.1146271304790674
64816.0,-0.0494,0.0859,1.051,-190.25785366666668,-26.873192666666665,-24.089774666666667,-14.345096918895551,-1.3833735947725,113.6713326806666,1.055661010931066
64827.0,-0.0356,0.0419,1.0525,-197.70825366666668,-26.170892666666667,-25.173774666666667,-16.07720818143797,-1.5517756641307856,113.53287691999992,1.053935111854615
64838.0,-0.0123,-0.0199,1.0444,-208.63955366666667,-25.315992666666666,-24.830174666666665,-17.9057502347027,-1.714801493243824,113.39631095933325,1.0446619836100095
64849.0,0.0079,-0.0177,0.9645,-217.08995366666667,-21.689992666666665,-23.456174666666666,-19.799857296021063,-1.8436386466536705,113.26730199866658,0.9646947444658336
64860.0,0.0325,-0.0111,0.8596,-216.84565366666666,-15.605992666666666,-19.509574666666666,-21.662024710304742,-1.913879952370486,113.15999933799992,0.8602857780993477
64871.0,0.0486,-0.0698,0.8033,-209.74645366666667,-10.186192666666667,-13.616474666666667,-23.424711153331714,-1.9347493938676301,113.08510872733325,0.8077901274464798
64882.0,0.0569,-0.155,0.7803,-200.43345366666668,-8.109892666666665,-7.517274666666665,-25.075028094057377,-1.9435132243854347,113.04376371666659,0.7975780212618699
64893.0,0.0397,-0.2074,0.7322,-188.83805366666667,-9.980092666666666,-1.7920746666666667,-26.59544693381906,-1.9800965349852442,113.03390730599992,0.7620417901926376
64904.0,0.0338,-0.2731,0.6506,-172.65485366666667,-12.957192666666666,3.4140253333333335,-27.945858110084256,-2.0544978209595226,113.05268444533326,0.706403857577236
64915.0,0.0162,-0.3467,0.5851,-153.15865366666668,-15.125092666666667,7.498025333333333,-29.102302964899657,-2.1545561702464746,113.09392358466658,0.6802979788298654
64926.0,0.002,-0.4224,0.5161,-131.63195366666667,-15.407592666666666,9.772825333333333,-30.05612406722122,-2.257253859907838,113.14767412399992,0.6669220119324297
64937.0,-0.0072,-0.46,0.4789,-112.86855366666667,-12.529692666666666,9.887325333333333,-30.845458768007493,-2.32705476062451,113.20205441333326,0.6640760875080506
65288.0,-0.0361,-0.4293,0.6915,66.74214633333334,16.699307333333334,9.765225333333333,-7.489172222007963,3.487257966124147,114.91585145933325,0.8147232352154933
65299.0,-0.0492,-0.413,0.6997,77.45964633333334,16.997007333333332,10.284325333333333,-6.761412104775614,3.6293192744972314,114.9724152486666,0.8139838634764205
65310.0,-0.0535,-0.3971,0.7047,87.65814633333333,16.630607333333334,10.841525333333333,-5.970851976919581,3.769840143120367,115.03204363799992,0.8106495852092938
65321.0,-0.0675,-0.3726,0.7006,98.24594633333334,16.088607333333332,11.902625333333333,-5.108285565344154,3.908621027861691,115.09750807733326,0.7963839337907314
65332.0,-0.0803,-0.3407,0.6709,111.59704633333334,17.821407333333333,12.444625333333335,-4.139750151616105,4.071750062481516,115.16595351666659,0.7567241174959339
65343.0,-0.0881,-0.3235,0.6459,126.62764633333333,20.913007333333333,12.574325333333334,-3.046167663407929,4.274111430373084,115.23511230599992,0.7277366762778965
65354.0,-0.0885,-0.2897,0.6422,141.87954633333334,25.607707333333334,12.856825333333333,-1.8216677008335294,4.5316242838187675,115.30582484533325,0.7100557583739463
65365.0,-0.0861,-0.2346,0.6521,156.32224633333334,31.974107333333333,14.574325333333334,-0.4684486977487541,4.860088249463349,115.38598363466659,0.6983443133583891
65376.0,-0.0918,-0.1729,0.6727,168.97114633333334,38.90540733333333,17.131625333333332,1.0015352562095217,5.264243764332723,115.48020757399992,0.7006046959591407
65387.0,-0.0986,-0.1221,0.7271,178.28404633333332,44.05810733333333,20.040025333333332,2.5591469246861274,5.7231541026931945,115.59042771333326,0.7438445939845231
65398.0,-0.1086,-0.0835,0.7886,183.50544633333334,46.51610733333333,21.757525333333334,4.165165879158178,6.206691706971592,115.71009410266659,0.8004100011868917
65409.0,-0.1273,-0.0812,0.8777,181.58174633333334,44.96650733333333,22.467525333333334,5.742942923849482,6.671942246374378,115.83366549199992,0.890593072059288
65420.0,-0.1525,-0.0897,0.9155,173.67344633333335,40.48560733333333,21.131625333333332,7.225665469272444,7.0897846323663325,115.94988943133326,0.9324390543086448
65431.0,-0.1752,-0.0792,0.9192,164.80314633333333,36.07330733333333,18.459825333333335,8.603689731167892,7.4637337966384045,116.05141847066659,0.9390933499924276
65442.0,-0.1945,-0.0479,0.923,157.49784633333334,32.72220733333333,14.337725333333333,9.897829113380514,7.807159971404038,116.13027595999992,0.944485923664297
65453.0,-0.2097,-0.0067,0.9613,151.58944633333334,29.508507333333334,10.108725333333334,11.128612545143543,8.12182438715308,116.18587394933326,0.9839291996886769
65464.0,-0.2139,0.0437,1.0277,142.52074633333334,23.920707333333333,6.429325333333333,12.267963266831405,8.38024073858138,116.2212352386666,1.050633232864828
65475.0,-0.2073,0.0669,1.0736,128.72684633333333,16.638207333333334,3.2461253333333335,13.26625530159228,8.561998149148438,116.23908892799993,1.0954751754375815
65486.0,-0.1964,0.0885,1.111,112.07034633333333,8.539007333333334,0.9636253333333333,14.094313122369657,8.6566668567293,116.24438886733326,1.1316917468993049
65497.0,-0.1899,0.0897,1.1193,94.36044633333333,0,0,14.740166094779454,8.659710735860143,116.24438886733326,1.1388329947801827
65508.0,-0.1776,0.0901,1.0955,78.16194633333333,-6.132792666666667,-1.1966746666666666,15.220041829817228,8.597530132730213,116.23780715666659,1.1134540942490625
65519.0,-0.167,0.0946,1.0558,64.91004633333333,-9.705292666666667,-1.7385746666666666,15.566491272355194,8.49837883543121,116.22824499599993,1.0731038160401818
65530.0,-0.1501,0.1085,1.0074,54.726846333333334,-9.613692666666665,-2.5401746666666667,15.81442813727634,8.40135318823997,116.21427403533326,1.0242836618827815
65541.0,-0.139,0.1289,0.9695,46.703946333333334,-6.659492666666667,-3.1431746666666665,15.989460186458516,8.336745428112224,116.1969865746666,0.9878595345493205
65552.0,-0.1238,0.1404,0.9542,40.375646333333336,-3.254892666666666,-3.3645746666666665,16.110770771406486,8.307385892129355,116.17848141399993,0.9723868777395138
65563.0,-0.1115,0.1398,0.957,36.02454633333333,-1.7586926666666667,-3.280574666666667,16.19886131683207,8.29077063840065,116.16043825333327,0.9735631926074444
65574.0,-0.1021,0.1646,0.9528,33.00164633333333,-2.0563926666666665,-2.8989746666666667,16.270064433827166,8.266667146953962,116.1444938926666,0.9722887482636009
65585.0,-0.0908,0.1841,0.9302,31.154346333333333,-2.560192666666666,-1.8225746666666667,16.33810195982738,8.232498809427174,116.13446973199994,0.9525804375484519
65596.0,-0.0874,0.1921,0.9109,30.57414633333333,-2.1174926666666667,0,16.416046107397097,8.199064676538699,116.13446973199994,0.935029400607275
65607.0,-0.0826,0.1965,0.8993,31.070346333333333,0,1.1927253333333332,16.514296794082924,8.184447796712245,116.14102972133328,0.9242161543708268
65618.0,-0.0828,0.1909,0.8937,31.879546333333334,1.6306073333333335,2.6278253333333335,16.63367270820374,8.183558809678374,116.15548276066662,0.9176046752278456
65629.0,-0.0817,0.192,0.8988,32.33754633333333,3.5772073333333334,4.070525333333333,16.76870134264038,8.199695776922164,116.17787064999995,0.9227027311111635
65640.0,-0.079,0.2109,0.9283,31.703946333333334,5.378707333333333,6.223225333333334,16.90793884802217,8.23056265311486,116.21209838933328,0.9552280879454917
65651.0,-0.0874,0.2144,0.9518,29.734446333333334,5.584807333333334,8.887325333333333,17.03555798887659,8.259783507617506,116.26097867866662,0.9795556952006352
65662.0,-0.1014,0.2161,0.9828,27.383346333333332,3.0275073333333333,11.971325333333334,17.14604002502295,8.259197331819543,116.32682096799995,1.0113738230743368
65673.0,-0.1223,0.2217,1.0095,24.329846333333332,-1.6975926666666665,14.337725333333333,17.23112622245078,8.208346842876281,116.40567845733328,1.0407681922503205
65684.0,-0.1379,0.2229,0.9976,20.978746333333333,-6.102192666666667,15.505625333333334,17.287316630397452,8.113638340296935,116.49095939666661,1.0314584722614866
65695.0,-0.1522,0.2073,0.9814,18.093246333333333,-8.796892666666666,15.253725333333334,17.31766235117596,7.996020491815899,116.57485488599994,1.0145363916587713
65706.0,-0.1555,0.1976,0.9662,15.856646333333334,-9.491492666666666,13.375925333333333,17.32813979460886,7.8776768191572915,116.64842247533328,0.9983829175221298
65717.0,-0.155,0.1969,0.9589,13.268846333333332,-7.819792666666666,10.841525333333333,17.314913012376497,7.7837286388496745,116.7080508646666,0.9911023256959899
65728.0,-0.1512,0.2089,0.9501,9.994046333333333,-4.369392666666666,8.620125333333334,17.272166008498328,7.732145364445816,116.75546155399994,0.9844748143045611
65739.0,-0.1511,0.2178,0.9491,6.436746333333333,0,6.490425333333333,17.197931744012905,7.731662367937731,116.79115889333328,0.9854231882800405
65750.0,-0.1558,0.2152,0.9503,3.169546333333333,2.7680073333333333,4.841525333333333,17.09502033318751,7.764233911040518,116.81778728266661,0.9867394640937394
65761.0,-0.1639,0.2101,0.949,0.696346333333333,3.6688073333333335,3.5667253333333333,16.971467222598267,7.809726153169909,116.83740427199994,0.9857008775485593
65772.0,-0.1698,0.2067,0.9369,-0.593753666666667,2.5390073333333336,2.108725333333333,16.8398879003315,7.8465071231642005,116.84900226133328,0.974340053574726
65783.0,-0.1683,0.2034,0.9205,0,1.1115073333333334,0.7270253333333333,16.7203941145157,7.871224374675519,116.85300090066661,0.957609889255536
65794.0,-0.1643,0.2111,0.9091,0,0,0,16.60720400271133,7.886870446363059,116.85300090066661,0.9476394409267694
65805.0,-0.1586,0.2078,0.9043,0.7268463333333329,0.6306073333333334,-1.0973746666666666,16.507401278534974,7.91149819977219,116.84696533999995,0.9413252838418822
65816.0,-0.1516,0.2073,0.9077,0.711546333333333,1.3711073333333335,-1.6622746666666668,16.412295835491754,7.944980869066933,116.83782282933329,0.9433319352168673
65827.0,-0.1519,0.2083,0.9178,0,1.7451073333333333,-2.3569746666666664,16.313894326228834,7.9829083187992635,116.82485946866663,0.9533201665757417
65838.0,-0.1572,0.2058,0.9313,-1.7159536666666673,0.8825073333333334,-2.8912746666666664,16.200565761421327,8.012136017080845,116.80895745799997,0.9666360069850491
65849.0,-0.1562,0.2056,0.9534,-3.7159536666666666,-1.5143926666666667,-3.3798746666666664,16.06884515963236,8.015624600382738,116.7903681473333,0.9877455947763067
65860.0,-0.1505,0.192,1.0309,-9.822753666666667,-5.827392666666666,-3.9370746666666663,15.871381225218851,7.971033069818071,116.76871423666663,1.0593720120901817
65871.0,-0.1569,0.1218,1.1774,-26.563253666666668,-15.949592666666668,-5.9218746666666675,15.48395378479405,7.814978948874344,116.73614392599995,1.1940366870410641
65882.0,-0.1909,0.0844,1.3359,-52.647253666666664,-33.61369266666667,-9.517274666666665,14.804188620132035,7.469948993608395,116.68379891533328,1.3521076066644993
65893.0,-0.2242,0.0208,1.5175,-89.19685366666667,-59.83499266666667,-15.937074666666668,13.718312603318804,6.848359212925989,116.59614500466662,1.534113597488791
65904.0,-0.2579,0.0488,1.6956,-141.59375366666666,-97.10219266666667,-25.616474666666665,12.068490201091153,5.8374815552806965,116.45525439399995,1.7157952121392575
65915.0,-0.2845,0.1962,1.5581,-196.44875366666668,-120.98769266666667,-37.54777466666667,9.859033693463578,4.593917826478736,116.24874163333328,1.5959668856213778
65926.0,-0.2639,0.3492,1.2389,-231.15865366666668,-128.04879266666666,-46.18137466666667,7.336926395213504,3.3058311179270303,115.99474407266662,1.313947129834378
65937.0,-0.1661,0.3715,1.0157,-243.88385366666665,-108.57549266666668,-49.38747466666667,4.749134260075872,2.2535682286449554,115.72311296199996,1.0941882607668574
65948.0,-0.0372,0.2401,0.941,-244.68535366666666,-87.33119266666667,-49.11267466666667,2.212729332264903,1.4399872340064226,115.4529932513333,0.9718605095382772
65959.0,0.0222,0.155,0.8986,-246.86095366666666,-66.95719266666667,-48.41037466666667,-0.29623109982753604,0.8462676755990308,115.18673619066664,0.9121402304470514
65970.0,0.0686,0.1543,0.8386,-249.00595366666667,-44.94959266666667,-46.37217466666667,-2.7769311378794685,0.48252031809206186,114.93168922999998,0.8554322942232191
65981.0,0.0823,0.1556,0.7908,-246.02125366666667,-23.308292666666667,-39.78437466666667,-5.173715463676951,0.34026317720885485,114.7128751693333,0.8101538681016094
65992.0,0.1051,0.0719,0.7719,-235.76935366666666,-8.224392666666667,-31.53247466666667,-7.418712752795524,0.34295160261900737,114.53944655866664,0.7823331962789256
66003.0,0.1216,-0.0352,0.7335,-217.94495366666666,0,-24.563074666666665,-9.444321754082605,0.41315693747399745,114.40434964799998,0.7443439057317525
66014.0,0.1426,-0.1294,0.6825,-196.05175366666666,5.890107333333333,-17.425674666666666,-11.220512947393448,0.5231513338423167,114.30850843733332,0.7091441108829714
66025.0,0.1543,-0.2113,0.5873,-169.57085366666666,11.371107333333335,-9.708074666666667,-12.710679394239673,0.6675381855521719,114.25511402666665,0.6429443755100437
66036.0,0.1483,-0.2849,0.5585,-140.83805366666667,16.989407333333332,-2.387474666666667,-13.904757127347674,0.8485119835582943,114.24198291599998,0.6442694700201151
66047.0,0.1362,-0.3245,0.579,-115.48695366666666,17.561907333333334,3.2919253333333334,-14.849551469948773,1.013130976595404,114.26008850533331,0.677563052416526
66058.0,0.1163,-0.3256,0.5881,-93.22735366666667,13.058107333333334,8.627825333333334,-15.581854012830698,1.1104479458570051,114.30754154466665,0.6822042655979219
66069.0,0.0785,-0.3534,0.5515,-72.00595366666667,6.210807333333333,13.452225333333335,-16.119299230026222,1.1224180032687716,114.38152878399998,0.6597014931012359
66080.0,0.0441,-0.3998,0.5455,-51.181553666666666,0.6611073333333335,16.551425333333334,-16.474790398161677,1.070132778868244,114.47256162333332,0.6777574049761463
66091.0,0.0093,-0.4298,0.5464,-31.41815366666667,-4.231992666666667,17.536225333333334,-16.665126106053652,0.9674083124978259,114.56901086266666,0.6952463520220729
66102.0,-0.0143,-0.4598,0.525,-10.631953666666666,-7.682392666666667,17.101025333333332,-16.68446949668529,0.8343369826644215,114.66306650199999,0.6980297486497262
66113.0,-0.0256,-0.4801,0.5187,10.986346333333334,-8.850292666666666,15.436925333333333,-16.526971908738723,0.6977152082565697,114.74796959133333,0.7072489377864064
66124.0,-0.0314,-0.4731,0.5625,31.711546333333335,-8.926692666666666,13.803325333333333,-16.19870144855897,0.5701514108283131,114.82388788066666,0.7356737184377324
66309.0,-0.0206,-0.2682,0.9202,9.535946333333333,-1.5372926666666666,-4.845474666666666,-14.487555131669874,0.268168018605923,114.37568147399999,0.9587093615898408
66320.0,-0.0092,-0.2571,0.8867,10.291746333333332,1.3100073333333335,-5.089774666666667,-14.4263613307645,0.26792212619775946,114.34768771333333,0.9232669928032736
66331.0,0.0055,-0.2627,0.8641,13.299346333333332,4.661107333333334,-4.7614746666666665,-14.333818634415511,0.3040035833076071,114.32149960266666,0.9031668450513448
66342.0,0.0151,-0.259,0.839,18.749746333333334,7.508507333333334,-4.097374666666667,-14.184784185656124,0.3687492818562804,114.298964042,0.8781970223133303
66353.0,0.0244,-0.2581,0.8219,26.337546333333332,9.859607333333335,-2.3645746666666665,-13.957886436007287,0.45497286797265496,114.28595888133333,0.8618181826812428
66364.0,0.0295,-0.2502,0.7941,34.99404633333333,12.691707333333333,0,-13.64313584875325,0.5669079194347095,114.28595888133333,0.8331056955752973
66375.0,0.0234,-0.2429,0.7654,44.66574633333333,15.836707333333333,2.727025333333333,-13.231458707897575,0.7085858823202279,114.30095752066666,0.8033586558941156
66386.0,0.016,-0.2317,0.7432,55.223046333333336,19.432107333333335,5.5133253333333325,-12.714553474247632,0.8855116023397045,114.33128081,0.7786444182038422
66397.0,-0.0022,-0.2214,0.7137,66.49014633333333,23.584807333333334,8.704125333333334,-12.086688400067509,1.1057244618560476,114.37915349933333,0.7472553044308218
66408.0,-0.0272,-0.2094,0.6909,79.69634633333334,29.653507333333334,10.841525333333333,-11.328486456083187,1.3925942396654263,114.43878188866665,0.7224479289194481
66419.0,-0.0521,-0.1943,0.6879,93.04744633333333,34.94360733333333,11.994225333333334,-10.439043149999444,1.739742039471011,114.50475012799998,0.7167100599266065
66430.0,-0.0715,-0.1628,0.6675,107.24594633333334,40.34050733333333,13.192725333333334,-9.40843326531621,2.1493787060624374,114.57731011733331,0.6907766209130126
66441.0,-0.0879,-0.125,0.6631,122.70394633333333,45.05810733333333,15.055225333333334,-8.221056407480411,2.614594565466286,114.66011385666664,0.6804799923583352
66452.0,-0.0939,-0.0884,0.6719,139.07794633333333,49.05040733333333,17.253725333333335,-6.865236264926896,3.126297764186138,114.75500934599998,0.6841647316253594
66463.0,-0.0975,-0.0537,0.6786,154.76504633333334,52.18790733333333,19.246125333333335,-5.347532383344852,3.673767085879968,114.86086303533331,0.6876684520901042
66474.0,-0.1035,-0.0117,0.6942,170.42914633333334,55.39400733333333,22.017125333333333,-3.6661136282483424,4.256762599757166,114.98195722466664,0.7019706404116913
66485.0,-0.1122,0.0294,0.7203,182.25354633333333,57.97410733333333,24.620125333333334,-1.8606482481266364,4.8678262873682066,115.11736791399997,0.729578844265649
66496.0,-0.1277,0.074,0.7728,190.35274633333333,59.615307333333334,27.017125333333333,0.031770748463920334,5.4969131916340945,115.26596210333331,0.7867675196651168
66507.0,-0.1406,0.1084,0.8605,192.45964633333332,58.31760733333333,28.337725333333335,1.9482416137783924,6.111415156658076,115.42181959266664,0.8786234517698694
66518.0,-0.1616,0.1404,0.955,187.84134633333332,55.615307333333334,27.185025333333332,3.817205985589535,6.696720710089608,115.57133723199998,0.978698993562372
66529.0,-0.1869,0.1926,1.1047,172.42154633333334,46.40920733333333,26.177425333333336,5.526373221964604,7.1828726756294365,115.71531307133331,1.1368326437959109
66540.0,-0.2,0.2075,1.244,146.10084633333332,31.500807333333334,24.215625333333335,6.956638725393796,7.5079723798920455,115.84849901066664,1.276946455416201
66551.0,-0.2159,0.1975,1.3125,114.70394633333333,13.806207333333333,20.887325333333333,8.050283539026646,7.644411848810022,115.96337929999997,1.344721275952753
66909.0,0.0992,0.0964,0.6698,-249.06705366666668,-59.58309266666667,-35.22717466666667,-79.4841389642111,-13.298433748219178,109.65771503466664,0.683933944178822
66920.0,0.1787,-0.0055,0.4272,-227.40295366666666,-28.781592666666665,-27.295874666666666,-80.3378198879937,-13.259243966577575,109.50758772399998,0.4631023429005731
66931.0,0.2367,-0.1655,0.2638,-187.85335366666666,10.050407333333334,-18.509574666666666,-80.7731190215203,-12.84045041752327,109.40578506333331,0.3911618335165127
66942.0,0.2123,-0.27,0.4156,-151.27315366666667,42.05810733333333,-12.341674666666666,-80.84675691431246,-12.120872708661075,109.33790585266665,0.539161061279466
66953.0,0.1659,-0.2737,0.5626,-122.25785366666666,45.684007333333334,-7.501974666666666,-80.64530717602372,-11.403992599334357,109.29664499199998,0.6472659886012859
66964.0,0.1296,-0.2845,0.6234,-94.92965366666667,32.96650733333333,-1.4637746666666667,-80.19047620171362,-10.85802651196939,109.28859423133332,0.6973979997103519
66975.0,0.1101,-0.3468,0.6418,-69.63955366666667,14.714607333333333,3.9178253333333335,-79.5156555467577,-10.534339455870041,109.31014227066666,0.7377665552191967
66986.0,0.0983,-0.4059,0.6217,-47.37235366666667,-3.308292666666666,7.368225333333333,-78.66370033657243,-10.423005028692806,109.35066751,0.7489516606564138
66997.0,0.0947,-0.4114,0.598,-26.112853666666666,-18.056392666666667,10.299525333333333,-77.64600061948767,-10.483179249888153,109.40731489933333,0.731998668031575
67008.0,0.0875,-0.3856,0.5684,-8.754053666666668,-25.880792666666665,13.467525333333334,-76.50077684841122,-10.63513825793209,109.48138628866666,0.6924031845680665
67019.0,0.0703,-0.3833,0.5477,7.635246333333333,-27.766292666666665,16.604925333333334,-75.23826778366711,-10.809710290426777,109.57271337799999,0.6721876746861697
67030.0,0.0514,-0.3988,0.5537,22.47494633333333,-25.277792666666667,18.627825333333334,-73.87657407916068,-10.95551658473892,109.67516641733332,0.6843004384040682
67041.0,0.0311,-0.4154,0.5912,33.375646333333336,-20.239592666666667,19.078125333333332,-72.45735421297225,-11.041401382700485,109.78009610666665,0.723216295446943
67052.0,0.0048,-0.4138,0.6272,40.57414633333333,-12.789192666666667,17.520925333333334,-71.0158969441415,-11.037631203515497,109.87646119599998,0.7514208674238426
67063.0,-0.0155,-0.4045,0.677,43.841346333333334,-3.4533926666666663,13.933125333333333,-69.58745870707457,-10.922244146217306,109.95309338533332,0.7887898959799118
67074.0,-0.0248,-0.3804,0.7316,45.291746333333336,6.2031073333333335,9.948425333333335,-68.18191307350403,-10.693101710195648,110.00780972466666,0.8249592474783224
67085.0,-0.0288,-0.3604,0.7891,46.13904633333333,13.477907333333334,6.559125333333334,-66.79743532468869,-10.378531345858901,110.04388491399999,0.8679841069973574
67096.0,-0.0289,-0.3418,0.851,45.85664633333333,17.25660733333333,3.8033253333333334,-65.43901392206485,-10.01915062210058,110.06480320333333,0.9175311711326215
67107.0,-0.0302,-0.3273,0.9211,42.48254633333333,16.645907333333334,1.5820253333333334,-64.13397430646641,-9.664211625081634,110.07350434266667,0.9779890285683168
67118.0,-0.0259,-0.3031,0.9652,36.306946333333336,13.577207333333334,0,-62.90726449536752,-9.342138717224826,110.07350434266667,1.012003685764039
67129.0,-0.0212,-0.2898,0.9811,29.184846333333333,10.332907333333335,-1.4866746666666666,-61.7670925499387,-9.056007673642714,110.065327632,1.0232256300542906
67140.0,-0.0149,-0.2981,0.9917,21.429146333333332,7.248907333333333,-2.4561746666666666,-60.72124479225754,-8.805127434237287,110.05181867133334,1.0356420762020053
67151.0,-0.0032,-0.2981,0.9855,13.650546333333333,4.142107333333334,-4.356974666666666,-59.770095734832836,-8.591269576368411,110.02785531066667,1.0296038558591358
67162.0,0.0132,-0.2928,0.9624,7.299346333333333,1.0504073333333335,-5.669874666666667,-58.89812851418025,-8.416054572911223,109.996671,1.0060416691171397
67173.0,0.033,-0.2914,0.9329,1.963446333333333,-0.8731926666666667,-6.188974666666667,-58.09499779198943,-8.268744913145303,109.96263163933334,0.9779086716048692
67184.0,0.0457,-0.2906,0.8921,0,-0.6823926666666664,-6.074474666666667,-57.32536039350009,-8.12734977421026,109.92922202866667,0.9393504457868745
67195.0,0.0641,-0.3011,0.8622,2.192446333333333,0.9283073333333335,-5.524874666666667,-56.54669386958986,-7.978465937050193,109.898835218,0.9155101637884748
67206.0,0.0764,-0.2874,0.8385,5.879546333333333,3.1344073333333338,-4.738574666666667,-55.74248116340198,-7.8168452075762405,109.87277305733333,0.8896729567655747
67217.0,0.0844,-0.277,0.8107,10.604746333333333,6.2031073333333335,-3.0363746666666667,-54.902079752422246,-7.6338594406390845,109.85607299666667,0.8608640136514013
67228.0,0.0878,-0.2727,0.79,15.994046333333333,10.676407333333334,-1.2347746666666666,-54.01952119723142,-7.414577945278042,109.84928173600001,0.8403416745586286
67239.0,0.0825,-0.2762,0.797,21.558946333333335,14.630607333333334,0.6583253333333333,-53.0939577274769,-7.163790739816564,109.85290252533335,0.8475268078355987
67250.0,0.0781,-0.2781,0.8079,25.016946333333333,18.401607333333335,2.4751253333333336,-52.14878655692533,-6.882784359186933,109.86651571466668,0.8579869637704293
67261.0,0.0565,-0.2598,0.8047,27.986346333333334,21.928307333333333,4.314825333333333,-51.18766523697546,-6.571305221885278,109.89024725400002,0.8474847373256936
67272.0,0.0358,-0.2545,0.8116,30.940546333333334,24.768007333333333,5.711725333333334,-50.2104377875291,-6.2342553271569985,109.92166174333335,0.851320415589806
67283.0,0.0143,-0.2631,0.8109,33.513046333333335,27.195507333333335,6.444625333333333,-49.223023181352396,-5.873718831663005,109.95710718266668,0.8526341008897076
67294.0,-0.002,-0.2681,0.814,37.268846333333336,28.493207333333334,6.650725333333334,-48.21358269772194,-5.500447982946099,109.99368617200001,0.8570166917861052
67305.0,-0.0142,-0.2776,0.807,41.97874633333333,29.798507333333333,6.215625333333334,-47.17389678620909,-5.11353506789464,110.02787211133334,0.8535293785219112
67316.0,-0.0232,-0.2704,0.7993,47.94824633333333,31.668807333333334,5.307225333333333,-46.090386810955366,-4.706618100450086,110.05706185066667,0.8441178176060496
67327.0,-0.0291,-0.2495,0.7841,55.268846333333336,34.53140733333333,5.2461253333333335,-44.94740023834622,-4.269349396016922,110.08591554,0.823352822306452
67338.0,-0.037,-0.2277,0.7648,64.80314633333333,38.82910733333333,5.8033253333333334,-43.72051408420459,-3.7865074757255432,110.11783382933334,0.798833731135585
67349.0,-0.047,-0.2109,0.7621,76.54364633333333,42.41690733333333,5.887325333333333,-42.38591878654083,-3.265950374677328,110.15021411866667,0.7921390155774427
67360.0,-0.0542,-0.1836,0.7573,88.55124633333334,43.89780733333333,6.612525333333334,-40.940027271856486,-2.730896763506823,110.186583008,0.7811209189363706
67371.0,-0.0583,-0.1522,0.7336,102.03214633333333,44.638207333333334,8.078125333333332,-39.366742573466496,-2.1898163208563775,110.23101269733333,0.7514869859152585
67382.0,-0.0621,-0.1088,0.6995,116.79554633333333,46.69930733333333,10.765225333333333,-37.651206878838686,-1.6287288413435355,110.29022143666666,0.7106293689399559
67393.0,-0.062,-0.0717,0.6746,131.95584633333334,50.41690733333333,13.444625333333335,-35.78890860658118,-1.0308067226798334,110.36416687599998,0.6812268711670144
67404.0,-0.0571,-0.0211,0.6599,146.71154633333333,55.80620733333333,15.971325333333334,-33.78176111971644,-0.38005104915401366,110.45200916533332,0.6627017655024016
67415.0,-0.0579,0.0502,0.6893,159.02454633333332,61.600107333333334,20.269025333333335,-31.649208280208306,0.32632992093251095,110.56348880466666,0.6935466386624622
67426.0,-0.0651,0.0912,0.748,166.73444633333332,65.08860733333333,25.849125333333333,-29.438013227219333,1.0626325545724749,110.70565899399999,0.7563461178587486
67437.0,-0.0752,0.12,0.8206,169.84894633333334,64.97410733333334,30.795725333333333,-27.1966612826634,1.789852211654316,110.87503548333332,0.8327300883239419
67448.0,-0.089,0.1345,0.8966,169.11614633333335,61.08100733333333,34.30722533333333,-24.968043176738547,2.4681516340224867,111.06372522266665,0.9109900164107179
67459.0,-0.1139,0.1467,0.9915,163.81844633333333,53.08100733333333,37.28432533333333,-22.803053083834335,3.0560827036595173,111.26878901199998,1.0087449380294307
67470.0,-0.1288,0.1348,1.079,154.07034633333333,41.645907333333334,38.39882533333333,-20.754702025571824,3.5183300782440017,111.47998255133332,1.0949892602213047
67481.0,-0.1528,0.1173,1.1683,139.83374633333332,27.844307333333333,37.87202533333333,-18.875852422070782,3.8327551486277036,111.68827869066665,1.1840743304370718
67492.0,-0.1633,0.1108,1.2325,121.12374633333333,13.279507333333333,36.03232533333333,-17.21613456162162,3.993050883010127,111.88645647999998,1.2481986140033965
67503.0,-0.1771,0.1147,1.2517,97.93294633333333,0.9588073333333335,33.18502533333333,-15.822383055394576,4.0264109508156,112.0689741193333,1.2693594408204478
67514.0,-0.1898,0.1372,1.2122,71.47494633333334,-6.964792666666666,29.688825333333334,-14.724619222077775,3.983236561848676,112.23226265866664,1.2346160212794908
67525.0,-0.2134,0.1467,1.2034,47.48254633333333,-9.293092666666666,25.864425333333333,-13.891799002241397,3.9267675876613732,112.37451699799998,1.23094760652109
67536.0,-0.2404,0.1492,1.1637,27.085646333333333,-9.270192666666667,19.131625333333332,-13.281686193645285,3.8846171360739947,112.4797409373333,1.197601974781271
67547.0,-0.2449,0.1641,1.1201,11.207746333333333,-8.880792666666666,10.658325333333334,-12.841071380628268,3.8598641977144412,112.53836172666664,1.1582438560165127
67558.0,-0.2344,0.1935,1.0614,-1.433453666666667,-7.964792666666666,2.2614253333333334,-12.529735875475973,3.8560783997827137,112.55079956599997,1.10406320924121
67569.0,-0.2175,0.2137,0.9871,-9.960153666666667,-5.842692666666666,-4.578274666666667,-12.299645549071487,3.884025294204567,112.5256190553333,1.0331216530496299
67580.0,-0.1825,0.2313,0.9189,-13.273153666666667,-2.2853926666666666,-9.082174666666667,-12.09194943439548,3.9549721692536366,112.47566709466663,0.9649783158185473
67591.0,-0.163,0.2386,0.8796,-12.257853666666668,1.5619073333333335,-10.898974666666666,-11.859781170777925,4.0692407224219815,112.41572273399997,0.925848324511094
67602.0,-0.1398,0.2379,0.8752,-9.044153666666666,4.500807333333333,-10.921874666666666,-11.581347121464836,4.213349561541531,112.35565242333331,0.9176685076867354
67613.0,-0.1211,0.2316,0.8925,-5.089953666666667,5.600107333333334,-9.211874666666667,-11.251870248562867,4.364373109366301,112.30498711266664,0.9299785051279411
67624.0,-0.1132,0.2181,0.921,-1.5785536666666669,3.3940073333333336,-6.311174666666666,-10.88035623831629,4.485295775627956,112.27027565199997,0.9532171053857563
67635.0,-0.1052,0.2026,0.9355,0.8489463333333329,-1.1708926666666666,-3.0134746666666667,-10.482340002239367,4.550408392447786,112.2537015413333,0.962950699672626
67646.0,-0.1025,0.1974,0.9332,1.841346333333333,-5.468592666666666,0,-10.075113838075513,4.563821446656296,112.2537015413333,0.9593410498878905
67657.0,-0.1031,0.1947,0.9265,1.207746333333333,-7.781592666666667,3.1545253333333334,-9.677197361087616,4.548525491714219,112.27105143066663,0.9523339487805735
67668.0,-0.1124,0.1906,0.91,0,-8.216692666666667,5.101025333333334,-9.295315441056392,4.527030293201957,112.29910706999996,0.9365159475417384
67679.0,-0.1232,0.1837,0.8943,-1.4716536666666669,-6.911392666666666,5.856825333333333,-8.932974213226258,4.519925106761966,112.33131960933329,0.921247208950996
67690.0,-0.1384,0.1843,0.8894,-2.395253666666667,-4.567892666666667,5.070525333333334,-8.584106933360038,4.540020270188695,112.35920749866662,0.9187782158932589
67701.0,-0.1565,0.1796,0.8956,-2.647253666666667,-2.5907926666666667,3.833925333333333,-8.242275214031299,4.584725494595621,112.38029408799996,0.9267404005437553
67712.0,-0.1704,0.1846,0.9004,-2.555653666666667,-1.2243926666666667,2.116325333333333,-7.903436258604423,4.648209651817609,112.39193387733329,0.9347906075694171
67723.0,-0.1802,0.1929,0.9152,-2.7311536666666667,-0.7128926666666664,0.6430253333333333,-7.570048471371644,4.721322535466661,112.39547051666662,0.9525090498257747
67734.0,-0.1736,0.1844,0.9393,-4.044153666666666,-1.7739926666666666,-0.6164746666666667,-7.256076954045153,4.785144991301201,112.39207990599995,0.9728436719226785
67745.0,-0.1617,0.182,0.9493,-6.349453666666667,-3.315992666666667,-1.3492746666666666,-6.972430092320162,4.8326943314059925,112.38465889533329,0.9800211120174912
67932.0,0.1599,-0.2739,0.4178,-155.92965366666667,31.706907333333334,-15.501974666666666,-35.244978772459525,10.696931872007243,110.93522426399996,0.5245436683442094
67943.0,0.1222,-0.3181,0.5995,-127.70065366666665,38.06570733333333,-10.662274666666667,-35.805827605151386,11.016999664837154,110.87658175333328,0.6895800896197627
67954.0,0.0862,-0.3236,0.6383,-104.47165366666667,27.119207333333335,-5.463774666666666,-36.15746799585382,11.19148356390829,110.84653099266662,0.7208150178790672
67965.0,0.053,-0.3644,0.6217,-81.50215366666667,13.424507333333334,0,-36.310158599043085,11.199593816025855,110.84653099266662,0.7225698928131451
67976.0,0.035,-0.4138,0.606,-59.685353666666664,0,3.1087253333333336,-36.28460743143965,11.051115571197247,110.86362898199995,0.7346369443473423
67987.0,0.0311,-0.424,0.5818,-38.670153666666664,-11.575492666666666,4.925525333333333,-36.09138637009769,10.770517881758417,110.89071937133329,0.7205792461624189
67998.0,0.0255,-0.4211,0.5433,-17.288453666666665,-19.468592666666666,6.978925333333333,-35.726762173176965,10.40181175053722,110.92910346066662,0.6878592515914865
68009.0,0.0186,-0.4265,0.5294,4.604746333333333,-22.751092666666665,9.658325333333334,-35.18659567893956,9.998039229454,110.98222424999996,0.6800827670217795
68020.0,0.0126,-0.4546,0.5436,23.093246333333333,-23.575492666666666,11.368225333333333,-34.51147286973379,9.587614633955656,111.0447494893333,0.7087459911703204
68031.0,0.0105,-0.4541,0.5563,36.490146333333335,-19.804492666666665,10.704125333333334,-33.754294091649264,9.220805860841665,111.10362217866663,0.7181829502292574
68042.0,0.0129,-0.4277,0.5914,46.215346333333336,-11.903692666666666,9.498025333333334,-32.94641391637805,8.941008053985612,111.15586131799996,0.7299641498046325
68053.0,0.0079,-0.396,0.6394,52.71154633333333,0,8.398825333333333,-32.11263124578563,8.790687371176727,111.2020548573333,0.7521374674884904
68064.0,-0.0023,-0.3724,0.6713,56.99404633333333,9.790907333333333,8.085825333333334,-31.269111569705117,8.74648378440331,111.24652689666662,0.7676788000199042
68075.0,-0.0123,-0.3572,0.7148,61.268846333333336,18.691707333333333,6.856825333333333,-30.409241642580405,8.798448609798537,111.28423943599995,0.7991759318197715
68086.0,-0.0208,-0.3333,0.7721,65.27644633333334,22.836707333333333,5.673625333333334,-29.527996403446995,8.894668800497058,111.31544437533329,0.841225261151851
68097.0,-0.0272,-0.2941,0.8099,69.12374633333333,22.913007333333333,5.215625333333334,-28.619283196053946,8.99122505238798,111.34413031466661,0.8620746255400399
68108.0,-0.035,-0.2683,0.8192,74.16954633333333,20.890107333333333,5.849125333333333,-27.667070772819933,9.066510153080468,111.37630050399994,0.8627273787240092
68119.0,-0.0333,-0.2559,0.8043,81.34514633333333,18.523707333333334,7.009425333333333,-26.649230641740914,9.116728201596104,111.41485234333328,0.8446846689741682
68130.0,-0.0248,-0.2438,0.7822,91.45204633333333,16.737507333333333,8.925525333333335,-25.535802431488207,9.147165091126759,111.46394273266661,0.8196891605968692
68141.0,-0.0184,-0.2216,0.7654,103.73444633333334,15.531407333333334,11.505625333333334,-24.303798343669893,9.163490019841896,111.52722367199995,0.797045971070678
68152.0,-0.0021,-0.2067,0.756,116.55124633333334,14.920707333333334,15.032325333333334,-22.949122407985328,9.16995784729861,111.60990146133328,0.7837507894732866
68163.0,0.0034,-0.1949,0.7706,127.09324633333334,14.401607333333335,18.696525333333334,-21.497338812229586,9.167158633462323,111.71273235066661,0.7948722727583344
68174.0,-0.0013,-0.1786,0.7721,134.50544633333334,15.790907333333333,21.253725333333335,-19.982869122707697,9.176954662109631,111.82962783999994,0.7924885235762092
68530.0,-0.1398,0.2,0.916,1.864246333333333,-1.6899926666666665,0,-19.228462287333873,8.445046720866895,111.82962783999994,0.9479451671905923
68541.0,-0.1506,0.1923,0.933,1.848946333333333,-0.6670926666666666,0,-19.058186094208487,8.327424474010531,111.82962783999994,0.9644421444545028
68552.0,-0.1487,0.1917,0.9475,1.535946333333333,-1.6517926666666667,-1.2882746666666667,-18.840379649476095,8.215975838411639,111.82254232933327,0.9780679066404336
68563.0,-0.1417,0.1936,0.9447,0,-2.6441926666666666,-1.8607746666666665,-18.59573261538955,8.107553611029434,111.81230806866661,0.9746886374632671
68574.0,-0.1382,0.1941,0.9435,-1.7388536666666672,-3.2166926666666664,-2.1508746666666667,-18.332855195929646,8.004628608815405,111.80047825799994,0.9731219348057056
68585.0,-0.135,0.1897,0.9467,-3.9830536666666667,-4.125092666666667,-2.8912746666666664,-18.06332393015789,7.901772116617341,111.78457624733328,0.9749112677572251
68596.0,-0.1344,0.1891,0.9453,-5.906753666666667,-5.262492666666667,-3.8607746666666665,-17.788363390913165,7.795467095054262,111.76334198666662,0.9733520740204955
68607.0,-0.1326,0.1879,0.9431,-7.296053666666667,-7.170892666666665,-4.700474666666667,-17.50633177204861,7.676430507204256,111.73748937599996,0.9707351750091269
68618.0,-0.1223,0.1807,0.9535,-8.731153666666668,-9.544992666666666,-5.608874666666667,-17.22215506289694,7.537718619293288,111.70664056533329,0.9781472435170485
68629.0,-0.1158,0.1969,0.9725,-11.456353666666667,-12.682392666666667,-5.9523746666666675,-16.95058284392347,7.369972083323074,111.67390250466661,0.9989672166793063
68640.0,-0.1078,0.1885,1.041,-17.899153666666667,-16.995392666666667,-5.585974666666667,-16.73578262389141,7.158913611823959,111.64317964399994,1.0634068318381258
68651.0,-0.0981,0.1393,1.1987,-33.624353666666664,-25.048792666666667,-6.379874666666666,-16.686545119922922,6.8618934815455574,111.60809033333328,1.2107476161446697
68662.0,-0.1072,0.1042,1.3356,-62.616653666666664,-37.69759266666667,-7.563074666666667,-16.9491748397282,6.431085411678385,111.56649342266661,1.343940787386111
68673.0,-0.1302,0.0891,1.3737,-98.52505366666666,-50.75869266666667,-9.624074666666667,-17.594293897336847,5.867477017206447,111.51356101199994,1.3827301038163593
68684.0,-0.1515,0.1268,1.359,-134.03655366666666,-60.98009266666667,-14.685174666666667,-18.605662139463902,5.206918942622969,111.43279255133328,1.3732849267358904
68695.0,-0.1384,0.1925,1.3065,-166.53275366666668,-65.71289266666668,-20.631774666666665,-19.936626508709764,4.509383012024871,111.31931779066662,1.327837738581036
68706.0,-0.1075,0.2452,1.2463,-193.79985366666668,-65.33119266666667,-25.937074666666668,-21.519851132556244,3.828032385745166,111.17666387999995,1.274732513117948
68717.0,-0.0757,0.252,1.1268,-212.42585366666665,-62.44569266666667,-30.250074666666666,-23.257055307655282,3.1876751790970848,111.01028846933329,1.1571139658650742
68728.0,-0.033,0.2659,1.0558,-221.42585366666665,-53.98769266666667,-32.57067466666667,-25.040672901015473,2.644180223928802,110.83114975866663,1.0892683094628248
68739.0,0.0157,0.2338,1.028,-224.80755366666668,-46.75869266666667,-30.814974666666668,-26.81364286207608,2.1781425949309043,110.66166739799996,1.0543684982016486
68750.0,0.051,0.161,1.048,-229.00595366666667,-43.422792666666666,-25.921874666666668,-28.593885623306228,1.7431719345536254,110.5190970873333,1.0615206074306802
68761.0,0.0703,0.1157,1.0287,-237.37235366666667,-40.76629266666667,-19.769174666666665,-30.430904983391358,1.3307091102800153,110.41036662666663,1.03757036869795
68772.0,0.0874,0.0818,0.923,-247.58615366666666,-32.96479266666667,-13.639374666666667,-32.34544404552867,0.9957501494426468,110.33535006599996,0.9307303583745402
68783.0,0.0886,0.0327,0.847,-249.06705366666668,-19.682392666666665,-9.097374666666667,-34.245843374149715,0.7970481154867091,110.28531450533329,0.852248936637647
68794.0,0.09,-0.04,0.6896,-249.06705366666668,-0.9800926666666667,-6.135574666666667,-36.12211738164967,0.7913410014596717,110.25156884466662,0.6965975595708042
68805.0,0.0909,-0.151,0.5304,-242.41055366666666,22.187907333333335,-3.776774666666667,-37.9138896575131,1.0234313659458663,110.23079658399996,0.5589167827145647
68816.0,0.0751,-0.277,0.5392,-219.79225366666665,42.84430733333333,-2.0134746666666667,-39.46643336343455,1.4636134258696258,110.21972247333329,0.610823747082577
68827.0,0.0537,-0.3391,0.5923,-195.59375366666666,45.60770733333333,0,-40.775070434772815,1.9178768287487444,110.21972247333329,0.684610684988191
68838.0,0.0194,-0.3855,0.5939,-168.41825366666666,34.706907333333334,2.2079253333333333,-41.81713591528364,2.2435012802798022,110.23186606266663,0.7083105392410874
68849.0,-0.0062,-0.447,0.5564,-138.74645366666667,17.737507333333333,5.192725333333334,-42.57767941179047,2.381233876675065,110.26042605199996,0.7137425306089025
68860.0,-0.0211,-0.5272,0.4683,-107.48695366666666,1.4779073333333335,8.269025333333333,-43.05573400018971,2.3445170337990375,110.3059056913333,0.705471431030343
68871.0,-0.0358,-0.5675,0.4065,-74.68535366666667,-9.827392666666666,9.574325333333334,-43.24553600412901,2.1924125610656513,110.35856448066663,0.6989850785245705
68882.0,-0.0438,-0.5774,0.359,-40.39525366666667,-17.728192666666665,10.749925333333334,-43.13757798607747,1.9652112335725942,110.41768906999997,0.6813150519399964
68893.0,-0.0496,-0.5859,0.3683,-8.242653666666667,-23.896092666666664,11.688825333333334,-42.75875726885764,1.684049635384029,110.4819776093333,0.6938183191585532
68904.0,-0.0522,-0.579,0.3672,18.062746333333333,-27.980092666666668,12.154525333333334,-42.17264079334556,1.372860498820034,110.54882749866663,0.6876057591381852
68915.0,-0.062,-0.5704,0.3866,39.00924633333333,-27.720492666666665,11.673625333333334,-41.43410034111136,1.0806553992180576,110.61303243799996,0.6918523830991695
68926.0,-0.0608,-0.5608,0.4229,54.314646333333336,-23.651792666666665,9.330125333333333,-40.59800493811121,0.8473605249567812,110.6643481273333,0.7050089999425538
68937.0,-0.0599,-0.5328,0.4601,64.16954633333333,-14.720492666666665,6.444625333333333,-39.71314970529971,0.7233154844306691,110.69979356666663,0.7065096319230192
68948.0,-0.0604,-0.5012,0.5229,71.18484633333334,-2.9036926666666667,4.291925333333333,-38.79706102359337,0.7364069942201317,110.72339915599996,0.7268246074535452
68959.0,-0.0709,-0.473,0.603,76.13904633333334,10.157307333333334,2.337725333333333,-37.858486279623584,0.8978706368090419,110.73625664533328,0.7696523955656865
68970.0,-0.0734,-0.4468,0.6613,79.49014633333333,21.035207333333332,0,-36.90484649343912,1.18011921733784,110.73625664533328,0.8014583520058918
68981.0,-0.0679,-0.4174,0.7124,82.68864633333334,30.874907333333333,-3.135574666666667,-35.92943106677946,1.5669982739208044,110.71901098466662,0.8284605784224135
68992.0,-0.0599,-0.3771,0.7582,85.71154633333333,38.74510733333333,-4.929474666666666,-34.926241364208984,2.032539960544728,110.69189887399996,0.8489167568142356
69003.0,-0.0551,-0.345,0.8237,87.52074633333334,43.43980733333333,-5.326374666666666,-33.90140445309504,2.539035190363459,110.66260381333329,0.894730518089106
69014.0,-0.0538,-0.3184,0.8854,86.82604633333334,43.69170733333333,-4.929474666666666,-32.87728488366856,3.036871674848689,110.63549170266663,0.9424469003609699
69025.0,-0.0546,-0.3063,0.9419,83.96344633333334,39.20310733333333,-4.417974666666666,-31.875596091325257,3.474828709601446,110.61119284199997,0.9919558760348164
69036.0,-0.0509,-0.296,0.9836,79.79554633333333,31.569507333333334,-2.876074666666667,-30.910208327473875,3.8194381406536313,110.5953744313333,1.0284336488077392
69047.0,-0.0499,-0.2909,1.0128,73.79554633333333,21.638207333333334,-1.4256746666666666,-30.00200733082937,4.0477495862907675,110.58753322066663,1.0549296943398645
69058.0,-0.0432,-0.2892,1.0249,65.19244633333334,12.027507333333334,0,-29.180998827891873,4.164838049813466,110.58753322066663,1.0657968333599044
69069.0,-0.0394,-0.2728,1.0187,56.01694633333333,4.4169073333333335,1.2003253333333332,-28.45336605396879,4.194482147562422,110.59413500999996,1.0553302279381558
69080.0,-0.0397,-0.2643,0.989,48.444346333333336,-0.8960926666666666,2.9865253333333333,-27.803387702259933,4.163926538657219,110.6105608993333,1.0244762466743678
69091.0,-0.0386,-0.2598,0.9585,43.16954633333334,-4.544992666666667,4.200325333333334,-27.207981197954663,4.0927085514264085,110.63366268866663,0.9938351221404886
69102.0,-0.0363,-0.2563,0.9097,41.360446333333336,-6.231992666666667,5.123925333333334,-26.63229059564511,4.003069857082544,110.66184427799996,0.945812597716905
69113.0,-0.0341,-0.2509,0.8541,44.215346333333336,-6.109892666666667,6.627825333333334,-26.028715588546323,3.9151552539035417,110.6982973173333,0.8908425393973953
69124.0,-0.0328,-0.2502,0.7961,52.41384633333333,-4.865592666666666,8.520925333333333,-25.34350023976337,3.8413844484616115,110.74516240666664,0.8351353722600906
69135.0,-0.0337,-0.2404,0.7435,67.36044633333333,-2.6212926666666667,11.085825333333334,-24.507108273097522,3.792826921290071,110.80613444599997,0.7821253735814995
69146.0,-0.0319,-0.2333,0.6971,85.29934633333333,0,13.841525333333333,-23.49178037740446,3.7731453848135943,110.88226283533331,0.7357954267321862
69157.0,-0.0249,-0.2114,0.6423,106.62764633333333,4.264207333333333,17.040025333333332,-22.264429156190673,3.798878475838893,110.97598297466664,0.6766529834412909
69168.0,-0.0231,-0.1818,0.6034,130.40624633333334,11.363407333333335,20.765225333333333,-20.800958370645233,3.8997447053416456,111.09019171399997,0.6306158973574961
69179.0,-0.0367,-0.1322,0.5602,155.28404633333332,20.294707333333335,24.505625333333334,-19.089768854372636,4.096400682185922,111.22497265333331,0.576756248340666
69190.0,-0.0587,-0.0881,0.5665,177.72684633333333,29.752707333333333,27.291925333333335,-17.155946426954756,4.395892210289535,111.37507824266665,0.5763068193245677
69201.0,-0.0863,-0.0371,0.583,197.59704633333334,36.20310733333333,28.711725333333334,-15.024190077585338,4.767689926463038,111.53299273199998,0.5905193476931979
69212.0,-0.1056,0.0208,0.6545,212.19244633333332,40.50080733333333,28.894925333333333,-12.744820930855838,5.188888408906236,111.69191482133331,0.6632904718145738
69223.0,-0.12,0.0682,0.7443,219.94054633333334,40.79090733333333,28.131625333333332,-10.38642089972279,5.615574644509599,111.84663876066665,0.7569899140675521
69234.0,-0.1282,0.1195,0.8678,219.88714633333333,38.71460733333333,26.375925333333335,-8.02703178535033,6.020553434892649,111.99170634999999,0.8853204674014942
69245.0,-0.137,0.1511,1.0017,211.01694633333332,33.187907333333335,24.207925333333336,-5.759959038305159,6.3652424588886864,112.12484993933332,1.022253931271482
69256.0,-0.1345,0.1637,1.137,193.74974633333332,24.897807333333333,21.772825333333333,-3.677533657122304,6.61761114389319,112.24460047866665,1.1565711997105927
69267.0,-0.145,0.1724,1.2546,168.29934633333335,14.241307333333333,19.681225333333334,-1.8699813878459608,6.753121052695555,112.352847218,1.2746638458825135
69278.0,-0.1195,0.2013,1.3413,136.43674633333333,3.2031073333333335,16.34532533333333,-0.40441154335339585,6.765051174947784,112.44274650733333,1.361575422075472
69289.0,-0.1426,0.1987,1.4452,98.13144633333333,-6.7968926666666665,13.505625333333334,0.6492839207542492,6.668979462654556,112.51702744666666,1.465748781340104
69300.0,-0.1578,0.1763,1.4244,60.83374633333333,-14.483892666666666,9.475125333333335,1.3017701939634456,6.493957933024269,112.569140636,1.4439175495851557
69311.0,-0.1482,0.1858,1.3561,29.306946333333332,-17.231992666666667,4.978925333333333,1.6205925436339552,6.294158993011576,112.59652472533334,1.3767687133284225
69322.0,-0.1298,0.2191,1.2441,1.848946333333333,-15.735792666666665,0.6812253333333333,1.6573130254738477,6.114873075489056,112.60027146466668,1.2698967123352987
69333.0,-0.1215,0.2548,1.1288,-17.433453666666665,-12.002992666666666,-2.8912746666666664,1.5075122008003197,5.980119396349894,112.58436945400001,1.1635612274392784
69344.0,-0.1115,0.2678,1.0045,-29.578553666666668,-7.483892666666666,-6.2195746666666665,1.251797790961504,5.897704892331796,112.55016179333334,1.0455473877352475
69355.0,-0.0975,0.2607,0.9048,-33.12815366666667,-1.8655926666666667,-7.982874666666666,0.9831975384632511,5.877951551536043,112.50625598266667,0.9466434281185288
69538.0,-0.0674,0.2129,0.9392,-2.105253666666667,0,2.7957253333333334,0.7125976191728246,5.875410758525918,112.76206485066668,0.9653837630704175
69549.0,-0.0862,0.1959,0.9377,-3.1968536666666667,0,4.818625333333333,0.8005818470769518,5.872005412572645,112.78856729,0.9618152317363247
69560.0,-0.1129,0.1848,0.9335,-3.9830536666666667,-1.1098926666666666,6.207925333333334,0.8863324731316051,5.858904782138412,112.82271087933334,0.9582899874255183
69571.0,-0.1367,0.1666,0.9342,-3.830453666666667,-3.773992666666666,6.436925333333333,0.9772410031976371,5.822038174166962,112.85811396866667,0.9587346296029993
69582.0,-0.1447,0.139,0.9282,-2.883853666666667,-7.323592666666666,4.856825333333333,1.0782786558309574,5.752908767429524,112.884826508,0.9496390524825735
69593.0,-0.1459,0.1372,0.9159,-2.7769536666666674,-10.033492666666666,1.9942253333333333,1.180014862886281,5.661050796182388,112.89579474733334,0.9375411777623425
69604.0,-0.1334,0.1432,0.9082,-4.135753666666667,-9.934292666666666,-1.1660746666666666,1.2673210122121403,5.575423365016239,112.88938133666667,0.9290473830758041
69615.0,-0.1152,0.152,0.9067,-5.891453666666667,-6.972492666666666,-4.013474666666667,1.3370776540765659,5.524381600637752,112.86730722600001,0.926541920260492
69626.0,-0.1101,0.1685,0.9716,-9.738853666666667,-5.064092666666667,-6.089774666666667,1.3676664504888896,5.4943016573800465,112.83381346533334,0.99223022530056
69637.0,-0.1056,0.1434,1.109,-20.891453666666667,-9.300692666666666,-8.066874666666667,1.2756740215933222,5.416213061220908,112.78944565466666,1.1232078703427963
69648.0,-0.1199,0.1084,1.3434,-45.86095366666667,-22.262492666666667,-10.792074666666666,0.907408510236813,5.196018041206921,112.730089244,1.353089106452343
69659.0,-0.1608,0.0596,1.5258,-89.63955366666667,-44.88079266666667,-14.784374666666666,0.059463464980545555,4.735293117940361,112.64877518333333,1.5354069297746447
69670.0,-0.1945,0.0797,1.5336,-142.92965366666667,-71.62889266666667,-23.387474666666666,-1.3565694651105522,3.9978476205389093,112.52014407266667,1.547937757146585
69681.0,-0.1923,0.1595,1.3842,-185.87625366666666,-82.80449266666668,-32.00577466666667,-3.206722337350454,3.1581639341379844,112.34411231200001,1.406566450616536
69692.0,-0.1611,0.2698,1.2351,-212.70065366666665,-85.08699266666667,-38.242474666666666,-5.29621957965531,2.3123534232575897,112.13377870133334,1.2744478255307277
69703.0,-0.0875,0.2991,1.1807,-229.53275366666668,-75.37699266666667,-39.44857466666667,-7.510409381837186,1.5830683317005403,111.91681154066667,1.2211345339478366
69714.0,-0.032,0.2686,1.1674,-241.74645366666667,-69.80449266666668,-36.86077466666667,-9.801268439529457,0.9186103809939292,111.71407728,1.198329136756676
69725.0,0.0017,0.2356,1.0917,-249.06705366666668,-67.98009266666666,-30.601174666666665,-12.117649123898003,0.2756624619486108,111.54577081933333,1.11683442819426
69736.0,0.0383,0.1543,0.8948,-246.29605366666667,-64.10989266666667,-23.280574666666666,-14.355887994511475,-0.3251357772523472,111.41772765866666,0.9088137432939711
69747.0,0.0743,0.0446,0.7065,-229.70825366666668,-49.65179266666667,-18.402774666666666,-16.37700201653977,-0.7720920535950571,111.316512398,0.7117948440386458
69758.0,0.1125,-0.0699,0.6064,-207.48695366666666,-32.06409266666667,-15.456174666666666,-18.1352836953902,-1.0376817124289826,111.23150343733333,0.6206957547784583
69769.0,0.1591,-0.1587,0.4742,-179.15865366666668,-12.628892666666665,-11.585974666666667,-19.578409755366415,-1.1101367511214946,111.16778057666666,0.52475150309456
69780.0,0.162,-0.2383,0.4652,-147.99075366666668,9.012307333333334,-6.028674666666667,-20.69202407296314,-0.969980869990683,111.13462286599999,0.547212874483048
69791.0,0.1345,-0.2968,0.545,-120.25785366666666,17.890107333333333,-1.3950746666666665,-21.527975300980234,-0.7555136045194379,111.12694995533332,0.6349846376094465
70151.0,-0.0615,-0.0413,0.7384,111.72684633333333,36.43980733333333,18.345325333333335,18.357071061263554,12.125641275455832,114.42910851533331,0.7421067982440263
70162.0,-0.0791,-0.0123,0.7814,121.18484633333334,37.30240733333333,21.513325333333334,19.32856587165537,12.304889628346025,114.54743180466664,0.7854896943945223
70173.0,-0.093,-0.0105,0.8356,127.40624633333333,35.25660733333333,23.604925333333334,20.343173911190146,12.468946746587124,114.67725889399998,0.840824958002556
70184.0,-0.1089,-0.0045,0.8629,130.04744633333334,31.577207333333334,23.879725333333333,21.3625828624445,12.601504000145475,114.80859738333331,0.8697562129700482
70195.0,-0.1218,0.0112,0.8798,129.67344633333335,29.058107333333332,22.475125333333335,22.35656608692848,12.716152588750184,114.93221057266663,0.8882616281254077
70206.0,-0.1195,0.046,0.9097,126.24594633333334,27.256607333333335,21.116325333333332,23.297321955329625,12.819223863830585,115.04835036199997,0.9186676983545247
70217.0,-0.1309,0.0884,0.976,119.34514633333333,25.126807333333335,20.223225333333335,24.153354949351737,12.907231737329438,115.1595781013333,0.9886988267414906
70228.0,-0.142,0.1013,1.0505,107.84134633333333,20.638207333333334,17.902625333333333,24.8769869428678,12.95456956844968,115.25804254066662,1.064883064002804
70239.0,-0.1577,0.1083,1.0864,93.39094633333333,14.676407333333334,14.032325333333334,25.438596808908684,12.946505146833964,115.33522032999996,1.1031151979734484
70250.0,-0.1632,0.1117,1.0946,78.21534633333333,8.920707333333333,9.353025333333333,25.83284176906809,12.885616025140196,115.38666196933329,1.1123220262136322
70261.0,-0.1576,0.1078,1.0896,64.61234633333333,4.829107333333333,4.383525333333333,26.078590805466618,12.789076843156405,115.41077135866662,1.1062037606155568
70272.0,-0.1481,0.119,1.072,52.81084633333333,2.6840073333333336,0,26.198911609761048,12.676741135099189,115.41077135866662,1.088705015144139
70283.0,-0.1361,0.156,1.0746,42.13904633333333,3.3558073333333334,-3.6469746666666665,26.21196820819602,12.577200311624857,115.39071299799996,1.09436025604003
70294.0,-0.1229,0.168,1.0654,31.53594633333333,3.7298073333333335,-5.7233746666666665,26.120892237491805,12.485179634286203,115.35923443733328,1.0855439051461713
70305.0,-0.1123,0.1809,1.0377,22.085646333333333,4.7298073333333335,-7.563074666666667,25.94073888878725,12.406222351678705,115.31763752666662,1.0593193050256378
70316.0,-0.0974,0.2002,1.0265,13.772646333333332,5.882507333333333,-8.524874666666665,25.6866706147969,12.340095985035996,115.27075071599995,1.0503661504446913
70327.0,-0.0829,0.2151,1.0038,6.940546333333333,6.187907333333333,-8.219574666666666,25.376813136889197,12.276145561910681,115.22554305533329,1.0299295412794023
70338.0,-0.0803,0.2174,0.9807,2.345146333333333,5.279507333333333,-6.746274666666666,25.03565070320359,12.20145717095328,115.18843854466662,1.0077119330443598
70349.0,-0.0784,0.2113,0.9587,0,3.5466073333333332,-4.578274666666667,24.686507499113244,12.107603896720223,115.16325803399995,0.9848349811008948
70360.0,-0.0778,0.2098,0.9492,0,1.0123073333333334,-1.7767746666666668,24.35379904761665,11.986552356954773,115.15348577333329,0.9752176782647042
70371.0,-0.0836,0.1968,0.9401,0,-1.9495926666666668,1.1010253333333333,24.034962626311323,11.83517254715123,115.15954141266663,0.9641095425313454
70382.0,-0.0895,0.187,0.9209,1.711546333333333,-4.071692666666667,3.4522253333333333,23.74669954525206,11.664100328282569,115.17852865199995,0.9439470641937503
70393.0,-0.0997,0.181,0.9067,3.093246333333333,-3.9418926666666665,5.055225333333333,23.483868312059176,11.499348247056709,115.20633239133329,0.9299494502390976
70404.0,-0.1133,0.168,0.9086,3.597046333333333,-2.0869926666666667,5.215625333333334,23.234506348719147,11.36083734163198,115.23501833066662,0.9309215058209794
70415.0,-0.121,0.1589,0.922,3.184846333333333,0,4.2690253333333334,22.98689541313617,11.251029202680272,115.25849796999995,0.9433844444339752
70426.0,-0.1259,0.1558,0.9309,1.681046333333333,0.5848073333333335,2.7804253333333335,22.72858159628231,11.15330523112584,115.27379030933328,0.9522075719085623
70437.0,-0.1334,0.156,0.9299,0,1.1268073333333335,1.2385253333333335,22.457840095630086,11.067523720673673,115.28060219866661,0.9522843955457844
70448.0,-0.141,0.157,0.9302,-1.9983536666666672,0.8901073333333335,0,22.171540924660295,10.98555363917591,115.28060219866661,0.953835436540287
70459.0,-0.1394,0.1648,0.9276,-2.173953666666667,0,-1.3187746666666667,21.89055170489383,10.899670751075462,115.27334893799994,0.9523828851885149
70470.0,-0.1281,0.1758,0.9172,-1.6319536666666672,-1.3617926666666667,-1.3416746666666666,21.623871704714713,10.803276613057829,115.26596972733327,0.9426404882032173
70481.0,-0.1213,0.1725,0.9152,-1.4640536666666673,-2.1250926666666667,-0.9599746666666666,21.366576959523503,10.702014372656283,115.26068986666661,0.939181015566222
70492.0,-0.1138,0.1685,0.9026,-1.7159536666666673,-2.575492666666667,-0.7080746666666666,21.1135374303071,10.59850050519686,115.25679545599995,0.9252185957923673
70503.0,-0.1101,0.1641,0.8894,-1.838053666666667,-1.8731926666666667,0,20.865650611782243,10.50489908309513,115.25679545599995,0.911089007726468
70514.0,-0.1136,0.1732,0.8816,-1.670153666666667,0,0,20.627044033571316,10.434150785235033,115.25679545599995,0.9056057420312661
70525.0,-0.1245,0.1735,0.8975,-1.425853666666667,1.2566073333333334,0.5133253333333334,20.397803898527144,10.380172250521316,115.25961874533328,0.9225555538828001
70536.0,-0.1311,0.162,0.9133,-1.822753666666667,0.5466073333333334,0,20.16892253056001,10.32182114265656,115.25961874533328,0.9367753732886023
70547.0,-0.1322,0.1602,0.9091,-2.0288536666666674,-0.7128926666666664,0,19.942312927842913,10.253244915234573,115.25961874533328,0.9325254366503898
70558.0,-0.1337,0.1598,0.8997,-1.899153666666667,-1.6212926666666667,0,19.72170075597077,10.178552225593041,115.25961874533328,0.923510595499586
70569.0,-0.1294,0.1616,0.8977,-1.6014536666666672,-2.4456926666666665,-0.8760746666666666,19.509039681728815,10.098053630437908,115.25480033466661,0.9212622916412025
70580.0,-0.1158,0.1545,0.8901,-1.6624536666666672,-3.2243926666666662,-1.8683746666666665,19.299613645248094,10.010655006597737,115.24452427399994,0.9108006916993421
70591.0,-0.1018,0.1582,0.8678,-1.761753666666667,-2.2319926666666667,-2.6927746666666668,19.093933959664188,9.93422629926093,115.22971401333328,0.8879568232746455
70602.0,-0.1025,0.1621,0.8805,-1.532753666666667,0,-2.9370746666666667,18.895609575303304,9.881929083489426,115.2135601026666,0.9011453323410158
70613.0,-0.1013,0.1624,0.8925,-1.5021536666666668,0,-3.166074666666667,18.702064787554466,9.829017494223214,115.19614669199994,0.9127933501072408
70624.0,-0.1011,0.1752,0.8959,-1.3876536666666672,0.7451073333333335,-2.9218746666666666,18.515548005688743,9.783618740094,115.18007638133328,0.918451446729766
70635.0,-0.1025,0.1838,0.9076,-1.0823536666666669,0.8138073333333334,-2.0744746666666667,18.3385742401587,9.738438438172722,115.16866677066662,0.9316793708138009
70646.0,-0.1021,0.1886,0.9164,-1.074653666666667,0,-1.3416746666666666,18.167879719678773,9.683917337728948,115.16128755999995,0.941160629223301
70657.0,-0.1031,0.1868,0.9069,-1.196853666666667,-0.9571926666666664,-0.6622746666666666,18.001656701246993,9.619115236412927,115.15764504933328,0.931660592705305
70668.0,-0.105,0.1772,0.9032,-0.9754536666666669,-1.0105926666666667,0,17.842194269756522,9.554378596329903,115.15764504933328,0.926388190771018
70679.0,-0.1107,0.1735,0.9076,-0.5174536666666671,-1.5678926666666664,0.6354253333333334,17.691239644664147,9.484983137790726,115.16113988866661,0.9306419827194559
70690.0,-0.1106,0.1672,0.9042,0,-2.2166926666666664,1.1163253333333334,17.548537727850768,9.410069296789214,115.16727967799994,0.9261564878572087
70701.0,-0.1134,0.1621,0.9036,0,-2.544992666666667,1.4598253333333333,17.407766287897154,9.333551859542085,115.17530871733328,0.925002124321885
70712.0,-0.1158,0.1581,0.9032,0,-2.4762926666666663,1.7346253333333332,17.268494927400525,9.260004341918261,115.18484915666662,0.924216148960837
70723.0,-0.1178,0.1538,0.8959,0,-2.0716926666666664,1.3301253333333334,17.130457133333923,9.193280487090819,115.19216484599995,0.9166068350170645
70734.0,-0.1229,0.1506,0.8959,-0.5174536666666671,-1.2166926666666664,0.6583253333333333,16.987798177432857,9.13863847985088,115.1957856353333,0.9167451008868278
70745.0,-0.1254,0.1531,0.8988,-0.960153666666667,-0.9953926666666666,0,16.841827956209194,9.089120967531535,115.1957856353333,0.9203294029856919
70756.0,-0.1255,0.1598,0.8944,-0.700653666666667,0,-1.3721746666666665,16.701232691288137,9.052889249963815,115.18823867466662,0.9171900838975529
70767.0,-0.1239,0.1584,0.9047,0,0,-2.021074666666667,16.570303871505086,9.018427178025199,115.17712276399996,0.9267814521234227
70778.0,-0.1194,0.1586,0.9132,-0.738853666666667,0,-2.5477746666666667,16.433253770824958,8.984895591240052,115.1631100033333,0.9345290578681864
70789.0,-0.1146,0.1646,0.9099,-1.318953666666667,0,-2.7614746666666665,16.292810249987006,8.951705969816159,115.14792189266663,0.9317426307731123
70800.0,-0.1118,0.1649,0.9137,-1.4640536666666673,0,-2.669874666666667,16.153680732262277,8.918475246564556,115.13323758199996,0.9351678672837299
70811.0,-0.1002,0.1683,0.9159,-1.4411536666666669,-0.5525926666666665,-2.4485746666666666,16.018040460746402,8.877840480579454,115.1197704213333,0.9366097052668204
70822.0,-0.0968,0.1743,0.9058,-1.402953666666667,-1.4227926666666666,-1.6469746666666665,15.886894265861224,8.8264735795494,115.11071206066663,0.927482813856947
70833.0,-0.0964,0.1779,0.8918,-1.044153666666667,-1.5449926666666665,-0.5172746666666665,15.764216788935009,8.773031915847831,115.10786704999997,0.9144662979027713
70844.0,-0.1003,0.1735,0.896,0,-1.8502926666666664,0.5056253333333334,15.656394070685632,8.716179890097685,115.1106479893333,0.9181385189610552
70855.0,-0.1012,0.1637,0.907,1.062746333333333,-2.751092666666666,0.8949253333333334,15.561776559157437,8.64962956843055,115.11557007866664,0.927193685267539
70866.0,-0.1055,0.1566,0.9048,0.803146333333333,-3.1327926666666666,0.8186253333333333,15.465058425335815,8.57985379252246,115.12007251799997,0.9242926214138032
70877.0,-0.1106,0.1648,0.8998,0.7039463333333329,-1.7433926666666664,0,15.369225188320469,8.526765984758166,115.12007251799997,0.9214290205978972
70888.0,-0.1135,0.1666,0.9087,0.505446333333333,0,0,15.273202775009672,8.494045294971366,115.12007251799997,0.9307918671754711
70899.0,-0.1089,0.155,0.9315,-0.609053666666667,0,-1.3874746666666669,15.165220767550556,8.461521884911413,115.1124414073333,0.9505663890544416
70910.0,-0.1017,0.1587,0.9226,-2.7159536666666675,-0.8807926666666663,-2.0821746666666665,15.035674229528935,8.418982522869808,115.10098944666665,0.9416577616098112
70921.0,-0.1023,0.1665,0.9014,-3.7311536666666667,0,-1.7462746666666669,14.898268012808739,8.38612506445589,115.09138493599998,0.9223391458677226
70932.0,-0.1022,0.1764,0.8954,-2.883853666666667,0,-1.0592746666666666,14.774522326998422,8.353402337187616,115.08555892533332,0.918315283549174
70943.0,-0.1035,0.1677,0.9135,-1.555653666666667,0,0,14.667715576327751,8.32075863111588,115.08555892533332,0.9345147350363182
70954.0,-0.1035,0.1647,0.9198,-1.570853666666667,-1.8120926666666666,0,14.562510810718532,8.268624227816662,115.08555892533332,0.9401438081485193
70965.0,-0.1044,0.1681,0.9109,-2.2273536666666667,-1.7586926666666667,0,14.452604190065491,8.217802528832177,115.08555892533332,0.932145793317762
70976.0,-0.1088,0.173,0.9091,-2.334253666666667,-0.8502926666666664,0.9865253333333334,14.344609277206043,8.178088302862813,115.09098481466665,0.9317882001828527
70987.0,-0.1136,0.175,0.912,-1.700653666666667,-0.7739926666666666,1.3072253333333332,14.246549648051635,8.140813837963949,115.09817455399998,0.9355607730126355
70998.0,-0.1107,0.1654,0.9156,-1.402953666666667,-1.5143926666666667,1.6888253333333334,14.153276323517266,8.096630123427802,115.10746309333332,0.9369818621510236
71182.0,-0.1207,0.1617,0.918,1.963446333333333,0,0.6278253333333333,14.43016963954269,8.071154410482785,115.16522302399999,0.9399145599468071
71193.0,-0.1178,0.1619,0.9277,1.368046333333333,-0.7815926666666666,0.9713253333333334,14.36126220427369,8.038605040318606,115.17056531333331,0.9490604511831687
71204.0,-0.1243,0.1558,0.9326,0,-1.2243926666666667,0.9865253333333334,14.277264962213419,8.003418139992565,115.17599120266665,0.9536597349159709
71215.0,-0.1259,0.1467,0.9374,-1.5021536666666668,-2.0334926666666666,0,14.176011196135502,7.961667639418667,115.17599120266665,0.9571261463359989
71226.0,-0.126,0.1421,0.9272,-2.9907536666666665,-2.4075926666666665,-0.8989746666666667,14.057935763847624,7.918190024088725,115.17104684199998,0.946450342067665
71237.0,-0.1206,0.1458,0.913,-3.868553666666667,-2.2014926666666668,-2.127974666666667,13.93099451860562,7.878678976480791,115.15934298133331,0.932400664950428
71248.0,-0.1165,0.1498,0.8934,-3.7235536666666667,-1.5220926666666665,-3.3187746666666667,13.807460333477655,7.847868847799191,115.14108972066664,0.9133322779799256
71259.0,-0.1056,0.1504,0.8846,-2.7311536666666667,-0.6823926666666664,-3.9065746666666663,13.696748573876594,7.82604620507918,115.11960355999997,0.9034869561869723
71270.0,-0.0946,0.1581,0.889,-1.5174536666666671,0,-3.761474666666667,13.601893370274166,7.809966743255406,115.0989154493333,0.9078908359489042
71281.0,-0.0883,0.1567,0.903,-0.807553666666667,0,-3.0363746666666667,13.516646762037968,7.79136052296105,115.08221538866664,0.9207392573361908
71292.0,-0.0862,0.1543,0.9124,-0.601453666666667,-0.9036926666666667,-2.021074666666667,13.434896692255649,7.76041680710512,115.07109947799998,0.9293614420665406
71303.0,-0.0847,0.1559,0.911,0,-1.2930926666666664,-1.0439746666666667,13.361104218588356,7.7230572280566605,115.06535761733332,0.9281163181412123
71314.0,-0.0863,0.1561,0.9031,0,-1.1479926666666667,0,13.288826112982631,7.6857658412961145,115.06535761733332,0.9205457674662353
71325.0,-0.0886,0.1522,0.9092,0,-0.8502926666666664,0.7041253333333334,13.21742081936837,7.650608639189818,115.06923030666665,0.9260990443791636
71336.0,-0.0962,0.1523,0.9156,-0.5403536666666671,-1.0105926666666667,1.3148253333333333,13.14096508666644,7.613645296245337,115.07646184599999,0.9331522330252443
71347.0,-0.1051,0.1544,0.9059,-0.5479536666666671,-1.3464926666666663,1.5438253333333334,13.065803880265463,7.574339668209051,115.08495288533332,0.9249541502150256
71358.0,-0.113,0.152,0.8987,0,-1.4991926666666666,1.3988253333333334,12.997753082154848,7.535744881987927,115.09264642466665,0.9184414461466774
71369.0,-0.1123,0.147,0.9039,0,-1.1861926666666665,0.9407253333333334,12.930077628591071,7.502551222598041,115.09782041399998,0.9226350849604626
71380.0,-0.1115,0.1442,0.9039,-0.822753666666667,0,0,12.853658543624341,7.4838391827857444,115.09782041399998,0.9220960362131485
71391.0,-0.1135,0.1494,0.9028,-1.044153666666667,0.5924073333333335,0,12.775927382760358,7.473080883677333,115.09782041399998,0.9220902613085121
71402.0,-0.1138,0.1509,0.9106,-0.700653666666667,0.9359073333333334,-0.9141746666666666,12.703068839025388,7.467239007848533,115.09279245333332,0.9300073171755155
71413.0,-0.1096,0.149,0.9172,-1.181553666666667,0,-1.4179746666666668,12.625781845450557,7.451703010538584,115.08499359266665,0.9356650041547989
71759.0,-0.1007,0.1523,0.9139,-0.6166536666666671,0,1.2766253333333335,12.353542229961489,7.435668696603863,115.30584977533331,0.9319597577148919
71770.0,-0.1133,0.1439,0.9183,-1.456353666666667,-1.0869926666666667,1.1774253333333333,12.278875437195103,7.409012318692094,115.31232561466665,0.936386132960116
71781.0,-0.1163,0.1372,0.9231,-2.4411536666666667,-2.560192666666666,0,12.193029752206023,7.368005960019232,115.31232561466665,0.9404590049544956
71792.0,-0.1198,0.1339,0.911,-3.128153666666667,-3.605992666666667,0,12.09947632165112,7.31805406152847,115.31232561466665,0.9285484640017451
71803.0,-0.119,0.1331,0.9061,-3.555653666666667,-4.247292666666667,-1.3569746666666664,12.001367300367258,7.263518979601563,115.30486225399999,0.9235225064934801
71814.0,-0.1167,0.1322,0.908,-3.7159536666666666,-5.102192666666667,-2.5095746666666665,11.901712924290822,7.201743594942661,115.29105959333332,0.924964718246053
71825.0,-0.1101,0.1276,0.936,-4.593753666666667,-5.7968926666666665,-3.479074666666667,11.791909868479761,7.133271969224998,115.27192468266665,0.9510519281301101
71836.0,-0.1107,0.1254,1.0179,-8.868553666666667,-8.117492666666665,-4.799674666666666,11.634044373199703,7.039621215276545,115.24552647199998,1.0315522575226135
71847.0,-0.1031,0.1135,1.1484,-22.601453666666668,-15.438092666666666,-6.853174666666666,11.32394648285793,6.864820865685608,115.20783401133332,1.1585915673782545
71858.0,-0.1091,0.0985,1.2467,-47.112853666666666,-25.903792666666668,-9.822574666666666,10.746180407124154,6.576569604865582,115.15380985066665,1.2553349951307817
71869.0,-0.1354,0.1027,1.3141,-75.89145366666666,-36.98769266666667,-13.082174666666667,9.860988343617072,6.173216482202488,115.08185788999998,1.3250431162796177
71880.0,-0.1609,0.0984,1.3756,-109.63195366666666,-49.97249266666667,-18.639374666666665,8.621069531492223,5.638812249846756,114.97934132933331,1.3884692038356485
71891.0,-0.1791,0.1438,1.3629,-143.73115366666667,-59.98009266666667,-25.952374666666667,7.035872049277673,5.0099966043763,114.83660326866664,1.3821185405022247
71902.0,-0.1686,0.215,1.318,-173.72355366666667,-66.57549266666668,-30.227174666666667,5.164740119303826,4.32448517598924,114.67035380799997,1.3460219017534596
71913.0,-0.0881,0.2594,1.2294,-197.08995366666667,-68.68239266666667,-30.395074666666666,3.0897571054435273,3.624435415701661,114.50318089733331,1.2595532263465488
71924.0,-0.032,0.2498,1.1824,-211.62435366666668,-67.09459266666667,-25.601174666666665,0.908717206870941,2.9454601431381917,114.36237443666664,1.208922578166195
71935.0,-0.027,0.2346,1.1523,-221.50985366666666,-66.27779266666667,-19.349274666666666,-1.328219746498786,2.279700560875702,114.25595342599998,1.1762488894787533
71946.0,-0.0049,0.2227,1.1144,-228.06705366666668,-68.84269266666666,-13.364574666666666,-3.5853792537158142,1.5894818811301206,114.1824482653333,1.1364447456871805
71957.0,0.0405,0.1389,1.042,-232.01365366666667,-67.92669266666667,-7.410374666666666,-5.8419757518868884,0.9097346878589265,114.14169120466664,1.0519968916303888
71968.0,0.0729,-0.0085,0.9116,-232.44105366666668,-58.10219266666667,-4.914174666666666,-8.072978870383173,0.33489824963599635,114.11466324399997,0.9145497362090265
71979.0,0.1056,-0.1128,0.8492,-231.50215366666666,-42.361792666666666,-3.967674666666667,-10.273395813069724,-0.07555210543808007,114.0928410333333,0.8631430008984605
71990.0,0.121,-0.1677,0.8142,-227.41825366666666,-28.239592666666667,-1.6088746666666665,-12.414245505519183,-0.34292644215809936,114.08399222266664,0.8400511472523564
72001.0,0.1113,-0.1902,0.7832,-221.63195366666667,-23.415192666666666,2.3148253333333333,-14.479192437975573,-0.5681904966969069,114.09672376199997,0.8136129116477934
72012.0,0.1022,-0.2556,0.5953,-206.50215366666666,-19.674692666666665,7.658325333333334,-16.374275469580954,-0.7618573179778442,114.1388445513333,0.6558645363182858
72023.0,0.1124,-0.3658,0.4166,-180.09755366666667,-6.460992666666666,11.559125333333334,-17.99421723373338,-0.8235213063950014,114.20241974066664,0.5656845057096757
72034.0,0.1053,-0.4742,0.3713,-150.48695366666666,8.943607333333333,11.818625333333333,-19.324996246811985,-0.7315195366230435,114.26742217999997,0.6114061007219342
72045.0,0.0858,-0.52,0.4025,-123.00595366666667,17.103907333333332,10.574325333333334,-20.40167165636102,-0.5643603187289444,114.3255809693333,0.6631499754957396
72056.0,0.0573,-0.5386,0.4218,-98.11285366666667,16.691707333333333,10.368225333333333,-21.25849552524671,-0.4116816550580415,114.38260620866663,0.6865045447773817
72067.0,0.019,-0.5497,0.4117,-74.55565366666667,13.241307333333333,10.055225333333334,-21.91414472567997,-0.30004506057411623,114.43790994799997,0.6870429244232125
72078.0,-0.0002,-0.5559,0.4153,-51.23495366666667,8.165007333333334,8.780425333333334,-22.373167416085963,-0.24303181736273022,114.4862022873333,0.6939012465761969
72089.0,-0.0159,-0.5674,0.4308,-27.731153666666668,1.8291073333333334,6.917825333333333,-22.63485233018351,-0.2504544353887876,114.52425032666663,0.7125897908334079
72100.0,-0.0131,-0.5601,0.443,-8.448753666666667,-2.3617926666666667,5.5514253333333325,-22.74247586353244,-0.29847377016442855,114.55478316599996,0.7142356893911141
72111.0,-0.0204,-0.547,0.4631,9.146646333333333,-3.850292666666667,4.971325333333333,-22.709491042631658,-0.3559212125359342,114.5821254553333,0.7169984449076581
72122.0,-0.0198,-0.5345,0.5107,23.757346333333334,-3.1403926666666666,4.078125333333333,-22.56108833868262,-0.39915469074116583,114.60455514466663,0.7395246987085692
72133.0,-0.0232,-0.5212,0.5717,34.13904633333333,-1.9571926666666664,2.6888253333333334,-22.33436099711115,-0.4229638139720442,114.61934368399997,0.7739693598586446
72144.0,-0.0265,-0.5038,0.6272,41.726846333333334,-2.0563926666666665,1.5591253333333333,-22.05068990308178,-0.4413971307672042,114.6279188733333,0.8049202010137403
72155.0,-0.0219,-0.4937,0.6786,47.02454633333333,-2.812092666666666,0,-21.727918023480484,-0.4630932112714993,114.6279188733333,0.8394743950830186
72166.0,-0.0138,-0.4818,0.7081,50.658146333333335,-3.247292666666666,-0.9294746666666667,-21.379259651723657,-0.48653295028080074,114.62280676266663,0.8565788288301316
72177.0,-0.0074,-0.462,0.7274,52.421446333333336,-2.1021926666666664,-2.2042746666666666,-21.020434678455167,-0.4961035824374614,114.61068325199996,0.8617479445870468
72188.0,-0.0012,-0.4458,0.7404,52.398546333333336,1.3253073333333334,-3.242474666666667,-20.667590661882567,-0.46870456619042516,114.59284964133329,0.8642518382971481
72199.0,0.0043,-0.4357,0.7607,50.94824633333333,6.310007333333333,-4.1966746666666666,-20.333344457345454,-0.3892251642475565,114.56976793066661,0.8766512818675394
72210.0,0.0116,-0.4208,0.7875,47.467246333333335,12.264207333333333,-5.4256746666666675,-20.035856392522497,-0.24935550197711862,114.53992671999995,0.8929520983793028
72221.0,0.0164,-0.3969,0.8271,42.87954633333333,17.371107333333335,-6.7614746666666665,-19.78142096172664,-0.05993252877244513,114.50273860933329,0.9175472630878476
72232.0,0.0232,-0.381,0.8748,37.589446333333335,20.172607333333335,-7.463774666666666,-19.573034596037807,0.152506486253253,114.46168784866663,0.9544497262821128
72243.0,0.0289,-0.3812,0.9161,30.955846333333334,19.439807333333334,-7.685174666666667,-19.423623390313008,0.3490451338475291,114.41941938799997,0.9926670438772509
72254.0,0.035,-0.3696,0.9496,23.917646333333334,15.187907333333333,-7.204274666666667,-19.33510391068729,0.49174724518743557,114.3797958773333,1.0195927226103567
72265.0,0.0446,-0.3521,0.9615,17.024546333333333,9.180207333333334,-6.211874666666667,-19.304337687218997,0.5619716691657602,114.34563056666663,1.0249125913949932
72276.0,0.0519,-0.3521,0.9635,9.688646333333333,1.8367073333333335,-4.265374666666666,-19.337233446762507,0.5464244881889239,114.32217100599996,1.027132060642642
72287.0,0.0537,-0.3568,0.9305,3.826046333333333,-3.7128926666666664,-2.8912746666666664,-19.421057944560513,0.46651684149964434,114.3062689953333,0.998008106179504
72298.0,0.0585,-0.3678,0.8903,0,-6.552592666666666,-1.0821746666666667,-19.537662269395966,0.35253569793128986,114.30031703466663,0.9650560501856874
72309.0,0.0565,-0.3857,0.8616,-1.708253666666667,-7.315992666666666,0,-19.667909434066935,0.22828519866053426,114.30031703466663,0.9456803371118595
72320.0,0.0576,-0.3866,0.8434,-3.2655536666666665,-6.247292666666667,0.6507253333333334,-19.811229824229112,0.11394919068671436,114.30389602399997,0.9295702663058882
72331.0,0.0492,-0.3871,0.837,-4.143353666666667,-4.751092666666667,1.7728253333333333,-19.960563783470405,0.015499748266238692,114.31364656333331,0.9234912289783808
72342.0,0.0361,-0.3988,0.8265,-3.6930536666666667,-3.1327926666666666,2.612525333333333,-20.103453536609265,-0.06404387828726799,114.32801545266663,0.9183936519815454
72353.0,0.0264,-0.4178,0.8206,-2.151053666666667,-1.6823926666666664,2.4446253333333336,-20.23061517505903,-0.12550349747729123,114.34146089199997,0.9212155882311155
72364.0,0.0181,-0.4202,0.8174,0,0,2.0247253333333335,-20.33587675010297,-0.16568775535923153,114.35259688133331,0.9192597075908419
72375.0,0.0148,-0.4237,0.8182,1.284046333333333,1.8901073333333334,1.5972253333333333,-20.42899195257947,-0.18250815098530612,114.36138162066665,0.9215161257406189
72386.0,0.0123,-0.4153,0.8359,2.4901463333333327,3.4245073333333336,1.3453253333333333,-20.508747976454305,-0.18005246167315272,114.36878090999998,0.9334635450835774
72397.0,0.0089,-0.4126,0.8547,2.841346333333333,3.3482073333333338,1.4598253333333333,-20.583151107766078,-0.17576341151737712,114.37680994933332,0.949120677258693
72408.0,0.0032,-0.4216,0.8604,2.192446333333333,2.4321073333333336,1.6430253333333333,-20.6637924687279,-0.1782093440646678,114.38584658866665,0.9581466276097829
72419.0,-0.007,-0.4211,0.8612,1.1619463333333329,1.8291073333333334,1.4217253333333333,-20.754494391889665,-0.18282010390432776,114.39366607799998,0.9586655569070999
72430.0,-0.0145,-0.4294,0.869,0,0.7146073333333335,0.6507253333333334,-20.85691669714604,-0.1944725756350181,114.39724506733332,0.9694099287711055
72441.0,-0.015,-0.4338,0.8712,-0.8380536666666671,-0.9418926666666665,-0.6469746666666667,-20.967585532269656,-0.2193185000135584,114.39368670666664,0.9733431460692574
72452.0,-0.0104,-0.4264,0.8541,-2.3189536666666672,-1.5220926666666665,-1.8225746666666667,-21.093224180914092,-0.2466208953460141,114.38366254599998,0.9546789669831424
72463.0,0.0015,-0.4233,0.8406,-3.349453666666667,0,-2.746274666666667,-21.228925625883246,-0.2556470840259631,114.36855803533332,0.9411660321112317
72474.0,0.0106,-0.4153,0.8405,-4.204453666666667,1.7146073333333334,-3.3798746666666664,-21.371569645906316,-0.24605846699724718,114.34996872466665,0.9375642377992027
72485.0,0.0214,-0.4062,0.8429,-4.746453666666667,2.8901073333333334,-3.6469746666666665,-21.51646311301148,-0.22550032879606383,114.32991036399999,0.9359149587435815
72496.0,0.033,-0.4078,0.8419,-5.349453666666667,3.2795073333333336,-3.448574666666667,-21.664511776540675,-0.2040957289687472,114.31094320333332,0.9360477819000481
72507.0,0.037,-0.4082,0.8395,-6.311353666666667,3.4398073333333334,-2.7309746666666666,-21.819732338828835,-0.18458747982268406,114.29592284266666,0.9342143704739293
72518.0,0.0325,-0.4036,0.8466,-6.731153666666667,2.7146073333333334,-1.9447746666666665,-21.975276524003075,-0.17553189721950066,114.28522658199999,0.9384459334452891
72529.0,0.0295,-0.4053,0.8505,-6.341853666666667,0.6993073333333335,-1.3263746666666667,-22.12250655054532,-0.18998049850623736,114.27793152133333,0.9425967271320224
72540.0,0.0311,-0.4052,0.8467,-5.845653666666667,-2.1021926666666664,-0.6088746666666667,-22.260726939953965,-0.23600521904520916,114.27458271066666,0.9391779064692696
72551.0,0.0349,-0.4089,0.8378,-5.746453666666667,-4.651792666666667,0,-22.39534513444757,-0.3106378407911428,114.27458271066666,0.9329126754418122
72562.0,0.025,-0.4133,0.8258,-6.0517536666666665,-5.628892666666667,0.5362253333333333,-22.531910121469952,-0.39484856047566663,114.27753195,0.9237897650439736
72573.0,0.0204,-0.4233,0.812,-6.372353666666667,-5.178592666666667,0,-22.672268514141397,-0.4724277154511203,114.27753195,0.9159383439948346
72584.0,0.021,-0.4202,0.8105,-6.364753666666667,-3.567892666666667,-0.7691746666666666,-22.812249596277912,-0.5310951488612794,114.27330148933333,0.9131918144617811
72595.0,0.0243,-0.42,0.8098,-5.967853666666667,-1.5525926666666665,-1.4561746666666666,-22.94743410753112,-0.5673234900119027,114.26529252866666,0.912560425396587
72786.0,0.0258,-0.4125,0.8243,1.368046333333333,0,-2.8454746666666666,-22.75994483561619,-0.5866592750970367,113.993549698,0.9221129974140913
72797.0,0.0347,-0.4109,0.8223,0.910046333333333,0,-2.2042746666666666,-22.82277654097603,-0.6073553032856145,113.98142618733333,0.9199022719832798
72808.0,0.0427,-0.4104,0.8253,0,0,-1.2500746666666667,-22.894207687078428,-0.630303714123542,113.97455077666666,0.9226979679179965
72819.0,0.0383,-0.4094,0.8234,0.864246333333333,-0.7510926666666666,0,-22.954934246804104,-0.6626938967703837,113.97455077666666,0.9203601523316837
72830.0,0.0374,-0.4191,0.8137,2.322246333333333,-1.0563926666666665,0.5362253333333333,-23.000375533367727,-0.6992741051995338,113.977500016,0.916051996340819
72841.0,0.0339,-0.4243,0.8142,3.597046333333333,-0.9571926666666664,0.8491253333333333,-23.033205375683707,-0.7349633728542742,113.98217020533333,0.9187498789115567
72852.0,0.0292,-0.4224,0.8203,4.375646333333333,-0.7662926666666667,0.8186253333333333,-23.058283069720154,-0.7680217135064683,113.98667264466667,0.9231286421729097
72863.0,0.0267,-0.4126,0.8275,4.612346333333333,-0.6059926666666664,1.1087253333333333,-23.079995297546354,-0.7984368866735692,113.992770634,0.9250448097254533
72874.0,0.0216,-0.4196,0.832,4.627646333333333,-0.5601926666666666,1.5362253333333333,-23.101362211089068,-0.8267942599796942,114.00121987333333,0.9320701261171285
72885.0,0.0159,-0.4285,0.8357,4.245946333333333,0,1.3682253333333334,-23.127432882582433,-0.8468814490960365,114.00874511266666,0.9392867240624665
72896.0,0.0067,-0.4221,0.8284,3.887146333333333,0.6459073333333335,0.9178253333333334,-23.157476088554855,-0.856867684918264,114.01379315199999,0.9297633354784431
72907.0,0.0051,-0.4254,0.8356,4.024546333333333,1.9054073333333335,0,-23.185964426478268,-0.8503657503928171,114.01379315199999,0.937666534541998
72918.0,0.0045,-0.4191,0.8375,4.055046333333333,2.1955073333333335,0,-23.213226960935707,-0.8383413145195158,114.01379315199999,0.9365208540123386
72929.0,0.0067,-0.4143,0.8409,3.6734463333333327,1.8520073333333333,-1.0057746666666667,-23.24304240391955,-0.828284557631481,114.00826139133332,0.937444499690515
72940.0,0.0107,-0.4147,0.8373,3.5054463333333326,1.4550073333333335,-1.4027746666666667,-23.273396988832115,-0.8214968907786885,114.00054613066665,0.9344313083367873
72951.0,0.0145,-0.416,0.8339,3.0474463333333333,1.3405073333333335,-1.5095746666666665,-23.307800019457286,-0.8155237827452124,113.99224346999998,0.9320168775295863
72962.0,0.0222,-0.4094,0.8297,2.245946333333333,1.8138073333333335,-1.3340746666666665,-23.34939719543783,-0.8051415028353045,113.98490605933331,0.9254746295820323
72973.0,0.0226,-0.4055,0.8113,1.4520463333333329,3.042807333333333,-1.0210746666666666,-23.398622464074712,-0.7823475380847236,113.97929014866665,0.9072754267586002
72984.0,0.0297,-0.4037,0.8097,1.077946333333333,4.111507333333334,-0.7691746666666666,-23.45068711744705,-0.750045786021795,113.97505968799999,0.9052457511637378
72995.0,0.0304,-0.4047,0.8087,1.932946333333333,3.7985073333333332,0,-23.492469464080717,-0.7232723063602353,113.97505968799999,0.9048214962079537
73006.0,0.0325,-0.4049,0.7889,4.619946333333333,2.5008073333333334,1.0094253333333334,-23.505550390001556,-0.7127526837370974,113.98061152733332,0.887335038190198
73017.0,0.0334,-0.4042,0.7729,8.994046333333333,0.9665073333333335,2.139225333333333,-23.473033239145217,-0.7207422759230591,113.99237726666665,0.8728502792575598
73028.0,0.0415,-0.4032,0.7371,14.856646333333334,0,3.3148253333333333,-23.381528432763638,-0.7418900344902876,114.01060880599998,0.8411949239028966
73377.0,-0.0785,0.0759,0.9099,58.94054633333333,-6.2701926666666665,13.490425333333334,-3.2319182416993817,-2.892220636559159,116.36468802666664,0.9164284314664185
73388.0,-0.0808,0.0983,0.9175,60.16954633333334,-7.323592666666666,15.772825333333333,-2.9360222464432066,-2.920509008720568,116.45143856599998,0.9262816958139678
73399.0,-0.0869,0.1063,0.9302,59.85664633333333,-7.667092666666665,17.948425333333333,-2.5934780308305903,-2.9392696644380036,116.55015490533332,0.9402783311339254
73410.0,-0.0972,0.1079,0.9445,57.62764633333333,-7.659492666666667,18.520925333333334,-2.230349533786321,-2.945073471556939,116.65201999466665,0.9555995500208233
73421.0,-0.1031,0.1045,0.9578,53.57414633333333,-7.155692666666667,17.574325333333334,-1.8718692843226086,-2.9336058383746537,116.74867878399998,0.9689843651989437
73432.0,-0.1029,0.0995,0.9672,48.74214633333333,-5.583092666666667,15.696525333333334,-1.5316083784421584,-2.895186787563088,116.83500967333332,0.9777343708799441
73443.0,-0.1069,0.0951,0.9755,42.66574633333333,-3.3922926666666666,13.139225333333334,-1.2274722093723096,-2.8244582594129564,116.90727541266665,0.9859370517431628
73454.0,-0.1102,0.0995,0.9751,36.41384633333333,0,9.971325333333334,-0.9641179728262137,-2.7098296297785174,116.96211770199999,0.9863388363032249
73465.0,-0.1093,0.1202,0.9951,30.429146333333332,3.5466073333333332,6.811025333333333,-0.7386321881806022,-2.551811027756356,116.99957834133332,1.0082750319233338
73476.0,-0.1299,0.1088,1.0167,24.597046333333335,6.745107333333333,3.0171253333333334,-0.5534697802220787,-2.3535130701551807,117.01617253066665,1.030723212118559
73487.0,-0.1283,0.1688,1.0161,19.45204633333333,6.279507333333333,-1.4637746666666667,-0.3962329264351122,-2.1565275775477994,117.00812176999999,1.0379853274492852
73498.0,-0.1158,0.189,1.0138,12.299346333333332,5.2260073333333334,-2.8225746666666667,-0.28920318886362817,-1.969590080985335,116.99259760933332,1.0377480811834825
73509.0,-0.1045,0.1853,1.0044,6.665746333333333,3.4169073333333335,-1.4790746666666665,-0.21893465382143268,-1.802537195768786,116.98446269866665,1.0266818884152968
73520.0,-0.0914,0.1689,0.9729,2.535946333333333,0,0,-0.17336790558003218,-1.673953806071296,116.98446269866665,0.9916731215476197
73531.0,-0.0905,0.16,0.9402,0.6657463333333329,-3.8731926666666667,1.2919253333333334,-0.13087728195230985,-1.5879543573444788,116.99156828799998,0.9580011951975843
73542.0,-0.0833,0.1489,0.9126,0,-6.338892666666666,1.9789253333333334,-0.08142928287781384,-1.5292798470360365,117.00245237733331,0.9284120098318418
73553.0,-0.0797,0.1448,0.8859,1.253546333333333,-7.002992666666666,2.0781253333333334,-0.0062319247072727055,-1.4782198776251605,117.01388206666665,0.9011869617343562
73564.0,-0.0775,0.1426,0.871,2.230646333333333,-5.697592666666667,1.7728253333333333,0.08985907671095955,-1.4135710766919771,117.02363260599999,0.8859921049309638
73575.0,-0.0782,0.1462,0.8677,2.642846333333333,-2.7662926666666663,1.5591253333333333,0.19974690345335372,-1.3180045890450967,117.03220779533332,0.8833985340716839
73586.0,-0.0828,0.1467,0.8788,2.2993463333333333,0,1.2003253333333332,0.3139394430583825,-1.193519131945606,117.03880958466665,0.8947995138577133
73597.0,-0.0892,0.1482,0.8987,1.390946333333333,2.2031073333333335,0.6354253333333334,0.425267574178492,-1.046276418337056,117.04230442399998,0.9151948262528586
73608.0,-0.0947,0.149,0.9076,0,3.0504073333333332,0,0.5276713240088468,-0.8909061300384978,117.04230442399998,0.9246117293220977
73619.0,-0.0994,0.1512,0.911,-0.746453666666667,3.0581073333333335,-0.5553746666666666,0.6276701456950557,-0.7362671810212262,117.03924986333331,0.9287964254883845
73630.0,-0.1011,0.1564,0.9121,-0.807553666666667,2.0046073333333334,-0.7767746666666666,0.7325490742451446,-0.5938144567404733,117.03497760266664,0.9309181381840188
73641.0,-0.0992,0.1594,0.9071,0,0.8062073333333335,-0.7614746666666667,0.8512555716282726,-0.46526966787743684,117.03078949199998,0.9263257580354765
73652.0,-0.0948,0.1554,0.8981,0.711546333333333,0,-0.6851746666666667,0.981403347680333,-0.34675109607916127,117.02702103133332,0.9163622700657202
73663.0,-0.0886,0.156,0.8978,1.635246333333333,0.5008073333333334,-0.7004746666666666,1.1245337236557893,-0.2248582838786541,117.02316842066665,0.9155494525147181
73674.0,-0.0841,0.1615,0.9105,1.871846333333333,1.4779073333333335,0,1.2729049584880792,-0.09527144526579374,117.02316842066665,0.9285285725275232
73685.0,-0.0916,0.1578,0.9286,1.337546333333333,1.3787073333333335,0.7499253333333333,1.4167724933164831,0.03101206803082926,117.02729300999998,0.9463558315982419
73696.0,-0.0955,0.1593,0.9357,0.7421463333333329,0,1.2003253333333332,1.5551839335628919,0.1406275925423403,117.03389479933331,0.953955570244233
73707.0,-0.1066,0.1628,0.938,0,-1.3388926666666667,1.3759253333333334,1.6866304001541417,0.2356087918653505,117.04146238866664,0.9579725465794935
73718.0,-0.1058,0.1605,0.9351,0,-3.056392666666667,1.4598253333333333,1.8186231669983521,0.3118955871883816,117.04949142799998,0.9546548590983027
73729.0,-0.1019,0.1589,0.9235,0,-3.819792666666667,1.1010253333333333,1.9508402358643893,0.3796323767239271,117.05554706733332,0.9425948599477932
73740.0,-0.0959,0.1611,0.9111,0,-2.9036926666666667,0.8949253333333334,2.0834891453685107,0.45638830776646444,117.06046915666666,0.9301898892161751
73751.0,-0.0946,0.1575,0.9208,-1.2502536666666673,-1.6136926666666667,0.6201253333333333,2.2021646397009227,0.545682287926038,117.06387984599999,0.9389505045528225
73762.0,-0.0928,0.1552,0.9139,-2.868553666666667,-1.0334926666666666,0,2.302814060799383,0.6394593463243062,117.06387984599999,0.931617995747184
73773.0,-0.0929,0.1597,0.9019,-3.9678536666666666,0,0,2.391986504757886,0.7426778931411708,117.06387984599999,0.9206291924548125
73784.0,-0.0942,0.1622,0.894,-3.8227536666666664,0,-0.5477746666666667,2.4835464005809813,0.8442519168458467,117.06086708533333,0.913465095118582
73795.0,-0.0884,0.1597,0.8909,-3.135753666666667,0,-0.7691746666666666,2.582803679130427,0.9434922404284064,117.05663662466667,0.9094072025226104
73806.0,-0.0809,0.1543,0.8831,-2.0746536666666673,0,-1.1050746666666666,2.6929425373575975,1.0396373386156574,117.050558714,0.9001216084507693
73817.0,-0.085,0.1554,0.8926,-1.5021536666666668,0.8978073333333334,-1.2729746666666666,2.8082803990334257,1.1429263325868948,117.04355735333334,0.9100049010857029
73828.0,-0.0847,0.1556,0.9015,-1.3647536666666669,0.8062073333333335,-0.9981746666666667,2.923750442351284,1.2424611906213456,117.03806739266668,0.9187424557513384
73839.0,-0.0881,0.1556,0.901,-1.044153666666667,0,0,3.0412333056578067,1.3311146741305255,117.03806739266668,0.9185717010663893
73850.0,-0.0875,0.1642,0.9077,0,0,0.5820253333333334,3.1693218247415333,1.4176567381728093,117.041268532,0.9265728141921712
73861.0,-0.0912,0.1643,0.9106,0,-1.5067926666666667,1.4369253333333334,3.2963224201012777,1.4863474489772723,117.04917162133334,0.9297872283485077
73872.0,-0.0912,0.1605,0.9047,0.543646333333333,-1.8578926666666664,1.7957253333333334,3.427624778089255,1.5500631444496904,117.05904811066668,0.9233416377484555
73883.0,-0.0924,0.1566,0.8953,0,-1.1556926666666665,2.0018253333333336,3.551037870614602,1.6205071655557508,117.07005815000001,0.9135772600059614
73894.0,-0.0978,0.1462,0.9034,0,0,1.8720253333333334,3.671069331948577,1.7029663485377424,117.08035428933334,0.9203645147440225
73905.0,-0.1036,0.1418,0.916,0,0,0.8720253333333333,3.787070178358241,1.7852117105179943,117.08515042866668,0.9326822610085388
73916.0,-0.1022,0.1433,0.9098,-1.3876536666666672,-0.7052926666666663,0,3.8846392046799307,1.8594024904953568,117.08515042866668,0.9266691804522259
73927.0,-0.1035,0.1488,0.8999,-2.5327536666666672,-0.5678926666666664,-1.0134746666666667,3.967745102259494,1.9349549742346293,117.07957631800001,0.9179726030770199
73938.0,-0.1002,0.1512,0.8971,-2.395253666666667,-0.7433926666666664,-1.3034746666666666,4.050877497690485,2.0079575401450245,117.07240720733334,0.9152540029958897
73949.0,-0.0918,0.1488,0.8907,-1.944953666666667,-1.2319926666666667,-1.7843746666666664,4.137240425404006,2.0740331742843034,117.06259314666667,0.9076977305248703
73960.0,-0.0885,0.158,0.8848,-1.570853666666667,-0.7510926666666666,-2.2500746666666664,4.227202155376992,2.143453749977359,117.05021773600001,0.9031430063948899
73971.0,-0.0906,0.1604,0.8842,-1.097553666666667,0.7833073333333335,-2.2118746666666667,4.321938475359392,2.2278313226136204,117.03805242533335,0.9031866695207585
73982.0,-0.0883,0.1663,0.897,0,1.8901073333333334,-1.4866746666666666,4.428406281630562,2.321818722828011,117.02987571466669,0.9165487330196905
73993.0,-0.0916,0.1656,0.9188,0.7650463333333329,1.5543073333333335,-0.7691746666666666,4.542057779353409,2.409868155128879,117.02564525400003,0.9380870748496645
74004.0,-0.0933,0.1592,0.9333,0,0,0,4.645054011857985,2.479034575652357,117.02564525400003,0.9513666065192745
74015.0,-0.0959,0.1534,0.931,-0.5479536666666671,-1.0716926666666664,0,4.7392967207912955,2.535291424411767,117.02564525400003,0.9484141342261829
74026.0,-0.098,0.1545,0.923,-1.0136536666666671,-2.1708926666666666,0,4.826224068939651,2.5789621442706734,117.02564525400003,0.9409586866595154
74037.0,-0.0937,0.1537,0.9113,-1.1586536666666671,-2.2014926666666668,-0.9905746666666666,4.90963356231378,2.6213926827269893,117.02019709333337,0.9289085369399939
74048.0,-0.0873,0.1613,0.8988,-1.204453666666667,0,-1.1508746666666667,4.9918842473688025,2.68603529743131,117.0138672826667,0.917322418781968
74059.0,-0.0913,0.1647,0.9005,-0.952553666666667,1.4169073333333335,-0.7004746666666666,5.076481060310129,2.764531920346438,117.01001467200003,0.9199793638989953
74070.0,-0.093,0.157,0.9225,-0.8991536666666671,1.3176073333333336,0,5.159709329486379,2.840204593072751,117.01001467200003,0.940374526452094
74081.0,-0.0983,0.1512,0.9272,-1.8762536666666672,0,0,5.22969961934201,2.9005955024886605,117.01001467200003,0.9445761853868644
74092.0,-0.1011,0.1473,0.9092,-2.3036536666666674,-1.3846926666666666,0,5.292638764549665,2.9458214750823353,117.01001467200003,0.9265868226993086
74103.0,-0.1049,0.1443,0.9047,-1.6166536666666669,-2.4227926666666666,0,5.360503330454179,2.980357013273195,117.01001467200003,0.9221217869674265
74114.0,-0.1002,0.1432,0.9008,-1.067053666666667,-3.3693926666666667,0,5.431789201477625,3.0047286088574605,117.01001467200003,0.917598452483438
74125.0,-0.0986,0.1461,0.8933,-1.0212536666666672,-2.9800926666666663,-0.7080746666666666,5.50161873062915,3.0333680465026944,117.00612026133336,0.9105229596226555
74136.0,-0.0981,0.1523,0.8914,-0.5556536666666669,-1.5372926666666666,-0.9294746666666667,5.575395635568837,3.077455174846126,117.00100815066669,0.9096223721962867
74147.0,-0.0991,0.1521,0.8979,0,0,-1.0286746666666666,5.653820990757118,3.1376927542544077,116.99535044000002,0.9160674811388079
74158.0,-0.0945,0.1527,0.9106,0.612346333333333,0,-1.3034746666666666,5.737224444749673,3.1963948369017174,116.98818132933336,0.9281378669141778
74169.0,-0.0919,0.1497,0.918,0,0,-1.4179746666666668,5.8117981803629135,3.253202516337424,116.98038246866669,0.9346548560832496
74180.0,-0.0916,0.151,0.9148,-0.601453666666667,-0.6899926666666665,-1.3798746666666668,5.878117484677168,3.3007937587675134,116.97279315800003,0.9316923311909355
74191.0,-0.094,0.1495,0.9109,-1.288453666666667,-1.1250926666666667,-1.2576746666666667,5.9353439777977215,3.3425163011782306,116.96587594733336,0.9278604744248997
74202.0,-0.0929,0.145,0.9052,-2.0441536666666673,-1.4456926666666665,-1.4256746666666666,5.982522478620331,3.3796818468664553,116.95803473666669,0.921434994994221
74213.0,-0.0902,0.1426,0.9048,-2.2044536666666668,-1.3082926666666665,-1.5782746666666667,6.026067673400412,3.41701320912536,116.94935422600003,0.9203987396775378
74224.0,-0.0911,0.1516,0.9016,-1.7998536666666671,-0.7281926666666667,-1.5782746666666667,6.073400518948358,3.459490252296796,116.94067371533336,0.9187841585486767
74235.0,-0.0901,0.1547,0.8973,-0.7998536666666671,0,-1.5935746666666666,6.131302539388401,3.5085728240272926,116.93190905466669,0.9149849124439157
74419.0,-0.0923,0.1542,0.8987,-1.9143536666666672,-0.6899926666666665,-0.5095746666666667,5.852041926713558,3.4321556273469294,116.88502818533335,0.9164925640723989
74430.0,-0.0935,0.147,0.8981,-1.532753666666667,0,-0.6011746666666666,5.90667938305011,3.481755543607738,116.88172172466669,0.9148414398134793
74441.0,-0.0939,0.1475,0.8973,-1.234953666666667,0.7985073333333335,-1.1584746666666665,5.9631862857298215,3.5390944024629576,116.87535011400003,0.9141776359110957
74452.0,-0.0928,0.1509,0.8994,-0.8609536666666671,1.1039073333333334,-1.3034746666666666,6.022748620556341,3.5985241826854404,116.86818100333336,0.9166804295936507
74463.0,-0.0958,0.1526,0.907,0,0.6917073333333335,-0.9981746666666667,6.090587934939496,3.652550361343148,116.8626910426667,0.9247234181094367
74474.0,-0.0975,0.1545,0.9158,0,0,-0.8912746666666667,6.157289999771836,3.6983432249771466,116.85778903200003,0.9338448158018547
74485.0,-0.0991,0.157,0.9158,0.5283463333333329,-0.6670926666666666,0,6.22885329387326,3.7365018859517045,116.85778903200003,0.9344300134306475
74496.0,-0.1001,0.1533,0.9247,0,-0.7662926666666667,0,6.293103859724844,3.773260927839945,116.85778903200003,0.9426510435999103
74507.0,-0.1019,0.1493,0.9226,0,-1.0182926666666665,0,6.355453389969035,3.8072081970930762,116.85778903200003,0.9401408724228513
74518.0,-0.1028,0.1467,0.9214,0,-1.0105926666666667,0,6.415708494061619,3.841261492557209,116.85778903200003,0.9386515274584067
74529.0,-0.1055,0.1473,0.9199,-0.6472536666666671,-1.5601926666666666,0,6.467117314849333,3.869694637592755,116.85778903200003,0.9375732238070795
74540.0,-0.1036,0.1471,0.912,0,-2.4838926666666663,0,6.52401535658931,3.8883564266227477,116.85778903200003,0.9295780601972058
74551.0,-0.1007,0.1506,0.9053,0,-3.1479926666666667,0,6.579926680213138,3.8998946689665432,116.85778903200003,0.9232491213101695
74562.0,-0.0985,0.1501,0.9066,0,-2.827392666666667,-0.7156746666666667,6.6347739847561265,3.9147352816245387,116.85385282133336,0.9242055074495066
74573.0,-0.0931,0.1509,0.9104,0,-2.3922926666666666,-1.2271746666666667,6.688606638227859,3.933315934650476,116.8471033606667,0.9275055687164363
74584.0,-0.0944,0.1497,0.9087,-0.9449536666666669,-2.1708926666666666,-1.9905746666666668,6.731134881771868,3.9535078393913032,116.83615520000002,0.9257738060671191
74595.0,-0.0889,0.1497,0.9016,-1.0136536666666671,-1.8120926666666666,-2.494374666666667,6.772187971009015,3.976209368033494,116.82243613933335,0.918256968391746
74606.0,-0.0806,0.1497,0.9004,-0.7693536666666669,-1.3769926666666668,-2.9065746666666668,6.815199418879282,4.001266915507946,116.80644997866668,0.9163114154041736
74617.0,-0.074,0.1516,0.9008,-0.7311536666666671,-1.0716926666666664,-3.166074666666667,6.8581314465498995,4.0265887842689425,116.78903656800001,0.9164601464330023
74628.0,-0.0682,0.1566,0.894,-0.7311536666666671,0,-2.669874666666667,6.901297527014034,4.060038725363044,116.77435225733335,0.9101707532106269
74639.0,-0.0638,0.1616,0.8965,0,0,-1.3645746666666665,6.953038229643181,4.08960207646534,116.76684709666668,0.9131797468187739
74997.0,-0.0824,0.1423,0.8987,-8.715953666666667,0,-6.028674666666667,3.944792470702125,4.117979373054835,115.68771433133335,0.9136195816640534
75008.0,-0.0795,0.144,0.9004,-8.097553666666666,1.6001073333333335,-6.143174666666667,3.9665616305165465,4.162117535209807,115.65392687066668,0.9153012673431627
75019.0,-0.0802,0.1462,0.9146,-7.158653666666666,1.2871073333333334,-5.776774666666666,3.997311171834457,4.201088018588274,115.62215461000001,0.9296771697745405
75030.0,-0.0791,0.1414,0.917,-6.2655536666666665,-0.5449926666666665,-5.043974666666667,4.035805042311711,4.218544875873318,115.59441274933334,0.9312033988340035
75041.0,-0.0767,0.1338,0.9117,-5.662453666666667,-1.9953926666666666,-4.738574666666667,4.078069269484812,4.218894800252573,115.56835058866668,0.9246524860724704
75052.0,-0.075,0.1316,0.9017,-5.097553666666667,-1.8884926666666666,-4.639374666666667,4.123742412237168,4.219283129573992,115.542834028,0.9143338832177226
75063.0,-0.0721,0.1316,0.9011,-4.708253666666667,0,-4.975274666666667,4.1710605883854255,4.238667134727139,115.51547001733333,0.9135087191702113
75074.0,-0.0771,0.144,0.9032,-4.456353666666667,1.3711073333333335,-5.112674666666667,4.220145965480794,4.271827220015228,115.48735030666666,0.9178511044826388
75085.0,-0.0856,0.1367,0.9199,-4.2731536666666665,1.4627073333333334,-4.967674666666667,4.268987562420173,4.305633354533245,115.46002809599999,0.9339326849404084
75096.0,-0.0974,0.1328,0.9237,-4.0288536666666666,0,-5.555374666666667,4.317804247998058,4.324716602913497,115.42947353533332,0.938266641206006
75107.0,-0.1144,0.1251,0.9277,-4.2655536666666665,0,-6.578274666666667,4.360536317001239,4.347035242788297,115.39329302466665,0.9430613235627893
75118.0,-0.137,0.1102,0.9468,-5.372353666666667,-1.1327926666666666,-8.685174666666667,4.385978626896147,4.362509129099077,115.34552456399999,0.9629866458056415
75129.0,-0.1489,0.0913,0.9528,-7.5479536666666665,-2.827392666666667,-12.799674666666666,4.3810061066232455,4.365984573778679,115.27512635333332,0.9686767985246678
75140.0,-0.1564,0.0833,0.9252,-11.402953666666667,-2.4380926666666665,-18.601174666666665,4.328284791308014,4.380756633494801,115.17281989266665,0.9420163958233424
75151.0,-0.1716,0.0909,0.8998,-14.815153666666667,1.2184073333333334,-24.921874666666668,4.235482307423596,4.443327737547905,115.03574958199998,0.9205158390815446
75162.0,-0.2186,0.1029,0.8975,-16.280753666666666,6.477907333333333,-31.33407466666667,4.12620400294927,4.574996704690167,114.86341217133331,0.9294517846558799
75173.0,-0.2686,0.0795,0.9205,-16.273153666666666,9.836707333333333,-39.08217466666667,4.01356608000349,4.758263985018526,114.64846021066664,0.9621779772994183
75184.0,-0.3008,0.045,0.9244,-16.555653666666668,13.424507333333334,-49.68517466666667,3.8907331641634233,4.996517148865504,114.37519174999997,0.9731500398191432
75195.0,-0.3345,0.0284,0.9232,-18.685353666666668,20.111507333333336,-62.71567466666667,3.736866578694588,5.324036823781013,114.03025553933331,0.9823416157325312
75206.0,-0.3739,0.0292,0.9351,-22.067053666666666,27.592407333333334,-77.60117466666667,3.540019848383986,5.749665630271105,113.60344907866664,1.0075047692194812
75217.0,-0.3909,0.0221,0.949,-25.830453666666667,34.29470733333333,-94.67757466666667,3.2968959447437944,6.262026035218114,113.08272241799997,1.0265925287084452
75228.0,-0.3835,0.0385,0.9641,-28.960153666666667,39.56950733333333,-114.02867466666667,3.01812029685489,6.840092022597977,112.45556470733331,1.038288644838226
75239.0,-0.3467,0.0798,0.9825,-31.49455366666667,40.82140733333333,-132.18897466666667,2.7163729682602606,7.432199441319595,111.72852534666664,1.0449283133306322
75250.0,-0.3047,0.1222,0.9572,-34.02885366666667,36.96650733333333,-147.93707466666666,2.397588351780345,7.9775896470762335,110.91487143599997,1.01193219634519
75261.0,-0.2667,0.1356,0.8478,-34.662453666666664,34.98170733333333,-160.78447466666665,2.0849958738535292,8.495655088459635,110.0305568253333,0.8990445428342246
75272.0,-0.2312,0.1338,0.7321,-32.410553666666665,41.21080733333333,-174.70047466666665,1.810252702736549,9.07459541421515,109.06970421466664,0.7793114204219004
75283.0,-0.2012,0.1716,0.6935,-25.799853666666667,55.706907333333334,-187.49437466666666,1.6243728142201062,9.799717855675434,108.03848515399997,0.7422063392345823
75294.0,-0.1792,0.2091,0.7384,-15.609053666666668,71.92070733333333,-192.63937466666667,1.5675532681436848,10.682319652221823,106.9789685933333,0.7880799515277621
75305.0,-0.1597,0.2238,0.8398,-5.250253666666667,81.81380733333333,-190.50197466666665,1.6381209899427553,11.645541985427993,105.93120773266664,0.8836597591833635
75316.0,-0.1442,0.2159,0.9423,3.3069463333333333,82.31760733333333,-183.66997466666666,1.8099596283531143,12.582176506499668,104.92102287199997,0.9774127787173646
75327.0,-0.1364,0.1952,1.0338,8.963446333333332,74.40920733333333,-174.57067466666666,2.0443860120405177,13.399841685034405,103.9608841613333,1.0608724899817132
75338.0,-0.1421,0.1764,1.0918,12.077946333333333,64.63820733333334,-162.42567466666665,2.308744136009145,14.081827256869728,103.06754295066663,1.1150500482041155
75349.0,-0.1357,0.1273,1.1034,11.910046333333334,49.18790733333333,-149.28057466666667,2.5609253765086173,14.570433151397156,102.24649978999997,1.1189778103251198
75360.0,-0.1204,0.0709,1.0833,8.673446333333333,40.34820733333333,-136.96757466666665,2.762549999527119,14.941204815091217,101.4931781293333,1.0922737111182341
75371.0,-0.1246,0.0107,1.1091,5.848946333333333,21.401607333333335,-129.31117466666666,2.913018494391241,15.089042317497102,100.78196666866664,1.1161283349149416
75382.0,-0.1025,0.0115,1.0836,-0.6166536666666671,9.119207333333334,-119.46377466666667,2.9765996048746075,15.08967077184242,100.12491590799998,1.0884977997221674
75393.0,-0.1091,0.0123,1.0096,-10.662453666666666,1.4398073333333334,-105.67757466666667,2.918991183432415,14.99924285614825,99.5436892473333,1.0155521946212318
75404.0,-0.1456,-0.0284,0.9099,-21.105253666666666,3.042807333333333,-91.34927466666667,2.7358169931146104,14.92659224416062,99.04126823666664,0.9219131900564175
75415.0,-0.1863,-0.1073,0.877,-27.929653666666667,10.531407333333334,-81.71567466666667,2.460828612356386,14.940284442125023,98.59183202599998,0.9029673194529245
75426.0,-0.1978,-0.1664,0.9106,-31.509853666666665,17.012307333333332,-79.59357466666667,2.1254558645005446,15.028017276317136,98.1540673653333,0.9465760191342267
75437.0,-0.1787,-0.1403,0.9424,-34.341853666666665,17.684007333333334,-79.19667466666667,1.7444285530182455,15.122382668199215,97.71848565466664,0.9693995770578817
75448.0,-0.1451,-0.0928,0.9418,-37.10525366666667,11.798507333333333,-74.43327466666668,1.3271418056012512,15.148550101859334,97.30910264399996,0.9574200175471578
75459.0,-0.1282,-0.0715,0.9015,-37.754053666666664,2.9588073333333336,-65.05927466666667,0.9010334343539221,15.075161578577406,96.9512766333333,0.9133727278608662
75470.0,-0.1219,-0.0814,0.8181,-33.97545366666667,-4.3311926666666665,-53.95237466666667,0.5137059053000916,14.922198328710087,96.65453857266662,0.8311276556582629
75481.0,-0.1316,-0.0989,0.7413,-25.731153666666668,-4.781592666666667,-43.97527466666667,0.21105352948465939,14.767933299734285,96.41267456199996,0.7593585845962366
75492.0,-0.1335,-0.1212,0.7145,-15.181553666666666,1.9054073333333335,-36.288274666666666,0.01410778013898709,14.690113888302465,96.2130890513333,0.7369002239109445
75503.0,-0.1259,-0.1367,0.7588,-8.135753666666666,12.073307333333334,-31.318774666666666,-0.11793026547779027,14.722723175976519,96.04083579066663,0.7812266892522298
75514.0,-0.1254,-0.1372,0.838,-6.9907536666666665,19.615307333333334,-27.173774666666667,-0.2484218583532429,14.833504513252317,95.89138002999997,0.8583664718522037
75525.0,-0.1321,-0.1262,0.8873,-9.128153666666666,20.768007333333333,-22.486674666666666,-0.40975164550923787,14.95203753896745,95.7677033193333,0.9059128766056921
75536.0,-0.1405,-0.1115,0.8849,-11.143353666666666,16.699307333333334,-16.456174666666666,-0.5970495119255352,15.023245161622617,95.67719435866663,0.9028956251970657
75547.0,-0.1648,-0.0895,0.8486,-11.074653666666666,11.760407333333333,-9.265374666666666,-0.784042052639865,15.04266330581661,95.62623479799996,0.8690749392313646
75558.0,-0.2024,-0.0901,0.8113,-7.784653666666667,7.577207333333334,-2.1889746666666667,-0.9359733032427845,15.024831004456445,95.6141954373333,0.8410062187641658
75569.0,-0.2224,-0.1149,0.8079,-2.593753666666667,4.745107333333333,2.727025333333333,-1.0358892723685333,14.986968464955607,95.62919407666662,0.8457932253216504
75580.0,-0.2396,-0.13,0.8066,0.642846333333333,2.821407333333333,5.620125333333334,-1.1071956477501175,14.940595568140523,95.66010476599996,0.8514174769171702
75591.0,-0.26,-0.1455,0.8104,2.2077463333333327,1.9283073333333336,7.673625333333334,-1.1696310602024582,14.898463028108836,95.70230970533329,0.8634340797073046
75602.0,-0.2749,-0.1608,0.8156,3.787946333333333,1.3940073333333334,8.345325333333333,-1.2241765711531143,14.864901189692617,95.74820899466663,0.875574103088939
75613.0,-0.2756,-0.1626,0.819,4.994046333333333,1.6993073333333335,8.123925333333334,-1.274168642310058,14.847471070677354,95.79289058399996,0.8792923973286702
75624.0,-0.2738,-0.1648,0.8263,4.742146333333333,2.7298073333333335,7.566725333333334,-1.3346344007968858,14.852016465903246,95.8345075733333,0.8859442251067502
75635.0,-0.2739,-0.1583,0.8176,3.612346333333333,4.844307333333333,7.009425333333333,-1.4132254303453282,14.88902654847303,95.87305941266663,0.8766697553811241
75646.0,-0.2979,-0.1561,0.8317,2.6810463333333328,7.439807333333334,6.406425333333333,-1.5060953257759917,14.964675571831146,95.90829475199997,0.8971268082049494
75657.0,-0.3242,-0.1533,0.8673,2.497846333333333,8.539007333333334,5.146825333333334,-1.603195635418266,15.062999025785146,95.9366022913333,0.9385178847523364
75668.0,-0.327,-0.1486,0.9066,2.047446333333333,6.058107333333334,2.894925333333333,-1.705570697243709,15.142547044714854,95.95252438066663,0.9751587152869013
75679.0,-0.3097,-0.1337,0.9095,0,0.9741073333333334,1.1545253333333334,-1.8281992735910484,15.17223228742898,95.95887426999997,0.9700412517001531
75690.0,-0.2947,-0.1372,0.8772,-2.380053666666667,-3.1937926666666665,0.7881253333333333,-1.9752819921563871,15.16150231804978,95.9632089593333,0.9354954676533713
75701.0,-0.2847,-0.1498,0.8263,-3.609053666666667,-3.056392666666667,0,-2.1362818057902015,15.157667861806196,95.9632089593333,0.8867163131464313
75712.0,-0.2737,-0.1503,0.8129,-2.151053666666667,1.1039073333333334,-1.7614746666666665,-2.2819584722216755,15.202601811678074,95.95352084866663,0.8708089285256554
75723.0,-0.2587,-0.1407,0.8521,-0.952553666666667,4.035207333333334,-3.028674666666667,-2.413242893397731,15.27839499188267,95.93686313799996,0.9015523223862273
75734.0,-0.2526,-0.1317,0.8811,-1.4869536666666672,3.7909073333333336,-2.6164746666666665,-2.547342865291062,15.34835173549437,95.9224725273333,0.9260069438184576
75745.0,-0.2588,-0.1238,0.8894,-2.387653666666667,1.3024073333333335,-0.9523746666666666,-2.687015445792567,15.389029932182831,95.91723446666663,0.9345246064176159
75756.0,-0.2565,-0.1276,0.8638,-1.929653666666667,-1.7739926666666666,0.7270253333333333,-2.818587104430007,15.395445599118247,95.92123310599996,0.9100683765520039
75767.0,-0.2539,-0.131,0.8394,-0.631953666666667,-2.1479926666666667,1.8186253333333333,-2.9340693897203685,15.398021950632238,95.9312355453333,0.8866896695011169
75778.0,-0.2474,-0.1282,0.8384,0,1.0123073333333334,2.0171253333333334,-3.0406088304392265,15.434141434326108,95.94232973466663,0.8834911204986726
75789.0,-0.2485,-0.125,0.8683,-0.5785536666666671,4.035207333333334,2.1774253333333333,-3.150484828030655,15.50073415014764,95.95430557399996,0.9117686877711912
75800.0,-0.2469,-0.126,0.8925,-2.0365536666666673,4.058107333333334,2.7041253333333333,-3.272904568570805,15.56391640677512,95.96917826333329,0.9345543643897876
75811.0,-0.2603,-0.1194,0.8905,-3.105253666666667,1.8901073333333334,4.047625333333333,-3.402665921477514,15.60209572609771,95.99144020266662,0.9354157899030783
75822.0,-0.2744,-0.116,0.8632,-2.418153666666667,0,5.933125333333333,-3.520842298682833,15.621512550881157,96.02407239199995,0.9131624170978566
75833.0,-0.2897,-0.132,0.8428,-0.601453666666667,-1.1632926666666665,6.948425333333333,-3.617911021152625,15.632751228991483,96.06228873133328,0.90092282133377
76020.0,-0.2875,-0.1602,0.8907,-4.372353666666667,2.0275073333333333,-1.0973746666666666,-4.511296518176054,16.030102950921464,95.95968419999996,0.9495613618929533
76031.0,-0.2787,-0.1555,0.8628,-5.471653666666667,0,-0.9828746666666666,-4.647563252658777,16.049912634361732,95.95427838933328,0.9199335736888833
76042.0,-0.2739,-0.1484,0.8381,-4.754053666666667,-0.6136926666666667,0,-4.775684599228747,16.064819194210376,95.95427838933328,0.8941226873309949
76053.0,-0.272,-0.1399,0.8248,-3.151053666666667,0,0.8339253333333334,-4.885244402741155,16.088220642852665,95.95886497866661,0.8796880412964587
76064.0,-0.2866,-0.1458,0.8201,-1.318953666666667,0.6459073333333335,1.7117253333333333,-4.9747641172534065,16.122054493199606,95.96827946799995,0.8808866045070729
76075.0,-0.2952,-0.1489,0.8324,0.505446333333333,2.3176073333333336,1.4598253333333333,-5.044658140136228,16.177372561802894,95.97630850733329,0.8956584226143358
76086.0,-0.2898,-0.1536,0.8691,0.688646333333333,3.3787073333333337,0,-5.112770794630438,16.244663592965964,95.97630850733329,0.9289304656431503
76097.0,-0.2745,-0.1548,0.8723,-1.1357536666666672,2.4092073333333337,0,-5.200793792892231,16.299642559122027,95.97630850733329,0.9274807706901529
76108.0,-0.2657,-0.1372,0.8619,-3.128153666666667,0.8749073333333335,0,-5.308028755114301,16.335853452790982,95.97630850733329,0.9123003562423945
76119.0,-0.2725,-0.1316,0.842,-3.5403536666666664,-0.7891926666666667,1.7881253333333333,-5.416737540063095,16.35398288453228,95.98614319666662,0.894728344247571
76130.0,-0.2787,-0.1456,0.8225,-1.647253666666667,-1.9189926666666666,3.2156253333333336,-5.504195190844531,16.36161245332047,96.00382913599995,0.8805562446544798
76141.0,-0.2733,-0.1493,0.8093,0.9176463333333329,-0.7281926666666667,3.4369253333333334,-5.564204567689834,16.383634701708925,96.02273222533329,0.8671504310095222
76152.0,-0.2653,-0.1477,0.8226,2.5436463333333332,1.7527073333333334,3.2766253333333335,-5.606847763383474,16.431999599828153,96.04075366466662,0.876852404912024
76163.0,-0.2626,-0.1398,0.848,2.581846333333333,3.035207333333333,3.4217253333333333,-5.647991474194847,16.491920103567477,96.05957315399996,0.8986694609254283
76174.0,-0.2701,-0.1338,0.8624,2.116146333333333,2.1879073333333334,4.582025333333333,-5.692046399874848,16.540691614920163,96.0847742933333,0.9135590894955838
76185.0,-0.2831,-0.137,0.8641,2.4672463333333328,-0.8120926666666666,6.559125333333334,-5.7305728362526,16.556941269306314,96.12084948266663,0.9195560994305894
76196.0,-0.3052,-0.1439,0.8348,3.5436463333333332,-3.071692666666667,8.055225333333333,-5.757232963131652,16.553079013043504,96.16515322199996,0.9004139548007906
76207.0,-0.322,-0.1489,0.8165,5.673446333333334,-1.2777926666666666,7.879725333333333,-5.761724721804219,16.57554273994924,96.2084917113333,0.8902401136772033
76218.0,-0.325,-0.153,0.8344,7.5130463333333335,2.5848073333333335,5.788125333333333,-5.7476395825612245,16.645062432148322,96.24032640066663,0.9084367671995669
76229.0,-0.3262,-0.1453,0.882,6.7573463333333335,4.661107333333334,3.5667253333333333,-5.741309775657935,16.739016842399526,96.25994338999996,0.9515474397001971
76240.0,-0.3273,-0.14,0.9094,3.9329463333333328,3.6917073333333335,2.0934253333333332,-5.763778077718941,16.822707270335055,96.2714572293333,0.9765928783275045
76251.0,-0.3245,-0.1329,0.903,0.9787463333333329,1.7146073333333334,1.2079253333333333,-5.8153275852598485,16.8851708627361,96.27810081866663,0.9686958552610825
76262.0,-0.3136,-0.1366,0.8861,-0.715953666666667,0.5695073333333334,0.5591253333333334,-5.8828788248156245,16.93500613975851,96.28117600799996,0.9498303690659717
76611.0,-0.2728,-0.1195,0.8364,0,-2.8426926666666668,9.024725333333334,-5.939291372532868,16.00349850267383,97.85599057866662,0.8878429196654102
76622.0,-0.2588,-0.1121,0.8546,0,0,11.467525333333334,-5.991546561701846,16.058693274054434,97.91906196799995,0.8999361143992389
76633.0,-0.2644,-0.1047,0.8813,0,0,15.406425333333333,-6.038607877037272,16.10860144506115,98.00379730733329,0.9260448909205212
76644.0,-0.2786,-0.1001,0.8894,-0.929653666666667,-1.9266926666666664,19.551425333333334,-6.090237650955922,16.13436337197526,98.11133014666662,0.9373741675553044
76655.0,-0.3003,-0.105,0.8901,-1.372353666666667,-6.018292666666667,23.391125333333335,-6.142036677623011,16.11593079225586,98.23998133599996,0.9452423498764748
76666.0,-0.3119,-0.1213,0.8853,-1.0517536666666671,-12.025892666666666,26.200325333333335,-6.188164039916426,16.035055419796983,98.38408312533329,0.9464414350608282
76677.0,-0.2784,-0.134,0.8652,0,-17.529692666666666,28.963625333333333,-6.2230372876740505,15.895041535355576,98.54338306466663,0.918713012860926
76688.0,-0.2285,-0.1195,0.8584,0,-19.216692666666667,34.74232533333333,-6.256714363985327,15.73267925678544,98.73446585399996,0.8962940700462098
76699.0,-0.2,-0.0917,0.8508,1.169546333333333,-19.445692666666666,42.48272533333333,-6.2734829532279885,15.561661589329535,98.9681208433333,0.8787886719797884
76710.0,-0.184,-0.0482,0.8639,3.314646333333333,-20.140392666666667,52.33772533333333,-6.257943674781062,15.37558609709588,99.25597833266663,0.8845916854684991
76721.0,-0.1871,0.0032,0.8724,6.856646333333333,-23.361792666666666,64.76522533333333,-6.189928955468289,15.14862493252988,99.61218707199997,0.8922434701358144
76732.0,-0.1801,0.0458,0.873,12.742146333333332,-27.147992666666667,79.26142533333334,-6.04125741572874,14.875590730469956,100.0481249113333,0.8925596058527407
76743.0,-0.1549,0.0912,0.8966,19.238246333333333,-29.514392666666666,96.03232533333333,-5.802809671541929,14.569770853546833,100.57630270066663,0.9144413649873895
76754.0,-0.1366,0.1267,0.9453,23.673446333333334,-30.67469266666667,114.42932533333332,-5.496020481514043,14.242285894556012,101.20566398999996,0.9634856200276162
76765.0,-0.1219,0.1411,1.021,23.398546333333332,-34.48389266666667,132.58202533333335,-5.173606084858234,13.862602001917244,101.93486512933329,1.0378871904017313
76776.0,-0.132,0.145,1.0698,17.772646333333334,-42.62129266666667,149.83392533333335,-4.8959388419878955,13.387097198800909,102.75895171866662,1.0876217357151337
76787.0,-0.1729,0.1241,1.0946,8.390946333333332,-55.76629266666667,164.28432533333336,-4.707979104876294,12.769885847182499,103.66251550799996,1.1150983723420997
76798.0,-0.2213,0.0759,1.0685,-1.807553666666667,-71.71289266666668,173.94072533333335,-4.6246561300457625,11.991116234787212,104.6191894973333,1.093812941046137
76809.0,-0.276,0.0067,0.9894,-8.532753666666666,-84.97249266666667,177.19262533333335,-4.615620329156171,11.091544818070016,105.59374893666663,1.02719679224577
76820.0,-0.2858,-0.0438,0.8944,-8.280753666666667,-91.29309266666667,175.50562533333334,-4.610062033796127,10.151345796760975,106.55902987599997,0.9399741698578743
76831.0,-0.2816,-0.0796,0.8599,-4.998353666666667,-89.33119266666667,169.72702533333336,-4.578960196262707,9.260213155350812,107.4925285153333,0.9083296373013489
76842.0,-0.2701,-0.0649,0.8705,-3.7693536666666665,-82.88089266666667,161.81862533333336,-4.542325746298906,8.463097574959574,108.38253095466663,0.9137484719549467
76853.0,-0.2509,-0.053,0.9048,-6.578553666666667,-76.65949266666667,152.36822533333336,-4.541664114428015,7.751788660869671,109.22055619399997,0.9404375843191296
76864.0,-0.2568,-0.0421,0.9396,-12.624353666666666,-75.35409266666667,145.62782533333333,-4.609271726362535,7.070956344417981,110.0215092333333,0.9749701585176851
76875.0,-0.2667,-0.049,0.9402,-17.380053666666665,-77.49919266666667,140.00182533333336,-4.730373247364614,6.383698021649846,110.79151927266663,0.9785223196228077
76886.0,-0.257,-0.047,0.9269,-18.013653666666666,-81.39989266666667,134.84152533333335,-4.858898175254588,5.67017627521973,111.53314766199996,0.9630169313153326
76897.0,-0.2136,-0.0277,0.9161,-16.296053666666666,-86.83499266666666,131.52092533333334,-4.966808643583569,4.90946871296107,112.25651275133329,0.9410799434692039
76908.0,-0.1807,-0.0044,0.9026,-13.922053666666667,-91.11749266666666,130.62012533333333,-5.044661202484808,4.111789030106831,112.97492344066663,0.9205208362660782
76919.0,-0.1515,0.0045,0.8811,-11.899153666666667,-91.76629266666667,130.13162533333335,-5.0960531944014225,3.314802060093258,113.69064737999996,0.8940412238817625
76930.0,-0.1494,0.006,0.8842,-9.693053666666668,-88.81979266666667,128.26142533333334,-5.119624690132443,2.5576505656255213,114.39608521933329,0.8967530317763079
76941.0,-0.1287,0.0159,0.9052,-6.0212536666666665,-86.00299266666667,125.34532533333334,-5.099163924445108,1.835813198999786,115.08548450866662,0.9144416547817581
76952.0,-0.1177,0.022,0.9634,-4.059453666666667,-86.65949266666667,121.04002533333333,-5.0535393547533145,1.1092795335750911,115.75120464799996,0.970812469017575
76963.0,-0.0929,0.0212,0.9802,-5.601453666666667,-90.73579266666667,116.65832533333332,-5.021575158622798,0.33918728512886565,116.39282543733329,0.9848207400334337
76974.0,-0.0698,0.0247,0.9607,-8.441153666666667,-94.19379266666667,113.26142533333334,-5.0169890553818455,-0.46771787827259637,117.01576327666662,0.9635489712515913
76985.0,-0.0569,0.0204,0.9241,-9.708253666666668,-95.27019266666667,110.26142533333334,-5.023203549749449,-1.2842637435683077,117.62220111599996,0.9260748241907886
76996.0,-0.0382,0.0128,0.8801,-8.097553666666666,-93.25489266666666,107.22322533333333,-5.010186832871056,-2.0769557219694184,118.21192885533328,0.881021617214924
77007.0,-0.0233,0.0184,0.854,-4.792253666666666,-88.11749266666666,102.74232533333333,-4.959511840769717,-2.8127059626632382,118.77701164466662,0.85451591559198
77018.0,-0.0049,0.0215,0.8214,-0.631953666666667,-79.46099266666667,96.72702533333333,-4.862502376703978,-3.4552369937767446,119.30901028399995,0.8216959413310985
77029.0,0.0272,-0.0087,0.8262,3.7802463333333334,-67.57549266666668,89.07812533333333,-4.721386829325789,-3.9745434938198674,119.79893997333329,0.8266933954012213
77040.0,0.0623,-0.0297,0.8534,5.497846333333333,-58.65179266666667,81.86442533333333,-4.568652320261365,-4.408397726987312,120.24919431266662,0.8561862764609113
77051.0,0.079,-0.0308,0.8456,6.2306463333333335,-53.56789266666667,75.55142533333333,-4.414935250557532,-4.800093852834881,120.66472715199995,0.8498405732841896
77062.0,0.0659,-0.0131,0.817,8.589446333333333,-48.61369266666667,70.14692533333333,-4.240120192051104,-5.148057329386199,121.0505352413333,0.8197581472605197
77073.0,0.0587,-0.0154,0.8008,13.535946333333333,-42.76629266666667,63.64302533333333,-4.016941055375686,-5.4410062407635955,121.40057188066663,0.8030961897556232
77084.0,0.0592,-0.0159,0.8074,19.49784633333333,-36.09459266666667,55.10872533333333,-3.735356425339893,-5.670023078701877,121.70366986999997,0.8097235392404003
77095.0,0.0626,-0.0121,0.8391,22.52834633333333,-27.926592666666664,45.26142533333333,-3.4274731798778504,-5.8196602350018445,121.95260770933331,0.8415188530270726
77106.0,0.0812,-0.0341,0.8756,21.635246333333335,-19.537292666666666,35.39882533333333,-3.138910842131647,-5.890448417210289,122.14730124866664,0.8800179600439982
77117.0,0.0927,-0.0333,0.9012,17.429146333333332,-10.857892666666666,26.978925333333333,-2.9044821445091333,-5.880900902026503,122.29568533799997,0.9065669418195217
77128.0,0.1008,-0.0309,0.9135,12.268846333333332,-3.796892666666667,18.711725333333334,-2.7327244816688285,-5.80956374634731,122.3985998273333,0.9195638640138052
77139.0,0.1079,-0.0272,0.9238,8.139046333333333,2.0963073333333333,10.353025333333333,-2.610510540222356,-5.689629802341126,122.45554146666663,0.9304776676524805
77150.0,0.1234,-0.0134,0.9343,5.490146333333334,5.470307333333333,3.4217253333333333,-2.5188946566928836,-5.549712731172335,122.47436095599997,0.942509209504077
77161.0,0.1462,0.0166,0.9429,3.879546333333333,6.371107333333333,-0.9141746666666666,-2.4422360738470754,-5.418203278343653,122.4693329953333,0.9543114847889026
77172.0,0.1541,0.0475,0.9401,3.100846333333333,5.638207333333334,-2.631774666666667,-2.3677940789236627,-5.311854632021358,122.45485823466663,0.9538296860551154
77183.0,0.1544,0.0757,0.9344,3.345146333333333,4.974107333333333,-2.6469746666666665,-2.281762358092938,-5.227889141915196,122.44029987399996,0.9500911587842505
77194.0,0.1591,0.0839,0.9309,4.581846333333333,5.241307333333333,-1.1431746666666667,-2.1737682035779744,-5.155023362489078,122.43401241333329,0.9481175190871646
77205.0,0.1697,0.0836,0.9332,4.879546333333333,6.302407333333333,1.3682253333333334,-2.0555335853017813,-5.084462390968673,122.44153765266663,0.9521813325202296
77216.0,0.1747,0.0643,0.9518,4.291746333333333,6.745107333333333,4.040025333333333,-1.9402808136871759,-5.021904212734783,122.46375779199995,0.9698339136161407
77227.0,0.176,0.0553,0.9691,3.2688463333333333,5.4474073333333335,6.436925333333333,-1.8344556848316003,-4.984628965789162,122.49916088133328,0.986503370496016
77238.0,0.1703,0.0508,0.9745,2.184846333333333,1.9359073333333334,8.162125333333334,-1.7395434913280359,-4.9940902898994795,122.54405257066662,0.9905720468496979
77249.0,0.1545,0.0549,0.9591,0.910046333333333,-1.4227926666666666,10.108725333333334,-1.6571365789443693,-5.04509124396279,122.59965055999996,0.9730144243535138
77260.0,0.1372,0.0519,0.9366,0.711546333333333,-2.781592666666666,11.528525333333334,-1.5759832531281204,-5.112876599653954,122.6630574493333,0.9480174101776824
77271.0,0.1241,0.0316,0.9286,0.9787463333333329,-2.7052926666666663,11.040025333333334,-1.4937431952031859,-5.179842015377267,122.72377758866662,0.9373885693777154
77282.0,0.1162,0.0166,0.9108,1.329846333333333,-1.0411926666666664,8.276625333333334,-1.411278318930006,-5.228056121146835,122.76929902799995,0.918332532365047
77293.0,0.1154,0.0096,0.9028,1.2688463333333329,2.4627073333333334,4.826225333333333,-1.3336798134440644,-5.238032922155532,122.79584326733328,0.9101962206030082
77304.0,0.1073,0.0071,0.9192,0.7421463333333329,5.943607333333333,1.2690253333333334,-1.2659881589401618,-5.209497246246237,122.80282290666662,0.9254687136797224
77315.0,0.1011,0.0143,0.931,0,8.111507333333334,-1.8683746666666665,-1.2092123911971482,-5.15651699342238,122.79254684599995,0.9365824576618975
77326.0,0.1079,0.0182,0.9427,-1.540353666666667,8.653507333333334,-3.3340746666666665,-1.1711418240685134,-5.097933080110639,122.77420943533329,0.9490294726719503
77337.0,0.1176,0.0251,0.9434,-2.654853666666667,6.966507333333334,-3.448574666666667,-1.145871836850715,-5.059142412124091,122.75524227466663,0.9510327702030041
77348.0,0.1266,0.0334,0.9457,-2.906753666666667,3.5619073333333335,-2.5782746666666667,-1.1228405633529417,-5.059279625120408,122.74106176399997,0.9547206973769867
77359.0,0.1294,0.0419,0.9309,-2.2578536666666666,-0.5830926666666665,-0.7920746666666667,-1.0913056309181455,-5.105959711392842,122.73670535333329,0.940784130393365
77370.0,0.1277,0.0454,0.9159,-1.2578536666666669,-3.3769926666666668,1.6278253333333335,-1.0473655498013792,-5.18352191604051,122.74565839266663,0.9258732418641334
77381.0,0.1239,0.0369,0.9136,0,-5.071692666666667,3.3530253333333335,-0.9897406069920938,-5.278906100533643,122.76410003199996,0.9227013492999779
77392.0,0.1234,0.0343,0.8995,1.5512463333333328,-6.079292666666667,4.062925333333333,-0.9159026905530924,-5.384399629203492,122.7864461213333,0.9085726718320335
77403.0,0.126,0.027,0.8949,2.803146333333333,-4.873192666666666,4.337725333333333,-0.8303470120567452,-5.476217323286145,122.81030361066664,0.904129974063464
77414.0,0.1348,0.0248,0.9058,3.574146333333333,-2.7433926666666664,3.8873253333333335,-0.7387824527031461,-5.545443608470538,122.83168389999997,0.9161111941243815
77425.0,0.1353,0.0385,0.9269,3.116146333333333,-1.2548926666666667,3.123925333333333,-0.6529116066208754,-5.5989468849296,122.8488654893333,0.9375137065664693
77436.0,0.1317,0.0459,0.9375,1.604746333333333,-1.2624926666666667,2.5743253333333334,-0.5832164355685332,-5.652382982573918,122.86302427866664,0.947817466604198
77447.0,0.1257,0.0425,0.9381,0.650546333333333,-1.8197926666666664,1.7804253333333333,-0.5239734889888449,-5.710842531623786,122.87281661799997,0.9474377815983486
77458.0,0.1232,0.0303,0.927,0.627646333333333,-2.1327926666666666,0,-0.4665083644555945,-5.771458583772769,122.87281661799997,0.9356416675202105
77643.0,0.126,0.0494,0.9524,0,3.0123073333333332,5.207925333333334,-0.41504063565039095,-5.261624900331899,123.3545497113333,0.9619678373001875
77654.0,0.1167,0.0416,0.9293,-0.631953666666667,0.6611073333333335,5.5133253333333325,-0.3705403244420282,-5.300133661290841,123.38487300066664,0.9375222344030034
77665.0,0.1066,0.0352,0.9146,0,0,5.2385253333333335,-0.3200408749219414,-5.343232916165982,123.41368488999997,0.9214639222454669
77676.0,0.1008,0.0264,0.8998,0,-0.6746926666666666,4.597225333333333,-0.2714927484211562,-5.390675013128019,123.4389696293333,0.9058132478607277
77687.0,0.1014,0.0156,0.8884,1.177246333333333,0,3.2079253333333333,-0.21336036912644216,-5.428274356165493,123.45661321866663,0.894304131713591
77698.0,0.1105,0.0192,0.8909,2.3298463333333332,1.4932073333333336,1.7575253333333334,-0.14547141159923488,-5.448635900253759,123.46627960799997,0.8979319016495628
77709.0,0.1212,0.0228,0.9044,3.2382463333333327,2.9741073333333334,0.7804253333333333,-0.07012405141442192,-5.453380666399737,123.4705719473333,0.9127697628646558
77720.0,0.1332,0.0377,0.916,3.5588463333333333,3.6993073333333335,0,0.008087157147583433,-5.452187366699491,123.4705719473333,0.9264013870887716
77731.0,0.1417,0.0516,0.9261,3.2230463333333326,3.8520073333333333,1.2232253333333334,0.0836103306327348,-5.452029576071608,123.47729968666663,0.9382977459207712
77742.0,0.1433,0.0636,0.9357,2.093246333333333,3.1573073333333337,2.6812253333333333,0.1491198828795306,-5.461787459719274,123.49204642599996,0.9487435586079096
77753.0,0.1316,0.0681,0.9351,0.650546333333333,1.4169073333333335,4.650725333333334,0.2016252078959821,-5.490862482900412,123.5176254153333,0.9467672258797303
77764.0,0.1205,0.0509,0.9307,0,-0.5678926666666664,5.7423253333333335,0.2474429642275584,-5.5401422037148285,123.54920820466663,0.9398476206279398
77775.0,0.1068,0.0304,0.9143,0,-1.9724926666666667,5.230825333333334,0.2911539207910456,-5.601622818789999,123.57797774399997,0.921018398296147
77786.0,0.104,0.0198,0.9028,1.1314463333333329,-2.1327926666666666,3.6049253333333335,0.34386572338601606,-5.661680363847302,123.5978048333333,0.9089861825132437
77797.0,0.1116,0.0117,0.8945,2.2001463333333326,-1.4380926666666665,1.6430253333333333,0.4039768551171281,-5.712378109099455,123.60684147266663,0.9015107875117191
77808.0,0.1156,0.019,0.8999,2.9558463333333327,0,0,0.46913698695696776,-5.746359819825566,123.60684147266663,0.9074934545218495
77819.0,0.1178,0.031,0.8956,3.1772463333333327,1.5008073333333334,-1.1584746666666665,0.5351779350010675,-5.76364363269298,123.60046986199997,0.9038457833059796
77830.0,0.1177,0.0411,0.9003,3.4291463333333327,3.5161073333333333,-1.7156746666666667,0.6036670968384616,-5.758913708420547,123.5910336513333,0.9088908570340005
77841.0,0.1171,0.0426,0.9249,3.7573463333333326,4.958807333333334,-1.7767746666666668,0.6753475764340514,-5.738307609614415,123.58126139066664,0.9332562241956922
77852.0,0.1158,0.0378,0.9501,3.2230463333333326,4.424507333333334,-1.9599746666666666,0.7400401467168908,-5.722936442750323,123.57048152999997,0.9578770745769
77863.0,0.1124,0.0503,0.957,2.352746333333333,2.8596073333333334,-1.8607746666666665,0.7957513954455863,-5.723380589352177,123.5602472693333,0.96489007145892
77874.0,0.1157,0.0551,0.9581,1.459646333333333,1.4856073333333335,-1.7156746666666667,0.8428150323792791,-5.737797422357959,123.55081105866664,0.9666323551381879
78232.0,0.1044,0.0416,0.9176,0.688646333333333,-5.033492666666666,-4.585974666666667,1.1152379621884558,-7.532395385701207,122.7299215933333,0.9244564240676787
78243.0,0.108,0.042,0.8927,2.9558463333333327,-6.819792666666666,-4.479074666666667,1.1730349932250304,-7.598141008983518,122.70528668266664,0.9001895855873917
78254.0,0.1104,0.0375,0.8818,5.627646333333333,-6.094592666666667,-4.898974666666666,1.2584865541072894,-7.654739450122427,122.67834232199998,0.8894749293824981
78265.0,0.1067,0.0309,0.8816,7.413846333333333,-3.7586926666666662,-6.4485746666666675,1.3606750858838785,-7.684557631619384,122.64287516133331,0.8885709088193243
78276.0,0.0958,0.0291,0.8843,8.444346333333332,0,-8.807274666666666,1.4709635453928769,-7.671444029091385,122.59443515066664,0.889949964885667
78287.0,0.063,0.0051,0.8947,7.146646333333333,7.615307333333334,-9.639374666666667,1.5611497660718696,-7.570619340431364,122.54141858999998,0.8969298188821688
78298.0,0.0599,-0.0109,0.9928,7.4749463333333335,5.561907333333334,-15.227174666666667,1.6471423646774144,-7.486876196989399,122.45766912933331,0.9946650994178895
78309.0,0.0665,0.0074,0.9818,5.4825463333333335,0,-22.387474666666666,1.7069736865707923,-7.459456523454792,122.33453801866665,0.9840773597639567
78320.0,0.0789,0.0234,0.9542,3.4520463333333327,-2.6365926666666666,-27.013474666666667,1.7431377230671437,-7.458153275394989,122.18596390799998,0.9577423505306634
78331.0,0.0808,0.0309,0.9468,1.215346333333333,-1.6441926666666666,-29.563074666666665,1.754890807292532,-7.443948329061238,122.02336699733331,0.9507437562245675
78342.0,0.0763,-0.0116,0.9984,-2.212053666666667,-2.1479926666666667,-32.95237466666667,1.7244827375250447,-7.432282306471462,121.84212893666664,1.0013784549310016
78353.0,0.0649,-0.0771,1.0475,-9.929653666666667,-6.285392666666667,-40.04397466666667,1.599056167217303,-7.460690717620023,121.62188707599998,1.0523367664393373
78364.0,0.0319,-0.1292,1.0597,-22.318953666666665,-9.735792666666667,-51.00577466666667,1.3254186385793751,-7.517486189712058,121.34135531533332,1.0680235671557066
78375.0,-0.0153,-0.1713,1.0544,-37.94495366666667,-7.6059926666666655,-65.46377466666667,0.8686991478334096,-7.537423424831165,120.98130455466665,1.0683338148724864
78386.0,-0.0513,-0.1844,1.0867,-57.601453666666664,0,-82.75387466666668,0.1900347785567461,-7.459233081430488,120.52615824399999,1.1034273605453147
78397.0,-0.0791,-0.1776,1.1411,-83.25785366666666,9.722207333333333,-101.44857466666667,-0.7674225773508255,-7.260427497722021,119.96819108333332,1.1575438566205603
78408.0,-0.0973,-0.0995,1.1024,-111.38005366666667,19.638207333333334,-119.42567466666667,-2.014073529654177,-6.941604859854832,119.31134987266665,1.1111495398910085
78419.0,-0.0839,0.0051,1.0313,-131.04415366666666,30.760407333333333,-134.70807466666665,-3.4409523857811006,-6.495848170913017,118.57045546199998,1.0347197253362865
78430.0,-0.0502,0.1034,0.955,-139.73115366666667,42.645907333333334,-146.13557466666666,-4.915977206648052,-5.922803168786495,117.76670980133332,0.9618921977020086
78441.0,0.0032,0.1473,0.9358,-142.06705366666668,53.45500733333333,-152.54777466666667,-6.366236960994515,-5.243507001259436,116.92769704066666,0.947327382693016
78452.0,0.0618,0.1455,0.9562,-141.88385366666665,61.40160733333333,-153.42567466666665,-7.767077250571481,-4.497780769210719,116.08385582999999,0.9691789979152458
78463.0,0.1091,0.129,1.005,-140.34945366666668,64.22600733333333,-148.46377466666667,-9.108630256104114,-3.746965578886459,115.26730506933332,1.0191019625140556
78474.0,0.151,0.1121,1.0566,-139.10525366666667,60.15730733333333,-137.12027466666666,-10.398814736649857,-3.068982949412746,114.51314355866666,1.0732059308445887
78485.0,0.1798,0.0741,1.1058,-139.56325366666667,50.29470733333333,-119.18897466666667,-11.662738623278182,-2.5262542955475817,113.85760419799999,1.1227700076150946
78496.0,0.1959,0.0457,1.1062,-139.47925366666666,37.75270733333333,-101.79967466666668,-12.898916353648033,-2.1449283172399616,113.29770598733333,1.1243414694833596
78507.0,0.2112,0.0237,1.1006,-138.89145366666668,23.004607333333333,-86.02107466666666,-14.105086840804931,-1.9455011811565752,112.82459007666667,1.1209315277928442
78518.0,0.2262,0.0021,1.0837,-140.19685366666667,8.172607333333334,-71.19667466666667,-15.304476909710154,-1.9252998543114725,112.433008366,1.10705760464395
78529.0,0.2229,-0.0007,1.0381,-142.01365366666667,-3.9800926666666663,-57.35697466666667,-16.50256635967687,-2.0503157018238665,112.11754500533333,1.061761041854522
78540.0,0.2114,-0.0469,0.9709,-141.94495366666666,-11.865592666666666,-44.242474666666666,-17.68369651094073,-2.269820693497637,111.87421139466666,0.9947544320082218
78551.0,0.1997,-0.1278,0.9247,-140.80755366666668,-16.178592666666667,-33.82257466666667,-18.84496443819252,-2.5416646456754326,111.688187234,0.9546114497532491
78562.0,0.1937,-0.2021,0.8732,-139.84565366666666,-17.231992666666667,-25.883674666666668,-19.995778181728195,-2.828896823507763,111.54582702333333,0.9169745579894788
78573.0,0.1891,-0.2473,0.8156,-140.29605366666667,-12.567892666666665,-20.311174666666666,-21.15521599839125,-3.0692504610028664,111.43411556266666,0.8729945360653754
78584.0,0.174,-0.2803,0.7737,-139.92965366666667,-3.6746926666666666,-14.593574666666667,-22.31659508421429,-3.216414894352019,111.35385090199999,0.8411039055907421
78595.0,0.1558,-0.3167,0.7462,-137.79985366666668,5.600107333333334,-9.540174666666665,-23.463590810313917,-3.2660065168684826,111.30137994133332,0.8254616708242727
78606.0,0.1316,-0.3643,0.7201,-133.76175366666666,12.951207333333334,-6.349274666666666,-24.580032058510792,-3.2379447969764277,111.26645893066666,0.8176656162515334
78617.0,0.1024,-0.4233,0.7214,-128.53275366666668,16.722207333333333,-5.509574666666667,-25.6586377059128,-3.168568903070768,111.23615627,0.8426663693301164
78628.0,0.0817,-0.4797,0.7313,-122.13575366666667,16.29470733333333,-6.105074666666667,-26.691443563004118,-3.10122123476579,111.20257835933333,0.8784000626138411
78639.0,0.0673,-0.5009,0.7306,-115.46395366666667,12.531407333333334,-6.2576746666666665,-27.67552715803338,-3.070234113845673,111.16816114866667,0.888372928448408
78650.0,0.0641,-0.5083,0.7267,-107.08995366666667,6.210807333333333,-4.654674666666667,-28.590857330638325,-3.1024784390263753,111.142560438,0.8891403657466013
78661.0,0.0543,-0.5276,0.7173,-95.76175366666666,-2.5067926666666662,-1.9599746666666666,-29.406119330410196,-3.2217757307412547,111.13178057733333,0.8920927866539444
78672.0,0.0585,-0.5507,0.689,-83.70825366666666,-10.903692666666666,0,-30.115861592423148,-3.4244479410023425,111.13178057733333,0.883976096961903
78683.0,0.0707,-0.5699,0.6545,-71.73115366666667,-17.094592666666667,2.7117253333333333,-30.72326616895282,-3.6876823544261903,111.14669506666667,0.8707208220778919
78694.0,0.0806,-0.5957,0.629,-61.49455366666667,-20.751092666666665,5.482725333333333,-31.249911169385825,-3.9849575240994533,111.176850056,0.8700550844630471
78705.0,0.0795,-0.6055,0.6047,-54.158653666666666,-21.583092666666666,7.192725333333334,-31.727535876247565,-4.2854492445446155,111.21641004533333,0.8594257326843315
78716.0,0.0789,-0.6056,0.5839,-47.99075366666667,-20.735792666666665,8.520925333333333,-32.167418623850516,-4.571292962548873,111.26327513466667,0.8449353703094693
78727.0,0.0731,-0.6188,0.5736,-42.49455366666667,-18.537292666666666,9.238525333333333,-32.576461555398915,-4.827503979173739,111.314087024,0.8469203091200493
78738.0,0.0695,-0.6221,0.5659,-37.624353666666664,-14.926592666666664,8.719425333333334,-32.95962901656707,-5.039055187261951,111.36204386333334,0.843849198613117
78749.0,0.0688,-0.624,0.5605,-32.54035366666667,-10.903692666666666,7.879725333333333,-33.31256714229306,-5.20243140904268,111.40538235266668,0.8415876009067624
78760.0,0.0753,-0.6187,0.5569,-27.204453666666666,-6.453392666666666,7.055225333333333,-33.629785001126514,-5.315165109386788,111.44418609200001,0.8358213864217642
78771.0,0.0817,-0.6085,0.5607,-21.357153666666665,-2.4227926666666666,6.8033253333333334,-33.902282999898425,-5.383741854947063,111.48160438133334,0.831463547006121
78782.0,0.0846,-0.6071,0.5713,-15.670153666666668,1.0428073333333334,6.894925333333333,-34.12930061362801,-5.415285508201995,111.51952647066668,0.8379207957796488
78793.0,0.0867,-0.6207,0.5887,-9.815153666666667,3.2489073333333334,7.505625333333333,-34.307864441135905,-5.4239516135953965,111.56080741000001,0.8598564240615988
78804.0,0.085,-0.6256,0.597,-4.715953666666667,4.4169073333333335,8.001825333333333,-34.44495879604344,-5.420777844952342,111.60481744933334,0.8689127459072056
78815.0,0.0768,-0.6259,0.6074,0,5.050407333333333,8.070525333333334,-34.54299374198449,-5.410013086479597,111.64920533866668,0.8755477200016
78826.0,0.0696,-0.6161,0.615,3.9253463333333327,5.149707333333334,8.055225333333333,-34.60814355380401,-5.396203724159863,111.693509078,0.8732974121111318
78837.0,0.0549,-0.6127,0.6327,6.803146333333333,4.653507333333334,8.337725333333333,-34.64943617145254,-5.383046741581083,111.73936656733333,0.8824537324981974
78848.0,0.04,-0.6166,0.6492,7.910046333333333,3.508507333333333,7.7804253333333335,-34.68464584077209,-5.37502829269545,111.78215890666667,0.8962456136573278
78859.0,0.0361,-0.614,0.6525,8.642846333333333,2.6764073333333336,6.475125333333333,-34.71666897775527,-5.368671393289259,111.817772096,0.8966913961893467
78870.0,0.032,-0.6133,0.6577,10.154346333333333,2.9054073333333337,4.940725333333333,-34.73608435684832,-5.352442038129524,111.84494608533333,0.8998500875145814
78881.0,0.0381,-0.6136,0.6702,11.688646333333333,3.6688073333333335,2.8110253333333333,-34.741299940396644,-5.322394377915753,111.86040672466666,0.9094639135226862
78892.0,0.0454,-0.603,0.6866,12.734446333333333,3.9207073333333335,1.2385253333333335,-34.73502855604056,-5.2859366061425686,111.867218614,0.9149260735163252
78903.0,0.0544,-0.5945,0.7089,13.032146333333333,3.6001073333333333,0,-34.72274768114229,-5.25102777725184,111.867218614,0.9267841280470873
78914.0,0.0631,-0.59,0.7266,11.910046333333334,3.0657073333333336,0,-34.71819331417115,-5.221446447994015,111.867218614,0.9380986994980859
78925.0,0.0667,-0.5796,0.7375,9.383346333333334,2.7146073333333334,0.5056253333333334,-34.7349097845089,-5.195678387898195,111.86999955333333,0.940367640872441
78936.0,0.0664,-0.5751,0.739,6.070346333333333,2.5237073333333333,1.0400253333333334,-34.781057506356674,-5.171913195101077,111.87571969266666,0.9387598042097882
78947.0,0.0632,-0.5819,0.7424,2.978746333333333,2.1955073333333335,1.2385253333333335,-34.85472187889143,-5.15107389665835,111.882531582,0.9453886026391475
78958.0,0.0636,-0.592,0.7393,0,1.5237073333333335,1.0094253333333334,-34.9559026498869,-5.137044667416033,111.88808342133333,0.9492488872787789
78969.0,0.0605,-0.5967,0.7367,-1.2197536666666668,0.6459073333333335,0.8415253333333333,-35.0661163805081,-5.131538115304157,111.89271181066667,0.9499673836506178
78980.0,0.0632,-0.6036,0.7296,-1.700653666666667,-0.6365926666666666,0.7117253333333333,-35.17865886197592,-5.139425871436642,111.89662630000001,0.9490223179672858
78991.0,0.0635,-0.6039,0.7333,-1.593753666666667,-2.0182926666666665,0,-35.28694902474787,-5.1615625694465965,111.89662630000001,0.9520800123939164
79002.0,0.0613,-0.6046,0.736,-1.3876536666666672,-3.850292666666667,0,-35.38996242922615,-5.202176654400375,111.89662630000001,0.9544605020638622
79013.0,0.0714,-0.6058,0.728,-2.4869536666666674,-4.8349926666666665,0,-35.502646138310254,-5.253591274842771,111.89662630000001,0.94977660531306
79024.0,0.0792,-0.5988,0.7175,-3.662453666666667,-4.262492666666667,0,-35.62574370513814,-5.300102955272278,111.89662630000001,0.9378914276183571
79035.0,0.0807,-0.5955,0.7133,-4.731153666666667,-2.583092666666667,0,-35.757899067901626,-5.329945155724619,111.89662630000001,0.9327001822665203
79046.0,0.082,-0.5978,0.7183,-5.578553666666667,-0.6594926666666665,0.7041253333333334,-35.89635953818721,-5.340709641006298,111.90049898933334,0.9381064598434445
79057.0,0.0752,-0.6061,0.7216,-6.7693536666666665,0.6306073333333334,1.3072253333333332,-36.04530003146487,-5.3382386018060775,111.90768872866667,0.9453670239647668
79068.0,0.0645,-0.6091,0.7231,-7.509853666666666,0,1.4904253333333335,-36.19986199100314,-5.341682031101614,111.915886068,0.9476479673380828
79255.0,0.0802,-0.5984,0.6899,0.902446333333333,1.2947073333333334,1.3301253333333334,-36.10701974186255,-5.109969643252998,112.04025278666667,0.916775114191043
79266.0,0.0721,-0.6102,0.6929,1.6581463333333328,-0.6288926666666663,1.8873253333333333,-36.16631208178302,-5.127567524358694,112.050633076,0.9260954918365599
79277.0,0.0714,-0.6132,0.6863,2.016946333333333,-1.8120926666666666,1.6888253333333334,-36.22385647278441,-5.158129526544618,112.05992161533334,0.9231034015753599
79288.0,0.0715,-0.6176,0.6792,2.5436463333333332,-1.9266926666666664,1.2614253333333334,-36.27852924395314,-5.1899542162022625,112.06685945466667,0.9207902312687728
79299.0,0.0723,-0.6145,0.6826,2.383346333333333,-1.7662926666666667,0.6125253333333334,-36.336833932410336,-5.220066242112772,112.070228344,0.9212927330658807
79310.0,0.077,-0.6111,0.6809,2.085646333333333,-1.3388926666666667,0.5667253333333333,-36.3996612729743,-5.2463497454910835,112.07334533333334,0.9181486916616501
79321.0,0.0731,-0.6084,0.6741,2.284046333333333,0,0.7499253333333333,-36.4616537219766,-5.258403125616488,112.07746992266667,0.9109912074218939
79332.0,0.0698,-0.6117,0.6803,3.070346333333333,0.6917073333333335,0.8720253333333333,-36.51607794208666,-5.262776706951465,112.082266062,0.9175276671577812
79343.0,0.0745,-0.6138,0.6825,4.077946333333333,1.5008073333333334,0.5820253333333334,-36.560467507142754,-5.259088103618508,112.08546720133333,0.9209272175367605
79354.0,0.0767,-0.6104,0.6942,4.971146333333333,2.2413073333333333,0,-36.59478139239802,-5.248326761869199,112.08546720133333,0.927569237307922
79365.0,0.079,-0.6044,0.6978,5.925346333333334,2.8672073333333334,0.9331253333333334,-36.61764646372476,-5.232099807336168,112.09059939066667,0.9265339713145978
79376.0,0.0774,-0.6013,0.7045,6.2230463333333335,2.9970073333333334,1.4827253333333332,-36.635598669400686,-5.215380531254659,112.09875438,0.9294475240700789
79387.0,0.0737,-0.5983,0.72,5.841346333333333,2.4932073333333333,1.9331253333333334,-36.65468956910617,-5.20408202897555,112.10938656933334,0.9390391791613383
79398.0,0.0679,-0.6005,0.7294,4.955846333333333,0.7833073333333335,2.2385253333333335,-36.68009886276834,-5.210036957836044,112.12169845866667,0.9472249046557001
79409.0,0.0668,-0.5968,0.7271,3.5207463333333333,-1.3464926666666663,2.2461253333333335,-36.717764715373676,-5.237438549710526,112.13405214800001,0.9430306940921912
79420.0,0.0573,-0.5978,0.7205,2.436746333333333,-3.0869926666666667,2.4980253333333335,-36.76462769542367,-5.280388739098406,112.14779128733335,0.9379596899654057
79431.0,0.0585,-0.6119,0.7158,1.375646333333333,-3.9800926666666663,2.131625333333333,-36.8221159594792,-5.329984943382999,112.15951522666668,0.9435112611940569
79442.0,0.0599,-0.6091,0.702,0,-3.2624926666666663,1.6507253333333334,-36.894215069825165,-5.3693875456218585,112.16859421600002,0.931340335215865
79453.0,0.0597,-0.6107,0.6945,-0.525053666666667,-1.3922926666666666,1.3530253333333333,-36.97211722325563,-5.386603750949456,112.17603585533335,0.9267409724405197
79464.0,0.0544,-0.609,0.7032,0,0,0.6812253333333333,-37.04341631266478,-5.386361749935768,112.17978259466669,0.9318425832725182
79475.0,0.0615,-0.6071,0.7125,0,0.6917073333333335,0,-37.11287078986695,-5.377777239682065,112.17978259466669,0.9380879009986217
79486.0,0.0667,-0.5974,0.7195,0,0,-0.6775746666666667,-37.17905849567398,-5.376752623712839,112.17605593400002,0.9375584781761616
79497.0,0.074,-0.6011,0.725,-1.059453666666667,-1.3693926666666667,-0.5401746666666667,-37.25351238011773,-5.391537303363344,112.17308497333335,0.9446810096535232
79845.0,0.0555,-0.6064,0.6877,1.482546333333333,-0.7586926666666667,0.5972253333333334,-36.81138886438151,-5.648523287185879,112.27700218133334,0.9185491277008541
79856.0,0.0615,-0.6058,0.6869,2.4672463333333328,0,0,-36.858832848723885,-5.6412596862382705,112.27700218133334,0.9179365446478313
79867.0,0.0648,-0.6002,0.6902,3.1772463333333327,1.4398073333333334,0,-36.898409155426464,-5.618773769980925,112.27700218133334,0.9169597155818788
79878.0,0.0594,-0.6001,0.698,3.612346333333333,2.4398073333333334,0.6659253333333334,-36.932573888354874,-5.5851060130303765,112.28066477066668,0.9224165924353269
79889.0,0.0582,-0.6046,0.7103,3.406246333333333,2.9970073333333334,0.9255253333333333,-36.96778836579776,-5.544962250792176,112.28575516000001,0.9345878717381261
79900.0,0.0524,-0.6001,0.718,2.978746333333333,2.7985073333333332,0.5972253333333334,-37.00547321946901,-5.505687475492535,112.28903989933335,0.9372245035209013
79911.0,0.0566,-0.6024,0.7239,2.4596463333333327,1.8443073333333335,0,-37.04642801665175,-5.476217686949005,112.28903989933335,0.9434619918152506
79922.0,0.0603,-0.6016,0.719,1.322246333333333,0,0,-37.09770075070871,-5.466747233810852,112.28903989933335,0.9394251699842835
79933.0,0.0658,-0.5944,0.7214,0.795546333333333,-0.9724926666666667,0,-37.15171273630495,-5.468374742841811,112.28903989933335,0.9370480030393321
79944.0,0.0632,-0.6023,0.707,1.3069463333333329,-1.9113926666666665,0.9026253333333334,-37.19930809536693,-5.480259060140193,112.29400433866668,0.9309181113288106
79955.0,0.0587,-0.6069,0.6942,1.7039463333333331,-1.5678926666666664,1.1697253333333333,-37.243307277744584,-5.487812314843073,112.30043782800001,0.9239518061024612
79966.0,0.0568,-0.6027,0.692,2.2001463333333326,0,1.3301253333333334,-37.28234592795,-5.477684722272181,112.30775351733335,0.9194223893293005
79977.0,0.0563,-0.6012,0.6949,2.9634463333333327,1.7756073333333335,1.2843253333333333,-37.313151404896175,-5.447929872079023,112.31481730666668,0.9205960786360107
79988.0,0.05,-0.6069,0.7015,3.7421463333333334,2.1879073333333334,1.2385253333333335,-37.33569761798214,-5.412594880727134,112.32162919600002,0.9289401810665744
79999.0,0.0502,-0.6063,0.7024,4.772646333333333,1.4169073333333335,1.3835253333333335,-37.347229782873605,-5.384738716773534,112.32923858533336,0.9292391995605868
80010.0,0.0576,-0.6073,0.696,6.291746333333333,0,1.6049253333333333,-37.34320144339272,-5.3726099466709005,112.3380656746667,0.9254982712031394
80021.0,0.0592,-0.599,0.6862,8.490146333333334,-1.1403926666666666,2.0552253333333335,-37.3164925289941,-5.373315517581203,112.34936941400002,0.9127847939136585
80032.0,0.0675,-0.5896,0.6641,11.627646333333333,-1.9113926666666665,3.0171253333333334,-37.25817926381648,-5.384243854329617,112.36596360333336,0.8906251849122615
80043.0,0.0735,-0.5839,0.6414,16.58944633333333,-2.1021926666666664,4.788125333333333,-37.1503297923204,-5.400070943146185,112.3922982926667,0.8704799940262843
80054.0,0.0759,-0.5798,0.6185,24.673446333333334,-2.1785926666666664,7.505625333333333,-36.9614945332224,-5.419944192448946,112.43357923200003,0.8511586808580408
80065.0,0.0721,-0.584,0.6074,36.61994633333333,-3.033492666666666,11.101025333333334,-36.6526533769909,-5.451423172780769,112.49463487133336,0.8456885774326149
80076.0,0.0815,-0.5714,0.6039,53.467246333333335,-6.514392666666666,15.849125333333333,-36.17194946060938,-5.524009389162171,112.5818050606667,0.8353654409897504
80087.0,0.0952,-0.5856,0.5994,71.61994633333333,-12.445692666666666,20.940725333333333,-35.51005880131297,-5.665373488757612,112.69697905000002,0.8433686975457413
80098.0,0.1058,-0.5769,0.5765,87.86424633333333,-17.567892666666665,24.833925333333333,-34.69175736409921,-5.867161587871616,112.83356563933336,0.8224107854351134
80109.0,0.1025,-0.5225,0.5229,105.77264633333333,-18.155692666666667,29.040025333333332,-33.70117653560022,-6.079174512588884,112.99328577866669,0.7462820579378817
80120.0,0.1003,-0.4879,0.4976,124.08564633333333,-13.720492666666667,31.658325333333334,-32.53592411008531,-6.246706004012238,113.16740656800002,0.7040683631580104
80131.0,0.0975,-0.4509,0.4773,143.63524633333333,-5.995392666666666,33.81862533333333,-31.18409971163196,-6.3346857821492435,113.35340900733335,0.6638014386847922
80142.0,0.0869,-0.4185,0.467,163.51304633333334,4.966507333333333,35.68122533333333,-29.643562757908438,-6.307663355538707,113.54965574666669,0.6330741346793439
80153.0,0.0685,-0.3761,0.4663,182.83374633333332,18.676407333333334,37.10872533333333,-27.91994119620855,-6.1345022978566695,113.75375373600002,0.6029752482482179
80164.0,0.0425,-0.3217,0.4766,201.16194633333333,33.79090733333333,38.79572533333333,-26.021193513813945,-5.797536019864606,113.96713022533335,0.5765801765582997
80175.0,0.0176,-0.2577,0.4917,218.43674633333333,49.25660733333333,40.76522533333333,-23.95415675618979,-5.291187631070458,114.19133896466668,0.5554169064765674
80186.0,-0.0177,-0.1963,0.5354,233.98634633333333,63.67640733333333,42.85682533333333,-21.73023900828245,-4.622685573605537,114.42705150400002,0.5705261957176024
80197.0,-0.0485,-0.1136,0.6012,246.92534633333332,75.67640733333333,45.14682533333333,-19.365301970928403,-3.81540637272773,114.67535904333336,0.6137578105409331
80208.0,-0.0757,-0.0134,0.7208,251.20014633333332,82.69930733333334,48.43692533333333,-16.933388225976223,-2.921267429134395,114.9417621326667,0.7248880534261825
80219.0,-0.1038,0.0686,1.0558,251.07034633333333,78.24890733333334,52.29952533333333,-14.449967606544492,-2.0617786376498413,115.22940952200003,1.0631058460943577
80230.0,-0.1125,0.0347,1.3325,226.94054633333334,51.58480733333333,55.58962533333333,-12.177309632725366,-1.4804114966567137,115.53515246133335,1.3376907677038068
80241.0,-0.1409,-0.0311,1.4468,195.18484633333333,15.661107333333334,54.33012533333333,-10.217003074914075,-1.2740920513484275,115.83396815066669,1.4539773932217792
80252.0,-0.1641,-0.0785,1.4528,163.66574633333335,-17.689992666666665,48.29192533333333,-8.582422957921667,-1.4104572519267307,116.09957374000003,1.4641444259361849
80263.0,-0.165,-0.0861,1.3795,134.56654633333332,-41.62889266666667,39.48272533333333,-7.255232145100336,-1.785510408935404,116.31672872933336,1.391998010056049
80274.0,-0.1519,-0.0751,1.2717,108.07034633333333,-52.86559266666667,30.749925333333334,-6.210053741169853,-2.261772415284076,116.4858533186667,1.282939792040141
80285.0,-0.139,-0.0587,1.1703,84.39854633333333,-52.05639266666667,21.070525333333332,-5.416130897620595,-2.7102599863725594,116.60174120800004,1.1799867711122867
80296.0,-0.1326,-0.0171,1.0956,62.749746333333334,-43.56019266666667,9.009425333333335,-4.846882153443299,-3.050189245728823,116.65129304733337,1.1037275614933242
80307.0,-0.121,0.0205,1.0358,47.07034633333333,-32.41519266666667,-1.9905746666666668,-4.433256868727225,-3.2570263466083174,116.6403448866667,1.0430450086165985
80318.0,-0.1134,0.0377,0.9945,36.16954633333334,-20.980092666666668,-11.204274666666667,-4.121988245748579,-3.3315128329670167,116.57872137600003,1.0016541818412181
80329.0,-0.0989,0.0425,0.9752,29.955846333333334,-12.415192666666666,-17.822574666666664,-3.862553082384108,-3.309256874050537,116.48069721533336,0.9811230809638513
80340.0,-0.0725,0.0486,0.9758,28.833746333333334,-9.583092666666666,-22.272974666666666,-3.6003839151602253,-3.2573625141339058,116.3581958546667,0.9796957946219836
80351.0,-0.0343,0.0708,0.955,32.45964633333333,-11.499192666666666,-23.959974666666668,-3.28395796157014,-3.2318347674771473,116.22641599400004,0.9582349033509476
80362.0,0.0089,0.0897,0.9396,37.84894633333333,-15.331192666666666,-22.700474666666665,-2.895190487900612,-3.2572948922873577,116.10156338333337,0.9439139049722702
80373.0,0.0507,0.1174,0.9183,44.337546333333336,-19.445692666666666,-18.341674666666666,-2.4224252467570397,-3.339709703702398,116.00068417266671,0.9271613343965547
80384.0,0.0854,0.1371,0.9216,50.83374633333333,-22.903792666666668,-11.250074666666666,-1.8668129037169698,-3.4738347640112,115.93880876200004,0.9356474389426821
80395.0,0.0841,0.0828,0.9537,55.16954633333334,-27.453392666666666,-4.654674666666667,-1.2616870312649198,-3.6688902526653373,115.91320805133337,0.9609746822887687
80406.0,0.0918,0.1018,0.9618,58.57414633333333,-35.53729266666667,-2.9370746666666667,-0.617148472984729,-3.9612648286347634,115.8970541406667,0.9715192844200263
80417.0,0.0795,0.1034,0.9271,57.97114633333333,-41.12509266666667,-2.2882746666666667,0.02153651804533283,-4.319212782193882,115.88446863000003,0.9362297901690588
80428.0,0.0769,0.1245,0.8674,57.14664633333334,-39.09459266666667,-1.9294746666666667,0.6534613210610688,-4.657960250695249,115.87385651933336,0.8796571036489161
80439.0,0.0736,0.134,0.8352,57.45964633333333,-32.40759266666667,-2.639374666666667,1.2910356198542832,-4.926511876582172,115.8593399586667,0.8490771460827339
80450.0,0.0854,0.1351,0.8368,60.14664633333334,-23.941892666666668,-4.127974666666667,1.9586738860319566,-5.107865122092506,115.83663609800003,0.8519268806652365
80461.0,0.1012,0.1589,0.8517,64.13904633333333,-16.094592666666667,-4.463774666666666,2.6715635331139396,-5.211578805063963,115.81208533733336,0.8722863864580256
80472.0,0.1194,0.1987,0.8851,66.42914633333334,-9.972492666666666,-2.6775746666666667,3.4137552923188905,-5.259010096875749,115.79735867666669,0.914953583522137
80483.0,0.121,0.2496,0.927,64.70394633333333,-4.522092666666667,1.2156253333333333,4.145420519666266,-5.257365147097776,115.80404461600003,0.9676105414886715
80494.0,0.1062,0.2784,0.9546,60.703946333333334,-0.9266926666666664,6.788125333333333,4.842998974426294,-5.224503334600216,115.84137930533336,1.000023079733663
80505.0,0.0865,0.2783,1.0004,54.02454633333333,1.3558073333333334,12.322425333333333,5.474942038376062,-5.171634918407236,115.90915264466669,1.041985268609878
80516.0,0.0593,0.2603,1.0272,45.14664633333334,1.7680073333333335,16.062925333333332,6.013869997550914,-5.115363160550526,115.99749873400002,1.0613257841021295
80527.0,0.0427,0.2542,1.0355,37.96344633333333,0.5161073333333335,18.139225333333332,6.477208185461675,-5.071640623437822,116.09726447333335,1.067099423671478
80538.0,0.0184,0.2375,1.0651,30.276446333333332,-2.796892666666667,18.704125333333334,6.857048697405421,-5.059594192308065,116.20013716266669,1.0914132214702184
80549.0,0.0095,0.2203,1.0566,20.772646333333334,-7.086992666666665,16.604925333333334,7.132615973141916,-5.08871262509377,116.29146425200003,1.0793636551227765
80560.0,0.019,0.2144,0.9884,11.795546333333332,-8.094592666666665,13.681225333333334,7.3116381438074995,-5.124870290213603,116.36671099133336,1.0115645901275903
80571.0,0.02,0.2068,0.9249,4.574146333333333,-4.376992666666666,11.444625333333335,7.41478032266322,-5.117754162367301,116.4296564306667,0.947948442690846
80582.0,0.01,0.2062,0.8657,0,1.5466073333333334,9.146825333333334,7.472759376386919,-5.043763909779031,116.47996397000003,0.8899746794150944
80593.0,0.0027,0.203,0.8407,0,7.386307333333333,6.467525333333333,7.535448036152599,-4.904626657220278,116.51553535933336,0.8648657583694709
80604.0,0.0071,0.1892,0.8312,2.093246333333333,10.981707333333334,3.1316253333333335,7.623424593635944,-4.726705377030772,116.53275929866669,0.8524907565481282
80615.0,0.0189,0.1846,0.8434,6.001646333333333,11.852007333333335,0,7.754591442026977,-4.541786555541576,116.53275929866669,0.8635727705295021
80626.0,0.0337,0.194,0.8693,9.406246333333334,10.287107333333333,-1.0744746666666667,7.922925789132503,-4.378099807297771,116.52684968800003,0.8913215917950154
80637.0,0.0459,0.2064,0.8914,11.398546333333334,7.1650073333333335,-0.8683746666666667,8.11313252257408,-4.253378028574929,116.52207362733336,0.916134122276864
80648.0,0.052,0.2228,0.8788,12.413846333333334,4.859607333333333,0,8.31615781094172,-4.158667407378796,116.52207362733336,0.9080932110747222
80659.0,0.0492,0.2314,0.8676,13.581846333333333,4.134407333333334,1.8873253333333333,8.53417628334399,-4.075788108634357,116.53245391666668,0.8992754639152566
80670.0,0.0435,0.2456,0.875,14.765046333333332,3.7146073333333334,3.6812253333333333,8.767975227059765,-4.000258324456869,116.55270065600001,0.9098552687103593
80681.0,0.0337,0.2474,0.8831,16.268846333333332,2.3482073333333333,5.0476253333333325,9.019994118114727,-3.9407418560158094,116.58046259533334,0.9177189439038512
80692.0,0.0228,0.2373,0.8823,17.642846333333335,0.6993073333333335,5.169725333333334,9.28662723210325,-3.898604942769822,116.60889608466668,0.9139389585743678
80880.0,0.0415,0.2734,0.9186,5.9711463333333334,-1.2701926666666665,-2.1202746666666665,10.465542250912414,-4.099635008170724,116.40959026600001,0.959320473043289
80891.0,0.0431,0.2787,0.9071,3.0169463333333333,0,-2.8378746666666665,10.561108468296668,-4.063571250251539,116.39398195533335,0.9499272130010804
80902.0,0.037,0.2852,0.9027,0,1.7298073333333335,-2.876074666666667,10.63017291169896,-4.009682797716091,116.37816354466668,0.9474045228939958
80913.0,0.032,0.2899,0.8958,-0.776953666666667,2.2642073333333332,-2.6775746666666667,10.697372561675113,-3.950603688037699,116.36343688400001,0.942084736103924
80924.0,0.0237,0.2944,0.8912,-0.784653666666667,2.3253073333333334,-2.1508746666666667,10.77092369433508,-3.8905590461187596,116.35160707333334,0.9388665986177163
80935.0,0.0201,0.2953,0.895,0,1.8978073333333334,-1.4790746666666665,10.858444795415545,-3.834505410718195,116.34347216266667,0.9426723184649054
80946.0,0.0236,0.2943,0.9016,1.1314463333333329,0,-0.6469746666666667,10.962347455517113,-3.7988074792840525,116.339913802,0.9487107093313535
80957.0,0.0298,0.2908,0.9023,1.574146333333333,-2.1632926666666665,0,11.073827441201697,-3.78682728167628,116.339913802,0.948471385967969
80968.0,0.0291,0.2894,0.8969,2.161946333333333,-3.277792666666666,1.0171253333333334,11.193814663282549,-3.7867514528848587,116.34550799133333,0.942883227128365
80979.0,0.0328,0.2874,0.8907,2.322246333333333,-3.102192666666667,1.1697253333333333,11.317056362766532,-3.7849677000206707,116.35194148066667,0.936494041625466
80990.0,0.0334,0.2823,0.8883,1.207746333333333,-2.1021926666666664,0,11.428835448892675,-3.772692433310545,116.35194148066667,0.9326766535085994
81001.0,0.0293,0.2817,0.8801,-0.5174536666666671,0,-0.5553746666666666,11.522716431090394,-3.7377431456440706,116.34888692,0.9245482085862262
81012.0,0.026,0.2847,0.8802,-1.6395536666666672,1.5237073333333335,-1.4332746666666667,11.605624960017899,-3.686411759492165,116.34100390933334,0.9254631975394807
81023.0,0.0298,0.2808,0.8842,-1.8762536666666672,2.2031073333333335,-2.4332746666666667,11.686426208289298,-3.628660095858663,116.32762089866667,0.9281951949886403
81034.0,0.035,0.2769,0.8771,-1.6624536666666672,1.0581073333333335,-3.0744746666666667,11.769596691029683,-3.5849942600819995,116.310711288,0.9204363204480797
81045.0,0.0402,0.2838,0.8582,0,0.8520073333333334,-3.4332746666666663,11.87202287467149,-3.5457106890921746,116.29182827733332,0.904801480989062
81056.0,0.0444,0.3043,0.8615,2.4901463333333327,1.2947073333333334,-3.0897746666666666,12.004253215173062,-3.5041338211695163,116.27483451666666,0.9147415481981782
81067.0,0.0547,0.3138,0.8898,3.5207463333333333,0.7833073333333335,-2.028674666666667,12.149532686051131,-3.4716206667947214,116.26367680599999,0.9450960639003848
81078.0,0.0582,0.3142,0.8962,2.688646333333333,0,0,12.286850462728903,-3.4510630085736445,116.26367680599999,0.9514637775554043
81089.0,0.0563,0.3103,0.8843,1.368046333333333,0,1.0400253333333334,12.410683194684633,-3.4333096092835698,116.26939694533333,0.9388515697382627
81100.0,0.0463,0.3063,0.8867,0,0.6535073333333334,2.2919253333333334,12.519893165279232,-3.409717735259308,116.28200253466666,0.9392551676727683
81111.0,0.032,0.2981,0.8907,0,-0.5830926666666665,3.1774253333333333,12.628172704469117,-3.3988277810138268,116.29947837399999,0.939805352187356
81460.0,0.0455,0.3035,0.8928,-2.2197536666666666,2.1497073333333336,-5.349274666666666,11.976740620388705,-2.6473642475390116,115.36602994466665,0.9440732704615675
81471.0,0.0504,0.3113,0.8894,-1.593753666666667,0.8520073333333334,-4.7309746666666666,12.082870895426542,-2.6383019435015855,115.34000958399999,0.943652589674823
81482.0,0.0493,0.3224,0.8823,-0.891453666666667,0,-3.3492746666666666,12.198272282283906,-2.639688985568956,115.32158857333332,0.9406516570973551
81493.0,0.0465,0.324,0.8755,0,0,-1.7462746666666669,12.324867611691953,-2.6417055733915946,115.31198406266665,0.9346863110156262
81504.0,0.0417,0.3121,0.8759,0,0,0,12.451047472875786,-2.643652485476723,115.31198406266665,0.9307771537806458
81515.0,0.0389,0.3053,0.8737,0.864246333333333,1.1192073333333334,0.5133253333333334,12.585229122946801,-2.6331204462574056,115.31480735199999,0.9263222927253776
81526.0,0.0326,0.2977,0.8848,1.207746333333333,1.3711073333333335,1.3301253333333334,12.720211896062173,-2.6188627640450624,115.32212304133333,0.9341087142297732
81537.0,0.0247,0.2959,0.9008,1.9405463333333328,0.5008073333333334,1.9102253333333334,12.859376296014474,-2.6120595791268886,115.33262928066667,0.9484764309143375
81548.0,0.0214,0.2921,0.8967,2.230646333333333,-1.3006926666666665,1.9102253333333334,12.997694223273339,-2.6224251783897516,115.34313552,0.9433192778693755
81559.0,0.0199,0.2911,0.8923,1.3451463333333329,-2.3006926666666665,1.6812253333333333,13.122686193437733,-2.6410490283341366,115.35238225933334,0.9387941787207673
81570.0,0.0187,0.2802,0.8733,0,-1.3540926666666664,0.7575253333333334,13.229236380235035,-2.646954833877789,115.35654864866667,0.9173410598027322
81581.0,0.0114,0.2754,0.859,-1.6243536666666671,0.7680073333333335,-0.5401746666666667,13.314846139192067,-2.627055575042984,115.353577688,0.9021397452723164
81592.0,0.009,0.2712,0.8571,-1.922053666666667,2.5924073333333335,-1.8072746666666668,13.393940479535445,-2.585038889195446,115.34363767733333,0.8990277248227665
81603.0,0.0081,0.2717,0.8566,-0.6853536666666671,2.5390073333333336,-2.7538746666666665,13.483417756800195,-2.5417444193972747,115.32849136666667,0.8986935295193796
81614.0,0.0098,0.2728,0.8546,1.8795463333333329,0.9359073333333334,-3.486674666666667,13.597721218575119,-2.5143896593121053,115.309314656,0.897138250215651
81625.0,0.0194,0.2825,0.8491,4.803146333333333,0,-4.059274666666667,13.74166939690547,-2.496952411905918,115.28698864533334,0.8950717401415375
81636.0,0.0206,0.2979,0.8549,7.100846333333333,-0.6059926666666664,-4.150874666666667,13.909480610525742,-2.485882159090461,115.26415883466667,0.905551091877206
81647.0,0.0228,0.3048,0.8667,8.719246333333333,-0.9342926666666664,-3.6088746666666665,14.093512801245453,-2.478353675764904,115.244310024,0.9190167408703718
81658.0,0.0292,0.3069,0.8771,9.558846333333333,-1.9266926666666664,-2.5019746666666665,14.28466250058782,-2.482279516350995,115.23054916333334,0.9297013821652628
81669.0,0.0267,0.3077,0.8723,10.184846333333333,-3.9571926666666664,-1.1050746666666666,14.480593977066734,-2.5082499129136897,115.22447125266667,0.9253645065594421
81680.0,0.0287,0.2968,0.8215,11.375646333333334,-5.552592666666667,0,14.68785286812048,-2.5515686799038906,115.22447125266667,0.8739428928711532
81691.0,0.0314,0.298,0.776,14.368046333333334,-4.453392666666666,0,14.927407790329989,-2.5833227597980386,115.22447125266667,0.8318449134303821
81702.0,0.0371,0.3184,0.7628,20.284046333333333,-2.3464926666666663,0.9865253333333334,15.232778119462115,-2.593611413631072,115.22989714200001,0.8274169505152768
81713.0,0.0494,0.3385,0.7947,27.58174633333333,-1.7128926666666664,2.5514253333333334,15.618003219429696,-2.6001194015598204,115.24392998133335,0.8651998035136161
81724.0,0.0614,0.3556,0.8363,33.726846333333334,-5.170892666666667,5.620125333333334,16.068599526574637,-2.648158114718708,115.27484067066669,0.9108342384868939
81735.0,0.079,0.3688,0.8616,38.490146333333335,-10.522092666666666,10.146825333333334,16.568085524615796,-2.759112475147873,115.33064821000002,0.9405365489974327
81746.0,0.0863,0.3722,0.8641,41.66574633333333,-15.453392666666666,14.826225333333333,17.097927404239126,-2.9275214951355153,115.41219244933336,0.944801217188039
81757.0,0.0961,0.365,0.8333,43.58184633333333,-17.873192666666665,18.780425333333334,17.64378142834969,-3.126035086102917,115.5154847886667,0.9147945671023632
81768.0,0.0884,0.3597,0.8097,46.215346333333336,-16.224392666666667,21.192625333333332,18.21291691814178,-3.308621406374805,115.63204422800003,0.8904003256962566
81779.0,0.0697,0.3645,0.8177,50.10084633333334,-12.186192666666667,22.162125333333332,18.818046577619533,-3.4466826501872387,115.75393591733337,0.8979708402838034
81790.0,0.0571,0.3694,0.8573,53.65054633333333,-7.819792666666666,21.765225333333333,19.453052453536465,-3.535253917289596,115.8736446566667,0.935243315934415
81801.0,0.0533,0.3722,0.9087,54.444346333333336,-5.048792666666667,19.833925333333333,20.0851823967107,-3.591531715075806,115.98273124600003,0.9834172156312904
81812.0,0.0424,0.3766,0.9355,51.513046333333335,-3.1556926666666665,16.612525333333334,20.673499703163866,-3.6240218923443117,116.07410013533337,1.0093490823297953
81823.0,0.0444,0.4078,0.9619,44.558846333333335,2.4550073333333335,11.849125333333333,21.17780906754602,-3.593444588166436,116.1392703246667,1.045716888072484
81834.0,0.0315,0.4037,0.9877,34.406246333333335,10.775607333333333,6.482725333333333,21.563388153368244,-3.470209888917627,116.17492531400003,1.0674817234969411
81845.0,0.0203,0.3901,0.9539,22.780246333333334,18.065707333333332,1.4675253333333333,21.816653034406972,-3.2665099021056663,116.18299670333337,1.0307838328185013
81856.0,0.0104,0.3953,0.8589,16.406246333333332,22.958807333333333,-5.799674666666666,22.00163667889038,-3.0096155878334967,116.1510984926667,0.9455577507482026
81867.0,0.0156,0.4142,0.8182,17.306946333333332,27.714607333333333,-11.509574666666666,22.20154724840014,-2.7034154002977173,116.08779583200004,0.917200218054924
81878.0,0.0245,0.4414,0.8467,21.261146333333333,30.630607333333334,-13.479074666666666,22.449826045085743,-2.370006721953932,116.01366092133337,0.9551623422225145
81889.0,0.0342,0.4591,0.8854,22.864246333333334,29.264207333333335,-12.364574666666666,22.719253781290455,-2.0573268049796236,115.9456557606667,0.9979356742796601
81900.0,0.05,0.4573,0.8799,21.635246333333335,25.233707333333335,-10.738574666666667,22.97796114119917,-1.7958430231980929,115.88659360000003,0.9928984338793169
81911.0,0.0682,0.4541,0.8022,20.650546333333335,23.523707333333334,-9.891274666666666,23.231399192430466,-1.5622356228630638,115.83219158933336,0.9243283453405505
81922.0,0.0573,0.473,0.7679,22.971146333333333,27.874907333333333,-8.998174666666666,23.518163000852333,-1.2890331609396886,115.7827016286667,0.9037049850476648
81933.0,0.0309,0.5048,0.8317,26.009246333333333,31.653507333333334,-6.1966746666666666,23.84430020087192,-0.9790091369189199,115.74861991800003,0.9733975241390334
81944.0,0.0103,0.5159,0.9358,26.48254633333333,28.409207333333335,-0.5859746666666668,24.175836798641885,-0.7053575244065159,115.74539705733336,1.0686348955560079
81955.0,-0.0106,0.4928,0.9706,23.650546333333335,17.18790733333333,5.963625333333333,24.472002688326658,-0.5509719564804874,115.7781969966667,1.0885901708172825
81966.0,-0.0231,0.4489,0.9211,19.658146333333335,5.6688073333333335,9.696525333333334,24.718749266589093,-0.5161301253387767,115.83152788600003,1.0249244020902224
81977.0,-0.0449,0.4094,0.818,16.82604633333333,-1.1021926666666664,8.727025333333334,24.93081662595848,-0.545594703003674,115.87952652533336,0.9158320643000003
81988.0,-0.0594,0.3942,0.7356,17.001646333333333,-0.5601926666666666,4.253725333333334,25.14396783142933,-0.5583195594808623,115.9029220146667,0.8366775723060825
81999.0,-0.0725,0.3965,0.7115,19.703946333333334,4.569507333333334,-1.3111746666666666,25.386691473064786,-0.5041717084684297,115.89571055400003,0.8177412488067359
82010.0,-0.0835,0.4204,0.7594,22.322246333333332,8.821407333333333,-5.654674666666667,25.657062509231938,-0.39325464952970496,115.86460984333337,0.872007322216964
82021.0,-0.0787,0.4366,0.8142,23.360446333333332,8.752707333333333,-7.9905746666666655,25.935800099356904,-0.27504135412788805,115.8206616826667,0.9272189007995901
82032.0,-0.0577,0.4357,0.8566,23.345146333333332,6.577207333333334,-10.082174666666667,26.208662963438424,-0.17637616501443512,115.76520972200002,0.9627706580489458
82043.0,-0.0286,0.4285,0.8667,20.635246333333335,5.042807333333334,-12.975274666666666,26.445420596547816,-0.09461973603972794,115.69384571133335,0.9672637179177146
82054.0,-0.0117,0.4401,0.8536,14.780246333333332,7.462707333333334,-15.952374666666667,26.615036836934124,0.010759338770242636,115.60610765066669,0.9604466981566442
82065.0,-0.0259,0.4629,0.8596,6.635246333333333,12.325307333333335,-17.410374666666666,26.69620872622709,0.16762102864086853,115.51035059000002,0.9766572479636856
82076.0,-0.0428,0.4873,0.8396,-2.0746536666666673,15.623007333333334,-17.005774666666667,26.688026749927346,0.36030262718361533,115.41681882933335,0.9717104970102978
82087.0,-0.0586,0.4891,0.799,-7.578553666666666,17.34050733333333,-13.792074666666666,26.628640514712192,0.5730218302319461,115.34096241866669,0.9386446452199043
82098.0,-0.0604,0.4701,0.7698,-6.860953666666667,16.485607333333334,-10.921874666666666,26.58498975530489,0.777537017054806,115.28089210800003,0.9040100718465476
82109.0,-0.0637,0.4625,0.7554,-2.364753666666667,12.920707333333334,-10.196674666666667,26.59687373713894,0.9448785335767621,115.22481039733337,0.8880276459660476
82120.0,-0.0717,0.4622,0.7548,4.184846333333333,8.119207333333334,-10.486674666666666,26.684736441867724,1.0631318053255083,115.1671336866667,0.8879711538107531
82131.0,-0.0723,0.4675,0.7468,10.459646333333334,4.241307333333333,-11.639374666666667,26.844625957867127,1.1428570773186428,115.10311712600003,0.8840213685200149
82142.0,-0.0585,0.4796,0.7274,15.306946333333332,3.9054073333333337,-13.356974666666666,27.06168107211921,1.2207031819159593,115.02965376533336,0.8732406140348719
82153.0,-0.048,0.4951,0.729,17.619946333333335,8.142107333333334,-14.669874666666667,27.308324418900764,1.3442017303370293,114.9489694546667,0.8825355573573226
82164.0,-0.05,0.5043,0.7417,17.276446333333332,14.409207333333335,-14.883674666666666,27.554683086295015,1.5343883681001314,114.86710924400003,0.8982969330906123
82175.0,-0.0498,0.5071,0.7937,14.910046333333334,20.187907333333335,-14.501974666666666,27.775145870470826,1.7840781893289521,114.78734838333337,0.943180862825365
82186.0,-0.0382,0.4956,0.8618,12.238246333333333,19.569507333333334,-13.776774666666666,27.960973893571193,2.0208112451695595,114.7115761226667,0.9948757912423037
82197.0,-0.0239,0.4991,0.889,9.963446333333334,14.012307333333334,-13.082174666666667,28.11603212818472,2.189524760069089,114.63962416200003,1.0198004804862566
82208.0,-0.0162,0.5096,0.8738,9.039846333333333,6.913007333333333,-12.043974666666665,28.257849021517107,2.2743774255470535,114.57338230133337,1.011672397567513
82219.0,-0.0204,0.5359,0.827,9.314646333333334,2.9436073333333335,-10.356974666666666,28.405217204194024,2.312118026433515,114.5164189406667,0.9856642278179725
82230.0,-0.0317,0.5634,0.7887,9.971146333333333,2.8901073333333334,-7.830274666666666,28.56674506667114,2.3479962371686436,114.47335243000003,0.9697794285300136
82241.0,-0.0406,0.5814,0.7988,9.932946333333334,4.561907333333334,-4.7233746666666665,28.734806280028565,2.4018915619468983,114.44737386933336,0.9888153315963502
82252.0,-0.0393,0.5778,0.8439,8.169546333333333,4.539007333333334,-1.0515746666666665,28.886369630003397,2.4546330868519237,114.4415902086667,1.0235060038905488
82263.0,-0.0476,0.5654,0.895,4.360446333333333,0.5161073333333335,2.5972253333333333,28.994575236147764,2.46393763921006,114.45587494800003,1.0597018071136806
82274.0,-0.0529,0.5258,0.9016,0,-6.163292666666667,5.948425333333333,29.049895135737696,2.40260948722752,114.48859128733336,1.045058184983018
82285.0,-0.054,0.4926,0.8644,-4.372353666666667,-10.827392666666666,6.589625333333334,29.05264315438433,2.2940044208552934,114.5248342266667,0.9963724805513247
82296.0,-0.0426,0.4731,0.8069,-8.143353666666666,-10.728192666666667,4.757525333333334,29.012389305914404,2.1890562726014715,114.55100061600002,0.9363364673022192
82307.0,-0.0291,0.4695,0.774,-10.670153666666668,-6.651792666666665,2.414025333333333,28.945317883325615,2.1288828385188427,114.56427775533336,0.9057334376073348
82318.0,-0.0238,0.4816,0.7952,-13.364753666666667,-1.5372926666666666,0.5438253333333334,28.850121394477412,2.1230142989775596,114.5672687946667,0.9299720640965513
82505.0,-0.0405,0.3296,0.549,-73.37235366666667,9.157307333333334,1.5438253333333334,15.45403629176653,3.814154959832441,114.71161646333337,0.6416209239106843
82516.0,-0.0809,0.2876,0.5153,-61.32655366666667,12.867207333333335,1.3606253333333334,15.107878632051452,3.9403530231335324,114.7190999026667,0.5956447431145514
82527.0,-0.1122,0.2651,0.4979,-45.158653666666666,18.966507333333332,-1.9676746666666665,14.938394306411967,4.142810253757061,114.70827769200004,0.5751271685462268
82538.0,-0.1453,0.2572,0.5414,-26.441053666666665,26.806207333333333,-7.089774666666667,14.965480886429086,4.442974953018761,114.66928393133337,0.6167478333970862
82549.0,-0.1726,0.2607,0.655,-12.204453666666668,33.439807333333334,-13.517274666666665,15.129549287252178,4.827558024502662,114.5949389206667,0.7257962868463851
82560.0,-0.1847,0.2856,0.8469,-5.189153666666667,35.24130733333333,-21.227174666666667,15.341239596327249,5.2396074643843376,114.47818946000004,0.9126450898350355
82571.0,-0.1777,0.3253,1.0424,-10.593753666666666,29.470307333333334,-28.692774666666665,15.461280983454538,5.590168067248478,114.32037919933337,1.1063431384520808
82582.0,-0.1516,0.3265,1.1725,-24.601453666666668,17.592407333333334,-33.72337466666667,15.39620954987543,5.807094389707479,114.1349006386667,1.2265158213410865
82593.0,-0.1183,0.303,1.2317,-39.31135366666667,2.0046073333333334,-35.15847466666667,15.14196840791381,5.847366516226894,113.94152902800003,1.2739265206439498
82604.0,-0.0935,0.3101,1.1869,-52.83805366666667,-14.980092666666668,-33.38747466666667,14.723289956308975,5.697709733840537,113.75789791733337,1.2302990977806982
82615.0,-0.0748,0.3453,1.0708,-62.87625366666666,-27.209092666666667,-29.540174666666665,14.193578963522352,5.413404326706367,113.5954269566667,1.1275813806550725
82626.0,-0.0604,0.3691,0.9297,-68.62435366666666,-30.392292666666666,-24.242474666666666,13.611472120848395,5.0954653301612876,113.46209334600003,1.0021103033099699
82637.0,-0.0577,0.3455,0.8,-68.02125366666667,-22.506792666666666,-18.120274666666667,13.04974359924828,4.865712453828749,113.36243183533337,0.8733267086262735
82648.0,-0.073,0.2876,0.7958,-60.90675366666667,-11.537292666666666,-13.234774666666667,12.571682698275227,4.757906779407499,113.2896405746667,0.8493176084363258
82659.0,-0.0857,0.2585,0.8625,-52.441153666666665,-4.842692666666666,-9.883674666666666,12.184223032651431,4.724386508193844,113.23528036400003,0.9044738746918012
82670.0,-0.1084,0.2173,0.9246,-48.38005366666667,-3.499192666666666,-8.356974666666666,11.831577217104751,4.708105302689803,113.18931700333337,0.9559576402749235
82681.0,-0.0818,0.142,0.9802,-48.044153666666666,-0.6059926666666664,-9.433274666666666,11.463870349140425,4.7210896321582485,113.1374339926667,0.9938044475650126
82692.0,-0.1888,0.2651,1.153,-52.98305366666667,7.600107333333334,-11.341674666666666,11.034272624507272,4.83140988525653,113.07505478200004,1.1980536089841722
82703.0,-0.2212,0.2764,1.167,-55.09755366666667,3.8291073333333334,-18.540174666666665,10.57732225282075,4.910339101246989,112.97308382133338,1.2195144115589616
82714.0,-0.2041,0.1912,1.105,-54.47165366666667,9.607707333333334,-31.37217466666667,10.117851477528077,5.058690038266426,112.80053686066671,1.1398417653341186
82725.0,-0.1589,0.1256,1.1744,-54.731153666666664,13.332907333333335,-44.59357466666667,9.639610107896473,5.245564174183134,112.55527220000005,1.1917381969207836
83085.0,-0.0051,0.2009,0.8441,-40.92205366666667,-29.957192666666668,-32.242474666666666,-4.680173833046012,-5.295802460913302,106.75162676000005,0.86769328106192
83096.0,-0.0498,0.2788,0.847,-51.28845366666667,-27.552592666666666,-26.250074666666666,-4.824332076301978,-5.360206816154201,106.60725134933338,0.8930948885756764
83107.0,-0.1157,0.2892,0.8708,-57.731153666666664,-32.45339266666667,-16.998174666666667,-5.0304548039063475,-5.473880187026114,106.51376138866671,0.9248328335434464
83118.0,-0.1825,0.262,0.9041,-60.09755366666667,-42.66709266666667,-8.105074666666667,-5.2581151246316,-5.685754861006901,106.46918347800005,0.9588258757459562
83129.0,-0.167,0.281,0.8199,-68.31895366666667,-36.75109266666667,-4.646974666666667,-5.565102482503033,-5.821452050234083,106.44362511733338,0.8826584900175152
83140.0,-0.0986,0.3252,0.7272,-79.97545366666667,-11.567892666666665,-2.3263746666666667,-5.978782405340565,-5.68234736927469,106.43083005666672,0.8026810325403235
83151.0,-0.0333,0.3097,0.8478,-89.03655366666666,12.974107333333334,1.5438253333333334,-6.475706715445967,-5.290990416655983,106.43932109600006,0.9032097320113418
83162.0,-0.0815,0.1953,0.9255,-91.61665366666666,16.019907333333332,7.230825333333334,-7.0010330699184165,-4.878414331184413,106.47909063533339,0.9493864281734808
83173.0,-0.0527,0.0454,1.0068,-86.02125366666667,11.806207333333333,6.5514253333333325,-7.484892815085325,-4.527616497181095,106.51512347466672,1.0092000247720965
83184.0,-0.0232,-0.0654,0.9802,-76.03655366666666,5.760407333333333,0,-7.8898023159165716,-4.259446572803488,106.51512347466672,0.9826532653993473
83195.0,-0.078,0.1134,1.2438,-45.616653666666664,4.554307333333334,-7.135574666666667,-7.979139575831658,-4.015325596333953,106.47587781400006,1.2513920249066637
83206.0,-0.0503,0.1166,1.1641,0,17.638207333333334,-7.448574666666666,-7.590143529880456,-3.642218236791457,106.43491065333339,1.1710057472104909
83217.0,0.0132,-0.2971,0.9238,17.635246333333335,11.577207333333334,-19.234774666666667,-7.07398896980067,-3.3531866731096094,106.32911939266673,0.9704890983416556
83228.0,-0.0101,-0.0219,0.8293,11.719246333333333,-11.766292666666667,-31.708074666666665,-6.649335352929693,-3.3282701373931887,106.15472498200006,0.8296505951302633
83239.0,-0.0551,0.1433,0.8271,-5.509853666666666,-24.506792666666666,-21.692774666666665,-6.415442449342658,-3.4419364812136717,106.0354147213334,0.8412284529187062
83250.0,-0.1036,0.1323,0.9137,-16.891453666666667,-38.315992666666666,-8.845474666666666,-6.308574492791417,-3.697765365887408,105.98676461066673,0.9290231105844461
83261.0,-0.1136,0.0499,0.9468,-19.46405366666667,-49.422792666666666,-4.799674666666666,-6.241650909090854,-4.0633165116077405,105.96036640000005,0.9548953921765462
83272.0,-0.0811,0.1094,0.6343,-32.23495366666667,-19.651792666666665,-6.616474666666667,-6.310659363286952,-4.096955503022506,105.92397578933338,0.6487542369803838
83283.0,-0.0233,0.087,1.0537,-36.05175366666667,16.065707333333332,0,-6.42610280589169,-3.753018574867748,105.92397578933338,1.057542235563195
83294.0,-0.082,-0.0402,1.0027,-36.456353666666665,3.9283073333333336,26.872025333333333,-6.5641241718585475,-3.5462966381618037,106.07177192866672,1.0068502023637875
83305.0,-0.1116,0.0991,0.851,-34.10525366666667,-19.285392666666667,44.10872533333333,-6.673537796809293,-3.5883934230437258,106.31436991800005,0.8639886399716145
83316.0,-0.123,0.2324,0.7867,-44.502153666666665,6.409207333333333,39.673625333333334,-6.875041812886067,-3.3454508216053176,106.53257485733339,0.8294791438004936
83327.0,-0.0081,0.1592,0.8958,-48.693053666666664,4.500807333333333,38.87972533333333,-7.112040214076257,-3.1369384096898796,106.74641334666671,0.9098724580950893
83338.0,-0.0046,-0.2048,1.0222,-42.40295366666667,-11.415192666666666,29.314825333333335,-7.318091993153351,-3.113900502872926,106.90764488600004,1.0425243594276346
83349.0,-0.0007,-0.1665,0.9945,-38.731153666666664,-15.468592666666666,14.383525333333333,-7.51239403370514,-3.143840626899887,106.98675427533338,1.008341702995567
83360.0,-0.0139,-0.0385,0.8737,-45.96785366666667,-14.453392666666666,2.4904253333333335,-7.792820012487615,-3.167559893872612,107.00045161466672,0.8746583047110454
83371.0,-0.1312,0.339,1.8494,-24.975453666666667,-59.48389266666667,0,-7.815104174811417,-3.674055991471513,107.00045161466672,1.8847850805861128
83382.0,-0.0142,0.0718,1.1647,-29.311353666666665,-43.98009266666667,-7.700474666666667,-7.885989263055379,-4.009770854792934,106.95809900400005,1.1669974164495824
83393.0,0.0391,-0.1666,0.6721,-19.082353666666666,-35.85029266666667,-21.166074666666667,-7.8702334183731475,-4.260005997418603,106.84168559333338,0.6935436395786497
83404.0,0.0352,-0.006,0.9266,-19.42585366666667,-28.980092666666668,-22.715674666666665,-7.8651389905536355,-4.440503565371566,106.71674938266672,0.9272877654752056
83415.0,0.0558,-0.1475,0.6093,-5.044153666666666,-6.873192666666666,-22.410374666666666,-7.72651415477416,-4.388796990561192,106.59349232200006,0.6293777720892277
83426.0,0.0338,-0.0518,0.9536,3.352746333333333,3.1497073333333336,-19.150874666666667,-7.509959615441255,-4.237861767423144,106.4881625113334,0.9556038091175653
83437.0,-0.0121,-0.041,1.0386,-0.776953666666667,-2.552592666666667,-16.547774666666665,-7.349952287756592,-4.153132911119392,106.39714975066673,1.0394793744947515
83448.0,-0.0226,-0.0118,0.8726,-3.7311536666666667,-4.079292666666667,-12.891274666666666,-7.228083105583261,-4.0863559471894515,106.32624774000006,0.8729723706968051
83459.0,-0.0168,0.028,0.8694,0,0,-9.196674666666667,-7.066417978662296,-3.9774516730065406,106.2756660293334,0.8700129884087937
83470.0,-0.0219,0.0746,0.9523,-0.5556536666666669,0.7069073333333334,-7.501974666666666,-6.906644855569424,-3.8631887431694887,106.23440516866673,0.9554685028822248
83481.0,-0.0367,0.1337,0.9268,-1.7769536666666672,0,-8.112674666666667,-6.749383368531042,-3.7570334774569276,106.18978545800006,0.9371130241331618
83492.0,-0.0175,0.1287,0.9224,0,0,-9.021074666666665,-6.564198195057584,-3.6537034362674916,106.1401695473334,0.9314997047771942
83503.0,-0.0153,0.0819,0.9475,0,-0.5907926666666667,-9.937074666666666,-6.377810264640919,-3.5597845494803404,106.08551563666673,0.9511561123180569
83514.0,-0.012,0.0521,0.916,-0.6548536666666671,-0.6823926666666664,-10.173774666666667,-6.20123262388692,-3.4699228832875946,106.02955987600006,0.9175589408860882
83525.0,-0.0066,0.0464,0.9301,0,0,-8.715674666666667,-6.021023719578346,-3.3762773471043066,105.9816236653334,0.9312800491796225
83536.0,-0.0122,0.0385,0.9377,0,-0.9418926666666665,-6.9828746666666675,-5.845335413954672,-3.295592530860875,105.94321785466674,0.9385693261555057
83547.0,-0.0067,0.0273,0.9282,-0.8304536666666671,-1.5678926666666664,-6.181374666666667,-5.684249624098478,-3.2247604678251305,105.90922029400008,0.928625554246705
83558.0,-0.0192,0.0537,0.9307,-0.9449536666666669,-1.3922926666666666,-5.402774666666666,-5.526336273554849,-3.1532716224625896,105.87950503333342,0.9324456123549513
83569.0,-0.0176,0.0912,0.9137,-0.8609536666666671,-1.0640926666666664,-3.677574666666666,-5.364827770604409,-3.07966792870222,105.85927837266675,0.9184088904186413
83580.0,-0.0126,0.0924,0.9362,-0.784653666666667,-0.9800926666666667,-1.3340746666666665,-5.200452921435054,-3.0072911562119313,105.85194096200009,0.940833120165314
83591.0,-0.0143,0.0115,0.9385,-1.433453666666667,-1.5296926666666666,0,-5.051523693858066,-2.942677307548559,105.85194096200009,0.9386793861590867
83602.0,-0.0072,-0.0018,0.9293,-2.364753666666667,-1.0563926666666665,-0.6240746666666666,-4.921830444171188,-2.8754555677092135,105.84850855133342,0.9293296347367817
83613.0,-0.014,-0.0095,0.9363,-2.937253666666667,0,-0.8912746666666667,-4.8074872553647,-2.7984532822528605,105.84360654066676,0.9364528498541719
83624.0,-0.0088,-0.0027,0.9347,-3.4869536666666665,0,-1.0744746666666667,-4.706442166037108,-2.723861992334517,105.83769693000009,0.9347453236042425
83635.0,0.0005,-0.0017,0.9215,-3.410553666666667,0,-0.8072746666666666,-4.610995427997032,-2.6526632056330914,105.83325691933342,0.9215017037423209
83646.0,0.0004,-0.0054,0.9182,-3.410553666666667,0,0,-4.521872709264406,-2.5845858685527565,105.83325691933342,0.9182159658816655
83657.0,0.0278,-0.01,0.8433,-0.929653666666667,1.5695073333333334,0,-4.412104087278667,-2.5057765350811483,105.83325691933342,0.8438173558300398
83668.0,-0.0295,-0.0037,1.0223,1.719246333333333,0.6688073333333334,0,-4.279647237609462,-2.435746257066386,105.83325691933342,1.0227322376849182
83679.0,-0.0251,-0.0135,0.8875,-1.570853666666667,-1.6288926666666663,0,-4.189428619380723,-2.390001855974238,105.83325691933342,0.8879574933520185
83690.0,0.0142,-0.0082,0.9165,0.734446333333333,0,0,-4.079307400211467,-2.330810618129263,105.83325691933342,0.9166466767517352
83701.0,-0.021,-0.0037,0.9498,0,0,0,-3.981644446768438,-2.271377974430649,105.83325691933342,0.9500393307647848
83712.0,0.0031,-0.0077,0.9092,-1.1128536666666669,-1.1098926666666666,0,-3.9004588733275694,-2.2267384103902335,105.83325691933342,0.9092378896636457
83723.0,-0.0089,-0.0042,0.9486,0,-1.3693926666666667,0,-3.810801161443087,-2.1858325002182664,105.83325691933342,0.9486510475406645
83734.0,-0.0059,-0.0189,0.8695,-0.7998536666666671,-1.0411926666666664,0,-3.7350011763096975,-2.1425228939058427,105.83325691933342,0.869725399192182
83745.0,-0.0074,-0.0039,0.9364,0,0,0,-3.65340908537173,-2.089033807148114,105.83325691933342,0.9364373604251381
83756.0,-0.0171,-0.0123,0.9205,-0.6930536666666671,-1.6136926666666667,0,-3.5831313220535628,-2.0529496558221942,105.83325691933342,0.9207409787774192
83767.0,0.0117,-0.0079,0.8832,0,0,0,-3.508220997332629,-2.002771453131161,105.83325691933342,0.8833128211454875
83778.0,0.0045,-0.0051,0.967,0,0,0,-3.4357803409882535,-1.9551078495255574,105.83325691933342,0.9670239190423368
83789.0,-0.011,-0.0101,0.8948,0,0,0,-3.3662649594345693,-1.9077686621193979,105.83325691933342,0.894924605762966
83800.0,0.0079,-0.0029,0.9347,0,0,0,-3.2985808519684734,-1.863190930207706,105.83325691933342,0.9347378830452953
83811.0,-0.0049,-0.0151,0.8965,0,0,0,-3.234165231296811,-1.81952025782786,105.83325691933342,0.8966405467075421
83822.0,-0.0081,-0.0116,0.9279,0,0,0,-3.1723241406480276,-1.776360769210714,105.83325691933342,0.9280078555701994
83833.0,0.0015,-0.0063,0.9419,0.749746333333333,0,0,-3.1041295746504733,-1.734941199496868,105.83325691933342,0.9419222632468137
83844.0,-0.0084,-0.0107,0.9026,0,0,0.5896253333333333,-3.046385458904156,-1.6938824674481707,105.83649985866676,0.9027025035968383
83855.0,0.0034,-0.0243,0.9406,0.6199463333333329,-0.5525926666666665,1.1850253333333334,-2.9856875009161445,-1.6606719128755199,105.8430174980001,0.9409199806572289
83866.0,-0.0164,-0.2599,0.9254,0,-0.5754926666666664,0,-2.9644329860217025,-1.6268673487358645,105.8430174980001,0.9613439186888322
83877.0,0.0192,-0.198,0.9413,-2.364753666666667,-2.9189926666666666,1.3072253333333332,-2.9896682242185606,-1.6220712470227026,105.85020723733342,0.962090603841447
83888.0,-0.0117,-0.0743,0.9083,-2.708253666666667,-3.6899926666666665,6.818625333333333,-3.0215002366016175,-1.6245970638992422,105.88770967666676,0.911408947728735
83899.0,-0.0096,0.0312,0.9281,-2.425853666666667,-3.773992666666666,14.001825333333334,-3.0395296909690495,-1.62727051148902,105.96471971600009,0.9286738986318072
83910.0,-0.0133,0.0389,0.9153,-2.0136536666666673,-2.834992666666667,18.856825333333333,-3.0427524444414833,-1.6186641996996824,106.06843225533342,0.9162227840432697
83921.0,-0.0051,0.0194,0.912,-2.059453666666667,-2.3693926666666667,20.704125333333334,-3.0398141286819116,-1.6052320256259696,106.18230494466675,0.9122205709147322
84106.0,-0.0018,-0.0063,0.9236,0,0,0,-3.0119406793717074,-1.5669639010157683,106.18230494466675,0.9236232402879434
84117.0,-0.004,-0.0089,0.9288,0,0,0,-2.982416973502148,-1.5295847856261229,106.18230494466675,0.9288512528925177
84128.0,-0.0088,-0.0107,0.9309,0,0,0,-2.951715889805919,-1.492470211788395,106.18230494466675,0.9310030827016632
84139.0,-0.0045,-0.007,0.9276,0,-0.5830926666666665,0,-2.919591542626715,-1.4624804253481627,106.18230494466675,0.9276373267608413
84150.0,-0.0048,-0.0056,0.915,0,0,0,-2.8861379911137006,-1.4268458130426884,106.18230494466675,0.9150297262930861
84161.0,-0.0054,-0.0061,0.9178,0,0,0,-2.851630611755162,-1.3918883709476844,106.18230494466675,0.9178361564026555
84172.0,-0.0059,-0.0074,0.9222,0,0,0,-2.8164120679344444,-1.3575390455429184,106.18230494466675,0.9222485619397842
84183.0,-0.0039,-0.0079,0.9296,0,0,0,-2.7806821562572823,-1.3240482855145463,106.18230494466675,0.9296417482019619
84194.0,-0.0035,-0.007,0.9264,0,0,0,-2.744469352475348,-1.291429023363504,106.18230494466675,0.9264330574844575
84205.0,-0.0106,-0.0071,0.9227,0,0,0,-2.7079233914885217,-1.2587601614990036,106.18230494466675,0.9227881988842292
84216.0,-0.0078,-0.0103,0.9277,0,-0.6365926666666666,0,-2.671543904802014,-1.2333265684055321,106.18230494466675,0.9277899654555443
84227.0,-0.0061,-0.0093,0.9153,0,0,0,-2.6352835442252514,-1.2014880143531348,106.18230494466675,0.9153675709790029
84238.0,0.0009,-0.0043,0.9255,0,0,0,-2.5985610790290963,-1.1711168389833724,106.18230494466675,0.9255104267375922
84249.0,-0.0079,-0.0063,0.9351,0,0,0,-2.5617372796859676,-1.1410153005604304,106.18230494466675,0.9351545914981116
84260.0,-0.0104,-0.0112,0.9285,0,0,0,-2.525516812104378,-1.1108978015922015,106.18230494466675,0.9286257857716422
84271.0,-0.0088,-0.0088,0.9207,0,-0.6670926666666666,0,-2.48961616343284,-1.088209879435919,106.18230494466675,0.920784106074817
84282.0,-0.0009,-0.0092,0.9169,0,-0.5372926666666666,0,-2.454124635121058,-1.0652252906475002,106.18230494466675,0.9169465960458112
84293.0,-0.002,-0.0051,0.9202,0,0,0,-2.418550726636216,-1.037359013572396,106.18230494466675,0.9202163060933012
84304.0,-0.0061,-0.006,0.9288,0,0,0,-2.38307444947005,-1.0099531442102758,106.18230494466675,0.9288394102319302
84315.0,-0.0061,-0.0083,0.9315,0,0,0,-2.3480372441162616,-0.983010233797057,106.18230494466675,0.9315569494131853
84326.0,-0.0062,-0.0076,0.9227,0,-0.5601926666666666,0,-2.3133827801849405,-0.9625496484069668,106.18230494466675,0.9227521281470988
84337.0,-0.0079,-0.0066,0.9207,0,-0.5830926666666665,0,-2.2790136844628783,-0.9424469323202996,106.18230494466675,0.9207575468058896
84348.0,-0.0055,-0.0063,0.9207,0,0,0,-2.244927544032612,-0.9164896522728502,106.18230494466675,0.9207379811868304
84696.0,-0.0024,-0.0059,0.9183,0,0,0,-2.211112157958304,-0.8914606754862745,106.18230494466675,0.9183220894653465
84707.0,-0.0081,-0.0078,0.929,0,0,0,-2.1778260052833422,-0.8666012256962786,106.18230494466675,0.9290680545578994
84718.0,-0.0077,-0.0118,0.9288,0,0,0,-2.145569463045845,-0.841990804986592,106.18230494466675,0.9289068683135032
84729.0,-0.007,-0.0076,0.9221,0,-0.8655926666666667,0,-2.113772871388591,-0.8270619320109635,106.18230494466675,0.922157887782781
84740.0,-0.0006,-0.0065,0.9241,0,0,0,-2.08230675816426,-0.8037681689531747,106.18230494466675,0.9241230545766078
84751.0,-0.0001,-0.0045,0.9269,0,-0.5449926666666665,0,-2.0509439514504035,-0.7874800072998166,106.18230494466675,0.9269109288383647
84762.0,-0.0087,-0.0087,0.9308,0,0,0,-2.0202513308199155,-0.765177424436671,106.18230494466675,0.9308813135948105
84773.0,-0.0024,-0.0049,0.9083,0,0,0,-1.9897648784630166,-0.7436676660968875,106.18230494466675,0.9083163876095157
84784.0,-0.0052,-0.0054,0.9401,0,0,0,-1.9595490633076964,-0.7225746713466682,106.18230494466675,0.9401298899620201
84795.0,-0.0103,-0.0132,0.9255,0,-0.5296926666666666,0,-1.9306141818415952,-0.7069599959695652,106.18230494466675,0.9256514354766593
84806.0,-0.0131,-0.009,0.915,0,0,0,-1.9023584141218852,-0.6850036341449822,106.18230494466675,0.9151380278406095
84817.0,-0.0055,-0.0039,0.9353,0,0,0,-1.8741038362717626,-0.6635954519459807,106.18230494466675,0.9353243020471563
84828.0,-0.0076,-0.0095,0.9137,0,-0.5601926666666666,0,-1.8466240845357662,-0.648474025744232,106.18230494466675,0.9137809912665069
84839.0,-0.0092,-0.0071,0.9192,0,0,0,-1.819579295050871,-0.6272597914922383,106.18230494466675,0.9192734576827507
84850.0,-0.012,-0.0061,0.9365,0,-0.6823926666666664,0,-1.7928299137608925,-0.6131741043982616,106.18230494466675,0.9365967435348043
84861.0,-0.0057,-0.0051,0.9275,0,0,0,-1.7662805263191246,-0.592199865160016,106.18230494466675,0.9275315358520161
84872.0,-0.0004,-0.0062,0.9257,0,0,0,-1.7400988187962383,-0.5724671201723419,106.18230494466675,0.9257208488523956
84883.0,-0.0005,-0.0063,0.9224,0,0,0,-1.7143093786329853,-0.553853815129103,106.18230494466675,0.9224216497892924
84894.0,-0.0062,-0.0085,0.9261,0,0,0,-1.6891863527270015,-0.5355619630702917,106.18230494466675,0.9261597594367832
84905.0,-0.0079,-0.0095,0.9242,0,-0.5830926666666665,0,-1.6648270966279064,-0.5236638668229736,106.18230494466675,0.924282586658431
84916.0,-0.0017,-0.0072,0.9182,0,-0.6594926666666665,0,-1.6409114178498436,-0.5133589074731586,106.18230494466675,0.9182298023915364
84927.0,-0.0021,-0.0046,0.9253,0,0,0,-1.6171052799374006,-0.49658518320481954,106.18230494466675,0.9253138170372255
84938.0,0.0009,-0.0043,0.9237,0,0,0,-1.5934077629873247,-0.48090873488718,106.18230494466675,0.923710447055786
84949.0,-0.0079,-0.0063,0.9318,0,0,0,-1.570093811615165,-0.46514587413594055,106.18230494466675,0.9318547848243308
84960.0,-0.012,-0.0114,0.9164,0,0,0,-1.5478113267784717,-0.448819689102999,106.18230494466675,0.9165494640225371
84971.0,-0.0099,-0.0084,0.9233,0,-0.6059926666666664,0,-1.5261048976477098,-0.43882673911842146,106.18230494466675,0.9233912821767379
84982.0,-0.0022,-0.0098,0.925,0,0,0,-1.5051218837920401,-0.4229838386440109,106.18230494466675,0.9250545281225319
84993.0,-0.0013,-0.0027,0.9258,0,-0.7739926666666666,0,-1.4839378774852117,-0.4163480143283994,106.18230494466675,0.9258048498468778
85004.0,-0.0103,-0.0093,0.9204,0,0,0,-1.4634424706573266,-0.40087332620078475,106.18230494466675,0.9205046116125655
85015.0,-0.0094,-0.0084,0.9177,0,0,0,-1.443486662369474,-0.3852519677727274,106.18230494466675,0.9177865819459337
85026.0,-0.0068,-0.009,0.9297,0,0,0,-1.424109018301881,-0.3698648134512629,106.18230494466675,0.9297684281583237
85037.0,-0.0012,-0.0054,0.9309,0,-0.5220926666666665,0,-1.404832538747786,-0.3610382311325894,106.18230494466675,0.9309164355622903
85048.0,-0.0033,-0.0035,0.9255,0,-0.5449926666666665,0,-1.3854539894994307,-0.3529324368115247,106.18230494466675,0.9255125012661903
85059.0,-0.0081,-0.007,0.9192,0,0,0,-1.3664638005249212,-0.3387817813561804,106.18230494466675,0.91926234014018
85070.0,-0.0076,-0.0105,0.9189,0,0,0,-1.3482885964738511,-0.3246768278350314,106.18230494466675,0.918991414540963
85081.0,-0.0012,-0.0076,0.9244,0,0,0,-1.3305036170325428,-0.31143855966448813,106.18230494466675,0.9244320202156565
85092.0,-0.0001,-0.0065,0.9302,0,0,0,-1.3129562587790935,-0.29913136772243254,106.18230494466675,0.9302227152676933
85103.0,-0.0007,-0.0037,0.9222,0,-0.5907926666666667,0,-1.2953143027611451,-0.2939588124409573,106.18230494466675,0.9222076881050169
85114.0,-0.0076,-0.0062,0.9225,0,0,0,-1.2779337371161537,-0.28213341224700417,106.18230494466675,0.9225521394479556
85125.0,-0.0098,-0.0052,0.9231,0,0,0,-1.260693869707579,-0.26992315853549853,106.18230494466675,0.9231666642594933
85136.0,-0.0088,-0.0048,0.9127,0,-0.5754926666666664,0,-1.2435720438609827,-0.2637177392629737,106.18230494466675,0.912755043809674
85147.0,-0.0062,-0.01,0.9279,-0.5174536666666671,0,0,-1.2327986164312597,-0.2513677106339367,106.18230494466675,0.927974595557443
85158.0,-0.0046,-0.0085,0.9285,0,0,0,-1.2168605133079946,-0.2394052501075407,106.18230494466675,0.9285503001991868
85169.0,-0.0059,-0.0057,0.9307,0,0,0,-1.2010700317906653,-0.227648906636666,106.18230494466675,0.9307361548795663
85180.0,-0.0156,-0.0085,0.9105,0,-0.6441926666666666,0,-1.185807412363132,-0.22182292012568086,106.18230494466675,0.9106733003662729
85191.0,-0.0111,-0.009,0.9219,0,0,0,-1.1710924832468934,-0.2086117743992783,106.18230494466675,0.9220107483104523
85202.0,-0.0072,-0.0076,0.9235,0,0,0,-1.1567147408571488,-0.19564892571544518,106.18230494466675,0.9235593375631043
85213.0,-0.005,-0.0087,0.9305,0,0,0,-1.1427927213182107,-0.18321055976552225,106.18230494466675,0.9305541037467945
85224.0,-0.0009,-0.0063,0.9259,0,-0.7815926666666666,0,-1.1290073348410288,-0.18018918973990067,106.18230494466675,0.9259218703540811
85235.0,-0.0105,-0.0122,0.9253,0,0,0,-1.1161021318034605,-0.16827997731277064,106.18230494466675,0.9254399926521438
85246.0,-0.0085,-0.0118,0.9189,0,0,0,-1.1039563793345464,-0.15638069318574524,106.18230494466675,0.9190150706054826
85257.0,-0.0045,-0.0081,0.9253,0,0,0,-1.0920389797106231,-0.14501596119074747,106.18230494466675,0.9253463946004221
85268.0,-0.0017,-0.0051,0.9313,-0.5403536666666671,0,0,-1.0857934707535937,-0.13449754783608442,106.18230494466675,0.9313155158162029
85279.0,-0.0054,-0.0083,0.928,0,-0.6441926666666666,0,-1.0738958539133463,-0.13122923317141982,106.18230494466675,0.9280528271601785
85290.0,-0.0009,-0.0033,0.9324,0,-0.6899926666666665,0,-1.0616557547640737,-0.12916635721102673,106.18230494466675,0.9324062741101649
85301.0,-0.0046,-0.0043,0.9105,0,0,0,-1.0492834900454031,-0.11981372617850314,106.18230494466675,0.9105217734903432
85312.0,-0.0061,-0.0088,0.9421,0,0,0,-1.0373461370779384,-0.11058198287900736,106.18230494466675,0.942160846140403
85323.0,-0.0082,-0.0092,0.9189,0,-0.7968926666666665,0,-1.0258882621915524,-0.10978867499186579,106.18230494466675,0.9189826385737655
85334.0,-0.0078,-0.007,0.9318,0,0,0,-1.0145910095787016,-0.1001771825137995,106.18230494466675,0.9318589378226728
85345.0,-0.0031,-0.0104,0.9225,0,0,0,-1.003888258632524,-0.09111324266070586,106.18230494466675,0.9225638297700599
85356.0,-0.01,-0.0098,0.9198,0,0,0,-0.9936600155100563,-0.08169383151682535,106.18230494466675,0.9199065604723122
85367.0,-0.0067,-0.0087,0.9329,0,-0.6441926666666666,0,-0.9837206263479977,-0.07934345996121282,106.18230494466675,0.9329646241953656
85378.0,-0.0087,-0.006,0.9161,0,-0.7052926666666663,0,-0.9737394011539217,-0.07737964488551372,106.18230494466675,0.9161609574741766
85389.0,-0.0088,-0.006,0.9293,0,0,0,-0.9637272898371891,-0.06756369448682026,106.18230494466675,0.9293610331835525
85400.0,-0.0088,-0.0065,0.9275,0,0,0,-0.9537718573189863,-0.05768312480795855,106.18230494466675,0.9275645206668913
85411.0,-0.0049,-0.0061,0.9186,0,0,0,-0.9438456979188633,-0.04824022937424506,106.18230494466675,0.9186333218428341
85422.0,-0.0002,-0.0063,0.9352,0,-0.6059926666666664,0,-0.9339736475217153,-0.04633133524560404,106.18230494466675,0.9352212412044543
85433.0,-0.004,-0.006,0.9286,0,-0.5143926666666667,0,-0.924138522374374,-0.04372791641833934,106.18230494466675,0.9286279987163859
85444.0,-0.0121,-0.0112,0.9152,0,0,0,-0.9150123974840383,-0.03484702627175203,106.18230494466675,0.9153485074003235
85455.0,-0.0073,-0.0093,0.9161,0,0,0,-0.9062943873412114,-0.026032251612008388,106.18230494466675,0.9161762876215472
85466.0,-0.0087,-0.0087,0.9275,0,-0.6365926666666666,0,-0.8978676988782969,-0.023992310850348652,106.18230494466675,0.9275816028792292
85477.0,-0.006,-0.0062,0.9172,0,0,0,-0.8894155853871938,-0.015218642826805717,106.18230494466675,0.9172405791285075
85488.0,-0.0087,-0.0067,0.9211,0,0,0,-0.8810157681522012,-0.006368163456262808,106.18230494466675,0.9211654520225995
85499.0,-0.0105,-0.0107,0.9261,0,0,0,-0.8731699427069514,0.002751018103006102,106.18230494466675,0.9262213288410066
85510.0,-0.004,-0.007,0.9128,-0.5403536666666671,0,0,-0.8712084013753897,0.011295026474782217,106.18230494466675,0.9128356040383174
85521.0,-0.0002,-0.0056,0.9415,0,-0.6212926666666667,0,-0.8631697528691016,0.0121197435130837,106.18230494466675,0.9415166753701179
85703.0,0.0001,-0.0071,0.9308,0,0,0,-0.8552270231015217,0.01883358977516706,106.18230494466675,0.9308270838345862
85714.0,-0.0017,-0.0079,0.9299,0,0,0,-0.8474847715610588,0.024924789645068484,106.18230494466675,0.9299351106394467
85725.0,-0.005,-0.0067,0.9282,0,0,0,-0.8397879907850648,0.030864576964222207,106.18230494466675,0.9282376473726973
85736.0,-0.0098,-0.0066,0.9147,0,-0.5830926666666665,0,-0.8321477053564348,0.030977341407129884,106.18230494466675,0.9147763059896118
85747.0,-0.0026,-0.0071,0.932,0,0,0,-0.8246173248775927,0.036989004000834526,106.18230494466675,0.9320306700962153
85758.0,-0.0009,-0.0051,0.9225,0,-0.7510926666666666,0,-0.8169606272411818,0.034233942575657816,106.18230494466675,0.9225145364708353
85769.0,-0.0079,-0.0078,0.9252,0,0,0,-0.8095395243528724,0.04000106070469438,106.18230494466675,0.9252666048226317
85780.0,-0.0078,-0.009,0.912,0,0,0,-0.8025027334092878,0.0459833951706111,106.18230494466675,0.9120777598428765
85791.0,-0.0043,-0.0059,0.9285,0,0,0,-0.7954185738612969,0.05169786749402737,106.18230494466675,0.9285287017642482
85802.0,-0.0046,-0.0072,0.9341,0,0,0,-0.7884626198358178,0.05719799999287571,106.18230494466675,0.9341390742282436
85813.0,-0.0055,-0.0079,0.9279,0,0,0,-0.7817263203538216,0.06261400365248129,106.18230494466675,0.9279499286060643
85824.0,-0.0126,-0.0079,0.922,0,0,0,-0.7752029532901199,0.06882849125007288,106.18230494466675,0.9221199325467376
85835.0,-0.0106,-0.0104,0.9089,0,0,0,-0.7692036755752106,0.07549901870042439,106.18230494466675,0.9090213033807294
85846.0,-0.0037,-0.0057,0.9282,0,-0.6823926666666664,0,-0.7630764892824677,0.07433045715283947,106.18230494466675,0.9282248757709525
85857.0,-0.0037,-0.006,0.9286,0,-0.6517926666666667,0,-0.756885742446338,0.07320057576276125,106.18230494466675,0.9286267549451717
85868.0,-0.0032,-0.0089,0.9313,0,0,0,-0.7510080378257147,0.07877277875201871,106.18230494466675,0.9313480230289857
85879.0,-0.0094,-0.0098,0.921,0,-0.5220926666666665,0,-0.7455399298983898,0.0790693902080172,106.18230494466675,0.9211001031375472
85890.0,-0.0088,-0.0072,0.9161,0,0,0,-0.7401270041214875,0.08533597970907376,106.18230494466675,0.9161705572654035
85901.0,-0.0065,-0.0068,0.9297,0,0,0,-0.7347100278680535,0.09149368626888894,106.18230494466675,0.9297475894026291
85912.0,-0.0004,-0.0052,0.9229,0,0,0,-0.7291089614050927,0.09679261152715218,106.18230494466675,0.9229147360401176
85923.0,-0.0112,-0.0052,0.9296,0,-0.7281926666666667,0,-0.7233501776237075,0.09480677705269291,106.18230494466675,0.9296820101518583
85934.0,-0.0083,-0.0088,0.9263,0,-0.5220926666666665,0,-0.717913091413396,0.09532953289257536,106.18230494466675,0.9263789829222163
85945.0,-0.0098,-0.0093,0.9142,0,-0.5449926666666665,0,-0.7128446255604959,0.0960141711854527,106.18230494466675,0.9142998250027176
85956.0,0.001,-0.0071,0.9323,-0.670153666666667,0,0,-0.7150450409323308,0.1015827174979664,106.18230494466675,0.9323275711894399
86313.0,-0.0074,-0.0051,0.9246,0,0,0,-0.7096859808178557,0.10720809620258556,106.18230494466675,0.9246436773157538
86324.0,-0.0061,-0.0078,0.9203,0,-0.5601926666666666,0,-0.7045107614565117,0.1066759467940032,106.18230494466675,0.9203532691309354
86335.0,-0.0059,-0.0085,0.9244,0,0,0,-0.6995908494594013,0.11215959770624367,106.18230494466675,0.9244579060184406
86346.0,-0.0057,-0.0066,0.926,0,0,0,-0.6946688546586693,0.11747712598574415,106.18230494466675,0.9260410628044526
86357.0,-0.0068,-0.0059,0.9265,0,-0.5830926666666665,0,-0.6896676644355918,0.11648768459036594,106.18230494466675,0.9265437388488468
86368.0,-0.0088,-0.0087,0.9259,0,-0.5296926666666666,0,-0.6849541642436212,0.11641856891690192,106.18230494466675,0.9259826888230686
86379.0,-0.0133,-0.0101,0.9139,0,-0.5449926666666665,0,-0.6806894314843324,0.11704717848535298,106.18230494466675,0.9140525750743225
86390.0,-0.0142,-0.0095,0.9137,0,0,0,-0.6767554444715785,0.12442708880026661,106.18230494466675,0.9138597157113338
86401.0,-0.0057,-0.0078,0.9266,-0.563253666666667,0,0,-0.6789685970922832,0.13139120938530036,106.18230494466675,0.9266503601682783
86412.0,-0.0007,-0.0042,0.9282,0,0,0,-0.6746142984070063,0.13735296135790126,106.18230494466675,0.9282097661628
86423.0,-0.0011,-0.0059,0.9241,0,0,0,-0.6701561193907436,0.14247259856493003,106.18230494466675,0.9241194890272578
86434.0,-0.0052,-0.0056,0.9172,0,0,0,-0.66558460370483,0.14735369855554656,106.18230494466675,0.9172318354701825
86445.0,-0.0067,-0.0083,0.9275,0,0,0,-0.6612473831616547,0.1521921237753843,106.18230494466675,0.9275613348992076
86456.0,-0.0068,-0.0065,0.9269,0,-0.5601926666666666,0,-0.6569026980590448,0.1509572229532745,106.18230494466675,0.9269477331543564
86467.0,-0.004,-0.0068,0.9338,0,0,0,-0.652590804343586,0.15548911816882022,106.18230494466675,0.9338333255993811
86478.0,-0.0071,-0.009,0.9261,0,-0.5296926666666666,0,-0.6485963822862816,0.15434384680470475,106.18230494466675,0.9261709453443248
86489.0,-0.0132,-0.0103,0.9183,0,0,0,-0.6450588371342577,0.15980555429117949,106.18230494466675,0.9184526226213304
86500.0,-0.0129,-0.0083,0.9141,0,-0.5372926666666666,0,-0.641688025141083,0.16012067953218473,106.18230494466675,0.9142286967712182
86511.0,-0.0039,-0.0067,0.9309,-0.593753666666667,0,0,-0.644656044642271,0.16576792695630901,106.18230494466675,0.930932280029004
86522.0,0.0005,-0.0015,0.9301,0,-0.6212926666666667,0,-0.6404043338833346,0.16365255562397418,106.18230494466675,0.9301013439405408
86533.0,-0.0016,-0.0039,0.9248,0,0,0,-0.6358567201289919,0.16768544292820603,106.18230494466675,0.9248096074327948
86544.0,-0.006,-0.007,0.9257,0,0,0,-0.6314405419807716,0.1716498152582236,106.18230494466675,0.9257459100638792
86555.0,-0.0096,-0.0095,0.9231,0,0,0,-0.6274612595343073,0.17599404643646885,106.18230494466675,0.9231987976595291
86566.0,-0.0084,-0.0077,0.9219,0,-0.5601926666666666,0,-0.6236534163224066,0.17447818699057566,106.18230494466675,0.9219704225190741
86577.0,-0.0073,-0.007,0.9235,0,0,0,-0.6199161406148442,0.17913294603715962,106.18230494466675,0.9235553800395513
86588.0,-0.0048,-0.0093,0.9248,0,0,0,-0.6165324930327976,0.18347481951871936,106.18230494466675,0.9248592163134884
86599.0,-0.0039,-0.0055,0.9279,0,0,0,-0.6129934905812205,0.1874179447858659,106.18230494466675,0.9279244958508208
86610.0,-0.0099,-0.0052,0.9225,0,0,0,-0.6092924861260348,0.19174969400682926,106.18230494466675,0.9225677752880814
86621.0,-0.0055,-0.0101,0.9266,0,0,0,-0.6060594355599869,0.1958666997647691,106.18230494466675,0.9266713656955199
86632.0,-0.0065,-0.0106,0.9176,0,0,0,-0.6033164919468478,0.19991777023917293,106.18230494466675,0.9176842430814642
86643.0,-0.0024,-0.0078,0.9285,0,0,0,-0.6006533175537779,0.203384967633783,106.18230494466675,0.9285358636046321
86654.0,-0.0043,-0.0061,0.9198,0,0,0,-0.5978638424460387,0.20657291671182482,106.18230494466675,0.919830277823034
86665.0,-0.0085,-0.0083,0.9308,0,0,0,-0.5952302172449625,0.2100201025334092,106.18230494466675,0.9308758134144425
86676.0,-0.0052,-0.0076,0.9186,0,0,0,-0.5926648395260457,0.21328979353932778,106.18230494466675,0.918646156036153
86687.0,-0.0027,-0.0033,0.9246,0,-0.6823926666666664,0,-0.589625566607745,0.20872529185573188,106.18230494466675,0.9246098312261232
86698.0,0.0009,-0.0049,0.9283,0,0,0,-0.586369431516645,0.21078809150845096,106.18230494466675,0.9283133684268475
86709.0,-0.0029,-0.0049,0.9348,0,0,0,-0.5829229098959497,0.21253871436393432,106.18230494466675,0.9348173404467848
86720.0,-0.0062,-0.0065,0.9174,0,0,0,-0.5795292377800142,0.2144307045454093,106.18230494466675,0.9174439764912079
86731.0,-0.0056,-0.0112,0.9259,0,-0.7815926666666666,0,-0.5767636723661165,0.20793816092340348,106.18230494466675,0.9259846704994634
86742.0,-0.0071,-0.005,0.908,0,0,0,-0.5738060324333061,0.21027039824765748,106.18230494466675,0.9080415243809064
86753.0,0.0007,-0.0062,0.9346,0,0,0,-0.570808884461788,0.2118128874929252,106.18230494466675,0.9346208268597485
86764.0,-0.0089,-0.0059,0.9316,0,0,0,-0.5677486063845005,0.21384815676693958,106.18230494466675,0.931661193782375
86775.0,-0.009,-0.0072,0.9264,0,-0.5830926666666665,0,-0.5648045737941969,0.21004371511651335,106.18230494466675,0.926471694116987
86786.0,-0.0046,-0.0048,0.92,0,-0.6823926666666664,0,-0.5616774115723631,0.20514255305395343,106.18230494466675,0.9200240214255279
86797.0,-0.0037,-0.0056,0.92,0,0,0,-0.5584939427208041,0.207491800286053,106.18230494466675,0.9200244833698721
86808.0,-0.0024,-0.0071,0.9249,0,0,0,-0.5554488326370489,0.2094459648985169,106.18230494466675,0.9249303649464646
86819.0,-0.004,-0.0042,0.9445,0,0,0,-0.5521557535218565,0.21123348359816188,106.18230494466675,0.9445178081963304
86830.0,-0.007,-0.0068,0.9204,0,-0.7281926666666667,0,-0.5489931509432501,0.205407625577388,106.18230494466675,0.9204517369205188
86841.0,-0.0031,-0.0037,0.9274,0,-0.7052926666666663,0,-0.5455623843690786,0.19970291595415804,106.18230494466675,0.9274125619162165
86852.0,-0.0076,-0.0048,0.9065,0,0,0,-0.5420548653389594,0.2020686218210962,106.18230494466675,0.9065445659205067
86863.0,-0.0082,-0.0082,0.9323,0,0,0,-0.5388871362304108,0.2047619334851553,106.18230494466675,0.9323721199177933
86874.0,-0.0074,-0.0073,0.9291,0,-0.5525926666666665,0,-0.5359162963194422,0.20168464115220558,106.18230494466675,0.9291581458503176
86885.0,-0.0027,-0.0063,0.9297,0,0,0,-0.5330006689403896,0.2042595544146382,106.18230494466675,0.9297252658715907
86896.0,-0.0078,-0.0101,0.9266,0,-0.6670926666666666,0,-0.5306125046006581,0.1998957300965318,106.18230494466675,0.926687870860518
86907.0,-0.0121,-0.0072,0.9136,0,0,0,-0.528347034874324,0.2036270536732905,106.18230494466675,0.9137084929013191
86918.0,-0.0101,-0.0094,0.9363,0,-0.5143926666666667,0,-0.5264461704987983,0.20220705565810448,106.18230494466675,0.9364016552740603
86929.0,-0.0079,-0.0068,0.9192,0,0,0,-0.5245645077395871,0.20652462268784413,106.18230494466675,0.9192590984047969
86940.0,-0.0015,-0.0057,0.9296,0,0,0,-0.522557681208762,0.21010171132884203,106.18230494466675,0.9296186852683201
86951.0,-0.0052,-0.0101,0.9327,0,-0.5067926666666667,0,-0.5209861133199335,0.2080112201303036,106.18230494466675,0.9327691783072595
86962.0,-0.0107,-0.0063,0.9164,0,0,0,-0.5193467026677017,0.2120006840635396,106.18230494466675,0.9164841187931191
86973.0,-0.0096,-0.0109,0.9302,0,0,0,-0.5182069589939233,0.2162797535336625,106.18230494466675,0.9303133934325573
86984.0,-0.0077,-0.0068,0.925,0,-0.5601926666666666,0,-0.5170077092031357,0.21453625875111557,106.18230494466675,0.9250570414844698
86995.0,-0.0092,-0.0089,0.9148,0,0,0,-0.51602862591761,0.21915373827570173,106.18230494466675,0.914889550710904
87006.0,-0.0066,-0.0076,0.9266,0,-0.5525926666666665,0,-0.5150728630709288,0.21764715309647853,106.18230494466675,0.926654671385193
87017.0,-0.006,-0.0065,0.9102,0,0,0,-0.5140197161483441,0.22200149643420575,106.18230494466675,0.9102429840432719
87028.0,-0.006,-0.004,0.9349,-0.5403536666666671,0,0,-0.5183732009556284,0.22613191589520748,106.18230494466675,0.9349278100473855
87039.0,-0.0055,-0.0052,0.9261,0,-0.5296926666666666,0,-0.5165767561623984,0.22429285668570997,106.18230494466675,0.9261309302685016
87050.0,-0.0042,-0.0084,0.9276,0,-0.7204926666666664,0,-0.5149973196641019,0.22011231681211904,106.18230494466675,0.9276475408257168
87061.0,-0.0083,-0.007,0.9174,0,0,0,-0.5134485807669518,0.22401011091644965,106.18230494466675,0.9174642499847064
87072.0,-0.0078,-0.0048,0.9258,0,0,0,-0.5116493535025459,0.22796558685630425,106.18230494466675,0.9258453002526934
87083.0,-0.0085,-0.0059,0.9241,0,0,0,-0.5097707437850082,0.23205233701744926,106.18230494466675,0.9241579248158834
87094.0,-0.0065,-0.0068,0.9237,0,-0.7357926666666668,0,-0.5079378159572555,0.2280672944731262,106.18230494466675,0.9237478985091115
87105.0,-0.0063,-0.0077,0.9143,0,0,0,-0.5062690634140568,0.23202526759307918,106.18230494466675,0.9143541272395505
87116.0,-0.0034,-0.0061,0.9227,0,0,0,-0.5045422956914088,0.23547464376847496,106.18230494466675,0.9227264274962541
87127.0,-0.0074,-0.0061,0.928,0,0,0,-0.5027630046587804,0.23896028362834296,106.18230494466675,0.9280495514787991
87138.0,-0.0066,-0.0098,0.9255,0,-0.6136926666666667,0,-0.5014021477168451,0.23575825701861042,106.18230494466675,0.9255754156199266
87321.0,-0.0061,-0.0074,0.9226,0,0,0,-0.5001180837814684,0.23917431528177413,106.18230494466675,0.9226498414891752
87332.0,-0.0027,-0.0065,0.9219,0,0,0,-0.4987933596039101,0.2420454040647224,106.18230494466675,0.9219268680323837
87343.0,-0.0039,-0.0072,0.9275,0,-0.6670926666666666,0,-0.49751697790458155,0.2373831066757319,106.18230494466675,0.9275361448482748
87354.0,-0.011,-0.0037,0.9161,0,0,0,-0.49586207628555984,0.24063934699508882,106.18230494466675,0.9161735097676641
87365.0,-0.0125,-0.0092,0.9242,0,0,0,-0.4945516499587314,0.24458064932353235,106.18230494466675,0.9243303143357358
87376.0,-0.0065,-0.0123,0.9305,-0.5098536666666671,-0.6212926666666667,0,-0.49942223466618485,0.24167011962532622,106.18230494466675,0.9306039920395786
87387.0,-0.0022,-0.0045,0.9279,0,-0.9495926666666668,0,-0.49832698621607996,0.23468030238255025,106.18230494466675,0.9279135196773457
87398.0,-0.0031,-0.0052,0.9219,0,0,0,-0.4970112695131372,0.23764522781008135,106.18230494466675,0.9219198772127652
87409.0,-0.0062,-0.0074,0.9182,0,0,0,-0.49577992786893765,0.240558705497939,106.18230494466675,0.9182507500677579
87420.0,-0.0052,-0.0043,0.9274,0,0,0,-0.494232361949233,0.2432893262260955,106.18230494466675,0.9274245467961262
87431.0,-0.0043,-0.0085,0.925,0,-0.6899926666666665,0,-0.49293213466985253,0.23830549704991755,106.18230494466675,0.9250490473483014
87442.0,-0.0063,-0.0031,0.9209,0,-0.5983926666666664,0,-0.4911866588266965,0.23446055014863923,106.18230494466675,0.920926766903862
87453.0,-0.006,-0.0065,0.9209,0,0,0,-0.48947357519620993,0.237152560974406,106.18230494466675,0.9209424846319123
87464.0,-0.0078,-0.0062,0.9288,0,0,0,-0.4877483404877521,0.24001609249468384,106.18230494466675,0.9288534437681759
87475.0,-0.0085,-0.0085,0.9265,0,0,0,-0.4863030241734413,0.2431136838598436,106.18230494466675,0.9265779783698725
87486.0,-0.0071,-0.0092,0.9254,0,-0.5830926666666665,0,-0.4851951666469935,0.239953065805261,106.18230494466675,0.9254729655694973
87497.0,-0.0062,-0.0062,0.9172,0,-0.5907926666666667,0,-0.48402282940548214,0.23674867595369348,106.18230494466675,0.9172419092038915
87508.0,-0.006,-0.0084,0.9229,0,0,0,-0.4830635813160319,0.23992579133245912,106.18230494466675,0.92295772925958
87519.0,-0.0042,-0.0071,0.9265,0,0,0,-0.4821295340857245,0.24276684170090942,106.18230494466675,0.9265367235031756
87530.0,-0.0042,-0.006,0.9269,0,0,0,-0.48108281569511124,0.24530562823891927,106.18230494466675,0.9269289347085892
87541.0,-0.0007,-0.0061,0.9199,0,-0.5907926666666667,0,-0.4799577358415068,0.24077539979455898,106.18230494466675,0.9199204911295324
87552.0,-0.0026,-0.0045,0.9259,0,0,0,-0.47856181679812315,0.2423510986759833,106.18230494466675,0.9259145856935185
87563.0,-0.0087,-0.0088,0.9238,0,0,0,-0.4774649738653232,0.24433525837166656,106.18230494466675,0.9238828767760553
87574.0,-0.009,-0.0101,0.9253,0,-0.5372926666666666,0,-0.476793894318341,0.24091973518905135,106.18230494466675,0.9253988869671284
87929.0,0.0004,-0.0056,0.9142,-0.525053666666667,0,0,-0.6586183271218006,0.24259556907488253,106.18230494466675,0.9142172389536307
87940.0,0.0024,-0.0034,0.9343,0,0,0,-0.6536827908901993,0.2432838141958768,106.18230494466675,0.9343092689254453
87951.0,-0.001,-0.0077,0.928,0,-0.8426926666666668,0,-0.648973548205713,0.23444194843275545,106.18230494466675,0.9280324832676925
87962.0,-0.0087,-0.006,0.9149,0,-0.6212926666666667,0,-0.644274315592767,0.22873700786240242,106.18230494466675,0.9149610374218129
87973.0,-0.0126,-0.01,0.9122,0,0,0,-0.640092391889417,0.2308470485806976,106.18230494466675,0.9123418219066799
87984.0,-0.0049,-0.0059,0.9229,0,0,0,-0.635856245820505,0.23285478667776083,106.18230494466675,0.9229318663910138
87995.0,-0.0045,-0.0056,0.938,-0.532753666666667,0,0,-0.6372728518765213,0.23470794479978915,106.18230494466675,0.9380275102575616
88006.0,-0.0024,-0.0073,0.9277,0,-0.5067926666666667,0,-0.6329808919773462,0.23070499176049544,106.18230494466675,0.9277318254754441
88017.0,-0.0043,-0.0059,0.9208,0,0,0,-0.6286640396157859,0.23216528552572283,106.18230494466675,0.9208289417693168
88028.0,-0.0011,-0.0092,0.9176,0,0,0,-0.6247461478778424,0.23312927275741943,106.18230494466675,0.9176467784501834
88039.0,-0.0033,-0.004,0.9301,0,0,0,-0.6205314671473046,0.23391881847781631,106.18230494466675,0.9301144553225694
88050.0,-0.0079,-0.0076,0.9294,0,0,0,-0.6165106247789125,0.2351236036966902,106.18230494466675,0.9294646469877162
88061.0,-0.0052,-0.0081,0.9298,0,-0.5907926666666667,0,-0.6127302546430381,0.2299883552092015,106.18230494466675,0.9298498212077044
88072.0,-0.0074,-0.0104,0.9261,0,-0.5983926666666664,0,-0.6094576909492967,0.22519621779495835,106.18230494466675,0.9261879560866682
88083.0,-0.0121,-0.0098,0.9098,0,0,0,-0.6065815547963734,0.22783524803199834,106.18230494466675,0.9099332338144377
88094.0,-0.0118,-0.007,0.9077,0,0,0,-0.6037160149376252,0.23118473674220316,106.18230494466675,0.9078036847248417
88105.0,0.0023,-0.0034,0.9381,-0.6624536666666669,0,0,-0.6075298263108422,0.23337898197416532,106.18230494466675,0.9381089808758896
88116.0,0.0038,-0.0016,0.9425,0,-0.6212926666666667,0,-0.6034335766938703,0.2276671072427426,106.18230494466675,0.9425090185244913
88127.0,0.0044,-0.0061,0.922,0,-0.7281926666666667,0,-0.599372139802713,0.21980878864513928,106.18230494466675,0.9220306773638284
88138.0,-0.0049,-0.0061,0.9149,0,0,0,-0.5953555825280739,0.22011518164247348,106.18230494466675,0.914933456596708
88149.0,-0.0073,-0.009,0.9319,0,0,0,-0.5917312305771196,0.22084603644223774,106.18230494466675,0.9319720489370912
88160.0,-0.0035,-0.01,0.9253,0,-0.6746926666666666,0,-0.5885896065839576,0.2142091918194372,106.18230494466675,0.9253606540155034
88171.0,-0.0045,-0.0074,0.9264,0,-0.5754926666666664,0,-0.5855568952495179,0.20882582986082665,106.18230494466675,0.926440483787275
88182.0,-0.0056,-0.0078,0.9176,0,0,0,-0.5826842349793394,0.20994142892405854,106.18230494466675,0.9176502383806152
88193.0,-0.0067,-0.0063,0.9308,0,0,0,-0.5797600716484929,0.21133218376575408,106.18230494466675,0.9308454329264337
88204.0,-0.0076,-0.0077,0.9287,0,-0.6365926666666666,0,-0.5769717649125622,0.20621279584891059,106.18230494466675,0.9287630160595327
88215.0,-0.0066,-0.0057,0.9163,0,-0.7204926666666664,0,-0.5740728299839719,0.20051773799071673,106.18230494466675,0.9163414974778781
88226.0,-0.0012,-0.0032,0.9266,-0.609053666666667,0,0,-0.577328216447864,0.20223131801624333,106.18230494466675,0.926606302590264
88237.0,0.0023,-0.0065,0.9377,0,-0.6212926666666667,0,-0.5739298215315984,0.19634884946485084,106.18230494466675,0.9377253489161952
88248.0,-0.0073,-0.0103,0.9165,0,-0.7281926666666667,0,-0.5710679716042119,0.1898544580827659,106.18230494466675,0.9165869462304163
88259.0,-0.0045,-0.0059,0.9186,0,-0.5067926666666667,0,-0.5681384549342432,0.18590954060981132,106.18230494466675,0.918629969029968
88270.0,-0.0044,-0.0043,0.9268,0,0,0,-0.5649492585604552,0.18751925739119865,106.18230494466675,0.9268204194988369
88281.0,-0.0042,-0.0059,0.931,0,0,0,-0.5617321059363022,0.1890808419725783,106.18230494466675,0.9310281682097487
88292.0,-0.0079,-0.0068,0.9269,0,-0.7586926666666667,0,-0.5586118011293745,0.18287864848804566,106.18230494466675,0.9269586074901079
88303.0,-0.0095,-0.0105,0.9257,0,0,0,-0.5560422990300837,0.1855795207635436,106.18230494466675,0.9258082900903405
88314.0,-0.0054,-0.0082,0.9193,0,0,0,-0.5536850374538891,0.18826341466775162,106.18230494466675,0.9193524297025597
88325.0,-0.0023,-0.0045,0.9283,0,0,0,-0.5510529822550362,0.19053680911710344,106.18230494466675,0.9283137562268481
88336.0,-0.0071,-0.005,0.9204,0,0,0,-0.5482529241436845,0.19304351279677456,106.18230494466675,0.9204409649727678
88347.0,-0.0033,-0.005,0.938,0,0,0,-0.5452948638926042,0.1952685341114359,106.18230494466675,0.9380191309349719
88358.0,-0.0072,-0.0085,0.931,0,-0.6594926666666665,0,-0.5426426134287649,0.19061866547370102,106.18230494466675,0.9310666410091171
88369.0,-0.0037,-0.0052,0.9175,0,-0.6670926666666666,0,-0.539869036789068,0.1858070269857066,106.18230494466675,0.9175221959168073
88380.0,-0.0049,-0.0056,0.9224,0,0,0,-0.5370390385164846,0.18827244464428877,106.18230494466675,0.9224300136053684
88391.0,-0.0065,-0.0073,0.9324,0,0,0,-0.5343667227653277,0.19087047884582586,106.18230494466675,0.9324512319687287
88402.0,-0.0093,-0.0057,0.9293,0,0,0,-0.5316435001208094,0.19392858597593546,106.18230494466675,0.9293640137212114
88413.0,-0.0066,-0.0052,0.9299,0,0,0,-0.5288185675156417,0.19705171815921574,106.18230494466675,0.929937960296277
88424.0,-0.0062,-0.0081,0.9292,0,-0.6288926666666663,0,-0.526268739449754,0.193397500859846,106.18230494466675,0.9292559873361054
88435.0,-0.0103,-0.0073,0.9197,0,0,0,-0.523875994411178,0.19716845185780504,106.18230494466675,0.9197866437386444
88446.0,-0.012,-0.0125,0.9196,0,0,0,-0.5222705442151053,0.20159065615167082,106.18230494466675,0.9197632358384412
88457.0,-0.0078,-0.005,0.9203,0,0,0,-0.5204339024743938,0.20605836766241636,106.18230494466675,0.9203466357845831
88468.0,0.0004,-0.0048,0.936,0,0,0,-0.5183578838620789,0.20952825496573962,106.18230494466675,0.9360123930803481
88479.0,0.0017,-0.0062,0.9237,0,0,0,-0.5162594406823907,0.2119610634056246,106.18230494466675,0.9237223717113275
88490.0,-0.012,-0.0063,0.9253,0,-0.7204926666666664,0,-0.5141562688915559,0.20740156699776305,106.18230494466675,0.9253992543761854
88501.0,-0.0088,-0.0073,0.9181,0,0,0,-0.5121833759977924,0.2110511828417023,106.18230494466675,0.9181711931878499
88512.0,-0.0031,-0.0072,0.9241,0,0,0,-0.510311665345127,0.2142328263607141,106.18230494466675,0.9241332479680623
88523.0,-0.0057,-0.007,0.9313,0,0,0,-0.5085016224364551,0.21731167675471766,106.18230494466675,0.9313437496434923
88534.0,-0.002,-0.004,0.9292,0,0,0,-0.5063802536218147,0.21983753867341568,106.18230494466675,0.9292107618834384
88545.0,-0.0073,-0.0076,0.9296,0,-0.6594926666666665,0,-0.5044337169851045,0.215416948591789,106.18230494466675,0.9296597280725889
88556.0,-0.011,-0.0092,0.9153,0,0,0,-0.5028561417537251,0.21885549944640295,106.18230494466675,0.9154123278610574
88567.0,-0.011,-0.0104,0.9197,0,0,0,-0.5017523214842752,0.22281791182608127,106.18230494466675,0.919824575666469
88578.0,-0.0074,-0.0107,0.9261,0,0,0,-0.5010997304988728,0.2267828621152521,106.18230494466675,0.9261913733133127
88589.0,-0.0013,-0.0022,0.931,0,0,0,-0.4997887638405899,0.22998230507809628,106.18230494466675,0.9310035069751349
88600.0,-0.0061,-0.0089,0.9308,0,0,0,-0.4987297182718212,0.23309509680607038,106.18230494466675,0.9308625355013489
88611.0,-0.0072,-0.0099,0.9222,0,0,0,-0.4980270377187039,0.2362685837438482,106.18230494466675,0.9222812423550638
88622.0,-0.006,-0.0081,0.9148,0,0,0,-0.4974248922857126,0.23934697142706116,106.18230494466675,0.9148555350436482
88633.0,-0.0031,-0.0048,0.9269,0,-0.5830926666666665,0,-0.49649158057942944,0.23568000786103244,106.18230494466675,0.9269176123043514
88644.0,0.0022,-0.0051,0.9309,0,0,0,-0.49530160828988745,0.23735471305852962,106.18230494466675,0.9309165698385651
88655.0,0.002,-0.0034,0.9272,0,-0.6212926666666667,0,-0.49368087656887644,0.23141081716192585,106.18230494466675,0.9272083908162178
88666.0,-0.0038,-0.0092,0.9209,0,0,0,-0.49240735304648375,0.23220645795067485,106.18230494466675,0.9209537936291918
88677.0,-0.0061,-0.0094,0.92,0,0,0,-0.4914685240754511,0.233202507198243,106.18230494466675,0.9200682420342526
88688.0,-0.0085,-0.0074,0.9252,0,0,0,-0.4905740395458923,0.23466767332972907,106.18230494466675,0.9252686366672114
88699.0,-0.0066,-0.0051,0.9242,0,0,0,-0.4894363961705448,0.23630884910613523,106.18230494466675,0.9242376371907822
88710.0,-0.0054,-0.0061,0.9221,0,-0.6288926666666663,0,-0.48821242541058485,0.23117525740073874,106.18230494466675,0.922135987802233
88721.0,-0.006,-0.0082,0.9281,0,0,0,-0.48716942901067595,0.23302777837247882,106.18230494466675,0.9281556173401097
88732.0,-0.0046,-0.0066,0.9241,0,0,0,-0.48609359877677205,0.23476610416244348,106.18230494466675,0.9241350171917522
88743.0,-0.0034,-0.005,0.9261,0,-0.5601926666666666,0,-0.4847908557362409,0.23021129182942773,106.18230494466675,0.9261197384787779
88754.0,-0.0051,-0.0045,0.9215,0,0,0,-0.4832327429470723,0.23180265708613093,106.18230494466675,0.921525100037975
88765.0,-0.0072,-0.0107,0.9269,0,0,0,-0.4822159816097422,0.23363338853201174,106.18230494466675,0.9269897194683444
88946.0,-0.0059,-0.0104,0.9244,0,0,0,-0.4816437870197843,0.23551217407608993,106.18230494466675,0.9244773280075612
88957.0,-0.0059,-0.0057,0.9178,0,0,0,-0.480888784028357,0.23743432459444905,106.18230494466675,0.9178366630288854
88968.0,-0.0009,-0.0056,0.9257,0,0,0,-0.4799539948993659,0.23876529620117204,106.18230494466675,0.9257173758766765
88979.0,-0.0029,-0.0087,0.9296,0,0,0,-0.4792430957249696,0.23981784101902706,106.18230494466675,0.9296452334089601
88990.0,-0.0059,-0.0057,0.9253,0,-0.5525926666666665,0,-0.4783633720984903,0.23504034838476642,106.18230494466675,0.9253363658691903
89001.0,-0.0087,-0.0094,0.9222,0,0,0,-0.47779794819118937,0.23679759741981385,106.18230494466675,0.922288940625442
89012.0,-0.0052,-0.0076,0.9259,0,0,0,-0.4772842609790843,0.2385174502843383,106.18230494466675,0.9259457921498427
89023.0,-0.0084,-0.0088,0.9283,0,0,0,-0.4769634937152423,0.24059561119358985,106.18230494466675,0.9283797121867754
89034.0,-0.0061,-0.0057,0.9275,0,-0.5983926666666664,0,-0.4764303289048433,0.23625048856023004,106.18230494466675,0.9275375733629339
89045.0,-0.0048,-0.0056,0.9213,0,0,0,-0.4757045191482866,0.2383485808151983,106.18230494466675,0.9213295230263708
89056.0,-0.0107,-0.0106,0.9315,0,0,0,-0.4754195737833727,0.2410427531436473,106.18230494466675,0.931621758011265
89067.0,-0.0016,-0.0072,0.921,0,-0.5678926666666664,0,-0.475113352392075,0.2370165401049386,106.18230494466675,0.9210295326426835
89078.0,-0.0027,-0.0065,0.9252,0,0,0,-0.47469807815083676,0.238835454306254,106.18230494466675,0.9252267722023613
89089.0,-0.0002,-0.004,0.9208,-0.5785536666666671,-0.5067926666666667,0,-0.48011874904938706,0.23452637665089948,106.18230494466675,0.9208087097763574
89100.0,-0.0016,-0.004,0.9299,0,-0.5296926666666666,0,-0.47881743678618255,0.22965868766762496,106.18230494466675,0.9299099795141462
89111.0,-0.0103,-0.0105,0.921,0,0,0,-0.4780164385528405,0.23132369178746315,106.18230494466675,0.9211174409379078
89122.0,-0.0098,-0.0066,0.9072,0,-0.5220926666666665,0,-0.4771882925393501,0.22792878159257365,106.18230494466675,0.9072769367728908
89133.0,-0.0092,-0.0055,0.9355,0,0,0,-0.4761747339265197,0.2306762234002693,106.18230494466675,0.9355614036502361
89144.0,-0.0011,-0.0063,0.9255,0,0,0,-0.47510837656933474,0.2327736059964124,106.18230494466675,0.9255220959004706
89155.0,-0.0044,-0.0065,0.9203,0,-0.5296926666666666,0,-0.47402710567656536,0.22899621774817333,106.18230494466675,0.920333472171908
89166.0,-0.0052,-0.0093,0.9255,0,0,0,-0.47327726657188246,0.23098946047002514,106.18230494466675,0.9255613323815985
89177.0,-0.0035,-0.0077,0.9106,0,-0.5449926666666665,0,-0.47263704190872796,0.22685380795551494,106.18230494466675,0.9106392809449854
89188.0,-0.0046,-0.007,0.9402,0,0,0,-0.47197972519197445,0.2285993404703111,106.18230494466675,0.940237310470075
89537.0,-0.0004,-0.0016,0.9222,0,0,0,-0.47065640055195074,0.22973271979202417,106.18230494466675,0.9222014747331518
89548.0,-0.0028,-0.0079,0.9274,0,0,0,-0.4695245291280755,0.2306181887775526,106.18230494466675,0.9274378739301087
89559.0,-0.0013,-0.0073,0.9199,0,0,0,-0.4684961398405615,0.23110164644995398,106.18230494466675,0.9199298831976273
89570.0,-0.0021,-0.0042,0.9271,0,0,0,-0.4671703233950202,0.23132469504303763,106.18230494466675,0.9271118918447763
89581.0,-0.0065,-0.0081,0.9304,0,0,0,-0.46606532038760007,0.2318611675250861,106.18230494466675,0.9304579625109347
89592.0,-0.0056,-0.0032,0.9222,0,0,0,-0.464557373203516,0.2325659633983109,106.18230494466675,0.9222225544845453
89603.0,-0.0148,-0.0095,0.9113,0,-0.5983926666666664,0,-0.46348732097536316,0.22811539660823033,106.18230494466675,0.9114696813388803
89614.0,-0.0011,-0.0067,0.9401,0,-0.5449926666666665,0,-0.4624331483324537,0.22378981140621065,106.18230494466675,0.9401245183485005
89625.0,-0.0112,-0.0103,0.9067,0,0,0,-0.46187155874073926,0.22621564353170812,106.18230494466675,0.9068276683030795
89636.0,-0.0044,-0.0088,0.9294,-0.7617536666666671,0,0,-0.4697504630984648,0.22844440906521393,106.18230494466675,0.9294520751496551
89647.0,-0.0007,-0.0021,0.9208,0,0,0,-0.46863286675212557,0.2300421620863748,106.18230494466675,0.920802660725956
89658.0,-0.0077,-0.0073,0.9235,0,-0.5143926666666667,0,-0.467615645653958,0.22640155950165117,106.18230494466675,0.9235609508852136
89669.0,-0.0018,-0.0077,0.9255,-0.5098536666666671,0,0,-0.472233035931873,0.2279504393412373,106.18230494466675,0.9255337811230879
89680.0,-0.004,-0.0077,0.9331,0,0,0,-0.47136099053961994,0.2293508157814877,106.18230494466675,0.933140343142445
89691.0,-0.0085,-0.0071,0.9143,-0.5556536666666669,-0.6365926666666666,0,-0.4765285543892179,0.22432534182291636,106.18230494466675,0.9143670761789272
89702.0,-0.0024,-0.0031,0.9374,0,-0.5220926666666665,0,-0.47511486074147247,0.22028100078400348,106.18230494466675,0.9374081981719596
89713.0,-0.0115,-0.01,0.9275,0,0,0,-0.4741541803144215,0.22276142389283682,106.18230494466675,0.9276251937070273
89724.0,-0.0073,-0.0068,0.9227,0,0,0,-0.4732030381889825,0.22540967349867402,106.18230494466675,0.9227539325302276
89735.0,-0.0088,-0.0096,0.9352,0,0,0,-0.47259715446824535,0.22837651049249166,106.18230494466675,0.9352906713957967
89746.0,-0.0065,-0.0072,0.9205,0,0,0,-0.47201379045836006,0.23134533779854027,106.18230494466675,0.920551106674692
89757.0,-0.0065,-0.0071,0.9287,0,-0.5372926666666666,0,-0.471431226727524,0.22851130663933017,106.18230494466675,0.9287498855989161
89768.0,-0.009,-0.0083,0.9133,0,-0.5296926666666666,0,-0.4710139807615222,0.226182086498411,106.18230494466675,0.9133820558780428
89779.0,-0.0038,-0.0054,0.9241,0,0,0,-0.470373656562067,0.22928578367117503,106.18230494466675,0.9241235902194035
89790.0,-0.0005,-0.0078,0.9271,0,0,0,-0.46983244878182595,0.23162471736539014,106.18230494466675,0.9271329462380248
89801.0,0.0007,-0.0056,0.9247,0,0,0,-0.4691094329536843,0.23313772367069618,106.18230494466675,0.9247172216412972
89812.0,-0.0046,-0.007,0.9232,0,0,0,-0.4684023546484065,0.2345769528620509,106.18230494466675,0.9232379974849388
89823.0,-0.0092,-0.0085,0.9147,0,-0.5220926666666665,0,-0.46790479830458326,0.2308963418842307,106.18230494466675,0.9147857563386084
89834.0,-0.0005,-0.0055,0.9351,-0.5479536666666671,0,0,-0.4731087063997084,0.23230813711057005,106.18230494466675,0.9351163082740029
89845.0,-0.0022,-0.0044,0.9304,0,0,0,-0.4719762403826293,0.23335786560000724,106.18230494466675,0.9304130050681794
89856.0,-0.011,-0.0087,0.929,0,0,0,-0.4711073786338517,0.23517664153156778,106.18230494466675,0.92910585511017
89867.0,-0.0082,-0.0106,0.9135,0,-0.6441926666666666,0,-0.47072282608944244,0.23039014921249013,106.18230494466675,0.9135982979406211
89878.0,-0.0094,-0.01,0.9247,0,0,0,-0.4706814226430836,0.2331225959718662,106.18230494466675,0.9248018436400307
89889.0,-0.0087,-0.0092,0.9191,0,0,0,-0.4708494001470189,0.23614920012375976,106.18230494466675,0.9191872170564602
89900.0,-0.0081,-0.0076,0.9263,0,0,0,-0.47099594851321386,0.23934891885603726,106.18230494466675,0.9263665905029175
89911.0,-0.0022,-0.0067,0.9219,0,0,0,-0.4710162882744964,0.24196699876590136,106.18230494466675,0.9219269710774276
89922.0,-0.0034,-0.0048,0.9385,0,-0.5525926666666665,0,-0.47067322359291425,0.23824580673269882,106.18230494466675,0.9385184334897211
89933.0,-0.0061,-0.0043,0.9155,0,0,0,-0.4699710746399667,0.2406114525831889,106.18230494466675,0.9155304200298316
89944.0,-0.0092,-0.0098,0.9219,0,-0.5525926666666665,0,-0.4696290353335686,0.237402249868113,106.18230494466675,0.9219979880672192
89955.0,-0.0018,-0.0063,0.9264,0,0,0,-0.4691671044766073,0.23967968749150373,106.18230494466675,0.9264231700470363
89966.0,-0.0034,-0.0082,0.9324,0,0,0,-0.4688299863554062,0.24162467076724578,106.18230494466675,0.9324422555847628
89977.0,-0.0054,-0.007,0.9213,0,0,0,-0.46846574739396757,0.24352855091908268,106.18230494466675,0.9213424173454732
89988.0,-0.0092,-0.0063,0.92,0,0,0,-0.46799275825487335,0.24586439718540415,106.18230494466675,0.9200675681709469
89999.0,-0.0051,-0.0087,0.9225,0,0,0,-0.46771991116753575,0.24806654780283016,106.18230494466675,0.9225551203044726
90010.0,-0.0011,-0.0054,0.9258,0,-0.5907926666666667,0,-0.46721183034175323,0.24327920151051416,106.18230494466675,0.9258164018853845
90021.0,-0.0051,-0.006,0.922,0,0,0,-0.466575286084893,0.24493597144381277,106.18230494466675,0.9220336273694143
90032.0,-0.0038,-0.0059,0.9298,0,0,0,-0.4658070256847273,0.24637466910878097,106.18230494466675,0.9298264838129746
90043.0,-0.0034,-0.0072,0.9216,0,0,0,-0.4650929138328659,0.24757423258724148,106.18230494466675,0.9216343960595221
90054.0,-0.0026,-0.0094,0.9254,0,-0.5754926666666664,0,-0.4646971494986309,0.24225494736397174,106.18230494466675,0.9254513925647311
90065.0,-0.0062,-0.005,0.9241,0,0,0,-0.46403878296331075,0.2434310058736048,106.18230494466675,0.9241343246519956
90076.0,-0.0023,-0.0051,0.9207,0,0,0,-0.4631656062191087,0.24426883408634384,106.18230494466675,0.9207169977794479
90087.0,-0.0085,-0.0087,0.9299,0,0,0,-0.46254249257532243,0.24556941621473144,106.18230494466675,0.9299795427857539
90098.0,-0.0056,-0.0081,0.9248,0,-0.6059926666666664,0,-0.4620714698148754,0.24038668769867935,106.18230494466675,0.9248524260659102
90109.0,-0.0062,-0.0087,0.925,0,0,0,-0.46180968226350655,0.24198220010294713,106.18230494466675,0.9250616898347915
90120.0,-0.0082,-0.0093,0.9229,0,0,0,-0.46180938223579976,0.24392295341854242,106.18230494466675,0.9229832826221719
90131.0,-0.0094,-0.0056,0.9297,0,0,0,-0.4615745147002683,0.24630786666085713,106.18230494466675,0.9297643841318078
90142.0,-0.0031,-0.0048,0.9268,0,0,0,-0.46103716878664863,0.24830144555014488,106.18230494466675,0.9268176142046503
90153.0,-0.0039,-0.0052,0.937,0,-0.5296926666666666,0,-0.460274413489419,0.24432758191308263,106.18230494466675,0.9370225450862962
90164.0,-0.0106,-0.0114,0.9207,0,0,0,-0.46009670545970816,0.24678873134156665,106.18230494466675,0.9208315861220226
90175.0,-0.0066,-0.0115,0.9186,0,-0.5601926666666666,0,-0.46045053221656057,0.24324969846421765,106.18230494466675,0.9186956895512246
90186.0,-0.0059,-0.0065,0.9183,0,0,0,-0.46065374586118707,0.2458130407613121,106.18230494466675,0.9183419570073013
90197.0,-0.0051,-0.0018,0.9312,0,0,0,-0.460128449168111,0.24820911143415403,106.18230494466675,0.9312157054087952
90208.0,-0.0068,-0.0085,0.9336,0,0,0,-0.45978957393710707,0.25066151138554926,106.18230494466675,0.933663456498111
90219.0,-0.0098,-0.01,0.9193,0,-0.7052926666666663,0,-0.4598151976262861,0.24593859679179172,106.18230494466675,0.9194066184229913
90230.0,-0.0088,-0.0111,0.9249,0,0,0,-0.4602931471188141,0.24921400672708097,106.18230494466675,0.9250084648261334
90241.0,-0.004,-0.0055,0.9229,0,0,0,-0.46047766341989627,0.25210188559716157,106.18230494466675,0.9229250565457632
90252.0,-0.0062,-0.0062,0.934,0,0,0,-0.46047853815759754,0.25490521971789426,106.18230494466675,0.9340411554101886
90263.0,-0.0088,-0.0105,0.9222,0,-0.5754926666666664,0,-0.4608615946948711,0.25175647699871906,106.18230494466675,0.9223017564766967
90274.0,-0.0074,-0.0101,0.9166,0,-0.6441926666666666,0,-0.4615376887224824,0.24803896529642724,106.18230494466675,0.9166855131395936
90285.0,-0.0044,-0.0061,0.9165,0,0,0,-0.46197540795329906,0.25106632791293854,106.18230494466675,0.916530861455303
90296.0,-0.0072,-0.0067,0.9226,0,0,0,-0.4622698209889089,0.25412847353262696,106.18230494466675,0.9226524210123767
90307.0,-0.0049,-0.0056,0.9248,0,0,0,-0.46229855975504747,0.25692796747825547,106.18230494466675,0.9248299357179135
90318.0,-0.0055,-0.0089,0.925,0,-0.5907926666666667,0,-0.4625020171269072,0.2531957445797164,106.18230494466675,0.9250591656753637
90329.0,-0.0023,-0.0059,0.9227,0,-0.5983926666666664,0,-0.4624894494516827,0.2489649705632347,106.18230494466675,0.922721729450434
90340.0,-0.0093,-0.0073,0.9214,0,0,0,-0.4624612409575206,0.25169668121804,106.18230494466675,0.9214758488424968
90351.0,-0.0063,-0.0092,0.9149,0,0,0,-0.46266173429063195,0.25439156961202397,106.18230494466675,0.9149679447936961
90362.0,-0.0081,-0.0071,0.929,0,0,0,-0.46278855199727,0.2572601744243798,106.18230494466675,0.9290624413891674
90543.0,-0.0088,-0.0073,0.925,0,-0.6059926666666664,0,-0.4628790599897821,0.15287540402378866,106.18230494466675,0.9250706621658694
90554.0,-0.0044,-0.0096,0.9183,0,-0.7052926666666663,0,-0.4632296936516924,0.15019157222029844,106.18230494466675,0.9183607188899142
90565.0,-0.0015,-0.0052,0.9203,0,0,0,-0.4632608083045878,0.15455518250453462,106.18230494466675,0.9203159131515656
90576.0,-0.0042,-0.0052,0.925,0,0,0,-0.4630052783616346,0.1586145993679591,106.18230494466675,0.9250241510360689
90587.0,-0.01,-0.0077,0.9258,0,0,0,-0.46280704142919615,0.1631169593273446,106.18230494466675,0.9258860243032075
90598.0,-0.0066,-0.0077,0.9207,0,-0.7357926666666668,0,-0.4626647598160599,0.15965125999794727,106.18230494466675,0.9207558525472428
90609.0,-0.0013,-0.0065,0.9138,0,-0.5601926666666666,0,-0.4624299067255468,0.15754348959017644,106.18230494466675,0.9138240421437815
90620.0,-0.0046,-0.0048,0.923,0,0,0,-0.4618935451076327,0.1613752998259362,106.18230494466675,0.9230239433514171
90631.0,-0.0059,-0.0057,0.9294,0,0,0,-0.46119826321942753,0.1651598503911741,106.18230494466675,0.9294362054493036
90642.0,-0.0067,-0.0074,0.9318,0,-0.5220926666666665,0,-0.46057311351927444,0.163364356485886,106.18230494466675,0.9318534702408957
90653.0,-0.0065,-0.0071,0.9258,0,-0.7128926666666664,0,-0.4599793917084745,0.15963907165536612,106.18230494466675,0.925850041853431
90664.0,-0.0083,-0.0087,0.9215,0,-0.5220926666666665,0,-0.4596170483248663,0.1583537830239478,106.18230494466675,0.921578444843411
90675.0,-0.0105,-0.0077,0.9219,0,0,0,-0.459335130124867,0.16327292023024131,106.18230494466675,0.9219919468194937
90686.0,-0.0048,-0.004,0.9243,0,0,0,-0.45866342586670444,0.16787998010740257,106.18230494466675,0.9243211184431523
90697.0,0.0009,-0.0006,0.9325,0,0,0,-0.45722072355066523,0.1714893107644506,106.18230494466675,0.9325006273456334
90708.0,-0.0022,-0.0057,0.9331,0,0,0,-0.4557332054100446,0.17459637907656145,106.18230494466675,0.9331200030006859
90719.0,-0.0068,-0.0088,0.9264,0,-0.5907926666666667,0,-0.45459854205514466,0.1714601806634645,106.18230494466675,0.9264667506176355
90730.0,-0.0103,-0.0111,0.9204,0,-0.8349926666666665,0,-0.45406756853573,0.16636111401517628,106.18230494466675,0.9205245569782482
90741.0,-0.0079,-0.0077,0.9146,0,0,0,-0.4536547084307299,0.17061930501724082,106.18230494466675,0.914666529397463
90752.0,-0.0027,-0.0044,0.9204,0,0,0,-0.4529321697087434,0.1743714035323963,106.18230494466675,0.9204144772872709
90763.0,-0.0038,-0.0067,0.942,0,0,0,-0.45220368430871405,0.1777897154805039,106.18230494466675,0.9420314909810605
90774.0,-0.0094,-0.0048,0.9302,0,-0.7586926666666667,0,-0.45124690818718544,0.17343051557715738,106.18230494466675,0.9302598776686007
90785.0,-0.0078,-0.0106,0.9192,0,0,0,-0.450818563421471,0.17757050981516,106.18230494466675,0.9192942075309731
90796.0,-0.0054,-0.0068,0.9105,0,0,0,-0.4503949693482813,0.18154762210815534,106.18230494466675,0.9105414048795364
91149.0,-0.0072,-0.0126,0.913,0,0,0,-0.450694332919028,0.1855944200799523,106.18230494466675,0.913115326779701
91160.0,-0.0094,-0.0067,0.9199,0,0,0,-0.45089180448618055,0.18996233822846179,106.18230494466675,0.9199724234997483
91171.0,-0.0038,-0.0078,0.9315,0,0,0,-0.4511240468968509,0.19389936914140932,106.18230494466675,0.9315404070677772
91182.0,-0.0042,-0.0052,0.9241,0,-0.5067926666666667,0,-0.45107123452702375,0.19204142565157029,106.18230494466675,0.9241241745566448
91193.0,-0.0087,-0.0084,0.91,0,-0.5525926666666665,0,-0.45117810992582125,0.19006957248857811,106.18230494466675,0.9100803535952197
91204.0,-0.0051,-0.0042,0.9244,0,0,0,-0.45088976374983714,0.19394337488218516,106.18230494466675,0.92442360960763
91215.0,-0.0046,-0.004,0.9337,0,0,0,-0.4502203230422424,0.19753447191265794,106.18230494466675,0.933719899113219
91226.0,-0.006,-0.0096,0.9275,0,-0.5601926666666666,0,-0.44991683925495607,0.1950091336924632,106.18230494466675,0.9275690863757804
91237.0,-0.0072,-0.0045,0.9227,0,-0.6746926666666666,0,-0.44930852029909407,0.19144756858541837,106.18230494466675,0.9227390638745061
91248.0,-0.0055,-0.0096,0.9149,0,-0.5525926666666665,0,-0.4490725858021961,0.1892017833189565,106.18230494466675,0.9149668955760094
91259.0,-0.0057,-0.0067,0.9243,0,0,0,-0.4487968961775869,0.1929104413988411,106.18230494466675,0.924341857756101
91270.0,-0.0073,-0.0051,0.9363,0,0,0,-0.4482771029129601,0.1966909387160194,106.18230494466675,0.9363423465805656
91281.0,-0.0106,-0.0059,0.9222,0,-0.6517926666666667,0,-0.4476553970666358,0.19392159709713452,106.18230494466675,0.9222797894348547
91292.0,-0.0046,-0.005,0.9209,0,-0.5678926666666664,0,-0.44683456844880975,0.19186617032520667,106.18230494466675,0.9209250620978887
91303.0,-0.0055,-0.0066,0.9236,0,0,0,-0.4460357649536838,0.19586164691137162,106.18230494466675,0.9236399569096174
91314.0,-0.0078,-0.0079,0.9297,0,0,0,-0.445413745271272,0.19995634295921802,106.18230494466675,0.929766282460275
91325.0,-0.0066,-0.004,0.9258,0,0,0,-0.4444689191310171,0.20398488013924435,106.18230494466675,0.9258321662158859
91336.0,-0.0044,-0.0056,0.9178,0,-0.5907926666666667,0,-0.4434464516457888,0.20131234920042132,106.18230494466675,0.917827630876299
91347.0,-0.0018,-0.0079,0.9279,0,0,0,-0.4426340873686258,0.2045045273156985,106.18230494466675,0.9279353749049553
91358.0,-0.0037,-0.0073,0.9283,0,0,0,-0.4419337962319849,0.20736670897069173,106.18230494466675,0.9283360759983423
91369.0,-0.0114,-0.0078,0.9272,0,-0.5678926666666664,0,-0.44139656213307615,0.2047651857544864,106.18230494466675,0.9273028847145899
91380.0,-0.0076,-0.0071,0.9203,0,-0.7128926666666664,0,-0.4409237008349059,0.20083131711426283,106.18230494466675,0.9203587670033898
91391.0,-0.0049,-0.0095,0.9253,0,-0.5143926666666667,0,-0.44080152749749496,0.198937989964023,106.18230494466675,0.9253617400779006
91402.0,-0.0018,-0.0057,0.9288,0,0,0,-0.4405147216434123,0.2020806599450597,106.18230494466675,0.9288192342969648
91413.0,-0.0103,-0.0071,0.9298,0,0,0,-0.4402557995518586,0.20572033248150826,106.18230494466675,0.9298841540751192
91424.0,-0.0101,-0.0094,0.923,0,-0.6441926666666666,0,-0.4403131142127861,0.2028274260718614,106.18230494466675,0.9231031199167296
91435.0,-0.0057,-0.0066,0.9258,0,-0.6441926666666666,0,-0.44029989016159193,0.19988123601636984,106.18230494466675,0.9258410716748312
91446.0,-0.0034,-0.0051,0.9183,0,0,0,-0.4400456835413294,0.20355975131723342,106.18230494466675,0.9183204560500654
91457.0,-0.0057,-0.004,0.9291,0,0,0,-0.4394331233346686,0.2070998040069718,106.18230494466675,0.92912609477939
91468.0,-0.0094,-0.004,0.9275,0,0,0,-0.4385073616174784,0.21097022808193552,106.18230494466675,0.9275562570539859
91479.0,-0.0052,-0.0059,0.9238,0,-0.7281926666666667,0,-0.43754573997786805,0.20675732858496199,106.18230494466675,0.9238334752540632
91490.0,-0.0055,-0.0071,0.9144,0,-0.5067926666666667,0,-0.43671109208581294,0.20491998885688703,106.18230494466675,0.9144441043606766
91501.0,-0.0044,-0.006,0.9259,0,0,0,-0.4358439792070727,0.2083506521080367,106.18230494466675,0.925929894754457
91512.0,-0.0088,-0.0063,0.9282,0,0,0,-0.43498518965108496,0.21204746846954106,106.18230494466675,0.928263093093763
91523.0,-0.0078,-0.006,0.9326,0,-0.6899926666666665,0,-0.4340945937485145,0.20840556877746974,106.18230494466675,0.9326519179200781
91534.0,-0.0076,-0.0088,0.9167,0,-0.6212926666666667,0,-0.433538166285886,0.20572214671009137,106.18230494466675,0.9167737398071565
91545.0,-0.0061,-0.0081,0.9213,0,-0.5372926666666666,0,-0.43318713784499696,0.20393858798256273,106.18230494466675,0.9213557998949158
91556.0,-0.005,-0.0051,0.9232,0,0,0,-0.43264437861778726,0.20779123445524458,106.18230494466675,0.92322762631975
91567.0,-0.0084,-0.0056,0.9281,0,0,0,-0.4319912991500259,0.21181174516285917,106.18230494466675,0.9281549062521838
91578.0,-0.006,-0.0071,0.9208,0,0,0,-0.4314345411179336,0.21568114596174023,106.18230494466675,0.9208469199600985
91589.0,-0.0054,-0.0056,0.9205,0,0,0,-0.43077812311463315,0.21933531759240987,106.18230494466675,0.9205328728513719
91600.0,-0.0017,-0.0065,0.9243,0,0,0,-0.43014345290343037,0.2223301057333649,106.18230494466675,0.9243244181563095
91611.0,-0.0062,-0.0095,0.9308,0,-0.5678926666666664,0,-0.4298954003206547,0.2191684119301984,106.18230494466675,0.9308691261396523
91622.0,-0.0083,-0.006,0.9198,0,-0.6823926666666664,0,-0.429564691879083,0.21512762768569377,106.18230494466675,0.9198570160628227
91633.0,-0.0035,-0.0062,0.9148,0,0,0,-0.4291909533819182,0.21819539340147348,106.18230494466675,0.914827705089871
91644.0,-0.01,-0.0077,0.9323,0,0,0,-0.4289504108432272,0.22169826077305524,106.18230494466675,0.9323854245965024
91655.0,-0.0023,-0.0009,0.9272,0,-0.6823926666666664,0,-0.42798940376739675,0.2172709235682268,106.18230494466675,0.9272032894678491
91666.0,-0.0085,-0.0093,0.9271,0,-0.6288926666666663,0,-0.42743628131563133,0.21382401240882581,106.18230494466675,0.9271856070927763
91677.0,-0.0103,-0.0067,0.9154,0,0,0,-0.42693187276170025,0.21774234843657747,106.18230494466675,0.915482462966932
91688.0,-0.01,-0.0057,0.9355,0,-0.5296926666666666,0,-0.4263300616287987,0.21628228580103642,106.18230494466675,0.9355708097199271
91699.0,-0.0052,-0.0078,0.9132,0,0,0,-0.42592322892460727,0.22035590332463406,106.18230494466675,0.9132481152457967
91710.0,-0.0024,-0.0046,0.9281,0,-0.5296926666666666,0,-0.42527948294925877,0.21809205645478344,106.18230494466675,0.9281145026342387
91721.0,-0.0098,-0.0085,0.9182,0,0,0,-0.42492028184558966,0.22201870316863467,106.18230494466675,0.9182916366819421
91732.0,-0.005,-0.005,0.9215,0,-0.5067926666666667,0,-0.42437577045763825,0.22019692267240104,106.18230494466675,0.921527129280522
91743.0,-0.0009,-0.0112,0.9313,0,-0.5983926666666664,0,-0.4244293248647035,0.21672131292033028,106.18230494466675,0.9313677791291687
91754.0,-0.0071,-0.0066,0.9215,0,-0.5449926666666665,0,-0.4244484812990897,0.21403548453914586,106.18230494466675,0.92155098610983
91765.0,-0.0074,-0.0072,0.9224,0,0,0,-0.42451084155061164,0.21744508816247388,106.18230494466675,0.922457782231794
91776.0,-0.0105,-0.0072,0.9259,0,0,0,-0.42460792052895935,0.22131805254758968,106.18230494466675,0.9259875269138348
91787.0,-0.0099,-0.0071,0.9254,0,-0.5143926666666667,0,-0.42472348235773705,0.21997265954401615,106.18230494466675,0.9254801888749429
91798.0,-0.0056,-0.0107,0.9248,0,-0.5907926666666667,0,-0.4253020389321573,0.21766174180109438,106.18230494466675,0.9248788515259715
91809.0,-0.0011,-0.007,0.9254,0,0,0,-0.4258284772643652,0.22105544152827475,106.18230494466675,0.9254271284115244
91820.0,-0.0084,-0.005,0.9299,0,0,0,-0.4260556928725503,0.22464310254280342,106.18230494466675,0.9299513804495372
91831.0,-0.0092,-0.0082,0.9266,0,-0.7128926666666664,0,-0.4264182389153679,0.22081144609880846,106.18230494466675,0.9266819519123052
91842.0,-0.009,-0.0081,0.9258,0,-0.7052926666666663,0,-0.42688776950783563,0.21741789310055332,106.18230494466675,0.9258791767828024
91853.0,-0.0062,-0.0107,0.9231,0,-0.5449926666666665,0,-0.42777547990453935,0.2157274963808686,106.18230494466675,0.9231828312961632
91864.0,-0.0092,-0.0085,0.9114,0,0,0,-0.42876986796942834,0.22024533284643877,106.18230494466675,0.9114860668161636
91875.0,-0.0018,-0.0028,0.9252,0,0,0,-0.42913524549665516,0.22401147481025532,106.18230494466675,0.9252059878751326
91886.0,-0.0023,-0.0046,0.9291,0,0,0,-0.429164886244595,0.22716607849049522,106.18230494466675,0.9291142340961095
91897.0,-0.0043,-0.0062,0.9294,0,-0.6594926666666665,0,-0.42909663553533633,0.2229137807682228,106.18230494466675,0.9294306267817948
91908.0,-0.0059,-0.009,0.9186,0,0,0,-0.4292992740476968,0.22585183930915878,106.18230494466675,0.9186630339792714
91919.0,-0.0079,-0.0079,0.9177,0,-0.5449926666666665,0,-0.42960512585251365,0.22310136794993507,106.18230494466675,0.9177680044542847
91930.0,-0.0038,-0.0082,0.9309,0,0,0,-0.43002590987141415,0.22598240735230493,106.18230494466675,0.9309438704884414
91941.0,-0.0004,-0.0048,0.9312,0,0,0,-0.43012558624798314,0.22811612370692863,106.18230494466675,0.9312124569613531
91952.0,-0.0054,-0.0062,0.9233,0,0,0,-0.43012287360613866,0.23021201253706286,106.18230494466675,0.923336607094076
91963.0,-0.01,-0.0099,0.9237,0,0,0,-0.43048792851284134,0.23284010158524016,106.18230494466675,0.9238071768502342
91974.0,-0.0072,-0.0096,0.9167,0,0,0,-0.4311465485761798,0.23559103829328681,106.18230494466675,0.9167785392339853
92159.0,-0.0018,-0.0061,0.9254,0,0,0,-0.431620262361869,0.23776831499146991,106.18230494466675,0.9254218551557987
92170.0,-0.0046,-0.0057,0.9316,0,-0.6517926666666667,0,-0.4318744161280154,0.23275172377796954,106.18230494466675,0.9316287941020286
92181.0,-0.0082,-0.0084,0.92,0,0,0,-0.4322803056338199,0.23520501218098905,106.18230494466675,0.9200748882563854
92192.0,-0.0095,-0.009,0.921,0,0,0,-0.4328927549303167,0.2380788548013955,106.18230494466675,0.9210929649063659
92203.0,-0.0074,-0.0048,0.929,0,0,0,-0.43315757376539604,0.241050951755923,106.18230494466675,0.9290418720380692
92214.0,-0.0038,-0.0076,0.9231,0,0,0,-0.4334681801408784,0.24366236882324963,106.18230494466675,0.9231391065272883
92225.0,-0.0021,-0.0068,0.9281,0,0,0,-0.43371456727566354,0.24573583623414585,106.18230494466675,0.9281272865291701
92236.0,-0.0067,-0.0099,0.9186,0,0,0,-0.43429732150247863,0.2479081058834303,106.18230494466675,0.918677778113741
92247.0,-0.004,-0.0096,0.9207,0,0,0,-0.43513660221341993,0.24982677497301098,106.18230494466675,0.9207587360432699
92258.0,-0.0037,-0.0089,0.931,0,0,0,-0.4361029920604714,0.25147316333223335,106.18230494466675,0.9310498912518061
92269.0,-0.0035,-0.0059,0.9224,0,0,0,-0.4368165777441172,0.25285760981898237,106.18230494466675,0.9224255091875982
92280.0,-0.0094,-0.0043,0.9327,0,-0.5601926666666666,0,-0.4370971967462772,0.24869316642992265,106.18230494466675,0.9327572781811997
92291.0,-0.0112,-0.0125,0.9121,0,-0.5449926666666665,0,-0.43803233260071706,0.24548072646461883,106.18230494466675,0.9122544053058883
92302.0,-0.0094,-0.0095,0.9213,0,0,0,-0.4391620569334874,0.24861206098153443,106.18230494466675,0.9213969285818138
92313.0,-0.006,-0.0079,0.9314,0,0,0,-0.4402519247961774,0.25161435032258894,106.18230494466675,0.931452827576362
92324.0,0.0001,-0.0029,0.9218,0,0,0,-0.44069480185586835,0.25374874343425013,106.18230494466675,0.9218045671399117
92335.0,-0.0032,-0.0059,0.9319,0,0,0,-0.44092800667249743,0.25551481852339986,106.18230494466675,0.9319241707349369
92346.0,-0.0073,-0.0092,0.9258,0,0,0,-0.4413907195084008,0.25746521102721703,106.18230494466675,0.9258744893342725
92357.0,-0.0103,-0.0103,0.9121,-0.5403536666666671,0,0,-0.44803041429593227,0.2599571611189387,106.18230494466675,0.9122163065852309
92368.0,-0.0032,-0.0033,0.943,0,-0.5067926666666667,0,-0.44813850834686814,0.25655373524624636,106.18230494466675,0.9430112035389612
92379.0,-0.0046,-0.004,0.9174,0,-0.5372926666666666,0,-0.44784046404172956,0.2527394809727248,106.18230494466675,0.9174202526650477
92390.0,-0.0115,-0.0063,0.9193,0,0,0,-0.4474675807355361,0.25551222446569216,106.18230494466675,0.9193935120501993
92401.0,-0.0118,-0.0082,0.932,0,0,0,-0.44725301719869215,0.2589025930769523,106.18230494466675,0.932110765950056
92412.0,-0.0035,-0.0079,0.9222,0,0,0,-0.44715058772293365,0.2618111440579297,106.18230494466675,0.9222404784002923
92760.0,-0.0054,-0.0096,0.9186,0,0,0,-0.4473615729772162,0.26452729168018807,106.18230494466675,0.9186660328977011
92771.0,-0.0054,-0.004,0.9255,0,0,0,-0.4471476396304386,0.2670623082461073,106.18230494466675,0.9255243973013353
92782.0,-0.0015,-0.0043,0.9276,0,0,0,-0.4465947643950873,0.26894744376735225,106.18230494466675,0.9276111793203011
92793.0,-0.0045,-0.005,0.9248,0,-0.5907926666666667,0,-0.44583343428732874,0.2642610502973273,106.18230494466675,0.9248244644255471
92804.0,-0.0033,-0.0062,0.9261,0,0,0,-0.4450373498304929,0.2657388986869956,106.18230494466675,0.9261266328100062
92815.0,-0.0062,-0.0056,0.9282,0,0,0,-0.44413605345057766,0.26727659526764985,106.18230494466675,0.9282375988937316
92826.0,-0.0092,-0.0085,0.9265,0,-0.5678926666666664,0,-0.4435044125270099,0.2631148714968452,106.18230494466675,0.9265846642374349
92837.0,-0.0043,-0.006,0.9142,0,0,0,-0.4428131426752078,0.26496874371220286,106.18230494466675,0.9142298015269466
92848.0,-0.0079,-0.0088,0.9183,0,0,0,-0.4424142810540767,0.2670581548920003,106.18230494466675,0.9183761429828194
92859.0,-0.0033,-0.0052,0.9287,0,0,0,-0.4418182553367558,0.2687724253334267,106.18230494466675,0.928720420794116
92870.0,-0.0028,-0.0032,0.9326,0,-0.6670926666666666,0,-0.4407985477334534,0.26289665736920415,106.18230494466675,0.9326096932800988
92881.0,-0.0005,-0.0052,0.9232,0,0,0,-0.439663249344152,0.26372366209412096,106.18230494466675,0.9232147799943413
92892.0,-0.0073,-0.0076,0.9202,0,0,0,-0.4387281752236462,0.2648333475860696,106.18230494466675,0.920260338165239
92903.0,-0.005,-0.0066,0.9254,0,0,0,-0.43784326434490356,0.26590154288004375,106.18230494466675,0.925437042699286
92914.0,0.0012,-0.0037,0.9274,0,-0.6288926666666663,0,-0.43664332264596317,0.2593818795274997,106.18230494466675,0.9274081571778415
92925.0,-0.0065,-0.0089,0.927,0,0,0,-0.43581258583324073,0.2600183278581518,106.18230494466675,0.9270655100908458
92936.0,-0.0088,-0.0085,0.9178,0,0,0,-0.43526757276320127,0.2611547519555948,106.18230494466675,0.9178815446450592
92947.0,-0.0077,-0.0057,0.9252,0,0,0,-0.43462217755155275,0.2625887474760665,106.18230494466675,0.9252495987570057
92958.0,-0.0051,-0.005,0.9282,0,0,0,-0.43380024715991883,0.2639578354135905,106.18230494466675,0.9282274775075342
92969.0,-0.004,-0.0089,0.9244,0,0,0,-0.43331084196882586,0.2651333558954756,106.18230494466675,0.9244514968347447
92980.0,-0.0015,-0.004,0.9281,0,0,0,-0.4325053705903504,0.2658235757479306,106.18230494466675,0.9281098318625873
92991.0,-0.0095,-0.007,0.9312,0,0,0,-0.4317917427906921,0.26707315412283117,106.18230494466675,0.931274766113632
93002.0,-0.0078,-0.0085,0.9175,0,0,0,-0.43135817242187563,0.2686127873708857,106.18230494466675,0.9175725257438782
93013.0,-0.0039,-0.0085,0.9325,0,-0.5067926666666667,0,-0.43115921971531884,0.26444799045987744,106.18230494466675,0.9325468942632322
93024.0,-0.0117,-0.0103,0.9178,0,0,0,-0.4314039677279553,0.26661738913010047,106.18230494466675,0.917932361342599
93035.0,-0.0055,-0.0065,0.9307,-0.5785536666666671,-0.5372926666666666,0,-0.43779362093506097,0.2628823305310386,106.18230494466675,0.9307389483630735
93046.0,-0.0071,-0.0068,0.923,0,0,0,-0.4377848476712885,0.2651561819744269,106.18230494466675,0.9230523549615157
93057.0,-0.0083,-0.0115,0.9221,0,0,0,-0.43832892376556987,0.26766201506259496,106.18230494466675,0.9222090598123617
93068.0,0.0016,-0.0071,0.9301,0,-0.5143926666666667,0,-0.4388066173388817,0.26358959613521227,106.18230494466675,0.9301284749968685
93079.0,-0.0009,-0.002,0.9238,0,0,0,-0.4385994970235335,0.26457370812493175,106.18230494466675,0.923802603373686
93090.0,-0.002,-0.0045,0.9253,0,0,0,-0.43809689306022037,0.2651602081912129,106.18230494466675,0.9253131037654228
93101.0,-0.0046,-0.0087,0.9264,0,0,0,-0.4378537964237792,0.26571615429934853,106.18230494466675,0.9264522707619643
93112.0,-0.0076,-0.0068,0.9205,0,0,0,-0.4376101835425274,0.2666194644291227,106.18230494466675,0.92055648930416
93123.0,-0.0105,-0.0073,0.9233,0,0,0,-0.43742596172272813,0.2681850449585431,106.18230494466675,0.9233885585169441
93134.0,-0.0101,-0.0089,0.9185,0,0,0,-0.4374973751120479,0.27028611020162313,106.18230494466675,0.918598644675682
93145.0,-0.0073,-0.0079,0.9196,0,0,0,-0.4376692875092064,0.2725076014541164,106.18230494466675,0.9196629056344504
93156.0,-0.0056,-0.0043,0.9299,0,0,0,-0.43747324978372565,0.27461157830557276,106.18230494466675,0.9299268035711198
93167.0,-0.0068,-0.0088,0.9258,0,0,0,-0.4375149163280834,0.27675985194804925,106.18230494466675,0.9258667938747992
93178.0,-0.0073,-0.0042,0.9293,0,0,0,-0.43719280484043965,0.2790018984832536,106.18230494466675,0.9293381623499597
93189.0,-0.0046,-0.0061,0.9305,0,0,0,-0.4367850192565392,0.2809867202928237,106.18230494466675,0.9305313643290053
93200.0,-0.0038,-0.0078,0.9182,0,0,0,-0.4365242056781688,0.282651596864807,106.18230494466675,0.9182409923326229
93211.0,-0.0072,-0.0092,0.9288,0,0,0,-0.43655725180875404,0.2844436366355614,106.18230494466675,0.9288734682398889
93222.0,-0.0063,-0.0079,0.9202,0,0,0,-0.43669649988752296,0.2862396562244393,106.18230494466675,0.9202554753980006
93233.0,-0.004,-0.0081,0.9255,0,0,0,-0.4369488944501068,0.2877463197996022,106.18230494466675,0.9255440886311143
93244.0,-0.001,-0.0087,0.922,0,0,0,-0.437378386942272,0.2886255970085955,106.18230494466675,0.9220415879991531
93255.0,0.0004,-0.0033,0.924,0,0,0,-0.4372919599005132,0.28877459581972686,106.18230494466675,0.9240059794178824
93266.0,-0.0033,-0.0045,0.9321,0,0,0,-0.43689203461775683,0.2887327683947484,106.18230494466675,0.93211670406661
93277.0,-0.0065,-0.0049,0.9282,0,0,0,-0.4362697567967656,0.28892153418326677,106.18230494466675,0.9282356920524011
93288.0,-0.0081,-0.0072,0.9255,0,-0.5678926666666664,0,-0.435739798094828,0.28339119654259926,106.18230494466675,0.9255634500130177
93299.0,-0.0107,-0.0088,0.9152,0,0,0,-0.4354998340963322,0.28478902248857774,106.18230494466675,0.9153048508557136
93310.0,-0.0117,-0.0103,0.9236,0,0,0,-0.4356946512244462,0.2869032895452599,106.18230494466675,0.9237315302619046
93321.0,-0.0066,-0.0074,0.9298,0,0,0,-0.4359071618588661,0.28900782930319224,106.18230494466675,0.9298528700821437
93332.0,-0.0067,-0.0072,0.9294,0,-0.5678926666666664,0,-0.43611045273971,0.2849903879776367,106.18230494466675,0.9294520374930597
93343.0,-0.0029,-0.0054,0.9205,0,-0.5067926666666667,0,-0.43609081322627635,0.28128653963947986,106.18230494466675,0.9205204071610797
93354.0,-0.0042,-0.0046,0.925,0,0,0,-0.43577113291253466,0.2828943541738735,106.18230494466675,0.9250209727352132
93365.0,-0.0085,-0.0062,0.9248,0,0,0,-0.43538583613173637,0.2847998370466515,106.18230494466675,0.92485984343575
93376.0,-0.0055,-0.0089,0.9205,0,-0.6365926666666666,0,-0.4352819567526266,0.27973338815360294,106.18230494466675,0.9205594548968579
93387.0,-0.0023,-0.0049,0.9314,0,0,0,-0.43492088917964866,0.28116136043041406,106.18230494466675,0.9314157288772829
93398.0,0.0027,-0.0046,0.9344,0,0,0,-0.434294310601545,0.28151811385283393,106.18230494466675,0.9344152235489317
93409.0,-0.0076,-0.0085,0.9275,0,0,0,-0.433923530432959,0.28220916578292315,106.18230494466675,0.9275700836055462
93420.0,-0.0122,-0.0098,0.918,0,-0.5372926666666666,0,-0.43394874222047874,0.27797798679084135,106.18230494466675,0.9181333672185104
93431.0,-0.0129,-0.0096,0.9182,0,0,0,-0.43429876506442844,0.2805065965187689,106.18230494466675,0.9183407918632385
93442.0,-0.0046,-0.005,0.925,0,0,0,-0.43435820565596056,0.28274559884635564,106.18230494466675,0.9250249510148362
93453.0,-0.0039,-0.0082,0.9313,0,0,0,-0.4345517123988076,0.28463282604664847,106.18230494466675,0.9313442650277071
93464.0,-0.0054,-0.0045,0.9204,0,-0.5067926666666667,0,-0.4344151162953285,0.2809375682487232,106.18230494466675,0.9204268411992341
93475.0,-0.0082,-0.0079,0.9304,0,0,0,-0.4343993780204128,0.2830447191247817,106.18230494466675,0.9304696717249843
93486.0,-0.0002,-0.0039,0.9268,0,0,0,-0.43399841369667896,0.2843608798713424,106.18230494466675,0.9268082271969752
93497.0,-0.0015,-0.0045,0.9286,0,0,0,-0.4333312789937071,0.2851366083471993,106.18230494466675,0.9286121149328174
93508.0,-0.0054,-0.0078,0.9218,0,0,0,-0.43284514096878896,0.2859217105465212,106.18230494466675,0.9218488162383244
93519.0,-0.0074,-0.0094,0.9215,0,0,0,-0.4327181850424114,0.2869614812406632,106.18230494466675,0.9215776527238495
93530.0,-0.0051,-0.0079,0.9243,0,0,0,-0.4327200572139865,0.28793694247479096,106.18230494466675,0.9243478295533559
93541.0,-0.0078,-0.0099,0.9242,0,0,0,-0.4330834204916137,0.28918830369122345,106.18230494466675,0.924285935195381
93552.0,-0.0031,-0.0084,0.9211,0,0,0,-0.43358219872689574,0.29010046096199593,106.18230494466675,0.921143517591043
93563.0,-0.0048,-0.0049,0.9229,0,-0.5296926666666666,0,-0.4337638426172664,0.28521079744927424,106.18230494466675,0.9229254899502994
93574.0,0.0017,-0.0079,0.9294,0,0,0,-0.43403099779273036,0.28525291131746855,106.18230494466675,0.9294351295276072
93585.0,-0.005,-0.0099,0.9259,0,-0.6059926666666664,0,-0.4346240906013285,0.27880579922968424,106.18230494466675,0.9259664248772738
93775.0,-0.0088,-0.0093,0.9244,0,-0.6899926666666665,0,-0.4354306104287437,0.15105511425799004,106.18230494466675,0.9244886640732811
93786.0,-0.0056,-0.0051,0.918,0,-0.6212926666666667,0,-0.43590981474766205,0.14770689779576537,106.18230494466675,0.9180312467449024
93797.0,-0.0002,-0.0074,0.9192,0,0,0,-0.4363831438024346,0.15051407659659466,106.18230494466675,0.9192298080458444
93808.0,-0.009,-0.0071,0.9283,0,0,0,-0.4368040533365184,0.15380232777142785,106.18230494466675,0.9283707772221184
93819.0,-0.0073,-0.0056,0.9283,0,0,0,-0.43699203954419774,0.15729716372230748,106.18230494466675,0.9283455929770982
93830.0,-0.0085,-0.006,0.925,0,-0.7586926666666667,0,-0.4370270570279434,0.15293944844484525,106.18230494466675,0.9250585116629111
93841.0,-0.0043,-0.007,0.9202,0,0,0,-0.4370555906850791,0.15668706834280935,106.18230494466675,0.9202366706451118
93852.0,-0.0057,-0.0074,0.9261,0,0,0,-0.4371223251763457,0.1603844250090881,106.18230494466675,0.9261471049460771
93863.0,-0.0099,-0.0111,0.929,0,0,0,-0.4376782149996801,0.1645482742297693,106.18230494466675,0.9291190558803538
93874.0,-0.0096,-0.0065,0.9236,0,-0.6212926666666667,0,-0.43809970785273805,0.16238465672313865,106.18230494466675,0.9236727613175566
93885.0,-0.0044,-0.007,0.9248,0,0,0,-0.4384626040514488,0.16672453962456027,106.18230494466675,0.9248369586040558
93896.0,-0.0011,-0.0085,0.9246,0,0,0,-0.4389591756963518,0.17035528706472586,106.18230494466675,0.9246397244332518
93907.0,-0.0082,-0.0055,0.9244,0,0,0,-0.4392010726194917,0.17423327547440282,106.18230494466675,0.9244527299975915
93918.0,-0.0051,-0.0067,0.9165,0,0,0,-0.4393742223299929,0.17794357432213084,106.18230494466675,0.9165386789437748
93929.0,-0.0046,-0.0081,0.9326,0,0,0,-0.4396442747475823,0.18142407215245682,106.18230494466675,0.9326465193201549
93940.0,-0.0009,-0.0052,0.9192,0,-0.5754926666666664,0,-0.43965282721547777,0.17804261239831018,106.18230494466675,0.9192151489178146
93951.0,-0.0052,-0.0079,0.9221,0,0,0,-0.43976257154601944,0.1809337167484672,106.18230494466675,0.9221485021405176
93962.0,-0.0087,-0.007,0.9225,0,0,0,-0.4398493501457831,0.18420185694301894,106.18230494466675,0.922567580180444
93973.0,-0.0087,-0.0044,0.9283,0,0,0,-0.43958780835458494,0.18779155635908495,106.18230494466675,0.9283511943224935
93984.0,-0.0032,-0.005,0.9238,0,-0.5143926666666667,0,-0.4390982783288376,0.1854340306615515,106.18230494466675,0.9238190731956122
93995.0,-0.0012,-0.0074,0.9207,0,-0.6746926666666666,0,-0.43870900530341617,0.1808525118161088,106.18230494466675,0.9207305197504859
94006.0,-0.0046,-0.006,0.9246,0,0,0,-0.4382317803156368,0.18356582876050032,106.18230494466675,0.924630910147395
94017.0,-0.0074,-0.0048,0.9299,0,0,0,-0.43752450531695103,0.18650534509614836,106.18230494466675,0.9299418315142082
94028.0,-0.0044,-0.0063,0.9216,0,0,0,-0.4368090240799942,0.18927240592606356,106.18230494466675,0.9216320361185368
94375.0,0.0002,-0.0039,0.9259,0,0,0,-0.4357865274159154,0.1913085841173176,106.18230494466675,0.9259082351939634
94386.0,-0.0013,-0.0084,0.9346,0,0,0,-0.4350455771707917,0.19287708635546824,106.18230494466675,0.9346386521003719
94397.0,-0.0115,-0.0093,0.9128,0,-0.7357926666666668,0,-0.4346848470033711,0.18737544855817903,106.18230494466675,0.9129198102790846
94408.0,-0.0078,-0.0085,0.916,0,-0.8502926666666664,0,-0.4345587795680456,0.18109375817004142,106.18230494466675,0.9160726444993322
94419.0,-0.004,-0.0074,0.9216,0,0,0,-0.43449844909375607,0.18393829963086383,106.18230494466675,0.9216383889574045
94430.0,-0.0037,-0.0034,0.9354,0,0,0,-0.43398745351658896,0.18653027645530337,106.18230494466675,0.93541349680235
94441.0,-0.012,-0.0077,0.9235,0,0,0,-0.43362403494306595,0.18993155700533193,106.18230494466675,0.9236100584120984
94452.0,-0.0123,-0.0072,0.9225,0,-0.7815926666666666,0,-0.43333043998913423,0.185652462017065,106.18230494466675,0.9226100909918555
94463.0,-0.004,-0.0109,0.9155,0,0,0,-0.4335646731732143,0.18959315275767752,106.18230494466675,0.9155736234732846
94474.0,-0.0032,-0.0082,0.9283,0,0,0,-0.4339169350272012,0.1930828590304687,106.18230494466675,0.9283417312606387
94485.0,-0.0077,-0.0074,0.9261,0,0,0,-0.4342754203823997,0.1967278693272558,106.18230494466675,0.9261615733769135
94496.0,-0.0043,-0.0051,0.9259,0,0,0,-0.4343537328805265,0.20008108529164703,106.18230494466675,0.9259240303610226
94507.0,-0.0099,-0.0126,0.9325,0,-0.6136926666666667,0,-0.4351077793684093,0.19724333986323547,106.18230494466675,0.9326376681219776
94518.0,-0.0051,-0.0105,0.9109,0,-0.7433926666666664,0,-0.4362182819079737,0.19292968784064293,106.18230494466675,0.9109747910891937
94529.0,-0.0094,-0.0063,0.9293,0,-0.5372926666666666,0,-0.4371009765729776,0.19132083426415047,106.18230494466675,0.9293688933894872
94540.0,-0.0044,-0.0031,0.9135,0,0,0,-0.43740015574136637,0.19528656844389383,106.18230494466675,0.9135158564578942
94551.0,-0.0022,-0.0026,0.9435,0,0,0,-0.43709337532856546,0.19865082575984688,106.18230494466675,0.9435061473037683
94562.0,-0.0031,-0.0054,0.9193,0,0,0,-0.43662269242595575,0.20160915965211615,106.18230494466675,0.919321086454564
94573.0,-0.0011,-0.0027,0.9194,0,-0.7968926666666665,0,-0.4356733189593385,0.1953645974830657,106.18230494466675,0.9194046225683227
94584.0,-0.0104,-0.0094,0.9276,0,-0.5220926666666665,0,-0.4351271071738991,0.19285643574374878,106.18230494466675,0.9277059232321415
94595.0,-0.0129,-0.0067,0.9088,0,0,0,-0.43461940376380115,0.19693633579703476,106.18230494466675,0.9089162447662602
94606.0,-0.0149,-0.0092,0.933,0,0,0,-0.4344352757922747,0.20198114466090944,106.18230494466675,0.9331643210067561
94617.0,-0.0072,-0.007,0.9221,0,0,0,-0.4342738351718812,0.20692145291125982,106.18230494466675,0.9221546779147195
94628.0,-0.0033,-0.0078,0.9288,0,-0.6441926666666666,0,-0.4342257518846583,0.20432526982392174,106.18230494466675,0.9288386135384338
94639.0,-0.0067,-0.0105,0.921,0,-0.5220926666666665,0,-0.4346198540817409,0.20308223566098468,106.18230494466675,0.9210842198192303
94650.0,-0.0009,-0.0068,0.9215,0,0,0,-0.4349439616946601,0.2067586991846325,106.18230494466675,0.921525528675142
94661.0,0.0026,-0.0029,0.9288,0,0,0,-0.43471504868655014,0.20926157400221335,106.18230494466675,0.9288081664154336
94672.0,-0.004,-0.005,0.9293,0,0,0,-0.43425910425478953,0.21154296845106077,106.18230494466675,0.9293220593529458
94683.0,-0.0055,-0.0111,0.9221,0,0,0,-0.4343664087457364,0.21381547034992163,106.18230494466675,0.9221832084786624
94694.0,-0.0084,-0.0051,0.9235,0,-0.7204926666666664,0,-0.4342253351757044,0.20866721224873055,106.18230494466675,0.9235522833061482
94705.0,-0.0095,-0.0081,0.9247,0,0,0,-0.4342362231331077,0.2118767550409768,106.18230494466675,0.9247842721413464
94716.0,-0.0037,-0.0054,0.9225,0,-0.5754926666666664,0,-0.4340484871140378,0.20854012106164313,106.18230494466675,0.9225232246399003
94727.0,-0.0094,-0.0065,0.9285,0,0,0,-0.43381675972215916,0.21192553422228386,106.18230494466675,0.9285703312081428
94738.0,-0.0083,-0.0087,0.9178,0,0,0,-0.4338293117650534,0.21552202672349657,106.18230494466675,0.9178787610572542
94749.0,-0.0094,-0.0083,0.913,0,-0.5754926666666664,0,-0.4340125519825026,0.21323482788899284,106.18230494466675,0.9130861131350099
94760.0,-0.0043,-0.0078,0.9261,0,0,0,-0.43427150334631553,0.21690561632844932,106.18230494466675,0.9261428291575766
94771.0,-0.0045,-0.0045,0.9343,0,0,0,-0.4341795697687015,0.22025874120128708,106.18230494466675,0.9343216737291284
94782.0,-0.0067,-0.0052,0.9243,0,-0.5296926666666666,0,-0.43387477598321944,0.217896223300549,106.18230494466675,0.9243389097079059
94793.0,-0.0117,-0.0087,0.9204,0,-0.5296926666666666,0,-0.4338203497224662,0.2162597353242088,106.18230494466675,0.9205154751550895
94804.0,-0.0055,-0.0059,0.9264,0,0,0,-0.43363416480398254,0.22020283237286953,106.18230494466675,0.92643511375595
94815.0,-0.004,-0.0057,0.9275,0,-0.6365926666666666,0,-0.43330642716961376,0.2168708788233813,106.18230494466675,0.9275261397933753
94826.0,-0.0057,-0.0065,0.9269,0,0,0,-0.43295423614990103,0.22037904243162976,106.18230494466675,0.9269403163095238
94837.0,-0.0051,-0.0049,0.9152,0,-0.6136926666666667,0,-0.4323932304306218,0.21705679347385703,106.18230494466675,0.9152273269521622
94848.0,-0.0081,-0.0065,0.9294,0,0,0,-0.4318349743436855,0.22064643406735612,106.18230494466675,0.9294580248725598
94859.0,-0.0024,-0.0077,0.9244,0,0,0,-0.4314334291492384,0.22366869146170076,106.18230494466675,0.9244351843152661
94870.0,-0.0021,-0.0062,0.9305,0,-0.6441926666666666,0,-0.43097956743651467,0.21919830495270923,106.18230494466675,0.9305230249703659
94881.0,-0.0044,-0.0081,0.9258,0,0,0,-0.4307200027397182,0.22161147101332085,106.18230494466675,0.9258458889037634
94892.0,-0.005,-0.0065,0.9174,0,-0.5220926666666665,0,-0.4304416893854866,0.21829345110839624,106.18230494466675,0.9174366517640332
94903.0,-0.0042,-0.0071,0.9198,0,0,0,-0.430219625653295,0.22051961825319297,106.18230494466675,0.9198369909935129
94914.0,-0.0079,-0.0087,0.923,0,0,0,-0.43024318685156376,0.22302257554120009,106.18230494466675,0.9230748073693703
94925.0,-0.0038,-0.0052,0.9258,0,-0.5525926666666665,0,-0.43004666994382273,0.2192970942921197,106.18230494466675,0.9258224019756705
94936.0,-0.0104,-0.005,0.9254,0,-0.5372926666666666,0,-0.42963204051982506,0.2164305318107459,106.18230494466675,0.9254719444694149
94947.0,-0.0087,-0.0087,0.9203,0,0,0,-0.4294893125214779,0.21976413363640368,106.18230494466675,0.9203822412454513
94958.0,-0.0088,-0.0087,0.9219,0,-0.5220926666666665,0,-0.429585364326218,0.21772991126071234,106.18230494466675,0.9219830475664941
94969.0,-0.004,-0.0059,0.9305,0,0,0,-0.429536525361481,0.2210561358092524,106.18230494466675,0.9305273021249834
94980.0,-0.0016,-0.0067,0.9288,0,-0.5372926666666666,0,-0.429460866455007,0.2179506141787116,106.18230494466675,0.9288255433610769
94991.0,-0.0074,-0.0033,0.9233,0,-0.5830926666666665,0,-0.4289453666039335,0.214620840029659,106.18230494466675,0.9233355511405374
95002.0,-0.0096,-0.0082,0.9142,0,0,0,-0.42865835364981864,0.21811043831248472,106.18230494466675,0.9142871758916888
95013.0,-0.0044,-0.0088,0.922,0,0,0,-0.4286411744182516,0.22129924058843542,106.18230494466675,0.9220524930826878
95024.0,-0.0027,-0.0054,0.9299,0,0,0,-0.4284329707603241,0.22399920346027608,106.18230494466675,0.9299195986750682
95035.0,-0.0031,-0.0061,0.9303,0,0,0,-0.4281433180140089,0.2263124010252828,106.18230494466675,0.9303251635852918
95046.0,-0.0107,-0.0093,0.9191,0,0,0,-0.42818918962983954,0.22923050261330852,106.18230494466675,0.9192093287168054
95057.0,-0.0103,-0.0061,0.9225,0,-0.6746926666666666,0,-0.42813110949158234,0.22535120744121126,106.18230494466675,0.9225776661073039
95068.0,-0.0089,-0.0061,0.9231,0,0,0,-0.4279808915909342,0.2291293840931782,106.18230494466675,0.9231630571031317
95079.0,-0.0024,-0.005,0.9221,0,0,0,-0.42761418069286783,0.23230264545920964,106.18230494466675,0.9221166791680975
95090.0,-0.0043,-0.0082,0.9258,0,0,0,-0.42745084395755734,0.23516858703464072,106.18230494466675,0.9258462993391505
95101.0,-0.0057,-0.0087,0.9264,0,0,0,-0.4275285624649278,0.2379309531997993,106.18230494466675,0.9264583854658557
95112.0,-0.0022,-0.0026,0.9208,0,0,0,-0.42706739667403615,0.24016682884864188,106.18230494466675,0.9208062988490033
95123.0,-0.0031,-0.0043,0.9333,0,0,0,-0.42633187849337206,0.24203621475314385,106.18230494466675,0.9333150539876661
95134.0,-0.0052,-0.0051,0.9241,0,-0.6441926666666666,0,-0.4254629841576226,0.23690136901660383,106.18230494466675,0.9241287031577365
95145.0,-0.0109,-0.0089,0.9232,0,-0.5067926666666667,0,-0.4249498338161895,0.23403729016326916,106.18230494466675,0.9233072403051976
95156.0,-0.0144,-0.007,0.9169,0,-0.7128926666666664,0,-0.42452153028892387,0.23006669548272232,106.18230494466675,0.9170397864869332
95167.0,-0.0111,-0.0104,0.9192,0,-0.5449926666666665,0,-0.42458894687147225,0.22852726350295638,106.18230494466675,0.9193258453888915
95178.0,-0.005,-0.0078,0.925,0,-0.7204926666666664,0,-0.4247656614957168,0.22485200005679515,106.18230494466675,0.9250463988362962
95189.0,-0.0063,-0.0073,0.929,0,0,0,-0.42497258397866144,0.22892754439405513,106.18230494466675,0.929050041709272
95200.0,-0.0021,-0.0056,0.92,0,0,0,-0.4250033432345877,0.2323282455629843,106.18230494466675,0.9200194400120032
95385.0,-0.01,-0.0138,0.9197,0,-0.5601926666666666,0,-0.4258964417645057,0.13454429000491552,106.18230494466675,0.9198578857627954
95396.0,-0.0093,-0.0073,0.9257,0,0,0,-0.42673587455639683,0.14058833598842013,106.18230494466675,0.9257754965433034
95407.0,-0.0067,-0.0078,0.9203,0,0,0,-0.42759384394848154,0.14647236860375173,106.18230494466675,0.9203574414324035
95418.0,-0.0063,-0.0061,0.924,0,-0.5449926666666665,0,-0.42825171423336417,0.14627534246958845,106.18230494466675,0.9240416116171393
95429.0,-0.0031,-0.0092,0.929,0,0,0,-0.42911142678123054,0.15147624672277485,106.18230494466675,0.9290507252028815
95440.0,-0.0066,-0.0071,0.9232,0,0,0,-0.4298927506165345,0.15657969424224258,106.18230494466675,0.9232508922281093
95451.0,-0.0082,-0.0066,0.9192,0,0,0,-0.43054533725178157,0.16178907027485698,106.18230494466675,0.9192602678240803
95462.0,-0.006,-0.007,0.9213,0,-0.5601926666666666,0,-0.4311305619450825,0.1607677282872811,106.18230494466675,0.9213461293129743
95473.0,-0.0067,-0.0078,0.9254,0,0,0,-0.43175039218387967,0.16581000935593232,106.18230494466675,0.9254571248847783
95484.0,-0.0037,-0.0089,0.9261,0,-0.5143926666666667,0,-0.4325352663440967,0.16483736291720633,106.18230494466675,0.9261501552124256
95495.0,-0.0088,-0.0044,0.9231,0,0,0,-0.4329088331136139,0.16973268506663183,106.18230494466675,0.9231524305335496
95506.0,-0.0054,-0.0083,0.9169,0,0,0,-0.43340889045473674,0.17438670134233808,106.18230494466675,0.916953466649208
95517.0,-0.002,-0.0052,0.9287,0,-0.5678926666666664,0,-0.4336232068486521,0.17226452075007578,106.18230494466675,0.9287167113818938
95528.0,-0.0051,-0.0072,0.9288,0,0,0,-0.4338332635421298,0.17618651471836047,106.18230494466675,0.9288419079692732
95539.0,-0.0035,-0.01,0.9236,0,0,0,-0.4343913824490028,0.17972770926195786,106.18230494466675,0.9236607656493806
95550.0,-0.0046,-0.0052,0.9269,0,-0.6136926666666667,0,-0.43465692103427583,0.17644427569233784,106.18230494466675,0.9269260002826547
95561.0,-0.0083,-0.0079,0.9183,0,0,0,-0.4350070428868882,0.18018316019639738,106.18230494466675,0.9183714880156069
95572.0,-0.007,-0.006,0.9106,0,0,0,-0.4352027580072946,0.18399940226410552,106.18230494466675,0.9106466713275791
95583.0,-0.0015,-0.0065,0.9392,0,0,0,-0.43529645121389177,0.18717118565673693,106.18230494466675,0.9392236900760117
95594.0,0.0007,-0.0042,0.9242,0,-0.5372926666666666,0,-0.4350292242781615,0.18371544595249287,106.18230494466675,0.9242098084309645
95605.0,-0.0038,-0.0089,0.9294,0,-0.5907926666666667,0,-0.4350220870611775,0.1796119199952731,106.18230494466675,0.929450380601353
95616.0,-0.0092,-0.0079,0.9294,0,0,0,-0.4351202195540414,0.1825020888265352,106.18230494466675,0.9294791068119821
95627.0,-0.0111,-0.0089,0.9137,0,0,0,-0.43545002250956283,0.18607004468873153,106.18230494466675,0.9138107626855793
95638.0,-0.0081,-0.007,0.928,0,0,0,-0.43573418326717894,0.18984612882873245,106.18230494466675,0.9280617490231995
96006.0,-0.0031,-0.0066,0.9384,0,0,0,-0.43591800773195577,0.1931704267910008,106.18230494466675,0.9384283297087743
96017.0,-0.0027,-0.0027,0.9231,0,-0.6823926666666664,0,-0.43554492866272515,0.18869607095208682,106.18230494466675,0.9231078972687863
96028.0,-0.0087,-0.0112,0.9216,0,0,0,-0.4357351912476516,0.19207306579428898,106.18230494466675,0.9217091135493888
96039.0,-0.006,-0.0056,0.9159,0,-0.6059926666666664,0,-0.4357338434973111,0.18888518059108172,106.18230494466675,0.9159367718352616
96050.0,-0.0018,-0.0057,0.9351,0,0,0,-0.435557857115744,0.1917903333800041,106.18230494466675,0.935119104713405
96061.0,0.0002,-0.0045,0.9305,0,0,0,-0.43508419282693245,0.19394095652858037,106.18230494466675,0.9305109026765888
96072.0,-0.0098,-0.0057,0.9263,0,-0.5983926666666664,0,-0.4345012929378283,0.19021187826375885,106.18230494466675,0.9263693755732645
96083.0,-0.0083,-0.0093,0.9169,0,-0.5220926666666665,0,-0.4342773443176394,0.18775386176623005,106.18230494466675,0.9169847272446799
96094.0,-0.0105,-0.0084,0.9253,0,0,0,-0.4342515367541057,0.19157624760285485,106.18230494466675,0.9253976982897678
96105.0,-0.0051,-0.0068,0.9144,0,0,0,-0.4342125537689117,0.1952047825274428,106.18230494466675,0.9144395059269913
96116.0,-0.0071,-0.0093,0.933,0,0,0,-0.4344543646219412,0.19888786342185666,106.18230494466675,0.9330733626033915
96127.0,-0.0077,-0.0106,0.9237,0,0,0,-0.4351131886795447,0.20269356839577263,106.18230494466675,0.9237929096935091
96138.0,-0.005,-0.0076,0.9182,0,0,0,-0.43577240502271786,0.20626978913369487,106.18230494466675,0.9182450653284231
96149.0,-0.0087,-0.009,0.9297,0,0,0,-0.43659247178005345,0.2100854780010424,106.18230494466675,0.9297842653002899
96160.0,-0.0059,-0.006,0.9209,0,-0.5372926666666666,0,-0.4371899208507842,0.2079731000585151,106.18230494466675,0.9209384452828538
96171.0,-0.0048,-0.0077,0.9253,0,0,0,-0.43779606625777423,0.21150109432217248,106.18230494466675,0.9253444872046303
96182.0,-0.0043,-0.0063,0.9292,0,0,0,-0.43823126855784184,0.21471894727424276,106.18230494466675,0.9292313059728455
96193.0,-0.0103,-0.0071,0.9196,0,-0.5907926666666667,0,-0.4386234977676911,0.21203960992556795,106.18230494466675,0.9196850874076409
96204.0,-0.0054,-0.0076,0.9268,0,0,0,-0.4390318986168882,0.215651571179526,106.18230494466675,0.926846891347217
96215.0,-0.0092,-0.0079,0.9288,0,-0.5372926666666666,0,-0.43948888091408334,0.21375047186012677,106.18230494466675,0.9288791579102202
96226.0,-0.0072,-0.0092,0.913,0,0,0,-0.44016489571123163,0.2177617029629408,106.18230494466675,0.9130747395476452
96237.0,-0.0043,-0.0082,0.9216,0,0,0,-0.44090020558043763,0.22139937504183874,106.18230494466675,0.9216465103281192
96248.0,-0.006,-0.0079,0.9248,0,0,0,-0.4416458194944127,0.22490838340929403,106.18230494466675,0.9248532045681628
96259.0,-0.0063,-0.0073,0.9202,0,0,0,-0.4423293419359085,0.22833806356696082,106.18230494466675,0.9202505202389185
96270.0,-0.0039,-0.0099,0.9263,0,0,0,-0.44327300135811354,0.2313879386303807,106.18230494466675,0.9263611120939825
96281.0,-0.0049,-0.0071,0.9268,0,-0.6975926666666665,0,-0.444096283810602,0.22670046640184607,106.18230494466675,0.926840148029853
96292.0,-0.0077,-0.0088,0.9241,0,0,0,-0.4450254065364794,0.22983559464469946,106.18230494466675,0.9241739771276835
96303.0,-0.0051,-0.0054,0.9135,0,0,0,-0.4456353215370692,0.23278215511679548,106.18230494466675,0.9135301965452483
96314.0,-0.0056,-0.0031,0.9275,0,0,0,-0.44566247414859556,0.235607043950283,106.18230494466675,0.9275220859904092
96325.0,0.0005,-0.0031,0.9254,0,0,0,-0.44517800521992995,0.23756389493137867,106.18230494466675,0.9254053274106433
96336.0,-0.0018,-0.0055,0.9338,0,-0.7357926666666668,0,-0.4445336121344485,0.23109932377385733,106.18230494466675,0.9338179319332007
96347.0,-0.0049,-0.0094,0.9163,0,-0.5678926666666664,0,-0.4442488657948483,0.22656500752734712,106.18230494466675,0.9163613152026879
96358.0,-0.009,-0.0088,0.9114,0,0,0,-0.4442126216521048,0.2287477007387567,106.18230494466675,0.91148691707561
96369.0,-0.004,-0.004,0.9291,-0.5174536666666671,0,0,-0.44936122299786174,0.2307075442351792,106.18230494466675,0.9291172208069336
96380.0,-0.0065,-0.007,0.9335,0,-0.5601926666666666,0,-0.4488426167585806,0.22673517750498454,106.18230494466675,0.933548873921446
96391.0,-0.0055,-0.0084,0.9241,0,-0.5907926666666667,0,-0.44852908133020125,0.22252633306762393,106.18230494466675,0.9241545433530043
96402.0,-0.0052,-0.0099,0.9174,0,-0.5449926666666665,0,-0.44858956811595946,0.21887558158747072,106.18230494466675,0.9174681520358077
96413.0,-0.0033,-0.0074,0.9276,0,0,0,-0.4486599218061223,0.22091202481012742,106.18230494466675,0.9276353863453032
96424.0,-0.0084,-0.0078,0.9316,0,-0.5678926666666664,0,-0.4487844499989983,0.21718060599745997,106.18230494466675,0.9316705211607803
96435.0,-0.0067,-0.0095,0.9231,0,-0.5678926666666664,0,-0.4491755380399523,0.213674419069012,106.18230494466675,0.9231731961013601
96446.0,-0.0028,-0.0087,0.9233,0,-0.5525926666666665,0,-0.44970168456624515,0.21005529496477826,106.18230494466675,0.9233452333769856
96457.0,-0.0031,-0.0067,0.921,0,0,0,-0.4501003376667722,0.21219099410305015,106.18230494466675,0.9210295869297577
96468.0,-0.0048,-0.0057,0.9238,0,0,0,-0.45025884582351333,0.2142457134978314,106.18230494466675,0.9238300547178576
96479.0,-0.0046,-0.0079,0.9275,0,-0.5372926666666666,0,-0.4504743342340136,0.21040558312461055,106.18230494466675,0.9275450501188608
96490.0,-0.0068,-0.0079,0.921,0,-0.6670926666666666,0,-0.45074612123444285,0.20546464475051512,106.18230494466675,0.9210589829104323
96501.0,-0.0013,-0.0066,0.9247,0,0,0,-0.4509021623160047,0.20732874370807386,106.18230494466675,0.9247244670711379
96512.0,-0.0023,-0.0042,0.9271,0,0,0,-0.4506559704698435,0.2088416007467333,106.18230494466675,0.9271123664367766
96523.0,-0.0105,-0.0063,0.924,0,0,0,-0.45031881199148777,0.21106010989568505,106.18230494466675,0.9240811328016605
96534.0,-0.0046,-0.007,0.9283,0,0,0,-0.4499848569435356,0.2131622714129655,106.18230494466675,0.9283377887385604
96545.0,-0.0037,-0.006,0.9205,0,-0.6517926666666667,0,-0.44953775509830796,0.2080250477744078,106.18230494466675,0.92052699037019
96556.0,-0.0032,-0.0067,0.9191,0,0,0,-0.44907976190598076,0.2098017329418933,106.18230494466675,0.9191299908065236
96567.0,-0.007,-0.0061,0.9279,0,0,0,-0.44853054702756245,0.2118146983753976,106.18230494466675,0.9279464531965192
96578.0,-0.014,-0.0096,0.9238,0,0,0,-0.44833965102240236,0.21490260866650496,106.18230494466675,0.9239559513310144
96589.0,-0.0095,-0.0051,0.9231,0,-0.6365926666666666,0,-0.4479079242572861,0.2115126793073679,106.18230494466675,0.9231629704445473
96600.0,-0.0021,-0.0059,0.9246,0,0,0,-0.4473624863382086,0.21453597060536203,106.18230494466675,0.9246212089282831
96611.0,0.0004,-0.0087,0.9215,0,0,0,-0.44706792795452144,0.21672570217290862,106.18230494466675,0.9215411548053619
96622.0,-0.0057,-0.0073,0.9271,0,0,0,-0.44681636847141154,0.2189282955226028,106.18230494466675,0.9271462613849015
96633.0,-0.0054,-0.0063,0.9225,0,-0.5601926666666666,0,-0.44648355367446213,0.2150649934764805,106.18230494466675,0.9225373163184241
96644.0,-0.0046,-0.007,0.9225,0,0,0,-0.44616653250117433,0.21723394530868534,106.18230494466675,0.9225380263165308
96655.0,-0.0055,-0.0081,0.9225,0,0,0,-0.44600052141607605,0.2193956384211291,106.18230494466675,0.9225519551765092
96666.0,-0.0059,-0.0061,0.9298,0,0,0,-0.4457131243713623,0.22159103807814823,106.18230494466675,0.9298387279523261
96677.0,-0.0073,-0.0062,0.9293,0,0,0,-0.44533222214870505,0.2239855104097318,106.18230494466675,0.9293493530422238
96688.0,-0.0074,-0.0045,0.9233,0,0,0,-0.44466452084016583,0.22656751565494934,106.18230494466675,0.9233406197065089
96699.0,-0.0046,-0.0048,0.9218,0,0,0,-0.4437836095842357,0.22896392102985647,106.18230494466675,0.9218239745200816
96710.0,-0.0012,-0.005,0.931,0,0,0,-0.4427333122154745,0.23076382989052452,106.18230494466675,0.93101419967689
96721.0,-0.0071,-0.0048,0.9246,0,0,0,-0.4415164385920058,0.2327696489276343,106.18230494466675,0.9246397190257403
96732.0,-0.0142,-0.0098,0.9231,0,0,0,-0.4407757311524367,0.23583390416031255,106.18230494466675,0.923261225222851
96743.0,-0.0085,-0.0104,0.9171,0,0,0,-0.4405365847790642,0.23912477799233334,106.18230494466675,0.9171983536836512
96754.0,-0.0007,-0.0076,0.9209,0,-0.5067926666666667,0,-0.4403900073827422,0.23617516398673993,106.18230494466675,0.9209316261265003
96765.0,-0.0056,-0.0051,0.926,0,0,0,-0.4400105312994295,0.2387110615313176,106.18230494466675,0.9260309768036921
96776.0,-0.0103,-0.0046,0.9253,0,0,0,-0.4393650931123428,0.2417465648432359,106.18230494466675,0.9253687589280287
96787.0,-0.0077,-0.0062,0.9265,0,0,0,-0.4386837644635001,0.24489312013455772,106.18230494466675,0.9265527399991865
96798.0,-0.0045,-0.0052,0.9249,0,-0.5983926666666664,0,-0.4378496236750878,0.24128532096734337,106.18230494466675,0.924925564572631
96809.0,-0.0022,-0.0076,0.9191,0,0,0,-0.4371849549845587,0.24370315359308165,106.18230494466675,0.9191340544229661
96820.0,-0.0016,-0.0065,0.9312,0,0,0,-0.43652415074132445,0.24554141005822946,106.18230494466675,0.9312240600414059
96831.0,-0.0048,-0.0022,0.9276,0,0,0,-0.43533849209108666,0.2472644060688771,106.18230494466675,0.9276150279075905
