tempo_ms,ax,ay,az,gx,gy,gz,pitch,roll,yaw,magnitude
5744.0,0.0477,-0.0189,0.9161,0,0,0,-0.0021840771935666458,-0.005512222754645622,0.0,0.9175356723310544
5760.0,0.052,-0.0217,0.9142,0,0,0,-0.0066487294813823185,-0.01645816478835512,0.0,0.9159347847963849
5776.0,0.0483,-0.0186,0.9172,0,0,0,-0.012781627531861784,-0.0318106856042618,0.0,0.9186591805452118
5791.0,0.0486,-0.0222,0.9133,0,0,0,-0.02082200448001316,-0.05111635101183298,0.0,0.9148615687632747
5808.0,0.0488,-0.0204,0.9159,0,0,0,-0.030334964601223896,-0.073935155731877,0.0,0.9174259697654085
5823.0,0.0525,-0.0217,0.9188,0,0,0,-0.04129481045414757,-0.10027738569587102,0.0,0.920554495942527
5838.0,0.0485,-0.0187,0.918,0,0,0,-0.05316407675912947,-0.12923083518143827,0.0,0.9194704671711865
5855.0,0.0477,-0.0212,0.9109,0,0,0,-0.06613116377938513,-0.1603820848799522,0.0,0.9123943993690448
5870.0,0.0482,-0.02,0.9183,0,0,0,-0.07989450452488084,-0.19346402452058362,0.0,0.9197815664602113
5885.0,0.0472,-0.0216,0.9121,0,0,0,-0.09454327414942257,-0.22810202418587194,0.0,0.9135758370272279
5902.0,0.0511,-0.0217,0.9165,0,0,0,-0.10995498622936017,-0.26451250722793646,0.0,0.918179911564177
5917.0,0.0498,-0.0208,0.9139,0,0,0,-0.1259094450466995,-0.30227945952744956,0.0,0.9154921572575049
5934.0,0.0497,-0.0223,0.9139,0,0,0,-0.14249822094928827,-0.3411655256563149,0.0,0.9155220314115876
5949.0,0.0488,-0.022,0.9159,0,0,0,-0.15957660184379766,-0.3808492188578829,0.0,0.9174629420309031
5964.0,0.049,-0.0197,0.9155,0,0,0,-0.17677428095815256,-0.42118948405740697,0.0,0.9170219953741567
5981.0,0.047,-0.0195,0.9176,0,0,0,-0.19401525435911296,-0.4617763553652275,0.0,0.9190097986419948
5996.0,0.0508,-0.0186,0.9133,0,0,0,-0.2111595137311016,-0.5029931281626745,0.0,0.9149008088312087
6012.0,0.0494,-0.0206,0.9169,0,0,0,-0.22842345836734335,-0.5444951102235458,0.0,0.9184608483762388
6028.0,0.0485,-0.0211,0.9163,0,0,0,-0.2458226805293641,-0.5860604890397609,0.0,0.9178252284612796
6043.0,0.0485,-0.0206,0.9132,0,0,0,-0.2632530954031878,-0.6276183653827591,0.0,0.914719000567934
6060.0,0.0474,-0.0173,0.9174,0,0,0,-0.28025863011621927,-0.6689280553936879,0.0,0.9187865965500367
6075.0,0.0498,-0.0189,0.9176,0,0,0,-0.2970526542772578,-0.7102328604292413,0.0,0.9191447165707911
6091.0,0.0513,-0.0197,0.9164,0,0,0,-0.3137285676747822,-0.7516447139807249,0.0,0.9180461535238846
6107.0,0.0483,-0.0154,0.9152,0,0,0,-0.3297372513306623,-0.7927049854052562,0.0,0.9166030165780604
6122.0,0.0465,-0.0204,0.9122,0,0,0,-0.3457530902047202,-0.8331688053832119,0.0,0.9136121989115513
6138.0,0.0497,-0.0214,0.9141,0,0,0,-0.3618629727429468,-0.8734117041436206,0.0,0.9157002020312106
6154.0,0.0481,-0.0211,0.916,0,0,0,-0.37798221006765814,-0.913169464306758,0.0,0.9175046702878411
6169.0,0.048,-0.02,0.9154,0,0,0,-0.39394247197970117,-0.9524114072806,0.0,0.9168757603950494
6185.0,0.0475,-0.0217,0.9166,0,0,0,-0.40993923766124407,-0.9910504781208993,0.0,0.9180864338394288
6201.0,0.0493,-0.021,0.9142,0,0,0,-0.425855326790585,-1.0293196165514527,0.0,0.9157691466739857
6217.0,0.0474,-0.0195,0.917,0,0,0,-0.44147474225302213,-1.0669321618607306,0.0,0.9184312766886807
6233.0,0.0468,-0.0179,0.9203,0,0,0,-0.4565935030185353,-1.1037948733718248,0.0,0.9216630295286884
6248.0,0.0499,-0.0219,0.9171,0,0,0,-0.47174640822993885,-1.1403284077502434,0.0,0.9187176007892741
6264.0,0.0509,-0.0209,0.9156,0,0,0,-0.48677853363404894,-1.1766327219424866,0.0,0.9172518629035321
6280.0,0.0486,-0.0215,0.9143,0,0,0,-0.5017527201502476,-1.2123846093944926,0.0,0.9158431634291977
6296.0,0.0496,-0.0227,0.917,0,0,0,-0.5167881223276113,-1.2476849361129905,0.0,0.9186209501203422
6311.0,0.0513,-0.0201,0.9154,0,0,0,-0.5315275913097712,-1.2827385446229056,0.0,0.9170566285677237
6327.0,0.0514,-0.0189,0.9154,0,0,0,-0.5458269435834292,-1.317517092827214,0.0,0.9170367113698339
6343.0,0.049,-0.0227,0.9154,0,0,0,-0.5601836607574422,-1.3516846408860148,0.0,0.9169915212257963
6359.0,0.0502,-0.0231,0.9164,0,0,0,-0.574609308687581,-1.3853879032838292,0.0,0.9180646001235425
6374.0,0.0494,-0.0183,0.9147,0,0,0,-0.5884731088438664,-1.4185258641705538,0.0,0.916215771529829
6390.0,0.0488,-0.0222,0.9164,0,0,0,-0.6022954709963472,-1.4510129430601066,0.0,0.9179669057215516
6406.0,0.0508,-0.022,0.9136,0,0,0,-0.6160362609832697,-1.4831288825216382,0.0,0.915275696170285
6422.0,0.0493,-0.0216,0.9139,0,0,0,-0.6296271839371443,-1.5146643395395796,0.0,0.9154836208256267
6437.0,0.0497,-0.0236,0.9148,0,0,0,-0.6433058754157728,-1.54566865494152,0.0,0.9164529938845745
6453.0,0.0509,-0.0231,0.9136,0,0,0,-0.6569755624137115,-1.5763002605453236,0.0,0.9153083524146384
6469.0,0.05,-0.0215,0.9178,0,0,0,-0.6703982379262036,-1.60640146114329,0.0,0.9194123612395039
6484.0,0.0497,-0.0198,0.9166,0,0,0,-0.6833674881115601,-1.6359452613799645,0.0,0.9181599479393555
6501.0,0.0486,-0.0189,0.9183,0,0,0,-0.6957938899190768,-1.6647897518255512,0.0,0.9197793539757239
6516.0,0.0471,-0.0221,0.9165,0,0,0,-0.7081214338078317,-1.6927848143963085,0.0,0.9179755279962533
6532.0,0.0511,-0.0209,0.9215,0,0,0,-0.7201724891026843,-1.7204399701275843,0.0,0.9231523547064158
6548.0,0.0487,-0.0193,0.916,0,0,0,-0.7317720347173724,-1.747477630915389,0.0,0.9174966920921296
6563.0,0.0469,-0.0189,0.9119,0,0,0,-0.7429119698069618,-1.7737195254239193,0.0,0.9133008430960743
6580.0,0.0499,-0.0201,0.9137,0,0,0,-0.7537684050814393,-1.7995690980838512,0.0,0.9152823116394198
6595.0,0.0504,-0.0206,0.9148,0,0,0,-0.7644123397613042,-1.825076017787291,0.0,0.9164188780246727
6610.0,0.0474,-0.0227,0.9143,0,0,0,-0.7751116866087423,-1.8498587756864184,0.0,0.9158092268589567
6627.0,0.0458,-0.0181,0.9159,0,0,0,-0.7852597610948747,-1.873742889952195,0.0,0.9172230154111922
6642.0,0.0508,-0.0206,0.9159,0,0,0,-0.7952128039913277,-1.8974105240321073,0.0,0.9175389964464726
6658.0,0.0492,-0.0212,0.9159,0,0,0,-0.8050490934779413,-1.9206402403750613,0.0,0.9174654707399076
6674.0,0.048,-0.0184,0.9141,0,0,0,-0.8144182169671655,-1.9432995077720239,0.0,0.9155443025872642
6689.0,0.0515,-0.0211,0.9156,0,0,0,-0.8236890992689399,-1.9658371016776244,0.0,0.9172899323550869
6706.0,0.0482,-0.0199,0.9158,0,0,0,-0.8327048329367254,-1.9878091450544415,0.0,0.9172834294807685
6721.0,0.0485,-0.0204,0.9163,0,0,0,-0.8415385173688844,-2.009272532368892,0.0,0.9178094028718599
6736.0,0.05,-0.0214,0.9186,0,0,0,-0.8503122255543659,-2.0304161558328717,0.0,0.920208628518555
6753.0,0.048,-0.019,0.9159,0,0,0,-0.8587236076264544,-2.0510039830909452,0.0,0.9173536995074474
6768.0,0.0508,-0.0203,0.9131,0,0,0,-0.8669682441663391,-2.071428455656204,0.0,0.914737306553089
6785.0,0.0497,-0.0189,0.9174,0,0,0,-0.8748627603982227,-2.0915019982787784,0.0,0.9189396389317418
6800.0,0.0508,-0.0195,0.9137,0,0,0,-0.8825176192818909,-2.1113879450439232,0.0,0.9153188406233097
6815.0,0.0488,-0.0204,0.9172,0,0,0,-0.890048896245817,-2.1307956015277356,0.0,0.9187238105110807
6832.0,0.05,-0.0231,0.9138,0,0,0,-0.8978025168479695,-2.1499151809495016,0.0,0.9154583824511084
6847.0,0.0481,-0.0199,0.9156,0,0,0,-0.9053323695688416,-2.168493238527033,0.0,0.9170785026375877
6862.0,0.0471,-0.0237,0.915,0,0,0,-0.9131263057964262,-2.186435730108026,0.0,0.9165179212650455
6879.0,0.0486,-0.0227,0.9141,0,0,0,-0.9210150319154231,-2.2039749642994018,0.0,0.915672463274942
6894.0,0.0494,-0.0177,0.9155,0,0,0,-0.9283428224098801,-2.2212139473084385,0.0,0.917002671751833
6910.0,0.0487,-0.0197,0.9131,0,0,0,-0.9354178982197491,-2.238082293421468,0.0,0.9146099660511031
6926.0,0.0504,-0.0201,0.9175,0,0,0,-0.9422933652536934,-2.2547727940471294,0.0,0.9191030518935295
6941.0,0.047,-0.0197,0.9165,0,0,0,-0.9489323683094554,-2.270855354477295,0.0,0.9179157586619809
6958.0,0.0476,-0.0206,0.9169,0,0,0,-0.9554607714277712,-2.2864418153911092,0.0,0.91836579313474
6973.0,0.0499,-0.0206,0.913,0,0,0,-0.9618890632291973,-2.301872566735486,0.0,0.9145946479178632
6989.0,0.05,-0.0173,0.9156,0,0,0,-0.9677966594156109,-2.317130300924363,0.0,0.9171273902790168
7005.0,0.0509,-0.0215,0.9125,0,0,0,-0.973766357214725,-2.332338051078021,0.0,0.9141713789000397
7020.0,0.0472,-0.02,0.9121,0,0,0,-0.979593113716502,-2.3470119979407067,0.0,0.9135394080169722
7036.0,0.0487,-0.022,0.9164,0,0,0,-0.9855200627282301,-2.3613443067620015,0.0,0.917956780028341
7052.0,0.0492,-0.0226,0.9149,0,0,0,-0.9916025890764977,-2.3754191006678886,0.0,0.9165006328421166
7067.0,0.0491,-0.0199,0.917,0,0,0,-0.9974668097019528,-2.3892120859177304,0.0,0.918529161213731
7084.0,0.049,-0.0182,0.9169,0,0,0,-1.0029146738906487,-2.4027171153471394,0.0,0.9183887248872343
7099.0,0.0477,-0.0216,0.9167,0,0,0,-1.0084100148331847,-2.415780239189357,0.0,0.9181942822736373
7115.0,0.0483,-0.0222,0.9148,0,0,0,-1.0140163912792188,-2.4285150419933212,0.0,0.9163431507901393
7131.0,0.0494,-0.0195,0.9136,0,0,0,-1.0193753431095534,-2.441080103513591,0.0,0.9151423769009934
7146.0,0.0481,-0.0199,0.9163,0,0,0,-1.024547972972533,-2.4532900446709847,0.0,0.9177773749662823
7162.0,0.0497,-0.0192,0.918,0,0,0,-1.0294535420332855,-2.465350755638582,0.0,0.9195448493684253
7178.0,0.0502,-0.0198,0.916,0,0,0,-1.03419420316349,-2.477331416725688,0.0,0.9175881864976249
7194.0,0.0477,-0.0216,0.9141,0,0,0,-1.0390104099416475,-2.488918193812035,0.0,0.9155985255558247
7209.0,0.0516,-0.0179,0.9138,0,0,0,-1.0434216015103996,-2.500623199464499,0.0,0.9154307237579477
7225.0,0.0485,-0.0215,0.9133,0,0,0,-1.0479183927014748,-2.5120254808743505,0.0,0.9148395433080055
7241.0,0.051,-0.0208,0.9152,0,0,0,-1.0523886160389146,-2.523437362425151,0.0,0.9168558665351932
7257.0,0.0496,-0.0192,0.9161,0,0,0,-1.0566242331238567,-2.534654027921298,0.0,0.9176426374139336
7272.0,0.0485,-0.0229,0.9124,0,0,0,-1.0611172923596806,-2.5455636121200556,0.0,0.9139750653053944
7288.0,0.0488,-0.0179,0.9153,0,0,0,-1.0651953861355088,-2.556198487163843,0.0,0.9167747487796553
7304.0,0.0498,-0.0223,0.9172,0,0,0,-1.069443876875046,-2.5666819088016184,0.0,0.9188216203377019
7320.0,0.0498,-0.0225,0.9176,0,0,0,-1.073857916368664,-2.5770080668279856,0.0,0.9192257883675805
7335.0,0.048,-0.0181,0.911,0,0,0,-1.0778780434005066,-2.586994490910706,0.0,0.9124432091916735
7351.0,0.0493,-0.0225,0.9165,0,0,0,-1.0820770246880682,-2.596786664192998,0.0,0.9181007515518109
7367.0,0.0505,-0.0216,0.9127,0,0,0,-1.0863233551243654,-2.6065632980862823,0.0,0.9143511907358134
7383.0,0.0483,-0.0222,0.9165,0,0,0,-1.090667572984115,-2.616006403850816,0.0,0.9180402932333634
7399.0,0.0469,-0.0203,0.9182,0,0,0,-1.0948473537907808,-2.624950343262301,0.0,0.919621085012735
7414.0,0.0493,-0.0203,0.9139,0,0,0,-1.0988855619728515,-2.6337645406032055,0.0,0.9154538710388417
7430.0,0.0504,-0.0208,0.9124,0,0,0,-1.1028573739995833,-2.6425941033908598,0.0,0.9140276582248482
7446.0,0.0507,-0.0195,0.9114,0,0,0,-1.1066029100964914,-2.65146386739686,0.0,0.9130173601854458
7461.0,0.0516,-0.0204,0.9125,0,0,0,-1.1102506363757254,-2.6604565149637533,0.0,0.9141854133598939
7478.0,0.0486,-0.0193,0.9154,0,0,0,-1.113659535766595,-2.669145135556356,0.0,0.916892365547887
7493.0,0.0508,-0.0198,0.9171,0,0,0,-1.1169084666109799,-2.6778115829923106,0.0,0.9187192661526153
7508.0,0.0497,-0.0215,0.9115,0,0,0,-1.1202381656867817,-2.6863416306577284,0.0,0.9131071076275772
7525.0,0.0486,-0.0216,0.9167,0,0,0,-1.1236305820515775,-2.6945616784883817,0.0,0.9182414769547278
7540.0,0.0493,-0.0192,0.9103,0,0,0,-1.1267892155613823,-2.7026226038751298,0.0,0.9118361804622582
7556.0,0.0502,-0.0216,0.9138,0,0,0,-1.1300255889900943,-2.710615876311503,0.0,0.9154327064290416
7572.0,0.0525,-0.0201,0.9127,0,0,0,-1.1331391373158666,-2.7188284619954186,0.0,0.9144296309722252
7587.0,0.0476,-0.0215,0.9161,0,0,0,-1.1363044779962845,-2.7265825002752027,0.0,0.917587717877697
7604.0,0.051,-0.0168,0.9169,0,0,0,-1.138918572705667,-2.7343360863401376,0.0,0.9184709304055301
7619.0,0.0474,-0.0168,0.915,0,0,0,-1.141047168866681,-2.7416368845105943,0.0,0.9163809251615838
7634.0,0.0502,-0.022,0.9133,0,0,0,-1.14339783808172,-2.748885055307113,0.0,0.9149431293801817
7651.0,0.0472,-0.0195,0.9143,0,0,0,-1.1456247259058214,-2.755690695303126,0.0,0.9157251661934381
7666.0,0.0496,-0.0208,0.9142,0,0,0,-1.1479005007187206,-2.762392967379255,0.0,0.9157807816284419
7683.0,0.0499,-0.0205,0.9136,0,0,0,-1.1501789276415249,-2.7690322060334727,0.0,0.9151913570396084
7698.0,0.0485,-0.0209,0.9153,0,0,0,-1.152500697152269,-2.7754161520745573,0.0,0.9168223110286966
7713.0,0.051,-0.0188,0.9177,0,0,0,-1.1545864577106957,-2.7818583095420206,0.0,0.9193082888781108
7730.0,0.0474,-0.0171,0.9153,0,0,0,-1.156254521272264,-2.787905435142054,0.0,0.9166860204017513
7745.0,0.0477,-0.0204,0.9171,0,0,0,-1.1579585182655545,-2.7936174685740327,0.0,0.9185661979411175
7760.0,0.0491,-0.0205,0.9144,0,0,0,-1.1597103896385592,-2.7992154990533984,0.0,0.915946734259149
7777.0,0.049,-0.021,0.9154,0,0,0,-1.161560782655226,-2.8046825901442642,0.0,0.9169510128681903
7792.0,0.0474,-0.0183,0.9141,0,0,0,-1.1631606326229267,-2.809832149199643,0.0,0.9155110376177886
7809.0,0.0488,-0.0227,0.9131,0,0,0,-1.1650889003935356,-2.8148728524430626,0.0,0.9146848309663828
7824.0,0.0502,-0.0206,0.9117,0,0,0,-1.1670441261172424,-2.8199917566498,0.0,0.9133133580540689
7839.0,0.0491,-0.0203,0.9127,0,0,0,-1.1689791276700272,-2.8250252976884234,0.0,0.9142451476491411
7856.0,0.049,-0.0228,0.9106,0,0,0,-1.1712111018914435,-2.8299750770120196,0.0,0.9122023898236619
7871.0,0.0503,-0.0225,0.9141,0,0,0,-1.1736531357928863,-2.8349801281414226,0.0,0.9157593297368037
7887.0,0.0505,-0.0193,0.9172,0,0,0,-1.1758663890013572,-2.840028011019975,0.0,0.9187919133296722
7903.0,0.051,-0.0195,0.9171,0,0,0,-1.177898756588862,-2.8451666295288134,0.0,0.9187239302423771
7918.0,0.0469,-0.0221,0.916,0,0,0,-1.180096352340216,-2.8498701918923635,0.0,0.9174660865666916
7934.0,0.048,-0.0215,0.9155,0,0,0,-1.182361460796308,-2.8543214567692297,0.0,0.917009541935088
7950.0,0.049,-0.0205,0.9161,0,0,0,-1.1845547117497925,-2.858662194913999,0.0,0.91763852360284
7965.0,0.0485,-0.02,0.9141,0,0,0,-1.1866233961974517,-2.8628477203000657,0.0,0.915604204883311
7982.0,0.0496,-0.0211,0.9191,0,0,0,-1.188701366928632,-2.8669918732471826,0.0,0.9206791949425164
7997.0,0.049,-0.0186,0.9156,0,0,0,-1.190480886982977,-2.8710397589162757,0.0,0.9170988605379465
8013.0,0.0475,-0.0221,0.9164,0,0,0,-1.1924289449084764,-2.8748020496296847,0.0,0.9178963013325634
8029.0,0.0465,-0.0216,0.9148,0,0,0,-1.1944639106967667,-2.878190765431543,0.0,0.9162356956591464
8044.0,0.0494,-0.024,0.9156,0,0,0,-1.1968686425426753,-2.8815999067404174,0.0,0.9172457249832239
8060.0,0.0461,-0.0179,0.9189,0,0,0,-1.198823718188981,-2.884586482377611,0.0,0.9202297702204597
8076.0,0.0504,-0.0192,0.9137,0,0,0,-1.20055476323446,-2.8877655062965433,0.0,0.9152903856154068
8092.0,0.048,-0.0204,0.9156,0,0,0,-1.2022296671519277,-2.8907957966541744,0.0,0.9170842491287264
8108.0,0.0497,-0.0197,0.9185,0,0,0,-1.2037559306470542,-2.893881770426462,0.0,0.920054579902736
8123.0,0.0483,-0.019,0.9153,0,0,0,-1.2050697570856284,-2.8968572069804064,0.0,0.9167704074630681
8139.0,0.0498,-0.0226,0.9125,0,0,0,-1.2066508139639185,-2.8999349930409926,0.0,0.9141373255698511
8155.0,0.0519,-0.0247,0.9183,0,0,0,-1.2087101551158357,-2.9033203666923537,0.0,0.9200970546632568
8170.0,0.0496,-0.0215,0.9152,0,0,0,-1.210796604051497,-2.906703905372263,0.0,0.9167952061392992
8186.0,0.0498,-0.0203,0.9131,0,0,0,-1.212758862872306,-2.9101181118550707,0.0,0.9146823164356027
8202.0,0.0515,-0.0175,0.9146,0,0,0,-1.2142532522659628,-2.9137547117964986,0.0,0.9162159461611656
8218.0,0.0481,-0.0201,0.912,0,0,0,-1.2156646030038154,-2.917173275610898,0.0,0.913488708195126
8233.0,0.0441,-0.0212,0.9148,0,0,0,-1.2171301299400388,-2.919874273627331,0.0,0.9161076847183414
8249.0,0.0474,-0.0221,0.9174,0,0,0,-1.218745164899232,-2.922331799101291,0.0,0.9188895091358917
8265.0,0.0496,-0.019,0.9161,0,0,0,-1.220104766804026,-2.924853004243961,0.0,0.9176384745639211
8281.0,0.0488,-0.0175,0.9131,0,0,0,-1.2210573790615067,-2.927345400221613,0.0,0.9145705549600862
8297.0,0.0483,-0.021,0.9106,0,0,0,-1.2220935160817072,-2.9297615891118656,0.0,0.9121218394490946
8312.0,0.0507,-0.0212,0.9133,0,0,0,-1.2232184723343074,-2.93238762780432,0.0,0.9149518129388017
8328.0,0.0502,-0.0216,0.9158,0,0,0,-1.224462640831252,-2.935114332616807,0.0,0.9174291471279947
8344.0,0.048,-0.0215,0.9152,0,0,0,-1.2257989468793897,-2.9376535363486234,0.0,0.9167100359437547
8359.0,0.05,-0.0214,0.9137,0,0,0,-1.2272052657290142,-2.940282173231699,0.0,0.9153172400867362
8375.0,0.0474,-0.0227,0.9196,0,0,0,-1.2288166934579139,-2.94262022550036,0.0,0.921100542829066
8391.0,0.0486,-0.0197,0.9137,0,0,0,-1.230247352744297,-2.9448866054503466,0.0,0.9152036603947779
8407.0,0.0492,-0.0201,0.9136,0,0,0,-1.2315658724625542,-2.94716084088573,0.0,0.9151445842051407
8423.0,0.05,-0.022,0.9158,0,0,0,-1.2330140197033757,-2.9495226891499144,0.0,0.9174277301237411
8438.0,0.0479,-0.0193,0.9137,0,0,0,-1.2342423334868933,-2.951708832412923,0.0,0.9151582322199806
8454.0,0.0498,-0.0227,0.9143,0,0,0,-1.235697380894679,-2.953968941628759,0.0,0.9159365807740184
8470.0,0.0514,-0.0194,0.9165,0,0,0,-1.2369304445189864,-2.9564748620267016,0.0,0.9181451791519684
8485.0,0.0503,-0.0184,0.9161,0,0,0,-1.2378416202126028,-2.959057817744269,0.0,0.9176643504026949
8502.0,0.0509,-0.022,0.9164,0,0,0,-1.2389160982638088,-2.961776409491539,0.0,0.9180761242947123
8517.0,0.0491,-0.0205,0.9164,0,0,0,-1.2399452604742012,-2.9643844499707708,0.0,0.9179433642660096
8532.0,0.049,-0.021,0.9122,0,0,0,-1.2410067105546887,-2.9669056027188603,0.0,0.9137564445737169
8549.0,0.0491,-0.0194,0.9144,0,0,0,-1.2418883198696677,-2.9693427202391867,0.0,0.9159227751289952
8564.0,0.048,-0.0227,0.9204,0,0,0,-1.2430052570169032,-2.971523160693767,0.0,0.9219302847829656
8580.0,0.0496,-0.0195,0.9144,0,0,0,-1.2439443125023228,-2.973712937484394,0.0,0.9159518382535187
8596.0,0.0491,-0.02,0.9131,0,0,0,-1.2447907620069365,-2.9758528954554313,0.0,0.9146378627631814
8611.0,0.0463,-0.0212,0.9121,0,0,0,-1.2457070447250917,-2.9776016345014518,0.0,0.9135204102810184
8628.0,0.0482,-0.0236,0.9155,0,0,0,-1.2469732772016089,-2.9792163045194178,0.0,0.9170716711359042
8643.0,0.05,-0.0217,0.9153,0,0,0,-1.248308387277262,-2.9809356381190155,0.0,0.9169214688292558
8658.0,0.0507,-0.0189,0.9172,0,0,0,-1.249346095387142,-2.9828185037468726,0.0,0.9187946125222981
8675.0,0.048,-0.017,0.9104,0,0,0,-1.2499014623684177,-2.984550239855631,0.0,0.9118229872074951
8690.0,0.0488,-0.0205,0.915,0,0,0,-1.2504547765313838,-2.986214286102912,0.0,0.9165296994642346
8707.0,0.0486,-0.0183,0.9114,0,0,0,-1.250740059574719,-2.9878144092972283,0.0,0.9128783106197671
8722.0,0.0475,-0.0187,0.915,0,0,0,-1.2508285606552594,-2.9891933976112957,0.0,0.9164229045588069
8737.0,0.0498,-0.0232,0.9154,0,0,0,-1.251304686356425,-2.9906593127623617,0.0,0.917047130740836
8754.0,0.0496,-0.0204,0.9183,0,0,0,-1.2517635165240515,-2.9921545566960748,0.0,0.9198647781059996
8769.0,0.0497,-0.0211,0.9156,0,0,0,-1.252301156506391,-2.9937031968038528,0.0,0.9171906344920885
8785.0,0.0505,-0.0184,0.9087,0,0,0,-1.25258867537055,-2.995442089567786,0.0,0.9102881411948636
8801.0,0.0475,-0.0206,0.918,0,0,0,-1.252904793345681,-2.996908101424513,0.0,0.9194588680305389
8816.0,0.0448,-0.0172,0.9105,0,0,0,-1.2528413244728747,-2.9978432945697473,0.0,0.9117637468116397
8833.0,0.0519,-0.0214,0.9202,0,0,0,-1.2529408503847579,-2.999130860462898,0.0,0.9219108470996531
8848.0,0.054,-0.0184,0.9146,0,0,0,-1.2528238396510236,-3.001026117830893,0.0,0.9163774986325232
8863.0,0.0508,-0.0209,0.9161,0,0,0,-1.2528249838745997,-3.0030437712459817,0.0,0.9177454222168585
8880.0,0.0482,-0.0234,0.9122,0,0,0,-1.253253971351767,-3.004866998548703,0.0,0.913772203560603
8895.0,0.0487,-0.0214,0.9116,0,0,0,-1.2538111487114756,-3.0065815347506595,0.0,0.9131507049770043
8911.0,0.0553,-0.0226,0.9161,0,0,0,-1.254616778685321,-3.0089909355822373,0.0,0.9180457831720594
8927.0,0.0497,-0.0206,0.9119,0,0,0,-1.255402492239283,-3.0113373336651077,0.0,0.913485664912154
8942.0,0.0488,-0.0204,0.9149,0,0,0,-1.2561357282765804,-3.013490536084431,0.0,0.9164276348954128
8958.0,0.0498,-0.0229,0.9104,0,0,0,-1.257146548714887,-3.0156246443455568,0.0,0.9120485787500576
8974.0,0.0521,-0.0219,0.9153,0,0,0,-1.2582608189219564,-3.0179917348689016,0.0,0.9170431342090731
8990.0,0.052,-0.021,0.9154,0,0,0,-1.2593512173304688,-3.020546323080538,0.0,0.9171162194618521
9006.0,0.0317,-0.0239,0.9152,0,0,-0.5538416666666666,-1.2607848446800016,-3.020725718830402,-0.004430733333333332,0.9160606639300697
9021.0,0.0233,-0.0232,0.9194,0,0.5290320000000002,-2.7599416666666663,-1.2624196244507035,-3.0099567588591136,-0.02513029583333333,0.9199877662230079
9037.0,0.0481,-0.022,0.9176,0,0.5519320000000001,-3.9583416666666666,-1.2640799409773953,-2.9987854771214764,-0.056797029166666665,0.9191231527929213
9053.0,0.0549,-0.0193,0.9139,0,0,-3.576741666666666,-1.2654317659240424,-2.9975984081725127,-0.08541096249999999,0.9157508995354577
9069.0,0.0625,-0.016,0.916,0,0,-2.561441666666666,-1.266089103806108,-2.998366463394075,-0.10590249583333332,0.9182691598872305
9084.0,0.0605,-0.0177,0.9165,0,0,-1.1721416666666664,-1.2663440890531994,-3.0006036668198313,-0.11469355833333332,0.9186652219388737
9100.0,0.0518,-0.0205,0.9122,0,0,0,-1.266606926591966,-3.0030750643800905,-0.11469355833333332,0.9138995185467602
9116.0,0.0535,-0.0181,0.9188,0,0,0,-1.2665576469716306,-3.005915275263559,-0.11469355833333332,0.9205342470543939
9132.0,0.0621,-0.0176,0.9189,0,0,0,-1.266169384108122,-3.010147001750526,-0.11469355833333332,0.9211641438961897
9148.0,0.0646,-0.0214,0.9321,0,0,-0.8667416666666665,-1.2659211276076745,-3.0158134455585413,-0.12162749166666666,0.9345809381749662
9163.0,0.0708,-0.0255,0.929,0.9551120000000008,0.6206320000000001,-1.4774416666666668,-1.2522740864580513,-3.0143993139811225,-0.13270830416666665,0.932042858456627
9179.0,0.0226,-0.0225,0.88,0.5200120000000008,0.8419320000000001,-1.0041416666666665,-1.2451308231173734,-3.0052264959300956,-0.14074143749999998,0.8805776569956791
9195.0,-0.0063,-0.0331,0.921,0,0,0,-1.2478078418122607,-3.0021915455915416,-0.14074143749999998,0.9216161348413991
9210.0,0.0349,-0.0258,0.8949,0,-0.5931679999999999,0,-1.2509626991078304,-3.006722018057203,-0.14074143749999998,0.8959518179009405
9226.0,0.0643,-0.0112,0.9199,0,0,0,-1.2526250052035284,-3.004872080211791,-0.14074143749999998,0.9222125243131326
9242.0,0.0428,-0.0184,0.9115,0,0,0,-1.2538972023912918,-3.0026086009590145,-0.14074143749999998,0.9126897884823737
9257.0,0.0199,-0.0253,0.8989,0,0,0,-1.2557269593507114,-2.9971939947349706,-0.14074143749999998,0.8994761308672955
9274.0,0.0386,-0.0232,0.9332,-0.6784879999999993,-0.5931679999999999,0.6370583333333334,-1.2689819892298648,-3.001028420113113,-0.13532644166666666,0.9342860589776559
9289.0,0.0706,-0.0076,0.924,0,0,-0.5461416666666665,-1.2688831353241556,-2.9982901043573076,-0.13942250416666666,0.9267244034771072
9305.0,0.0806,-0.017,0.9221,0,0,-1.8591416666666667,-1.268360308090256,-2.9999071091154406,-0.1542956375,0.9257719859663069
9321.0,0.0555,-0.0245,0.9047,0,0.7274320000000001,-1.2637416666666665,-1.2684527175142253,-2.9909391150038815,-0.16440557083333332,0.9067318181248522
9336.0,0.0184,-0.0316,0.9104,0,0,0,-1.2699663715841278,-2.9896508105765682,-0.16440557083333332,0.9111340625835476
9353.0,0.0447,-0.024,0.9124,0,-0.5091679999999998,0,-1.2717707925393267,-2.9966280072636162,-0.16440557083333332,0.9138095261048661
9368.0,0.0728,-0.0112,0.9196,0,0,0,-1.2722018718372867,-2.9982291451076355,-0.16440557083333332,0.9225450883290204
9383.0,0.0643,-0.0135,0.9237,0,0,0,-1.2716998076933768,-3.0016264433034485,-0.16440557083333332,0.9260337088896926
9400.0,0.0319,-0.0238,0.9092,0,0,0,-1.2717076309083273,-3.0026551335516936,-0.16440557083333332,0.9100707060443161
9415.0,0.0343,-0.022,0.9109,0,0,0,-1.2719354900032867,-3.001878434411146,-0.16440557083333332,0.9118110001529922
9432.0,0.0513,-0.0156,0.9167,0,0,0,-1.271538083377375,-3.0015967733048763,-0.16440557083333332,0.9182668130777677
9447.0,0.0637,-0.0154,0.9227,0,0,0,-1.2705475042180576,-3.0032602989086943,-0.16440557083333332,0.9250243996781922
9462.0,0.0493,-0.0215,0.9164,0,0,0,-1.269817024261022,-3.004879798034025,-0.16440557083333332,0.9179769604951967
9479.0,0.0417,-0.0198,0.912,0,0,0,-1.2691179706818054,-3.005538037635571,-0.16440557083333332,0.9131675257037999
9494.0,0.0449,-0.0199,0.9114,0,0,0,-1.2684616971291556,-3.0057500470539487,-0.16440557083333332,0.9127222907325097
9509.0,0.0535,-0.0208,0.9187,0,0,0,-1.267936049202045,-3.006593727354677,-0.16440557083333332,0.9204914882822111
9526.0,0.0511,-0.0183,0.9154,0,0,0,-1.2672234866009768,-3.0077149027034933,-0.16440557083333332,0.9170077753214527
9541.0,0.0494,-0.02,0.917,0,0,0,-1.2665558691401695,-3.0088556577277066,-0.16440557083333332,0.9185474184820293
9558.0,0.0483,-0.0203,0.9144,0,0,0,-1.2659738571718828,-3.0098914617725665,-0.16440557083333332,0.915899743421735
9573.0,0.0468,-0.0208,0.9133,0,0,0,-1.2655342072720168,-3.010652654288624,-0.16440557083333332,0.9147348085647555
9588.0,0.0453,-0.0216,0.9176,0,0,0,-1.2653095202404672,-3.0109542912306875,-0.16440557083333332,0.9189713869321503
9605.0,0.0485,-0.0199,0.9106,0,0,0,-1.2650810772050067,-3.011295776450191,-0.16440557083333332,0.9121077896827764
9620.0,0.0525,-0.0184,0.916,0,0,0,-1.2646469475195679,-3.012135591571413,-0.16440557083333332,0.9176877519069326
9636.0,0.0527,-0.0194,0.9109,0,0,0,-1.2641710544498643,-3.013472355749368,-0.16440557083333332,0.9126294209590221
9652.0,0.0483,-0.0204,0.917,0,0,0,-1.263768431208272,-3.0146543100203664,-0.16440557083333332,0.9184977136607364
9667.0,0.0448,-0.0217,0.9141,0,0,0,-1.2636021376682884,-3.015279632663594,-0.16440557083333332,0.9154543899070013
9683.0,0.0485,-0.0201,0.9152,0,0,0,-1.2634410411021597,-3.015867574168488,-0.16440557083333332,0.9167045870944467
9699.0,0.0522,-0.0171,0.9185,0,0,0,-1.2629003653026925,-3.016861429807031,-0.16440557083333332,0.9201410218004629
9715.0,0.0509,-0.019,0.9146,0,0,0,-1.2622742593540401,-3.0180749367239943,-0.16440557083333332,0.9162122952678599
9731.0,0.0477,-0.0229,0.9137,0,0,0,-1.2620644153860077,-3.0190862266201806,-0.16440557083333332,0.9152307851028613
9746.0,0.0431,-0.0228,0.911,0,0,0,-1.2622178887174849,-3.019360404688733,-0.16440557083333332,0.9123039241393188
9762.0,0.048,-0.0211,0.9187,0,0,0,-1.2624569784778266,-3.0195448835909153,-0.16440557083333332,0.9201950336749269
9778.0,0.0558,-0.0198,0.9139,0,0,0,-1.2626207347666618,-3.0206558215787083,-0.16440557083333332,0.9158159695047908
9793.0,0.0491,-0.02,0.9188,0,0,0,-1.2627301601024672,-3.0217121032101426,-0.16440557083333332,0.9203283381489457
9809.0,0.0425,-0.0198,0.9191,0,0,0,-1.2627666445381955,-3.0218924553674573,-0.16440557083333332,0.9202951157101726
9825.0,0.0422,-0.0232,0.9117,0,0,0,-1.2631840239715968,-3.0213112691545514,-0.16440557083333332,0.9129709579170632
9841.0,0.0299,-0.0208,0.9132,0,0,0,-1.2636343191892416,-3.018512964428291,-0.16440557083333332,0.9139260856327497
9857.0,-0.0028,-0.0243,0.9277,0,1.872532,-5.370541666666666,-1.264513351900863,-2.9802339269741553,-0.20736990416666665,0.9280224242980338
9872.0,0.0476,-0.0194,0.9318,0,1.567132,-7.660641666666666,-1.2651384268518044,-2.9497592429660857,-0.2648247166666666,0.9332166736615886
9888.0,0.0795,-0.0172,0.9106,0,0.7656320000000001,-5.591941666666666,-1.2653195230491532,-2.935665026376732,-0.30956025,0.9142256012604328
9904.0,0.0778,-0.0137,0.9146,0,0,-1.5079416666666667,-1.2646605872902734,-2.9378893882797117,-0.3216237833333333,0.9180052777626063
9920.0,0.0591,-0.0188,0.9165,0,0,0,-1.2638955972309138,-2.941354906890177,-0.3216237833333333,0.9185959394641368
9935.0,0.0548,-0.021,0.9142,0,0,0,-1.2633198156529588,-2.945388069297375,-0.3216237833333333,0.916081699413322
9951.0,0.0474,-0.0219,0.9172,0,0,0,-1.2630174183910852,-2.948971093356825,-0.3216237833333333,0.9186850439622929
9967.0,0.041,-0.0193,0.9132,0,0,0,-1.2626441052237278,-2.951378990668695,-0.3216237833333333,0.9143236461997469
9982.0,0.0472,-0.0232,0.916,0,0,0,-1.2626872838618681,-2.9534995930316943,-0.3216237833333333,0.9175086266624418
9999.0,0.0548,-0.0173,0.9194,0,0,0,-1.2623509336398369,-2.9562874112151927,-0.3216237833333333,0.9211941652008007
10014.0,0.0565,-0.0157,0.9188,0,0,0,-1.2614825027230554,-2.959873614784996,-0.3216237833333333,0.9206694194986602
10030.0,0.0453,-0.0209,0.9099,0,0,0,-1.2608206783092473,-2.962821220481873,-0.3216237833333333,0.9112666514253663
10046.0,0.0364,-0.0221,0.9161,0,0,0,-1.2604770608237015,-2.964047202974125,-0.3216237833333333,0.9170891886834126
10061.0,-0.0557,-0.0503,0.8918,0,-0.7992680000000001,-2.553841666666667,-1.2640250352562465,-2.964132092950936,-0.3407775958333333,0.8949524121426793
10078.0,0.123,0.0182,0.9448,0,0,-1.7217416666666667,-1.262257795387277,-2.962907761462158,-0.35541239999999996,0.9529466301949968
10093.0,0.1002,-0.0564,0.9315,0,0,1.7668583333333334,-1.2651585130175034,-2.9682985107572972,-0.34216096249999994,0.9385697896267491
10109.0,0.1239,-0.1067,0.9081,0,-4.310668,10.736258333333332,-1.2784955091027081,-3.0502112384451845,-0.2562708958333333,0.9227034789140008
10125.0,0.0361,-0.03,0.9269,-0.5563879999999992,-2.722968,14.919458333333333,-1.3001304881667917,-3.1026587536351355,-0.13691522916666662,0.9280877221469962
10140.0,0.0416,0.0623,0.9211,0,-2.0893680000000003,15.392758333333333,-1.3010027848636603,-3.140167363462782,-0.021469541666666633,0.9241412554366351
10157.0,-0.0967,0.0402,0.9056,0.5200120000000008,-0.6313679999999997,5.232458333333334,-1.2855464960381955,-3.1378948488186054,0.023006354166666708,0.9116349543539892
10172.0,0.0475,-0.0232,0.9006,0,2.551932,0,-1.2800711199974486,-3.0886562892459732,0.023006354166666708,0.9021501260876705
10188.0,0.0474,-0.0145,0.9075,-1.235687999999999,-0.5931679999999999,0,-1.2938871154267313,-3.0880866864736225,0.023006354166666708,0.9088527163407721
10204.0,0.0686,-0.019,0.8879,0,0,0,-1.2884815169565196,-3.0817824758541255,0.023006354166666708,0.8907487692946873
10219.0,0.0168,-0.0211,0.9269,0,-2.241968,0.7286583333333334,-1.2837531118561343,-3.1050451199370537,0.028471291666666707,0.9272923271547112
10235.0,0.0444,-0.026,0.924,0,0.895432,0,-1.2802468563416525,-3.081156390233196,0.028471291666666707,0.9254314453269892
10251.0,0.0518,-0.0179,0.9174,0,0,0,-1.276826045513258,-3.0730280007643946,0.028471291666666707,0.9190355869061873
10267.0,0.0472,-0.0199,0.9066,0,0,0,-1.273764459373397,-3.0656684289831846,0.028471291666666707,0.9080459294551129
10283.0,0.0532,-0.0206,0.9117,0,0,0,-1.2711005331739187,-3.0597228008834887,0.028471291666666707,0.9134831635011124
10299.0,0.0536,-0.0205,0.9058,0,0,0,-1.268795076469332,-3.0551231413566855,0.028471291666666707,0.9076160256407994
10314.0,0.0541,-0.0201,0.9166,0,0.681632,0,-1.2667330602443971,-3.0416960249987675,0.028471291666666707,0.918415145781035
10331.0,0.0483,-0.0212,0.9135,0,0.8496320000000002,0,-1.2650361916856945,-3.024686335299185,0.028471291666666707,0.9150216281596846
10346.0,0.052,-0.0204,0.905,0,3.9564320000000004,0,-1.2635862044952677,-2.9647850941292018,0.028471291666666707,0.9067222066322188
10361.0,0.0404,-0.0305,0.8794,-0.8005879999999992,-3.5702679999999996,0,-1.2754655775959007,-3.016130151384631,0.028471291666666707,0.8808557032794871
10378.0,-0.1204,0.0652,0.9219,0,5.445032,-3.9660416666666665,-1.2645875188943123,-2.9022413282646755,-0.005240062499999958,0.9320122370441282
10393.0,-0.1682,0.0875,0.934,0,10.292332000000002,-16.332441666666664,-1.2414534205735943,-2.7051430620169588,-0.12773337499999993,0.9530495737368545
10409.0,-0.059,0.078,0.8997,0,18.063332,-21.294241666666665,-1.2087636863729365,-2.3714258337056675,-0.29808730833333325,0.9050000497237556
10425.0,-0.0177,-0.0151,0.9794,-2.159387999999999,40.124432000000006,-19.446941666666664,-1.2133094334755106,-1.695870296360127,-0.4536628416666666,0.9796763036840281
10441.0,-0.0173,-0.0011,0.9414,-6.281587999999999,30.437331999999998,-18.706441666666667,-1.2830626848930184,-1.1834615276607203,-0.603314375,0.9415595891923145
10457.0,-0.0648,-0.0013,0.9971,-8.418987999999999,24.009932,-26.103441666666665,-1.385576667288722,-0.7742160161805834,-0.8121419083333332,0.9992042533936693
10473.0,-0.0209,-0.0026,0.9683,-14.166988,16.101532,-34.17214166666667,-1.5768868803557505,-0.4955355470178155,-1.0855190416666667,0.9685290186669681
10488.0,0.0168,-0.1124,0.9904,-17.541088,9.712232,-33.836241666666666,-1.814144993151651,-0.3353151330425852,-1.3392908541666666,0.9968992727452458
10505.0,0.014,-0.0597,1.0636,-21.785387999999998,0.895432,-33.37054166666667,-2.1577197540248583,-0.3086821387810199,-1.6229404583333333,1.0653661577129248
10520.0,-0.0104,-0.0181,1.165,-35.953288,9.109131999999999,-29.080541666666665,-2.6600982663725796,-0.1629697787883838,-1.8410445208333333,1.1651870107411944
10536.0,0.0011,-0.0093,1.1421,-54.724288,23.406831999999998,-26.111041666666665,-3.481104988930035,0.212165168488901,-2.0499328541666664,1.1421383935408176
10552.0,-0.0262,-0.0431,1.1189,-65.044888,25.086232,-21.653041666666667,-4.450644914143825,0.6085841924294485,-2.2231571874999996,1.120036276198231
10568.0,-0.0901,-0.0518,1.1624,-75.373188,14.971732,-21.889641666666666,-5.566369848794958,0.8477849619628041,-2.398274320833333,1.1670368503179325
10584.0,-0.0601,-0.0975,1.1278,-89.571588,13.223631999999998,-26.958341666666666,-6.890751731073335,1.0596614724883604,-2.6139410541666663,1.1336009438951609
10600.0,-0.0033,-0.1378,1.0771,-99.93038800000001,6.567132,-28.675941666666667,-8.36307712039923,1.1610542286141063,-2.8433485874999995,1.085884036165925
10615.0,-0.0035,-0.1191,0.9709,-106.983788,13.078631999999999,-28.118641666666665,-9.820887260026993,1.348239749881534,-3.0542383999999996,0.9781839653153184
10632.0,0.0121,-0.1578,0.8602,-107.182288,14.574832,-28.393441666666664,-11.475926422648568,1.5793265768819318,-3.295582654166666,0.8746378050370335
10648.0,-0.0176,-0.1696,0.7864,-103.327388,25.536632,-27.195041666666665,-12.9467421455877,1.9642174836056239,-3.5131429874999993,0.8046731510371152
10663.0,-0.0251,-0.229,0.7875,-95.174688,28.368631999999998,-27.683541666666667,-14.187473514982981,2.359678654804614,-3.720769549999999,0.8205042717743766
10680.0,-0.0242,-0.2307,0.7843,-85.235788,18.811432,-26.278941666666665,-15.443667451584874,2.6450654212575473,-3.944140554166666,0.8178842338619812
10695.0,0.0327,-0.2587,0.7495,-78.128888,8.353432,-22.668341666666667,-16.425100525197752,2.7285665419362592,-4.114153116666666,0.793564887076035
10712.0,0.0399,-0.2721,0.7257,-73.922788,8.895432,-16.920241666666666,-17.49247332447254,2.829687324880127,-4.257975170833332,0.776061150941084
10728.0,0.0065,-0.3085,0.6976,-66.991488,6.826732,-13.416341666666668,-18.38353788660738,2.8862038894345314,-4.365305904166666,0.7627976533786663
10743.0,0.0272,-0.3822,0.6599,-58.365488,9.162531999999999,-12.424041666666668,-19.099103539469105,2.965172032963189,-4.458486216666667,0.7630758088158739
10760.0,-0.0287,-0.3694,0.7375,-52.434188,25.971732,-11.324741666666668,-19.844552981271715,3.3442445553465254,-4.5547465208333335,0.8253401117115295
10775.0,-0.0552,-0.4036,0.8146,-49.083088000000004,26.460231999999998,-14.156841666666667,-20.451165956599144,3.6789177355584655,-4.660922833333333,0.9107761305611825
10791.0,-0.0345,-0.3768,0.8512,-50.701388,30.361031999999998,-19.011841666666665,-21.139708106097242,4.097386196227488,-4.813017566666667,0.9315094900214382
10807.0,0.0449,-0.369,0.8676,-53.678488,28.612932,-20.408741666666664,-21.877981198041212,4.472399356098938,-4.9762875,0.943878577996132
10823.0,0.0403,-0.3549,0.8903,-56.426588,13.727432,-15.836241666666668,-22.656952380735266,4.600240160578094,-5.102977433333333,0.9592769099691705
10839.0,0.0697,-0.4019,0.8242,-57.831188000000004,1.0251320000000002,-9.317141666666668,-23.461586565801067,4.516777805192274,-5.177514566666666,0.9196126032194208
10855.0,-0.0172,-0.4415,0.7755,-58.357888,-0.8679679999999999,-3.637741666666666,-24.282444972906962,4.408327543198749,-5.206616499999999,0.8925347836359097
10870.0,-0.0649,-0.4865,0.6937,-54.014388000000004,0.8343320000000001,-3.9889416666666664,-24.99665848672167,4.337267354461419,-5.236533562499999,0.8497728814218538
10887.0,-0.0585,-0.5164,0.673,-48.541088,10.994632,-7.2713416666666655,-25.74404391356416,4.44637362402788,-5.298339966666666,0.8503059508200563
10902.0,-0.0415,-0.4982,0.6697,-41.609788,15.361032000000002,-8.920241666666668,-26.30734413096545,4.600821692988236,-5.3652417791666664,0.8357174043897853
10918.0,-0.0067,-0.5033,0.6838,-34.426588,18.788532,-6.347641666666666,-26.812844303087626,4.820427327393695,-5.4160229125,0.8490808088751034
10934.0,-0.075,-0.506,0.7645,-32.953288,21.467931999999998,-4.195041666666667,-27.303751633271283,5.0869378974068455,-5.449583245833333,0.9198484929595743
10950.0,-0.1024,-0.5149,0.7396,-32.609788,16.154932,-5.5003416666666665,-27.7984761228612,5.2773380972117145,-5.493585979166666,0.9069817693867943
10966.0,-0.0897,-0.5303,0.6776,-28.861687999999997,12.132031999999999,-8.752241666666666,-28.24709847689787,5.410762337507129,-5.5636039125,0.8651045832730283
10982.0,-0.0504,-0.5253,0.6267,-20.319688,8.116731999999999,-7.408741666666667,-28.575960188443684,5.482147586961872,-5.622873845833333,0.8192881910536731
10997.0,-0.0717,-0.5177,0.6309,-10.701388,6.032832,-6.759941666666666,-28.756849876619928,5.520108798067577,-5.673573408333334,0.8192612464897874
11014.0,-0.0511,-0.5369,0.5796,3.5352120000000005,-1.0129679999999999,-6.7522416666666665,-28.741873784838287,5.45509500578842,-5.730967462500001,0.7917126877851587
11029.0,-0.0284,-0.5281,0.5494,21.848212000000004,-7.158067999999999,-7.027041666666666,-28.488145274136404,5.302795298334908,-5.783670275,0.7625854247230273
11045.0,-0.0276,-0.5258,0.5964,36.588712,-17.692368000000002,-5.591941666666666,-28.00454399816241,4.980577362818318,-5.828405808333334,0.7955629202017903
11061.0,-0.0181,-0.5023,0.5565,48.787212,-18.967168,-7.584341666666666,-27.355769428686013,4.642863994291039,-5.889080541666667,0.7498834242733999
11077.0,-0.0383,-0.4956,0.6389,61.642112,-12.135168,-8.088141666666667,-26.52614807633751,4.419906360200625,-5.953785675000001,0.8094933353647824
11092.0,-0.0847,-0.5068,0.8109,63.504712,-11.631367999999998,-7.622541666666666,-25.740857533372452,4.227646639350614,-6.0109547375000005,0.9599891353551873
11109.0,-0.1044,-0.4824,0.8553,61.107811999999996,-18.241968,-13.385841666666668,-24.875963201608606,3.915037394456022,-6.124734391666667,0.987495422774202
11125.0,0.0488,-0.4669,0.7798,60.840612,-14.967168000000001,-13.179741666666667,-24.087473554028854,3.6618775702792457,-6.230172325000001,0.9102005767961258
11141.0,-0.006,-0.4381,0.8252,62.329112,-6.119867999999999,-9.530941666666667,-23.280259824796786,3.546668692289873,-6.306419858333334,0.9343032965798633
11157.0,0.0526,-0.4816,0.882,63.741412,-10.921368000000001,-3.8973416666666667,-22.458189339390348,3.343962467119625,-6.3375985916666675,1.0062948474478044
11172.0,0.0336,-0.4437,0.8228,65.458912,-13.295468,5.637058333333334,-21.681804049157872,3.1116619646963413,-6.295320654166668,0.9354135395641865
11189.0,0.0305,-0.4498,0.7606,71.344412,-6.272568000000001,9.186658333333332,-20.69234889926648,2.9672631696979126,-6.217234058333334,0.8841734275581912
11204.0,-0.0048,-0.4109,0.7495,78.909312,0.5824320000000001,9.568358333333332,-19.745673200091517,2.9373191315771865,-6.145471370833334,0.8547585039062203
11220.0,0.0018,-0.4092,0.7479,87.390212,-1.432868,8.652358333333334,-18.602435356257093,2.8745950143331847,-6.076252504166668,0.852527002504906
11236.0,0.0062,-0.3424,0.7369,96.306212,0.826732,9.736258333333332,-17.33075919856448,2.845790573936247,-5.998362437500001,0.81258710917661
11251.0,0.0352,-0.2861,0.7095,107.443612,2.185432,11.522558333333333,-16.0000088833546,2.8298185287050646,-5.911943250000001,0.7658214543873787
11268.0,0.0205,-0.2922,0.8546,113.955112,-7.425168,20.560758333333336,-14.35412534299994,2.654235029573051,-5.737176804166667,0.9034059165181508
11284.0,-0.1871,-0.2032,1.0114,105.352012,-3.2801679999999998,19.659958333333336,-12.947428771604221,2.581235613757891,-5.579897137500001,1.0484400841249824
11299.0,-0.1809,-0.194,0.981,95.626912,0,9.385158333333333,-11.780255460539948,2.5830943761214087,-5.50950845,1.0162292113494868
11316.0,-0.145,-0.12,0.9026,89.016212,-1.2648679999999999,1.4920583333333335,-10.523681519381963,2.5783175399904392,-5.496825954166667,0.9220150541070357
11331.0,-0.0688,-0.0566,0.8232,86.374912,-3.753468,-0.9202416666666666,-9.469889603230055,2.5423307685983523,-5.503727766666667,0.8280067874117941
11346.0,-0.0172,-0.0809,0.8431,82.199412,-14.119868,2.4996583333333335,-8.468080141586968,2.349790844175928,-5.484980329166667,0.847147130078359
11363.0,0.0431,-0.1173,0.8575,68.000912,-17.745868,8.537858333333332,-7.538078912273492,2.0601365769762654,-5.412408533333333,0.8665582207791928
11378.0,-0.0237,-0.1033,0.8645,50.642112,-4.745868,9.171358333333332,-6.991544558616121,1.9998963446551872,-5.3436233458333335,0.870972347437047
11395.0,-0.0509,-0.1272,0.8347,39.741412,1.154932,5.2782583333333335,-6.521125292770582,2.0317952340334102,-5.29875815,0.8458692215703324
11410.0,-0.0879,-0.0931,0.8243,38.390212,-1.654268,0,-6.138258891853246,2.0264208717502785,-5.29875815,0.8341849375288433
11426.0,-0.0913,-0.1163,0.7704,42.207012,-1.1427679999999998,-6.897341666666667,-5.6526227251033765,2.0346877642799734,-5.353936883333334,0.784460030849246
11442.0,-0.0714,-0.1089,0.7927,43.298612,3.4526320000000004,-13.179741666666667,-5.14602275882695,2.118365695585763,-5.459374816666667,0.8033246292751144
11458.0,-0.0403,-0.0747,0.7845,43.245212,6.987032,-14.462141666666668,-4.633825612315332,2.2546893802243058,-5.575071950000001,0.7890782153880563
11473.0,-0.0337,-0.0642,0.8278,43.069612,0.9030320000000001,-12.469841666666667,-4.159017069530415,2.28972135005342,-5.668595762500001,0.8309694158030125
11490.0,0.0131,-0.1118,0.8079,39.138312,-8.264868,-9.156841666666667,-3.6657175408590397,2.1646304217859007,-5.746428916666668,0.8157041497994233
11505.0,-0.0217,-0.0703,0.8646,34.184112,-7.547368,-8.538541666666667,-3.3164243817019523,2.065663832261095,-5.810467979166668,0.8677246913624159
11522.0,-0.0313,-0.0372,0.8989,27.619212,-3.982468,-12.530941666666667,-2.9974164877449727,2.0116044211593063,-5.916980983333334,0.9002137190689775
11537.0,-0.0083,-0.0165,0.8799,27.520012,-1.8603679999999998,-12.691241666666667,-2.721106435191132,1.9931102651770984,-6.012165295833334,0.8800938302249369
11553.0,-0.0081,0.0315,0.8871,31.428412,-2.6236680000000003,-11.500341666666667,-2.338267442917984,1.957110516803882,-6.104168029166668,0.8876960459526673
11569.0,-0.0183,0.0358,0.9269,36.268112,-1.4022679999999998,-10.851541666666668,-1.864667567668591,1.9385347426721107,-6.190980362500001,0.9277715990479553
11585.0,-0.0181,0.0524,1.0034,39.520012,-1.684768,-11.065241666666667,-1.3263245181432595,1.9133567250069106,-6.279502295833335,1.0049303110166397
11600.0,0.0197,-0.0024,1.0569,37.695512,-2.432868,-9.630141666666667,-0.8504996061043955,1.8719889713622238,-6.351728358333335,1.0570863067886178
11617.0,0.0012,0.062,1.0819,33.741412,4.803832,-8.782841666666668,-0.35585183363506556,1.9431757606716622,-6.426382512500002,1.0836757125634957
11632.0,-0.014,0.0984,1.1017,30.596312,7.8725320000000005,-9.607241666666667,0.03878136749396525,2.0469567994269897,-6.4984368250000015,1.1061742403437171
11649.0,0.0491,0.1079,1.0199,30.833012000000004,8.849632,-5.103441666666666,0.5094703294941636,2.1713896910896784,-6.541816079166669,1.0267663950480654
11664.0,0.0422,0.1079,0.9836,35.382612,7.513732,3.0645583333333333,0.9948016740524882,2.24930825905302,-6.518831891666669,0.9904000252423261
11679.0,-0.0088,0.1199,0.9868,38.665012,6.452632,9.560758333333332,1.5358365536968213,2.309999489540376,-6.447126204166669,0.9940964188648906
11696.0,-0.076,0.0939,1.0226,36.466512,-1.486268,11.713358333333332,2.1173331542755656,2.2578622921197713,-6.347562658333336,1.0297106243989134
11711.0,-0.0813,0.1021,0.9729,31.535212,-1.791668,9.873658333333333,2.555037350575875,2.2130476845196236,-6.273510220833336,0.9816152555864237
11727.0,-0.0953,0.1084,0.9629,27.252812000000002,1.9488320000000001,6.965258333333334,2.959094298932515,2.234777350539471,-6.21778815416667,0.9736575681419006
11743.0,-0.1017,0.1108,0.9794,20.733712,1.0938320000000001,3.1790583333333338,3.263254708755613,2.251214858755077,-6.192355687500004,0.990880361093104
11759.0,-0.0741,0.1129,0.95,15.367312,2.0786320000000003,1.2095583333333335,3.4868931284598106,2.2872700854789834,-6.182679220833337,0.9595505301962998
11774.0,-0.0708,0.1302,0.9235,12.382612,0.9870320000000001,2.7668583333333334,3.658093162503335,2.3083282410414685,-6.161927783333336,0.9353164865434587
11790.0,-0.0801,0.1243,0.9102,11.336812,1.322832,2.591258333333333,3.8309119154604314,2.3398451106573557,-6.14119771666667,0.9221336887892124
11806.0,-0.0852,0.1146,0.9364,9.092512000000001,1.719832,0,3.9721376481775406,2.3816194101476786,-6.14119771666667,0.9472260342705958
11822.0,-0.0697,0.1077,0.9446,5.184112000000001,-1.1656679999999997,-3.584341666666666,4.05471743958342,2.3795909469644205,-6.169872450000003,0.9532714933323035
11838.0,-0.0382,0.1367,0.9332,3.7032120000000006,1.7732320000000001,-5.027041666666666,4.120947325259959,2.422007824147155,-6.210088783333337,0.9439323969437642
11853.0,-0.0176,0.1445,0.9197,2.7490120000000005,1.5290320000000002,-4.362941666666666,4.176968737469596,2.454324578929092,-6.242810845833337,0.9311488065824924
11869.0,-0.0363,0.144,0.9518,1.1917120000000008,2.9183320000000004,-3.6454416666666667,4.217644864685954,2.507806007673317,-6.271974379166671,0.9633155921088373
11885.0,-0.0363,0.1326,0.957,-1.922787999999999,0.7427320000000002,-4.431641666666667,4.2139733625867235,2.524751673157643,-6.307427512500004,0.9668244152895602
11900.0,-0.0653,0.1237,0.9607,-7.800587999999999,3.788532,-7.714141666666666,4.129483405675087,2.5876707881388312,-6.365283575000004,0.9708296812520721
11916.0,-0.0469,0.1055,0.9443,-14.754788,7.643532,-14.630141666666667,3.931283643408056,2.713405274332,-6.482324708333337,0.9513318821525956
11932.0,-0.0127,0.1113,0.9647,-18.869287999999997,2.399232,-22.553841666666667,3.674154881253603,2.750070235034539,-6.66275544166667,0.9711823052341924
11948.0,0.132,0.1302,0.8835,-20.426588,3.605332,-27.309541666666664,3.4025577866302927,2.783875314963208,-6.881231775000003,0.9027448642889087
11964.0,0.2257,0.1427,0.8558,-22.380788,19.399231999999998,-24.385841666666664,3.111996151327791,3.033982684078225,-7.076318508333337,0.8964917289077462
11979.0,0.2592,0.1245,0.8171,-17.876987999999997,22.383931999999998,-13.706441666666667,2.9193323705223433,3.2715844834592547,-7.179116820833337,0.8662201221398635
11996.0,0.1741,0.1313,0.8134,-9.945687999999999,33.903032,0,2.832114808117525,3.7210805020065547,-7.179116820833337,0.842122354530504
12011.0,0.0132,0.1044,0.9072,-4.754788,34.269432,7.965258333333334,2.841890668038393,4.1038308875487,-7.119377383333337,0.913282782056029
12027.0,-0.1215,0.0317,0.9482,-2.9456879999999996,26.223632,12.659958333333332,2.8651457184250155,4.4063971892455305,-7.01809771666667,0.9564781126612361
12043.0,-0.3112,0.0328,0.9664,-2.2204879999999996,17.353432,5.789758333333333,2.8901907999865193,4.605401558843812,-6.971779650000004,1.0158002953336842
12058.0,-0.3107,0.0315,1.0255,-4.403688,11.834332,-7.767541666666667,2.8757215523163797,4.738881778354288,-7.030036212500004,1.0719967304054616
12075.0,-0.2692,0.062,1.1627,-17.304488,1.0251320000000002,-9.172141666666667,2.632126406034551,4.738782754362648,-7.1079994166666705,1.1950664960578554
12090.0,-0.2581,0.0896,1.1425,-39.441888,-4.310668,-4.523241666666666,2.1002625129715717,4.679402994645624,-7.14192372916667,1.1747127393537538
12106.0,-0.2827,0.0957,1.0381,-56.815888,-4.249668,-2.2026416666666666,1.2682341886917847,4.640331645726152,-7.159544862500003,1.0801524846057615
12122.0,-0.3151,0.0311,0.8597,-60.953288,5.605332000000001,-11.591941666666667,0.38243057797751523,4.782737356657636,-7.252280395833337,0.916154632144596
12138.0,-0.3149,0.0211,0.7985,-52.373188,15.391532000000002,-26.561441666666667,-0.35686440730325836,5.100780151184912,-7.46477192916667,0.858609032097846
12153.0,-0.1555,0.0419,0.7623,-38.212788,15.078631999999999,-40.01184166666667,-0.8241814980075788,5.397583511290742,-7.76486074166667,0.7791258884159864
12170.0,0.0575,0.0807,0.8081,-24.884587999999997,10.918332,-43.950741666666666,-1.132506674739268,5.626296414696431,-8.138442045833337,0.8141525348483539
12185.0,0.288,0.0907,0.8621,-13.716688,7.689332,-37.84384166666666,-1.2184956295313698,5.731388911593281,-8.422270858333336,0.9134478091275932
12201.0,0.4554,0.0925,0.9377,-7.708988,1.2007320000000001,-20.500341666666664,-1.2196911336700875,5.672723003369631,-8.58627359166667,1.0465307926668952
12217.0,0.5009,0.0901,0.9896,-6.396088,-3.6236680000000003,5.125558333333333,-1.199325830787576,5.473439013149136,-8.545269125000003,1.1128014108546054
12233.0,0.3434,0.1189,1.0331,-8.136488,-12.257268,37.90425833333333,-1.2029187143550626,5.103920808737483,-8.242035058333336,1.095151304615029
12249.0,-0.0795,0.0769,1.0089,-15.548688,-15.180968,64.83555833333332,-1.3239773136017543,4.7128582001728745,-7.723350591666669,1.0149448605712528
12265.0,-0.5568,-0.0171,0.8663,-23.632687999999998,-16.883268,72.35455833333333,-1.5804989444380713,4.37592699167716,-7.144514125000002,1.029948707460716
12280.0,-0.8873,-0.1117,0.6357,-20.121187999999997,-13.425168,50.48435833333333,-1.77777428584193,4.223423048325054,-6.765881437500003,1.0972204290843295
12297.0,-0.8746,-0.1868,0.5331,-3.907488,3.605332,1.1408583333333335,-1.7695634052556077,4.4359497342797685,-6.75618414166667,1.0411604151138287
12312.0,-0.5532,-0.1244,0.5601,13.909312,12.452632000000001,-41.75224166666666,-1.5113633048205528,4.823756287413527,-7.069325954166669,0.7970054014873424
12328.0,-0.1071,-0.0162,0.7412,30.855912000000004,19.880132,-68.42404166666667,-0.9827518879825992,5.321163510082803,-7.616718287500003,0.7490729537234675
12344.0,0.3115,0.0542,0.923,35.023812,19.063332,-68.88964166666666,-0.39349236776947394,5.724785549739865,-8.167835420833336,0.9756530582128055
12360.0,0.6031,0.11,1.0872,27.039112000000003,10.269431999999998,-49.202641666666665,0.07099422337137233,5.877401230514656,-8.56145655416667,1.2481319842067986
12376.0,0.7373,0.162,1.1366,13.710812,0,-11.813341666666668,0.3340096800632401,5.7576121456768785,-8.655963287500002,1.3644467193701628
12392.0,0.5592,0.1984,1.149,2.9017120000000007,-17.028268,37.140858333333334,0.44072767838992416,5.303563558458415,-8.358836420833336,1.2931620934747508
12407.0,-0.0112,0.1249,1.0616,-6.7166879999999995,-27.203868,73.86605833333333,0.4086862812101718,4.735269799797844,-7.804840983333336,1.0689808277045947
12423.0,-0.5316,0.0117,0.9066,-10.029587999999999,-34.997768,79.20195833333334,0.3129327156925962,4.101196404147218,-7.1712253166666695,1.0510275971638423
12439.0,-0.8708,-0.1086,0.74,-8.563988,-23.638968000000002,49.430958333333336,0.2224864230844103,3.766543117073994,-6.775777650000003,1.1479053096836864
12454.0,-0.8437,-0.1533,0.661,2.2528120000000005,-1.8068679999999997,-0.5843416666666665,0.2774246474400843,3.8810144370719666,-6.780160212500003,1.0827056756108744
12471.0,-0.4761,-0.073,0.7625,12.428412,20.773232,-44.78284166666666,0.4933748975220791,4.407430507745497,-7.16081436666667,0.9018904922439309
12486.0,-0.0078,0.0414,0.8765,21.825312000000004,37.254132000000006,-61.17214166666667,0.8227149548955074,5.1006779380321845,-7.61960542916667,0.877511851771815
12503.0,0.3472,0.0862,1.0465,22.909312000000003,33.559532000000004,-50.50794166666667,1.2153056829679263,5.721102837944372,-8.048922933333337,1.105956839121672
12518.0,0.53,0.1331,1.1569,14.237512,16.712232,-18.118641666666665,1.4409943688966764,5.9296481396619525,-8.184812745833337,1.2794659901693364
12534.0,0.3639,0.1788,1.1931,2.9017120000000007,-2.478668,25.056858333333334,1.5149720134538645,5.795646520645717,-7.98435787916667,1.260111209377966
12550.0,-0.1002,0.0978,1.0948,-9.930387999999999,-16.822168,53.53015833333333,1.3913727290735285,5.448706721194484,-7.556116612500004,1.103717318881968
12566.0,-0.5179,-0.0116,0.8947,-17.678487999999998,-15.463368,49.117958333333334,1.1413586787562708,5.189042313372704,-7.163172945833337,1.033848663973601
12581.0,-0.6594,-0.1099,0.7876,-15.266288000000001,0.643532,17.827858333333335,0.9308583294872186,5.258543691618993,-7.0294640083333375,1.0330537885318458
12598.0,-0.4855,-0.059,0.8658,-8.655588,8.803832,-17.095741666666665,0.7940004385720845,5.507212148008101,-7.174777812500004,0.9943846790855136
12613.0,-0.1678,0.0015,0.9119,-1.312087999999999,7.414432,-33.63774166666666,0.7824238900967541,5.71336142567285,-7.427060875000004,0.9272112488532481
12630.0,0.0958,0.0305,0.9648,1.390212000000001,6.964132,-31.294241666666665,0.8148935142460991,5.889836597170694,-7.693061929166671,0.9700241904200121
12645.0,0.2452,0.0552,0.9797,0,7.773232,-18.286641666666664,0.8277775406776493,6.013419614641832,-7.8302117416666706,1.0114258104280314
12661.0,0.2429,0.054,1.0361,-5.312087999999999,4.078632000000001,-2.530941666666666,0.7605249097213617,6.041188402156077,-7.850459275000004,1.0655607068581312
12677.0,0.2009,0.0404,0.974,-11.854087999999999,3.574832,9.850758333333333,0.593614278072269,6.027708701704711,-7.771653208333337,0.9953235504096143
12692.0,0.0945,0.041,0.9193,-15.960887999999999,4.773232,19.270658333333333,0.3829466329112164,6.012198202196385,-7.627123270833337,0.9250533714332378
12708.0,-0.0591,0.0188,0.8928,-15.999087999999999,6.666432,23.530158333333336,0.15913622983368947,6.035245759969489,-7.43888200416667,0.8949514456103193
12724.0,-0.2197,-0.0034,0.9246,-16.945687999999997,7.712232,19.568358333333336,-0.07889869032211783,6.09717956172529,-7.282335137500003,0.9503498355868748
12740.0,-0.3107,-0.032,0.9397,-21.136487999999996,9.826732,8.629458333333334,-0.3849130557720264,6.222616704926072,-7.213299470833337,0.9902497563746229
12755.0,-0.3319,-0.0289,0.9684,-26.808287999999997,12.620632,-5.2179416666666665,-0.7534660127459308,6.407471318413593,-7.252434033333337,1.0241051606158422
12772.0,-0.2522,-0.028,0.9518,-33.617388,14.269431999999998,-16.340041666666664,-1.2858365205097457,6.658697171348755,-7.391324387500004,0.9850442020538976
12787.0,-0.1558,-0.014,0.9305,-37.495288,17.987032,-20.637741666666667,-1.8016177228755927,6.936392945532478,-7.546107450000004,0.9435570412010076
12804.0,-0.0962,-0.0271,0.9126,-37.373188,17.147332,-19.515641666666667,-2.382760331882328,7.22726807976121,-7.71199040416667,0.9180564307274363
12819.0,-0.0793,-0.0184,0.8746,-34.052488000000004,15.597732,-14.950741666666667,-2.8329691838663336,7.452170094764264,-7.82412096666667,0.8783804471867529
12835.0,-0.0818,-0.0277,0.8474,-28.166987999999996,11.925932,-11.118641666666667,-3.2189193083998933,7.627552125010987,-7.913070100000003,0.8517894634239144
12851.0,-0.1082,-0.0302,0.8694,-21.449488,7.765632,-7.4774416666666665,-3.495470712829657,7.734615099388613,-7.972889633333336,0.8766274237097537
12867.0,-0.1301,-0.051,0.9154,-19.144087999999996,5.910632,-6.111041666666666,-3.7361999724097967,7.812842015682985,-8.02177796666667,0.9260044114365763
12882.0,-0.1608,-0.0609,0.9612,-21.762487999999998,8.506032000000001,-5.317141666666666,-3.998252305689266,7.927071514284634,-8.06165652916667,0.976458340125169
12899.0,-0.1724,-0.0588,0.9349,-27.411288,10.750332,-6.859141666666666,-4.397337567063843,8.099554868538242,-8.119959233333338,0.9524795063412125
12914.0,-0.1445,-0.077,0.8699,-28.907487999999997,12.994632,-8.530941666666667,-4.764097110266069,8.284000601681315,-8.183941295833337,0.8851752707797479
12931.0,-0.1271,-0.0797,0.8347,-26.197587999999996,14.345732000000002,-7.546141666666666,-5.142233409201694,8.51436706728886,-8.248083500000003,0.8480746370455846
12946.0,-0.1449,-0.1207,0.8386,-21.533488,12.452632000000001,-6.332441666666666,-5.404600987418641,8.687821194809104,-8.295576812500004,0.8595431693638197
12962.0,-0.1624,-0.1306,0.8737,-17.937987999999997,7.025132,-6.271341666666666,-5.638122183323514,8.789782161995777,-8.345747545833337,0.8982103372818641
12978.0,-0.1577,-0.127,0.8542,-17.640287999999998,1.4984320000000002,-5.378241666666666,-5.872555824146831,8.807231470374733,-8.38877347916667,0.8778701099821088
12994.0,-0.1592,-0.1431,0.796,-14.487687999999999,-4.409968,-3.4621416666666667,-6.0647219050292005,8.736801352881818,-8.416470612500003,0.82428044378112
13009.0,-0.183,-0.1504,0.7706,-9.602188,-3.0816679999999996,-3.408741666666667,-6.179059406475971,8.69987885150563,-8.442036175000004,0.806184544629826
13026.0,-0.1938,-0.1573,0.7793,-3.9914879999999995,0.5671320000000002,-5.6912416666666665,-6.228278887125541,8.72724420750038,-8.49041172916667,0.8182971465183049
13041.0,-0.1636,-0.1422,0.7838,1.4742120000000007,4.506032,-7.515641666666666,-6.197196034625486,8.814894604567112,-8.546779041666671,0.8132209047977063
13058.0,-0.1207,-0.1116,0.8167,7.733712000000001,-4.455768,-6.401141666666667,-6.06328399100494,8.757664455665907,-8.601188745833337,0.8330797920967715
13073.0,-0.1021,-0.1113,0.8785,11.252812,-10.837468000000001,-1.1644416666666666,-5.898006687930757,8.61030732315285,-8.609922058333337,0.8913890003808662
13089.0,-0.1228,-0.1095,0.9371,9.336812,-13.867968000000001,1.3927583333333335,-5.756221692739693,8.403673903106744,-8.598779991666671,0.9514339178313963
13105.0,-0.1171,-0.114,0.929,3.0085120000000005,-12.646567999999998,2.2706583333333334,-5.718237969231496,8.216142239971667,-8.580614725000004,0.9432652914212417
13120.0,-0.1281,-0.1096,0.9222,-3.2433879999999995,-10.180968,2.362258333333333,-5.77691521902478,8.078825403400321,-8.562897787500004,0.9374831251814616
13136.0,-0.1509,-0.1233,0.8719,-6.205188,-10.310668,2.4996583333333335,-5.887377381793359,7.9342136433335275,-8.542900520833337,0.8934110532112304
13152.0,-0.1669,-0.1287,0.8444,-5.899888,-6.387068,0,-5.994902192699845,7.858399726043958,-8.542900520833337,0.8703049235756397
13168.0,-0.1229,-0.1134,0.8138,-1.1364879999999993,-6.951968,-2.4011416666666667,-6.027857772576429,7.774187567070237,-8.56210965416667,0.8308034725493146
13184.0,-0.0616,-0.1191,0.7863,7.168812000000001,-13.310668,0,-5.9333117185477455,7.5835697018578925,-8.56210965416667,0.7976509637679879
13200.0,-0.073,-0.1198,0.8409,13.825312,-18.402268,2.9958583333333335,-5.7385709860177965,7.30968109750025,-8.538142787500004,0.8525220525006962
13215.0,-0.076,-0.1094,0.8982,15.405512,-21.654268000000002,3.156158333333334,-5.537829343900222,7.004283200912294,-8.514471600000004,0.9080240084931676
13232.0,-0.0375,-0.1141,0.9177,13.306212,-21.951968,3.117958333333333,-5.346064738962193,6.6457986536980185,-8.48796895416667,0.9255259855887353
13247.0,0.0142,-0.0908,0.8354,13.634512,-18.990068,6.797358333333333,-5.177921044943758,6.365064672196639,-8.43698876666667,0.8404400276045877
13263.0,-0.0016,-0.0897,0.8239,17.428412,-17.638968000000002,12.423258333333333,-4.938942910716832,6.080231852229924,-8.337602700000003,0.8287700887459681
13279.0,-0.0609,-0.1093,0.8293,21.894012000000004,-15.348868,16.163758333333334,-4.635881213596295,5.833618464001243,-8.208292633333336,0.8386857516376441
13295.0,-0.1338,-0.1067,0.8948,22.313912000000002,-10.799268000000001,14.873658333333333,-4.331841250970247,5.668966551502085,-8.08930336666667,0.9110183148543173
13310.0,-0.1536,-0.1018,0.9095,19.428412,-6.287768000000001,10.858458333333333,-4.096857652342136,5.591961341835297,-8.00786492916667,0.9279797680984214
13327.0,-0.1781,-0.0962,0.9421,15.802412,-1.0282679999999997,8.163758333333334,-3.8864733812596737,5.601090375719871,-7.938472983333337,0.9636007783309435
13342.0,-0.2323,-0.0955,1.0161,9.245212,3.4221320000000004,4.301158333333333,-3.8042355658513314,5.69136126631506,-7.906214295833338,1.0466817806764386
13359.0,-0.2098,-0.0892,0.9961,1.6574120000000008,-4.730568,0,-3.828473738738071,5.660341443572995,-7.906214295833338,1.021855121825007
13374.0,-0.1434,-0.087,0.9048,-2.0524879999999994,-2.890868,-2.103441666666667,-3.908054746896139,5.668123939138026,-7.921990108333338,0.9202149748835867
13389.0,-0.0968,-0.0801,0.8619,0,-6.890868,-1.9507416666666664,-3.9539185778637633,5.613561337090022,-7.936620670833338,0.8710096784766516
13406.0,-0.0514,-0.0732,0.8248,5.443612000000001,-8.570267999999999,0,-3.9061071314151787,5.510423359003351,-7.936620670833338,0.8296356067575692
13421.0,-0.0474,-0.0657,0.8654,9.878812,-9.722968000000002,3.2400583333333337,-3.801341998163517,5.400548068493468,-7.912320233333338,0.8691837607778921
13437.0,-0.0532,-0.068,0.8804,11.176512,-8.707667999999998,5.927158333333334,-3.6656634944472497,5.2919349778955835,-7.864902966666671,0.8846233096634973
13453.0,-0.0828,-0.075,0.8903,11.291012,-4.486268,7.2706583333333334,-3.528933914297948,5.2487111112734155,-7.806737700000005,0.8972819679454168
13469.0,-0.1083,-0.0903,0.9189,11.138312,-7.501568,7.0568583333333335,-3.3971115514696755,5.159224401871532,-7.750282833333338,0.9296559524899521
13485.0,-0.093,-0.0801,0.8772,11.451312,-11.768768000000001,5.392758333333334,-3.2620680211678934,5.003425924511505,-7.707140766666671,0.88574536408609
13501.0,-0.0719,-0.082,0.8624,12.924612,-14.158068,3.5759583333333333,-3.1062213915694743,4.809724082853563,-7.6785331000000046,0.8692682957522379
13516.0,-0.0546,-0.0536,0.8783,13.978012000000001,-10.722968000000002,2.2019583333333337,-2.9465088596886937,4.678609704173721,-7.662018412500005,0.8816263437534066
13533.0,-0.0437,-0.0283,0.8845,14.352012,-10.448068,3.133258333333333,-2.7493075512092116,4.5270966654063844,-7.635385716666671,0.8860309418976292
13548.0,-0.0714,-0.027,0.8949,14.756612,-2.2725679999999997,4.873658333333333,-2.5715620665496166,4.516761431732307,-7.598833279166671,0.8981497480932676
13563.0,-0.1212,-0.0435,0.9155,14.993312000000001,3.605332,3.7668583333333334,-2.3897470848772175,4.596884545178226,-7.570581841666671,0.9245117305908022
13580.0,-0.1406,-0.0437,0.9625,15.672612,5.780932,-0.9125416666666666,-2.1667169916419198,4.723978540093148,-7.578338445833338,0.9736962051892778
13595.0,-0.0959,-0.0294,0.9894,14.833012,4.704532,-4.416341666666666,-1.9855454792194098,4.820067146369882,-7.611461008333338,0.9944714827484998
13612.0,-0.0613,-0.009,1.0209,11.489412,0,-2.4927416666666664,-1.8268751488676909,4.839232218001528,-7.632649312500004,1.0227783239783683
13627.0,-0.0818,0.0033,1.0358,5.2528120000000005,-2.425168,0.6446583333333334,-1.7771250731387067,4.819552317059935,-7.627814375000004,1.0390302064906487
13643.0,-0.0979,-0.0034,0.9846,0,-1.051168,2.9881583333333337,-1.7992671757953103,4.819519221910301,-7.603909108333338,0.9894610300562625
13659.0,-0.1183,-0.012,0.9156,-1.5105879999999992,0.758032,4.171358333333333,-1.8404452074047628,4.8512430248107,-7.570538241666671,0.9232888226335245
13674.0,-0.1392,-0.0231,0.8678,1.1383120000000009,3.1931320000000003,3.614158333333333,-1.8381845819876743,4.923613337029633,-7.54343205416667,0.8791968437158997
13690.0,-0.1683,-0.024,0.8928,3.291012000000001,4.025132,-0.7064416666666666,-1.7990589510635069,5.019608620132171,-7.549083587500004,0.9088414218113081
13706.0,-0.1307,-0.0353,0.8831,3.894012000000001,5.780932,-4.7217416666666665,-1.750881649576733,5.144786726052724,-7.586857520833337,0.8934171422129754
13722.0,-0.1046,-0.0131,0.886,3.9551120000000006,6.536632,-5.301841666666666,-1.6996118498902881,5.279285164284462,-7.62927225416667,0.8922492757071872
13737.0,-0.1101,-0.0055,0.8757,4.428412000000001,5.750332,-4.820941666666666,-1.6425754731900395,5.393938897211857,-7.66542931666667,0.8826113244231575
13753.0,-0.1057,-0.0205,0.87,5.939812000000001,4.193132,-5.149241666666667,-1.557178769139959,5.487789757356575,-7.706623250000003,0.8766371769438027
13769.0,-0.0896,-0.0212,0.8722,7.458912000000001,0.7656320000000001,-6.370541666666666,-1.4484295624721493,5.5242212987039725,-7.757587583333336,0.8770464297857896
13785.0,-0.0464,-0.0083,0.8795,7.909312000000001,0,-7.569041666666666,-1.3320292444065696,5.540759123635521,-7.81813991666667,0.8807622267104782
13801.0,0.0103,-0.0078,0.8878,6.840612,0,-7.118641666666666,-1.2321363575912307,5.5432259600185265,-7.875089050000003,0.8878940083140555
13816.0,0.0399,0.0029,0.91,6.436012000000001,0,-4.172141666666667,-1.1431327912662494,5.529229675857907,-7.9063801125000035,0.9108789271906559
13832.0,0.0344,-0.0032,0.9364,4.947512000000001,1.895432,-1.6377416666666667,-1.0702422990803675,5.530912471373754,-7.919482045833337,0.9370371177280012
13848.0,0.0388,-0.0131,0.9141,2.520012000000001,1.048032,0.7744583333333335,-1.0357655630652887,5.506075235458774,-7.91328637916667,0.9150168632325855
13863.0,0.0243,-0.0122,0.9022,1.4818120000000008,0.6893320000000001,2.4614583333333337,-1.0186281567402173,5.465469749467107,-7.894825441666669,0.9026096443092109
13879.0,0.0049,-0.0171,0.8925,1.3749120000000008,0,2.9194583333333335,-1.0017250732964675,5.409069064817734,-7.871469775000003,0.8926772485058639
13895.0,-0.0132,-0.0165,0.8925,1.1154120000000007,2.399232,1.5378583333333333,-0.9888500396622388,5.387864577068123,-7.859166908333337,0.8927500994119238
13911.0,-0.02,-0.0042,0.8995,1.3062120000000008,4.987032,0.8889583333333334,-0.9713191455489483,5.405282049617443,-7.85205524166667,0.8997321212449848
13926.0,-0.0483,-0.0033,0.8907,2.2299120000000006,7.994632,1.7057583333333333,-0.9400129354669234,5.463168766045916,-7.83926205416667,0.8920147252147804
13942.0,-0.0828,0.0082,0.8973,5.451312000000001,10.132031999999999,4.346958333333333,-0.8535088907533989,5.56693688497872,-7.8044863875000035,0.9011494715084729
13958.0,-0.1469,0.0067,0.9476,7.344412,9.261832,8.362258333333333,-0.7363358576527106,5.667866100313549,-7.7375883208333365,0.9589422610355641
13973.0,-0.262,-0.0007,0.9868,7.733712000000001,2.933532,9.591258333333332,-0.6214216706851577,5.690159653692247,-7.665653883333336,1.0209890939672177
13989.0,-0.3048,-0.0286,1.0205,5.084912000000001,0,4.7820583333333335,-0.5447688923792896,5.6961955350828655,-7.627397416666669,1.065430077480451
14005.0,-0.2834,-0.0245,1.0011,0.6574120000000008,0.971732,-2.9354416666666667,-0.5403657855703401,5.738987400134011,-7.650880950000003,1.040729080981213
14020.0,-0.2032,-0.0115,0.9633,-2.2585879999999996,2.0022320000000002,-8.179741666666667,-0.579209373456254,5.805204103033161,-7.712229012500003,0.9845655793292797
14036.0,-0.1107,0.0046,0.9099,-3.899888,2.322832,-8.721741666666667,-0.6430623016519774,5.875835433161528,-7.7820029458333355,0.9166207830940776
14052.0,-0.043,0.0103,0.8612,-2.876988,0.6053320000000002,-5.7217416666666665,-0.6870168091651919,5.909521147315975,-7.827776879166668,0.8623343493100574
14068.0,0.006,0.0103,0.8065,1.5200120000000008,0.826732,0,-0.6588448731794668,5.932862626929287,-7.827776879166668,0.8065880857042211
14084.0,0.0281,0.0056,0.7854,7.649712000000001,1.4831320000000001,4.316458333333333,-0.5336057383601976,5.951363054206571,-7.793245212500001,0.7859224707310513
14099.0,0.0355,0.0032,0.7852,12.069612000000001,2.750332,8.117958333333334,-0.3522970072819208,5.972128715931179,-7.732360525000002,0.786008606823106
14115.0,0.0366,-0.0033,0.7778,16.359712000000002,2.895432,11.667558333333332,-0.09535165841734243,5.9839381750537886,-7.639020058333335,0.7786676376991662
14131.0,0.0178,-0.0059,0.7826,20.138312000000003,2.5060320000000003,13.881358333333333,0.21551936431270927,5.979357058192913,-7.527969191666668,0.7828246355346771
14147.0,-0.0236,-0.0128,0.834,21.581012,-1.2267679999999999,14.484358333333333,0.5417569051685593,5.912162049018172,-7.412094325000002,0.8344320223960726
14162.0,-0.0756,0.0021,0.8566,21.168812000000003,-2.0893680000000003,12.705758333333332,0.8353172497623943,5.837736410551578,-7.3168011375000015,0.8599321659293832
14179.0,-0.1071,0.0009,0.8914,19.680312,-2.0511679999999997,7.911858333333334,1.1405175745902847,5.767792863974494,-7.2495503416666685,0.8978113276184478
14194.0,-0.1049,-0.0029,0.9235,16.130712000000003,2.307632,2.1713583333333335,1.3491148999663694,5.772505907797796,-7.233265154166668,0.929443204289536
14210.0,-0.0833,0.0186,0.9452,11.420712,3.368632,-1.9354416666666665,1.4985252256456505,5.79759056717537,-7.248748687500002,0.9490457786640221
14226.0,-0.0796,0.0317,0.964,6.665012000000001,-1.2725679999999997,-2.5079416666666665,1.5747466590301846,5.750126114549435,-7.268812220833335,0.9678001084934842
14241.0,-0.0728,0.0469,0.9366,2.9322120000000007,-4.425168,-2.4392416666666668,1.5938626807469478,5.6585620109633865,-7.287106533333335,0.9405950297551013
14258.0,-0.0367,0.0298,0.9015,2.9627120000000007,-7.051168,-1.6835416666666665,1.621905858842454,5.512193772760302,-7.301416637500002,0.9027387108128242
14273.0,-0.0081,0.0232,0.8787,5.5047120000000005,-7.974868,1.3774583333333335,1.6828850199233418,5.361757908532035,-7.291085700000002,0.8790435370332916
14288.0,-0.0055,0.0216,0.8739,9.115412000000001,-11.264868,7.331658333333333,1.7972736571391115,5.159132693906362,-7.236098262500001,0.8741842025568753
14305.0,-0.0325,0.0236,0.8408,13.596312000000001,-19.638968000000002,15.278258333333333,2.0036082923018044,4.796508997004097,-7.106233066666668,0.8417587837379542
14320.0,-0.1084,-0.0039,0.8234,18.886412000000004,-26.012968,18.804958333333335,2.2549428128167825,4.393677040748705,-6.965195879166668,0.8305138951275891
14337.0,-0.1565,-0.0186,0.8267,23.718412,-25.936668,16.133258333333334,2.6150250887282396,3.962485420550844,-6.8280631833333345,0.8415884386088012
14352.0,-0.188,-0.011,0.8876,27.260412000000002,-24.051168,10.117958333333332,2.971023843555425,3.6339478830761562,-6.752178495833334,0.9073581211407103
14368.0,-0.1232,0.0057,0.868,27.848212000000004,-17.219068,3.2782583333333335,3.3558233138254647,3.4012527848999836,-6.725952429166668,0.876718158817302
14384.0,-0.0757,0.0033,0.9022,28.985612000000003,-11.509167999999999,0,3.750413763361304,3.2612992160433465,-6.725952429166668,0.9053762864135553
14400.0,-0.0192,0.05,0.9055,26.741312,-9.142768,-2.4850416666666666,4.107668046367714,3.1526228986894798,-6.745832762500001,0.9070826257844431
14415.0,0.0166,0.075,0.9492,25.443612,-7.783968000000001,0,4.420776234001923,3.062279099551656,-6.745832762500001,0.9523031030087008
14431.0,0.0444,0.1241,0.9399,23.985612000000003,-14.409968,5.972958333333334,4.7433702475347825,2.847394766816085,-6.698049095833334,0.9490965072109369
14447.0,0.0294,0.0941,0.9745,21.581012,-21.631368000000002,12.148458333333332,5.029993800761298,2.5120406031740568,-6.600861429166668,0.979474052744635
14462.0,-0.0172,0.0918,0.9875,15.649712000000001,-25.738168,15.400358333333333,5.209413305753489,2.1397953728714616,-6.485358741666667,0.9919069159956493
14479.0,-0.0455,0.093,0.9313,8.168812,-21.845068,14.369858333333333,5.2978407759809425,1.7893658261305183,-6.3632149458333345,0.9370373204947602
14494.0,-0.0751,0.0845,0.8359,5.687912000000001,-8.341268,11.438558333333333,5.337460948172851,1.6915652122804512,-6.277425758333335,0.8435099703026633
14511.0,-0.1215,0.14,0.8284,6.7490120000000005,8.093831999999999,2.3774583333333332,5.4171754895143,1.8630741050548392,-6.257217362500001,0.8488868063528848
14526.0,-0.4567,0.4037,1.9999,-17.831187999999997,-23.135168,-10.072841666666667,5.151416929855269,1.5939498721932923,-6.332763675000002,2.0907292005422415
14542.0,0.1051,0.1606,0.6982,-47.632688,36.727432,-6.538541666666666,4.417541795584899,2.2262222180403954,-6.385072008333335,0.7241005524096774
14558.0,-0.0663,0.1472,0.8119,-33.128888,-1.051168,-9.240841666666666,3.9333521448626327,2.2539126457461114,-6.458998741666669,0.8277953491050792
14574.0,0.0924,0.116,0.9131,-33.220488,-12.852668000000001,-8.507941666666667,3.4595443678182574,2.076507417496858,-6.527062275000002,0.9250650625766818
14589.0,-0.0304,0.1882,1.0204,-29.472388,-3.0435679999999996,-1.7980416666666665,3.0917655183490833,2.0557221292500336,-6.5405475875000025,1.0380556632474003
14606.0,-0.0713,0.1212,0.887,-21.823487999999998,-7.768768000000001,-2.630141666666667,2.8029194307659457,1.9531261127175625,-6.5629037916666695,0.8980769065063415
14621.0,0.0228,0.0994,0.9309,-21.472388,6.330532,-4.790441666666666,2.5663920139541374,2.0656976318267604,-6.59883210416667,0.9364694389033739
14637.0,-0.0857,0.1047,0.9324,-14.640288,9.124432,-4.393441666666666,2.4199446918608474,2.23060168265399,-6.633979637500003,0.9421657709766366
14653.0,-0.0918,0.0793,0.8812,-10.090688,6.368632,-9.469841666666667,2.344770531335488,2.3542286028800326,-6.709738370833336,0.8895106351247297
14668.0,-0.1146,0.0732,0.939,-6.502888,6.315232,-11.904941666666668,2.329464914183607,2.475441550690574,-6.799025433333337,0.9487952360757298
14685.0,-0.0277,0.0751,0.8864,-6.403688,9.880132,-12.225541666666667,2.3005164583309132,2.6622527935827933,-6.902942537500003,0.8900068876137981
14700.0,-0.0349,0.1132,0.9209,-6.289187999999999,1.261832,-10.340041666666668,2.2879340537108677,2.6964895897532757,-6.980492850000003,0.9284875120323375
14716.0,-0.0027,0.1356,0.9227,-1.396087999999999,-13.058768,-2.874441666666667,2.3502748432583833,2.5002658934733955,-7.003488383333336,0.9326145720499974
14732.0,-0.01,0.1123,0.896,-2.2204879999999996,-7.387068,3.3469583333333333,2.3996932734465655,2.392121071100688,-6.976712716666669,0.9030654959636095
14747.0,-0.0737,0.1019,0.9224,-2.0372879999999993,2.345732,7.0263583333333335,2.452445255768661,2.439798045826584,-6.924015029166669,0.9309334347846788
14764.0,-0.1179,0.0625,0.9037,0,8.452632000000001,7.759158333333334,2.529018188562666,2.6014515955674167,-6.8580621833333355,0.9134989600431956
14779.0,-0.114,0.0005,0.9249,3.4360120000000007,12.223631999999998,-2.0728416666666662,2.6421331885650297,2.8058485511930997,-6.873608495833335,0.9318992756730741
14794.0,-0.0454,0.0481,0.9229,1.8101120000000008,30.895432,-11.492741666666667,2.723770772926152,3.2786011568401094,-6.959804058333336,0.9252670857649699
14811.0,-0.0813,0.0505,0.8823,-22.258587999999996,84.093832,-28.843841666666666,2.4022654555867526,4.691671735576991,-7.204976712500002,0.8874757630493353
14826.0,-0.1816,0.0614,0.9102,-33.541088,95.765632,-37.30184166666667,1.9622236407507663,6.098064825912398,-7.484740525000002,0.9301680278315311
14842.0,-0.1785,0.0432,0.8698,-25.655587999999998,66.765632,-43.75224166666666,1.617454565866775,7.128894929117001,-7.834758458333336,0.8889772381787961
14858.0,-0.1455,0.0496,0.9122,-14.739588,25.445031999999998,-43.63774166666666,1.4472262700748832,7.498762822650664,-8.183860391666668,0.9250617546953285
14874.0,-0.0721,0.0631,0.902,-12.556388,14.063331999999999,-39.71414166666666,1.3133115559335946,7.680594160269512,-8.501573525000001,0.9070744291401891
14889.0,-0.1089,0.0121,0.8473,-14.701388,-3.241968,-41.225541666666665,1.155785883504371,7.5939145379061905,-8.810765087500002,0.854355259830476
14906.0,-0.157,-0.0153,0.9114,-21.548688,-16.554968000000002,-51.75994166666666,0.8480582744362933,7.289007281329432,-9.25072459166667,0.9249502959618966
14922.0,-0.0491,0.057,0.9125,-36.647988,-17.295468,-60.23314166666667,0.33055471011824406,6.988690134613977,-9.732589725000002,0.9155960135343535
14938.0,-0.2529,0.0066,0.9976,-34.876988000000004,-85.142768,-50.92024166666666,-0.1561726212293454,5.649171867492706,-10.139951658333336,1.0291781818519086
14954.0,-0.1147,-0.1213,0.6847,22.794812000000004,-156.081668,-28.492741666666664,0.2505974414685562,3.2283528410391518,-10.36789359166667,0.7047580223026908
14969.0,0.0627,0.0945,1.3873,7.642112000000001,-154.11986800000003,-18.668341666666667,0.4088697775285003,1.0098471231088784,-10.50790615416667,1.391927738785315
14986.0,0.1228,0.1211,0.8427,1.2452120000000009,-23.944268,-1.6683416666666664,0.48267064058066633,0.6773594068816078,-10.522087058333337,0.8601676231991064
15001.0,-0.0607,-0.0111,0.8846,0,-6.898468,0,0.5270644559883969,0.6482527669791951,-10.522087058333337,0.8867496038905234
15017.0,0.0673,0.0,0.8999,0,-7.493968,0,0.5653696444247074,0.5870106758642091,-10.522087058333337,0.9024130429021957
15033.0,-0.0203,-0.0105,0.9141,0,-1.822168,0,0.5967951565507316,0.6116042104655517,-10.522087058333337,0.9143856680854091
15048.0,0.0251,-0.0129,0.918,0.8788120000000008,-3.967168,0,0.6346872527371222,0.5964152940732179,-10.522087058333337,0.9184336775184151
15065.0,-0.0052,-0.0219,0.8967,0,0.9793320000000001,0,0.652597892075458,0.6514261641356875,-10.522087058333337,0.8969824635966972
15080.0,0.0314,-0.0135,0.8948,0.8482120000000009,-2.432868,0,0.6779645659863908,0.6444188971681472,-10.522087058333337,0.8954525392224872
15096.0,0.0018,-0.0131,0.9315,0.6879120000000007,1.8801320000000001,0,0.6968865120908984,0.6983424898938716,-10.522087058333337,0.9315938492712368
15112.0,0.0197,-0.0089,0.8986,0.7108120000000008,0,0,0.7125573098769339,0.7155952084328975,-10.522087058333337,0.8988599779720977
15127.0,-0.0082,-0.0137,0.9355,0,1.8419320000000001,0,0.7131848731074627,0.7574253221331063,-10.522087058333337,0.9356362434194178
15143.0,0.0179,-0.0088,0.8971,0,-4.6007679999999995,0,0.7112469348169098,0.69412500131724,-10.522087058333337,0.8973217148826835
15159.0,0.0167,-0.0089,0.9192,0,1.6282320000000001,0,0.7070021129745517,0.7252729411194248,-10.522087058333337,0.919394768312285
15175.0,0.0071,-0.012,0.9114,0,0.788532,0,0.7003506808389118,0.7398058907680765,-10.522087058333337,0.9115066483575421
15191.0,0.0294,-0.0112,0.9052,0,1.819032,0,0.6916907063113403,0.7648790974297364,-10.522087058333337,0.9057465649948665
15207.0,-0.0109,-0.0171,0.9229,0,1.971732,0,0.6805270911871828,0.7920653885873327,-10.522087058333337,0.9231227599837414
15222.0,0.0294,-0.0098,0.9058,0,0,0,0.6680956547168602,0.7829659045583655,-10.522087058333337,0.9063299840565797
15238.0,0.0096,-0.0101,0.922,-0.9608879999999991,6.032832,0,0.639463877550929,0.8667635985149941,-10.522087058333337,0.922105292252463
15254.0,0.016,-0.0156,0.9122,-0.8005879999999992,7.025132,0,0.6119860214651286,0.9619576715448706,-10.522087058333337,0.912473670853028
15269.0,0.0488,-0.0159,0.9231,0,2.750332,-4.210241666666667,0.5958377120841752,0.9791817201166877,-10.553663870833336,0.9245257486949728
15286.0,0.0302,-0.0287,0.915,-1.5792879999999994,6.979332,-8.477441666666667,0.5505023799443625,1.068526102954774,-10.625722125000003,0.9159479952486387
15301.0,-0.0115,-0.0221,0.9398,-0.5868879999999992,1.9641320000000002,-15.271341666666666,0.521727698745263,1.0708670168655963,-10.740257187500003,0.9401301505642716
15318.0,-0.0049,-0.0031,0.8817,1.1230120000000008,-4.959568,-20.653041666666667,0.5213574239036508,0.9627731182930064,-10.91580804166667,0.8817190652356339
15333.0,-0.041,0.0017,0.9125,1.7261120000000008,-4.188568,-21.011841666666665,0.5287344225816151,0.8834363676937032,-11.07339685416667,0.9134222134369188
15348.0,-0.0028,-0.0029,0.9323,0.8864120000000008,2.758032,-16.225541666666665,0.5240277598716154,0.9079998461005998,-11.195088416666671,0.9323087149651665
15365.0,0.0166,0.0028,0.9137,0.5123120000000008,-0.5168680000000001,-8.576741666666667,0.5159846126721571,0.8806731348258499,-11.267990720833337,0.9138550705664438
15380.0,-0.0015,-0.0201,0.9269,0,-2.3183679999999995,-2.5385416666666663,0.49767230299226545,0.8286675286117925,-11.287029783333336,0.9271191239533353
15396.0,-0.0186,-0.0254,0.9109,0,-1.470968,0,0.47734519347576515,0.7910736798610022,-11.287029783333336,0.911443871009071
15412.0,-0.0195,-0.017,0.9095,0,-0.8984679999999998,0,0.45632796784524005,0.7654452825037611,-11.287029783333336,0.9098678475471039
15428.0,0.0056,-0.0092,0.9192,0,-1.0053679999999998,0,0.43573121616245974,0.7375233592692467,-11.287029783333336,0.9192630961808486
15443.0,0.03,0.015,0.9111,0,-0.7381679999999999,1.2629583333333334,0.4185645703063006,0.7110051848786246,-11.277557595833336,0.9117171765410588
15459.0,0.0287,0.0168,0.9187,0,-0.7305679999999999,3.4614583333333337,0.4046905971001148,0.6809146955244096,-11.24986592916667,0.9193017023806711
15475.0,0.0027,-0.021,0.9078,0,0,3.3316583333333334,0.3890105555668705,0.6629811987600734,-11.223212662500003,0.9080468765432763
15491.0,-0.0182,-0.0453,0.9165,0,0,1.6599583333333334,0.36873276179232195,0.648116983593933,-11.209932995833336,0.9177993135756858
15507.0,-0.0204,-0.0387,0.9088,0,0,0,0.34525440623940096,0.6362652743207751,-11.209932995833336,0.9098523451637635
15522.0,0.0022,-0.015,0.9161,0,-0.5931679999999999,0,0.3219794714464119,0.6155442279662834,-11.209932995833336,0.9162254362328084
15538.0,0.0029,-0.0121,0.9172,0,0,0,0.2992956704426126,0.6035214479058295,-11.209932995833336,0.9172843942856544
15554.0,0.0039,-0.0149,0.9152,0,0,0,0.2768244677971524,0.5912219152262193,-11.209932995833336,0.9153295909124757
15569.0,0.0022,-0.0111,0.9207,0,0,0,0.255071239359931,0.5789160766524817,-11.209932995833336,0.920769536854907
15586.0,0.0029,-0.0159,0.9117,0,-0.7687680000000001,0,0.23337791866779672,0.5537335387211525,-11.209932995833336,0.9118432485904581
15601.0,0.011,-0.0111,0.9159,0,-1.4175679999999997,0,0.21238915533952202,0.5197266269711585,-11.209932995833336,0.916033307254709
15618.0,0.0151,-0.0118,0.9178,0,-1.3946679999999998,0.5530583333333334,0.191979536231882,0.4823229140814874,-11.205232000000002,0.9180000490196065
15633.0,0.0156,-0.0132,0.9244,0,-2.0969679999999995,1.5683583333333333,0.17195801342044525,0.43650708309995573,-11.193469312500003,0.9246258486544706
15649.0,0.007,-0.0115,0.9117,0,-1.0282679999999997,1.6294583333333335,0.1525089882101667,0.4059659382159135,-11.180433645833336,0.9117993967973438
15665.0,0.0071,-0.0106,0.9139,0,-0.600768,1.5530583333333334,0.13372036415070385,0.3824180049572576,-11.168009179166669,0.9139890480744285
15680.0,0.0032,-0.0074,0.9121,0,0,1.3393583333333334,0.11594932759647682,0.3689591845129822,-11.15796399166667,0.9121356313619153
15696.0,0.0099,-0.0138,0.9147,0,0,1.4614583333333333,0.09831488501556294,0.35511080603845135,-11.146272325000002,0.914857661059905
15712.0,0.0005,-0.0139,0.923,0,0,0.5301583333333334,0.08083762193669194,0.3421286424684321,-11.142031058333336,0.9231047936177127
15728.0,0.0184,-0.0127,0.9155,0,-1.0053679999999998,0.6675583333333335,0.0636716451050204,0.31192790346158455,-11.13669059166667,0.9157729522103172
15744.0,0.0289,-0.0142,0.9243,-0.7547879999999991,-1.1427679999999998,2.0034583333333336,0.034807179590589134,0.2773304852812598,-11.120662925000003,0.9248607138374946
15759.0,0.0112,-0.0096,0.9194,-0.6937879999999992,-2.1274679999999995,3.0110583333333336,0.008536542699193815,0.2297171061921349,-11.098079987500004,0.9195183304317538
15775.0,-0.0005,-0.0072,0.9167,-0.8692879999999994,-2.654268,3.0034583333333336,-0.020003249731459755,0.17385213524892618,-11.074052320833337,0.9167284112538456
15791.0,0.0131,-0.002,0.9189,-1.3578879999999993,-2.417568,1.9347583333333334,-0.05440686920675494,0.12214632552497219,-11.05857425416667,0.918995549499561
15807.0,0.0802,0.026,0.8948,-1.396087999999999,-0.9824679999999999,5.598858333333333,-0.08414350545448628,0.08494401665843263,-11.013783387500004,0.8987630833540061
15822.0,0.0782,0.0328,0.8948,0,0.6358320000000002,10.568358333333332,-0.08640248991441424,0.06532283440451447,-10.934520700000004,0.8988092789908213
15838.0,-0.0098,0.0005,1.0006,0.8635120000000007,1.5060320000000003,12.469058333333333,-0.07458665731053662,0.06453898051605302,-10.834768233333337,1.0006481149734905
15854.0,-0.0085,-0.0216,0.9158,0,-0.5855679999999999,11.079758333333332,-0.07889058232659046,0.03432683426443735,-10.74613016666667,0.9160941272598575
15869.0,0.0061,0.0093,0.9265,0,0,9.575958333333332,-0.08136985772344174,0.015126364146902445,-10.674310479166671,0.9265667542060853
15886.0,0.0468,0.015,0.9135,0,-0.5015679999999998,11.018758333333333,-0.08153065310259142,-0.016031924411614426,-10.580651033333337,0.9148210152811314
15901.0,-0.0311,-0.0826,0.9149,-0.7242879999999992,0.651132,10.033958333333333,-0.10244144927717719,-0.022531390572209663,-10.505396345833338,0.9191474201671895
15917.0,-0.0448,-0.0187,0.9078,0,0,4.568358333333333,-0.11344425369037582,-0.03126813103193878,-10.468849479166671,0.9090971180242516
15933.0,0.0321,-0.0371,0.9274,-0.9074879999999992,-0.570268,4.7744583333333335,-0.14176111475267,-0.05184423095737219,-10.430653812500005,0.9286967104496495
15948.0,0.0338,-0.0254,0.9108,-0.8769879999999992,-1.3946679999999998,7.087458333333334,-0.16971895197839287,-0.0865678378891727,-10.377497875000005,0.9117808069925579
15965.0,0.0514,0.0081,0.9238,-1.2585879999999994,-2.1427680000000002,9.453858333333333,-0.20238538082153407,-0.1406655634802208,-10.297140079166672,0.9252642919728394
15980.0,0.0546,0.0082,0.9202,-1.1517879999999991,-1.4939679999999997,13.545458333333332,-0.2278288047966618,-0.1847318686521581,-10.195549141666673,0.9218548909671196
15996.0,0.0164,0.0037,0.9225,-1.0066879999999994,-2.257268,15.675258333333332,-0.249896673920916,-0.24089332549366038,-10.070147075000007,0.9226531851134532
16012.0,-0.0144,-0.0167,0.9147,-0.9608879999999991,-2.700068,14.980558333333333,-0.2718084215602588,-0.29864696972473836,-9.95030260833334,0.9149657589221576
16027.0,-0.0116,-0.0208,0.9155,-0.6708879999999993,-2.753468,12.446158333333333,-0.28949121270376427,-0.3499226992201567,-9.85695642083334,0.9158097236871859
16044.0,-0.0139,-0.0492,0.9233,-0.6326879999999993,-3.0740679999999996,9.224858333333334,-0.3122990131010799,-0.40749439107798663,-9.778545125000006,0.9247144099666664
16059.0,-0.0001,-0.049,0.9161,-0.7471879999999993,-1.188568,5.553058333333333,-0.3394018390180156,-0.4288289090461417,-9.736897187500006,0.9174095159741914
16075.0,0.0262,-0.0251,0.9189,0,-2.3183679999999995,3.5607583333333332,-0.35587112507155044,-0.4706822420745365,-9.70841112083334,0.9196160394425491
16091.0,0.025,-0.0245,0.9171,0,-2.6084680000000002,3.682858333333334,-0.37274385351640155,-0.5179596431903856,-9.678948254166674,0.9177677592942564
16107.0,0.0389,-0.0116,0.9153,0,-4.020668,3.866058333333333,-0.38833456348413736,-0.5897136344551307,-9.648019787500006,0.9161996834751691
16122.0,0.0128,-0.0258,0.9208,-1.0143879999999992,-2.425168,4.568358333333333,-0.4194321910568273,-0.6323236569575101,-9.613757100000006,0.9212503025779694
16138.0,-0.001,-0.0244,0.9271,-1.3502879999999993,-1.623668,5.7744583333333335,-0.4567942165948749,-0.6618754856388931,-9.56756143333334,0.9274215708080118
16154.0,-0.016,-0.0209,0.9142,-1.7929879999999991,-2.5626679999999995,6.392758333333334,-0.5005119117175255,-0.7019001122031617,-9.516419366666673,0.9145788374984412
16169.0,-0.0183,-0.0289,0.9191,-1.5257879999999993,-1.7763679999999997,4.789758333333333,-0.5387992509715246,-0.7234646517319324,-9.480496179166673,0.9197363263457631
16186.0,0.0024,-0.0267,0.9319,-2.579287999999999,-3.9977679999999998,2.9881583333333337,-0.5975669921705642,-0.784426015040269,-9.45509683333334,0.9322855034805593
16201.0,0.0228,-0.0277,0.9353,-3.2585879999999996,-4.936668,4.072158333333333,-0.6608355536692042,-0.8520727976939761,-9.424555645833339,0.9359878311174777
16218.0,0.0305,-0.0508,0.9314,-5.434188,-7.394668,4.507258333333334,-0.7690182592294939,-0.9716933239507288,-9.386243950000006,0.9332828349434056
16233.0,-0.0066,-0.1018,0.7998,-3.2127879999999998,-4.967168,3.8431583333333332,-0.8418220973368022,-1.0367301631442651,-9.357420262500007,0.8062796289129472
16248.0,-0.1042,-0.0588,0.77,8.771912,6.8725320000000005,-9.714141666666666,-0.7409878868123965,-0.9121191397926951,-9.430276325000007,0.7792400657050432
16265.0,-0.1421,-0.0969,1.1034,12.871112,11.422132000000001,-26.859141666666666,-0.5633615768530973,-0.6833238879448482,-9.658579029166674,1.1167244870602595
16280.0,-0.0745,-0.0243,0.8278,4.550512000000001,1.6358320000000002,-40.85154166666666,-0.535181086114308,-0.6178006509344987,-9.964965591666674,0.8315007997590862
16296.0,0.0867,0.027,0.9193,2.886412000000001,1.2389320000000001,-34.248441666666665,-0.5207627206410109,-0.5719416202611547,-10.238953125000007,0.923773987509932
16312.0,0.152,0.0648,0.9315,1.4436120000000008,0.8114320000000002,-18.935441666666666,-0.5168764307282527,-0.5542494207547916,-10.390436658333341,0.9460419071055997
16328.0,0.1187,0.0671,0.9388,0.5581120000000008,0.612932,-4.393441666666666,-0.5155491687221858,-0.5542348145360884,-10.425584191666674,0.9486503781689015
16344.0,0.0198,0.0233,0.9124,0,0,1.2629583333333334,-0.5183068325171488,-0.5642487861849644,-10.415480525000008,0.9129122027884171
16359.0,0.0127,-0.0023,0.9204,0,0,0,-0.5199825892370453,-0.5735304255759878,-10.415480525000008,0.9204904888156097
16375.0,0.0167,-0.014,0.911,0,0,0,-0.5221792275467648,-0.5826700121157495,-10.415480525000008,0.9112606048765634
16391.0,0.0234,-0.0137,0.9117,0,0,0,-0.524792491097468,-0.5925041383908664,-10.415480525000008,0.9121031410975405
16407.0,0.0189,-0.0111,0.9291,0,0,0,-0.5274174216226636,-0.6023262547624954,-10.415480525000008,0.9293585045610764
16422.0,0.0251,-0.0176,0.9038,0,0,0,-0.5308977897026546,-0.612954713573967,-10.415480525000008,0.904319749867269
16438.0,0.0215,-0.0153,0.912,0,0,0,-0.5348262441739906,-0.6238030609793466,-10.415480525000008,0.9123816854803696
16454.0,0.0193,-0.0139,0.9235,0,0,0,-0.5389482398549331,-0.6345189404971171,-10.415480525000008,0.9238062296823939
16470.0,0.019,-0.0135,0.9142,0,0,0,-0.5431974538699358,-0.6450824911355475,-10.415480525000008,0.9144970694321551
16486.0,0.0193,-0.0148,0.9148,0,0,0,-0.5477121507348137,-0.6555265989596377,-10.415480525000008,0.9151232539936901
16501.0,0.0205,-0.0148,0.9131,0,0,0,-0.5524548562461035,-0.6659990809101382,-10.415480525000008,0.9134499986315617
16518.0,0.0187,-0.0154,0.9167,0,0,0,-0.5574581794658203,-0.676241031015687,-10.415480525000008,0.9170200324965644
16533.0,0.0199,-0.0137,0.9193,0,0,0,-0.5624638220121267,-0.6864026431149839,-10.415480525000008,0.919617415015614
16548.0,0.0187,-0.0159,0.9185,0,0,0,-0.5677380667446396,-0.6963249503475544,-10.415480525000008,0.9188279218656776
16565.0,0.0228,-0.0132,0.9133,0,0,0,-0.5729100511161457,-0.7065427564240059,-10.415480525000008,0.9136799056562425
16580.0,0.0203,-0.0142,0.9193,0,0,0,-0.5780958348590103,-0.7166722137857225,-10.415480525000008,0.9196337423126666
16596.0,0.02,-0.0149,0.9196,0,0,0,-0.5833703060898481,-0.726665104606819,-10.415480525000008,0.9199381337894412
16612.0,0.0212,-0.0164,0.9115,0,0,0,-0.5889149173145743,-0.7366891650499844,-10.415480525000008,0.9118939905493401
16628.0,0.0209,-0.0149,0.9139,0,0,0,-0.59449479371867,-0.7466768520299287,-10.415480525000008,0.91426037319792
16644.0,0.0227,-0.017,0.913,0,0,0,-0.6003590875558759,-0.7568402235088145,-10.415480525000008,0.913440359301033
16659.0,0.0132,-0.0159,0.9109,0,0,0,-0.6063295376160592,-0.7659548848606327,-10.415480525000008,0.9111343808681571
16675.0,0.0212,-0.0132,0.9178,0,0,0,-0.6120299112685413,-0.775109198171749,-10.415480525000008,0.9181397061449853
16691.0,0.022,-0.0179,0.91,0,0,0,-0.6180843564350657,-0.7844012680977698,-10.415480525000008,0.9104418762337331
16707.0,0.0203,-0.0148,0.9093,0,0,0,-0.6240525174429346,-0.7935854754587537,-10.415480525000008,0.9096469754800486
16722.0,0.0208,-0.014,0.9226,0,0,0,-0.6298058356868541,-0.8026826034482458,-10.415480525000008,0.922940626476048
16739.0,0.0162,-0.0137,0.9121,0,0,0,-0.6353417587545626,-0.8111373117800285,-10.415480525000008,0.9123467213729658
16754.0,0.0219,-0.0164,0.9241,0,0,0,-0.6409886867114534,-0.8196897167287028,-10.415480525000008,0.924504937791032
16771.0,0.019,-0.0129,0.9104,0,0,0,-0.6463116518478426,-0.8279851757094006,-10.415480525000008,0.9106896123268344
16786.0,0.0217,-0.0167,0.9136,0,0,0,-0.651807332249245,-0.8363667280313143,-10.415480525000008,0.914010251583646
16801.0,0.0183,-0.0154,0.9186,0,0,0,-0.657271715351771,-0.8443683191195999,-10.415480525000008,0.918911317810375
16818.0,0.0201,-0.0142,0.9203,0,0,0,-0.6625439115659336,-0.8522394928690821,-10.415480525000008,0.9206289915052643
16833.0,0.0231,-0.0184,0.9205,0,0,0,-0.6681605941662384,-0.8603543342787474,-10.415480525000008,0.9209736261153193
16849.0,0.0195,-0.0172,0.9062,0,0,0,-0.6739495706751618,-0.8682568666990892,-10.415480525000008,0.9065729590055066
16865.0,0.0227,-0.014,0.9154,0,0,0,-0.6794594012594627,-0.8763314954548874,-10.415480525000008,0.9157884308070288
16881.0,0.0192,-0.0137,0.9158,0,0,0,-0.6846738087708052,-0.8841026785278919,-10.415480525000008,0.9161036895461124
16897.0,0.0187,-0.0117,0.9215,0,0,0,-0.6893555848457784,-0.891512511664666,-10.415480525000008,0.9217639773824968
16912.0,0.0176,-0.0148,0.9158,0,0,0,-0.6939575840517195,-0.8984669903005951,-10.415480525000008,0.9160886638311817
16928.0,0.0177,-0.016,0.9103,0,0,0,-0.6986412097621174,-0.9050331595010526,-10.415480525000008,0.9106126399298441
16944.0,0.0208,-0.0123,0.918,0,0,0,-0.7029089527804,-0.9116107913265545,-10.415480525000008,0.9183179895874849
16960.0,0.0203,-0.0135,0.9181,0,0,0,-0.7069514007584004,-0.9181225077903371,-10.415480525000008,0.9184236223007333
16975.0,0.0204,-0.0179,0.9143,0,0,0,-0.7113449039997974,-0.9245858303591163,-10.415480525000008,0.9147027167336939
16992.0,0.0208,-0.0182,0.9158,0,0,0,-0.7160737794533878,-0.931039520456361,-10.415480525000008,0.9162169612051503
17007.0,0.0225,-0.0112,0.9132,0,0,0,-0.7202186460848053,-0.9376916063999201,-10.415480525000008,0.913545800712805
17022.0,0.0214,-0.0131,0.9225,0,0,0,-0.7240591815433559,-0.9443420651753357,-10.415480525000008,0.9228411672655268
17039.0,0.0226,-0.0132,0.9102,0,0,0,-0.727660588797072,-0.9511620039578284,-10.415480525000008,0.9105762131749325
17054.0,0.0203,-0.0135,0.9211,0,0,0,-0.7310599818964897,-0.9577996783977701,-10.415480525000008,0.9214225686404691
17071.0,0.019,-0.0161,0.9167,0,0,0,-0.7346081806126886,-0.9641131520428454,-10.415480525000008,0.9170382216679956
17086.0,0.0194,-0.0144,0.9153,0,0,0,-0.7380707531925957,-0.9701819472758884,-10.415480525000008,0.9156188126070804
17102.0,0.0173,-0.0125,0.9161,0,0,0,-0.7412118353526622,-0.9757580200537528,-10.415480525000008,0.9163485963322037
17118.0,0.0227,-0.0149,0.9119,0,0,0,-0.744371147579989,-0.981575108664975,-10.415480525000008,0.9123041762482511
17134.0,0.0186,-0.0172,0.923,0,0,0,-0.7478060619903152,-0.9870499266964953,-10.415480525000008,0.9233476051845264
17149.0,0.0214,-0.0156,0.9132,0,0,0,-0.7512964743658657,-0.9925889277691631,-10.415480525000008,0.9135839096656639
17165.0,0.0219,-0.0156,0.9119,0,0,0,-0.7548315386980323,-0.998239714981511,-10.415480525000008,0.9122963224742277
17181.0,0.0214,-0.0154,0.9141,0,0,0,-0.7583695243214744,-1.0039092425733445,-10.415480525000008,0.9144801419385771
17197.0,0.0209,-0.0156,0.9116,0,0,0,-0.7619331907704676,-1.0095284529741395,-10.415480525000008,0.9119729875385564
17213.0,0.0216,-0.0129,0.916,0,0,0,-0.7651654918570112,-1.0151673147413154,-10.415480525000008,0.9163454425051722
17228.0,0.0215,-0.0156,0.9138,0,0,0,-0.7684414310575775,-1.020805929123662,-10.415480525000008,0.9141860040495041
17245.0,0.0201,-0.0134,0.9198,0,0,0,-0.7714619530910548,-1.0262408783067671,-10.415480525000008,0.9201171718862766
17260.0,0.0212,-0.0138,0.9163,0,0,0,-0.7743082676561563,-1.0316328491535907,-10.415480525000008,0.9166490986195317
17275.0,0.0194,-0.0146,0.9164,0,0,0,-0.7770951993008182,-1.0367506965117093,-10.415480525000008,0.9167215935059019
17292.0,0.0203,-0.0145,0.9185,0,0,0,-0.7798074511823643,-1.041723223503045,-10.415480525000008,0.9188387181654896
17307.0,0.0212,-0.0125,0.9132,0,0,0,-0.7822087730625804,-1.0466850773335974,-10.415480525000008,0.9135315703356945
17324.0,0.0217,-0.0168,0.9193,0,0,0,-0.7848566975720661,-1.0516729284623894,-10.415480525000008,0.9197095302322359
17339.0,0.0188,-0.012,0.9149,0,0,0,-0.78712545594744,-1.056323523496428,-10.415480525000008,0.9151718144698295
17355.0,0.0221,-0.0143,0.9186,0,0,0,-0.789335422744881,-1.0610695501427638,-10.415480525000008,0.9189770726193336
17371.0,0.0176,-0.0156,0.9177,0,0,0,-0.7916535664886429,-1.0653302724950064,-10.415480525000008,0.9180013126352271
17387.0,0.0198,-0.0117,0.9181,0,0,0,-0.7935741849335406,-1.0694283683463237,-10.415480525000008,0.9183880116813372
17402.0,0.0217,-0.0135,0.9059,0,0,0,-0.7953887991836579,-1.0736463181610798,-10.415480525000008,0.9062604206297438
17418.0,0.0201,-0.0167,0.917,0,0,0,-0.7974851589213413,-1.0777305483813846,-10.415480525000008,0.917372279938739
17434.0,0.0132,-0.0121,0.9431,0,0,0,-0.7992003835071299,-1.0807556485187981,-10.415480525000008,0.9432699825606665
17449.0,0.0151,-0.0146,0.9198,0,-0.5320679999999998,0,-0.8009334157074851,-1.0909639544061096,-10.415480525000008,0.9200397871831413
17466.0,0.0265,-0.0203,0.8987,0,0,0,-0.8034313823886362,-1.094105633435736,-10.415480525000008,0.8993197595961072
17481.0,0.0256,-0.0145,0.9109,0,0,0,-0.8058511442472193,-1.0979041198645174,-10.415480525000008,0.911375016115759
17498.0,0.025,-0.0156,0.9076,0,0,0,-0.8083414038372275,-1.1022094525466446,-10.415480525000008,0.9080782565396002
17513.0,0.0244,-0.0153,0.9143,0,0,0,-0.8108378280471173,-1.1068594086204828,-10.415480525000008,0.9147534859184742
17528.0,0.0198,-0.0115,0.9121,0,0,0,-0.8128636432069687,-1.1112346653028484,-10.415480525000008,0.9123873629111705
17545.0,0.0176,-0.0106,0.9323,0,0,0,-0.8143183716555703,-1.11502580847196,-10.415480525000008,0.932526358876788
17560.0,0.0164,-0.0144,0.9182,0,0.6893320000000001,0,-0.815769553602154,-1.1080519995054716,-10.415480525000008,0.9184593404174188
17576.0,0.0187,-0.017,0.9177,0,0,0,-0.8175403893044472,-1.1111393663270228,-10.415480525000008,0.9180479181393529
17592.0,0.022,-0.0156,0.9187,0,0,0,-0.8194125328497776,-1.1143841520745859,-10.415480525000008,0.9190957784692517
17608.0,0.0219,-0.0154,0.9127,0,0,0,-0.82135724848807,-1.1177655107534408,-10.415480525000008,0.9130925801910779
17624.0,0.022,-0.0144,0.9167,0,0,0,-0.8232291668140478,-1.1212619415951433,-10.415480525000008,0.9170770142141825
17639.0,0.0228,-0.0162,0.9155,0,0,0,-0.8252604409719149,-1.1249562507812265,-10.415480525000008,0.9159271422989931
17655.0,0.0239,-0.0134,0.9104,0,0,0,-0.8270884263265725,-1.1289699839962803,-10.415480525000008,0.9108122364131918
17671.0,0.0217,-0.0155,0.9165,0,0,0,-0.8289838657513604,-1.1329648779010355,-10.415480525000008,0.9168878830042417
17687.0,0.0188,-0.0143,0.9181,0,0,0,-0.8307818769278351,-1.136567964762884,-10.415480525000008,0.9184038000792463
17702.0,0.0208,-0.0154,0.9149,0,0,0,-0.8326342256214324,-1.1400775364224949,-10.415480525000008,0.915265977735434
17719.0,0.0183,-0.0127,0.9156,0,0,0,-0.8341919060710491,-1.1431830014321975,-10.415480525000008,0.9158709188526514
17734.0,0.0216,-0.0132,0.9153,0,0,0,-0.835549516053338,-1.146339307400611,-10.415480525000008,0.9156499822530442
17750.0,0.0214,-0.0139,0.9194,0,0,0,-0.8368074385357195,-1.1494974712427122,-10.415480525000008,0.9197540595180866
17766.0,0.0205,-0.0129,0.9148,0,0,0,-0.8378589691273793,-1.1525515190256217,-10.415480525000008,0.9151205931460618
17781.0,0.0197,-0.015,0.9187,0,0,0,-0.8389813228979509,-1.1553965637478785,-10.415480525000008,0.9190336120077437
17798.0,0.0203,-0.0145,0.9135,0,0,0,-0.8401115028700318,-1.1581412830375204,-10.415480525000008,0.9138405714346458
17813.0,0.022,-0.0125,0.9205,0,0,0,-0.8409826429385443,-1.160984734368637,-10.415480525000008,0.920847707278462
17829.0,0.0197,-0.0164,0.9175,0,0,0,-0.8421168921617963,-1.1636306193407608,-10.415480525000008,0.917857995552689
17845.0,0.0208,-0.0166,0.9148,0,0,0,-0.8435111896560743,-1.1662420392070898,-10.415480525000008,0.9151869972852542
17860.0,0.0187,-0.0164,0.9203,0,0,0,-0.8450961801015864,-1.1685399704067168,-10.415480525000008,0.9206360518684895
17876.0,0.0211,-0.014,0.9153,0,0,0,-0.8465562258588333,-1.1708707088822035,-10.415480525000008,0.9156502061376932
17892.0,0.0212,-0.0149,0.9154,0,0,0,-0.848015385859312,-1.1732379592256275,-10.415480525000008,0.9157666787997912
17908.0,0.0234,-0.0162,0.9167,0,0,0,-0.8496305884980015,-1.175903941868194,-10.415480525000008,0.9171416957046495
17924.0,0.022,-0.0162,0.9152,0,0,0,-0.8513833118638475,-1.178657420428339,-10.415480525000008,0.9156077107582702
17940.0,0.024,-0.0132,0.9133,0,0,0,-0.8528826328396176,-1.1817381069855106,-10.415480525000008,0.9137106380030825
17955.0,0.0225,-0.0135,0.917,0,0,0,-0.8541855019904574,-1.184903042936188,-10.415480525000008,0.9173753321296578
17972.0,0.0208,-0.0144,0.9149,0,0,0,-0.8554292952760385,-1.187929566337546,-10.415480525000008,0.9152496981698492
17987.0,0.0212,-0.0135,0.9178,0,0,0,-0.8565001809338324,-1.190869503850197,-10.415480525000008,0.9181440682158764
18002.0,0.0212,-0.016,0.9181,0,0,0,-0.8577283170977706,-1.1937263282069834,-10.415480525000008,0.918484104380691
18019.0,0.0209,-0.0138,0.9128,0,0,0,-0.8588282952388852,-1.19648204895859,-10.415480525000008,0.9131435210305113
18034.0,0.0193,-0.0134,0.9126,0,0,0,-0.8597634075986276,-1.198943521286188,-10.415480525000008,0.9129024098993276
18051.0,0.019,-0.0159,0.9169,0,0,0,-0.8608553650369939,-1.201090584005721,-10.415480525000008,0.9172346591794273
18066.0,0.0203,-0.0151,0.9143,0,0,0,-0.861988548800033,-1.203126049898681,-10.415480525000008,0.9146499822336411
18082.0,0.0204,-0.0168,0.918,0,0,0,-0.863360990017924,-1.2050610035784617,-10.415480525000008,0.9183803133778511
18098.0,0.0214,-0.0128,0.9164,0,0,0,-0.8644446820900595,-1.2070330320507876,-10.415480525000008,0.9167391995545953
18113.0,0.0203,-0.0134,0.9152,0,0,0,-0.8653490050762532,-1.208899677638714,-10.415480525000008,0.915523178297524
18129.0,0.0222,-0.0149,0.9148,0,0,0,-0.8662815943995167,-1.2109083900211515,-10.415480525000008,0.915190630415325
18145.0,0.0215,-0.0173,0.9156,0,0,0,-0.8675358561074712,-1.212948575574833,-10.415480525000008,0.9160157749733352
18161.0,0.0237,-0.0153,0.9142,0,0,0,-0.8688239395698132,-1.215291657665728,-10.415480525000008,0.91463512943687
18177.0,0.0205,-0.0162,0.9182,0,0,0,-0.8702438334263309,-1.2174853934065402,-10.415480525000008,0.9185716792934561
18193.0,0.0168,-0.0151,0.9196,0,0,0,-0.8716368489374337,-1.2190765255484322,-10.415480525000008,0.9198773885687157
18208.0,0.0184,-0.0144,0.9152,0,0,0,-0.8729248047297218,-1.2203456025832036,-10.415480525000008,0.9154982031659047
18224.0,0.0225,-0.0144,0.9106,0,0,0,-0.8741266824035547,-1.221853669095755,-10.415480525000008,0.9109917507859223
18240.0,0.0212,-0.0151,0.9166,0,0,0,-0.8753256041987241,-1.223390046096545,-10.415480525000008,0.9169694705932144
18255.0,0.0181,-0.0157,0.915,0,0,0,-0.8765979779352904,-1.224565079312675,-10.415480525000008,0.9153136620852985
18272.0,0.0203,-0.0137,0.9124,0,0,0,-0.8776875947083896,-1.2257015049767914,-10.415480525000008,0.9127286234144298
18287.0,0.0243,-0.0134,0.9115,0,0,0,-0.8785778247265534,-1.227304854441023,-10.415480525000008,0.9119223102874499
18304.0,0.0206,-0.0155,0.9153,0,0,0,-0.8795457445547222,-1.228842981188556,-10.415480525000008,0.9156629838537758
18319.0,0.0195,-0.014,0.91,0,0,0,-0.8804032129483611,-1.230197831776087,-10.415480525000008,0.9103165658165295
18334.0,0.0173,-0.0157,0.9182,0,0,0,-0.8813579439175421,-1.231089634703373,-10.415480525000008,0.9184971529623813
18351.0,0.0216,-0.0143,0.9174,0,0,0,-0.8822226821624478,-1.2321119403384748,-10.415480525000008,0.9177656618113362
18366.0,0.0219,-0.0145,0.9181,0,0,0,-0.8830299533522062,-1.233282798279805,-10.415480525000008,0.9184756229753733
18382.0,0.0204,-0.0134,0.918,0,0,0,-0.8836476231778571,-1.2343948991955391,-10.415480525000008,0.918324408910054
18398.0,0.0227,-0.0154,0.9174,0,0,0,-0.884348116147434,-1.2357422934312805,-10.415480525000008,0.9178100075723734
18414.0,0.0228,-0.0162,0.9185,0,0,0,-0.8852180230945083,-1.2373037844700228,-10.415480525000008,0.9189257478164381
18429.0,0.0214,-0.0154,0.9155,0,0,0,-0.8861416884323666,-1.238884496515019,-10.415480525000008,0.9158795608593959
18446.0,0.0204,-0.0159,0.9083,0,0,0,-0.8871882371642754,-1.2403746092392802,-10.415480525000008,0.9086681792601742
18461.0,0.0205,-0.0162,0.9182,0,0,0,-0.8883583846575206,-1.2417659209460383,-10.415480525000008,0.9185716792934561
18477.0,0.0197,-0.0157,0.9222,0,0,0,-0.8895643541946812,-1.2429559342297076,-10.415480525000008,0.9225439935309319
18493.0,0.02,-0.0144,0.9155,0,0,0,-0.8906508062442446,-1.2440226535669403,-10.415480525000008,0.9158316493766744
18508.0,0.0238,-0.0162,0.9121,0,0,0,-0.8918615749135032,-1.2454633371794221,-10.415480525000008,0.91255426687951
18525.0,0.0189,-0.014,0.9137,0,0,0,-0.8929013540261667,-1.246613634471914,-10.415480525000008,0.9140026805212335
18540.0,0.0216,-0.0157,0.9207,0,0,0,-0.8939862876142702,-1.2478232580390525,-10.415480525000008,0.9210871511426049
18556.0,0.0225,-0.0145,0.9163,0,0,0,-0.8949678649457917,-1.2492078169837115,-10.415480525000008,0.9166908911950636
18572.0,0.019,-0.0166,0.9131,0,0,0,-0.8961256806959005,-1.2503154291710277,-10.415480525000008,0.9134485042956719
18587.0,0.0225,-0.0173,0.9203,0,0,0,-0.8975089613519168,-1.2515936101268303,-10.415480525000008,0.920737546752602
18604.0,0.0228,-0.0145,0.9176,0,0,0,-0.8987439123531993,-1.2530648002229943,-10.415480525000008,0.9179977396486333
18619.0,0.0227,-0.019,0.9152,0,0,0,-0.9004130767740501,-1.254697715937564,-10.415480525000008,0.9156786172014721
18635.0,0.02,-0.0161,0.9137,0,0,0,-0.9021028055415227,-1.2561368586721284,-10.415480525000008,0.9140606653827742
18651.0,0.0194,-0.0134,0.9147,0,0,0,-0.90346756232814,-1.2573242263299607,-10.415480525000008,0.9150038305930746
18667.0,0.0226,-0.0121,0.9127,0,0,0,-0.9043842931851866,-1.2586931045395757,-10.415480525000008,0.9130599432676915
18682.0,0.0225,-0.0144,0.9131,0,0,0,-0.9051907659519531,-1.260205778212535,-10.415480525000008,0.9134906786607075
18698.0,0.0219,-0.0159,0.9202,0,0,0,-0.9060713810490582,-1.261746494252582,-10.415480525000008,0.92059788181377
18714.0,0.0192,-0.0157,0.9142,0,0,0,-0.9070031441760323,-1.262988640607486,-10.415480525000008,0.9145363688776953
18729.0,0.0225,-0.0139,0.917,0,0,0,-0.9077470641209244,-1.2643695759085865,-10.415480525000008,0.9173813056739275
18746.0,0.0204,-0.0127,0.9172,0,0,0,-0.9081734987867788,-1.2656069416705236,-10.415480525000008,0.917514735576492
18761.0,0.0227,-0.017,0.9163,0,0,0,-0.9088584965186335,-1.2670054198207452,-10.415480525000008,0.9167387741336133
18778.0,0.0229,-0.0137,0.9153,0,0,0,-0.9093595722414083,-1.2685711303948213,-10.415480525000008,0.915688915516618
18793.0,0.0199,-0.0165,0.9171,0,0,0,-0.9100439985411859,-1.2699008218857455,-10.415480525000008,0.9174642608843138
18809.0,0.0206,-0.0155,0.9144,0,0,0,-0.9107692518328627,-1.2711150820383414,-10.415480525000008,0.9147633409795125
18825.0,0.0244,-0.0132,0.9124,0,0,0,-0.9112453105537361,-1.2727062484042448,-10.415480525000008,0.9128216474207872
18840.0,0.0211,-0.0165,0.9155,0,0,0,-0.9119072110899049,-1.2742048287238472,-10.415480525000008,0.9158917567049066
18856.0,0.021,-0.0178,0.9135,0,0,0,-0.9128985305813309,-1.2756121134368923,-10.415480525000008,0.9139147060858579
18872.0,0.0176,-0.0184,0.9147,0,0,0,-0.9142512299119184,-1.2765070583168265,-10.415480525000008,0.9150543207919407
18888.0,0.0223,-0.0148,0.9155,0,0,0,-0.9154675606126256,-1.277534128480033,-10.415480525000008,0.9158911398195748
18904.0,0.0219,-0.0135,0.9159,0,0,0,-0.9163977006940303,-1.278624455561522,-10.415480525000008,0.9162612454971563
18920.0,0.0247,-0.0112,0.9143,0,0,0,-0.9167889595091365,-1.2801234354393187,-10.415480525000008,0.9147021482428037
18935.0,0.0217,-0.0161,0.915,0,0,0,-0.9173159784435504,-1.2816024131474864,-10.415480525000008,0.9153988748081352
18951.0,0.0173,-0.0142,0.9186,0,0,0,-0.9177167604498355,-1.2824997310771349,-10.415480525000008,0.9188726190283395
18967.0,0.0201,-0.0139,0.9181,0,0,0,-0.9179688355402505,-1.2832341636028652,-10.415480525000008,0.9184251902033175
18982.0,0.0216,-0.0142,0.9143,0,0,0,-0.9181344314329694,-1.2840220447803,-10.415480525000008,0.914665343172026
18999.0,0.0212,-0.0155,0.916,0,0,0,-0.9183825939987528,-1.2848005597604175,-10.415480525000008,0.9163763910097205
19014.0,0.021,-0.0157,0.9165,0,0,0,-0.9187270810655082,-1.2855427988416928,-10.415480525000008,0.9168749860259031
19031.0,0.0216,-0.0145,0.9135,0,0,0,-0.9190118352672991,-1.286335272850748,-10.415480525000008,0.9138703737401711
19046.0,0.0238,-0.0118,0.9158,0,0,0,-0.9189007871140038,-1.2874390272236687,-10.415480525000008,0.9161851996185051
19061.0,0.0222,-0.0133,0.9141,0,0,0,-0.9186319515207199,-1.288619963717408,-10.415480525000008,0.91446625962908
19078.0,0.0204,-0.0132,0.9215,0,0,0,-0.9181975182123839,-1.2896197716861544,-10.415480525000008,0.9218202915970118
19093.0,0.022,-0.0134,0.9175,0,0,0,-0.917650777715358,-1.290669637950335,-10.415480525000008,0.9178615418460455
19109.0,0.0212,-0.0151,0.9121,0,0,0,-0.9172291940693289,-1.2916773455133315,-10.415480525000008,0.9124712926991183
19125.0,0.0206,-0.0176,0.9203,0,0,0,-0.9172153383489823,-1.292546857938879,-10.415480525000008,0.9206987618108324
19141.0,0.0205,-0.0131,0.9148,0,0,0,-0.9170093996718264,-1.293296303036315,-10.415480525000008,0.9151234342972536
19156.0,0.0222,-0.0167,0.9156,0,0,0,-0.9170828666852823,-1.2941485561901827,-10.415480525000008,0.9160213370877339
19173.0,0.0221,-0.016,0.9185,0,0,0,-0.9173092503921186,-1.2950688055155652,-10.415480525000008,0.9189051420032429
19188.0,0.0189,-0.0175,0.9111,0,0,0,-0.9178728378481588,-1.295668652845772,-10.415480525000008,0.9114640256203204
19204.0,0.0236,-0.0126,0.9126,0,0,0,-0.9181166397925224,-1.296568126315933,-10.415480525000008,0.9129920481581424
19220.0,0.0212,-0.0138,0.9147,0,0,0,-0.9182237768787174,-1.2974237576298162,-10.415480525000008,0.915049709032247
19235.0,0.022,-0.0143,0.9132,0,0,0,-0.9182756851578202,-1.2983435082383707,-10.415480525000008,0.9135768878425067
19252.0,0.0237,-0.0159,0.9185,0,0,0,-0.9184682134708384,-1.2995150845727257,-10.415480525000008,0.9189432789895141
19267.0,0.0226,-0.017,0.913,0,0,0,-0.9189332147998653,-1.3007850586982128,-10.415480525000008,0.913437879661228
19283.0,0.0214,-0.0154,0.9143,0,0,0,-0.9194348477227642,-1.3019852742529276,-10.415480525000008,0.9146800588183828
19299.0,0.0239,-0.014,0.9092,0,0,0,-0.9198028952500187,-1.303449770791694,-10.415480525000008,0.9096218170206781
19314.0,0.0216,-0.0129,0.9171,0,0,0,-0.9198985561892692,-1.3048328463523755,-10.415480525000008,0.9174450283259483
19331.0,0.0198,-0.0146,0.9198,0,0,0,-0.9199613269226391,-1.305908062956324,-10.415480525000008,0.9201289257489952
19346.0,0.0212,-0.0173,0.9144,0,0,0,-0.9203436681893795,-1.306900926550062,-10.415480525000008,0.9148093189293602
19362.0,0.0189,-0.017,0.9153,0,0,0,-0.9209678556556834,-1.3075286835509223,-10.415480525000008,0.915652936433887
19378.0,0.0223,-0.0128,0.9149,0,0,0,-0.921279178252757,-1.308259803768017,-10.415480525000008,0.9152612413950457
19394.0,0.0247,-0.0153,0.9189,0,0,0,-0.9216184670017153,-1.3093690644722737,-10.415480525000008,0.9193592279408523
19409.0,0.021,-0.0167,0.9147,0,0,0,-0.9221656588073177,-1.31035914893153,-10.415480525000008,0.9150934269242675
19425.0,0.0234,-0.0146,0.916,0,0,0,-0.9226296231552513,-1.3115385036890397,-10.415480525000008,0.9164151460991902
19441.0,0.0219,-0.015,0.9125,0,0,0,-0.9230765886101474,-1.3127052543630913,-10.415480525000008,0.9128860060270395
19457.0,0.0226,-0.0142,0.9169,0,0,0,-0.9233984634038286,-1.3139329699497253,-10.415480525000008,0.9172884006679688
19473.0,0.0225,-0.0151,0.911,0,0,0,-0.923734097503461,-1.3152172209446025,-10.415480525000008,0.9114029076100207
19488.0,0.026,-0.0149,0.9099,0,0,0,-0.9240582516146514,-1.3169904909218606,-10.415480525000008,0.9103933325766397
19505.0,0.0216,-0.0143,0.9147,0,0,0,-0.9242868470913277,-1.318626007283898,-10.415480525000008,0.915066740735341
19520.0,0.0222,-0.0159,0.9122,0,0,0,-0.9246361974303577,-1.3202195393479832,-10.415480525000008,0.912608618192925
19536.0,0.0214,-0.0165,0.9149,0,0,0,-0.925161012863507,-1.3216643921032951,-10.415480525000008,0.915298978476432
19552.0,0.0181,-0.0129,0.913,0,0,0,-0.9253926618026862,-1.3225675850396768,-10.415480525000008,0.9132705075715519
19567.0,0.0189,-0.0186,0.9148,0,0,0,-0.9260755711217877,-1.3230860202454822,-10.415480525000008,0.9151842492088682
19584.0,0.0201,-0.0159,0.9165,0,0,0,-0.9268132252248794,-1.3234094392589733,-10.415480525000008,0.9168582605833903
19599.0,0.0236,-0.0159,0.9149,0,0,0,-0.9276008646202757,-1.3240032615010864,-10.415480525000008,0.9153424386534256
19615.0,0.021,-0.0135,0.9183,0,0,0,-0.9281235053426592,-1.3244987489899493,-10.415480525000008,0.9186392872068992
19631.0,0.0211,-0.0129,0.9141,0,0,0,-0.9283450727955679,-1.3249314390829767,-10.415480525000008,0.9144344864450378
19647.0,0.0194,-0.0132,0.9127,0,0,0,-0.9283410859781942,-1.3250991016627116,-10.415480525000008,0.9130015826930421
19662.0,0.0212,-0.0154,0.915,0,0,0,-0.9284088615848678,-1.325251319728574,-10.415480525000008,0.91537511436569
19678.0,0.0222,-0.0135,0.915,0,0,0,-0.928301836527568,-1.3255148252136821,-10.415480525000008,0.9153688273040546
19694.0,0.0219,-0.0151,0.912,0,0,0,-0.9282472797035238,-1.3258471891500256,-10.415480525000008,0.9123878670828542
19709.0,0.0214,-0.0137,0.9208,0,0,0,-0.9280460957346973,-1.3261512084635851,-10.415480525000008,0.9211505251586193
19726.0,0.0221,-0.017,0.9144,0,0,0,-0.9281419426064194,-1.3265360047077075,-10.415480525000008,0.9148249941928783
19741.0,0.0187,-0.0126,0.9142,0,0,0,-0.9279493838616794,-1.326566259832971,-10.415480525000008,0.9144780423826478
19758.0,0.022,-0.0146,0.9113,0,0,0,-0.9277588431210645,-1.3267052813821092,-10.415480525000008,0.9116824282610694
19773.0,0.0193,-0.016,0.9139,0,0,0,-0.9277407085246632,-1.3265942729094384,-10.415480525000008,0.9142437858689552
19788.0,0.0212,-0.0146,0.9205,0,0,0,-0.9276859109682108,-1.3264818407447219,-10.415480525000008,0.9208598427556715
19805.0,0.0226,-0.0126,0.9137,0,0,0,-0.9273622204971557,-1.326563256044061,-10.415480525000008,0.9140663050348152
19820.0,0.0193,-0.0127,0.9144,0,0,0,-0.926813237665774,-1.3264003728236926,-10.415480525000008,0.9146918278852173
19836.0,0.0219,-0.0137,0.9202,0,0,0,-0.9261803535357909,-1.326331049352266,-10.415480525000008,0.920562512814855
19852.0,0.0214,-0.0133,0.9169,0,0,0,-0.9254312304027005,-1.326291310829418,-10.415480525000008,0.9172461283646828
19868.0,0.022,-0.0157,0.9148,0,0,0,-0.9248853922817862,-1.3263588785789446,-10.415480525000008,0.9151991750433345
19884.0,0.0226,-0.0146,0.9144,0,0,0,-0.9243831016005928,-1.3265972058242996,-10.415480525000008,0.914795758625935
19899.0,0.0225,-0.016,0.9153,0,0,0,-0.9240936317530158,-1.326970542847357,-10.415480525000008,0.9157162988611702
19915.0,0.0186,-0.0139,0.9197,0,0,0,-0.9237211794459459,-1.3269615045092908,-10.415480525000008,0.9199930760609016
19931.0,0.0195,-0.0122,0.9156,0,0,0,-0.9230717644811377,-1.3267398068762826,-10.415480525000008,0.9158888851820399
19947.0,0.0211,-0.0126,0.9148,0,0,0,-0.9222308475482656,-1.3265333824964918,-10.415480525000008,0.9151300508670884
19962.0,0.0227,-0.015,0.9189,0,0,0,-0.921514885876951,-1.3265291109384554,-10.415480525000008,0.9193027248953416
19979.0,0.0239,-0.0165,0.9093,0,0,0,-0.9211168162079497,-1.3268811703291215,-10.415480525000008,0.9097636781054738
19994.0,0.021,-0.0143,0.9165,0,0,0,-0.9207108067166198,-1.327163059522369,-10.415480525000008,0.9168520818539924
20009.0,0.0215,-0.0125,0.9141,0,0,0,-0.920078072688415,-1.327452085427311,-10.415480525000008,0.9144382483251671
20026.0,0.0231,-0.0133,0.9175,0,0,0,-0.9193400591478188,-1.3279370164346591,-10.415480525000008,0.9178871117953449
20041.0,0.0247,-0.0138,0.9166,0,0,0,-0.9185749063037967,-1.3287964805096633,-10.415480525000008,0.9170365805135583
20058.0,0.0211,-0.0126,0.9121,0,0,0,-0.9176460002352145,-1.3295476777182447,-10.415480525000008,0.9124310275303005
20073.0,0.0208,-0.0167,0.9193,0,0,0,-0.9170736558260956,-1.3301428844612744,-10.415480525000008,0.91968691411806
20089.0,0.0221,-0.0148,0.9154,0,0,0,-0.9165866730882785,-1.3307735417992885,-10.415480525000008,0.9157863342505173
20105.0,0.0219,-0.0151,0.9146,0,0,0,-0.9162150595340749,-1.3314115721970536,-10.415480525000008,0.9149867649316027
20121.0,0.0184,-0.0143,0.9133,0,0,0,-0.9158485896800258,-1.3316207788701333,-10.415480525000008,0.9135972526228393
20136.0,0.0212,-0.0146,0.9148,0,0,0,-0.9155218584194159,-1.3317971953976602,-10.415480525000008,0.9151620840047953
20152.0,0.0199,-0.0145,0.918,0,0,0,-0.9152120894951705,-1.3317723557565166,-10.415480525000008,0.9183301476048796
20168.0,0.0203,-0.0135,0.9133,0,0,0,-0.9148019901926232,-1.3316337753944218,-10.415480525000008,0.9136253225474872
20184.0,0.0219,-0.0131,0.9175,0,0,0,-0.9142459035344412,-1.3315831538242926,-10.415480525000008,0.9178548196746585
20200.0,0.0225,-0.0127,0.9176,0,0,0,-0.9135119833583282,-1.3316849272168272,-10.415480525000008,0.9179636703050943
20215.0,0.0183,-0.0129,0.9154,0,0,0,-0.9126521278029901,-1.3314020022392727,-10.415480525000008,0.9156737737862759
20232.0,0.0199,-0.0155,0.915,0,0,0,-0.9120088164299824,-1.3309815794131123,-10.415480525000008,0.9153476170286348
20247.0,0.0233,-0.0133,0.9161,0,0,0,-0.9112803480348493,-1.330862834110288,-10.415480525000008,0.916492765928897
20262.0,0.022,-0.0165,0.9143,0,0,0,-0.910882031568028,-1.3308530160271805,-10.415480525000008,0.9147134742639359
20279.0,0.0204,-0.0133,0.9132,0,0,0,-0.9103776174160108,-1.330742324530836,-10.415480525000008,0.9135246521030508
20294.0,0.0171,-0.0145,0.9197,0,0,0,-0.909918322847336,-1.330111370542699,-10.415480525000008,0.9199732333062739
20311.0,0.0184,-0.0176,0.9116,0,0,0,-0.909903275480178,-1.3292084623270262,-10.415480525000008,0.9119555252313569
20326.0,0.0245,-0.015,0.9159,0,0,0,-0.9099461157679362,-1.3288185530308452,-10.415480525000008,0.916350402411654
20342.0,0.021,-0.0143,0.9084,0,0,0,-0.9099674174558524,-1.3284654218424137,-10.415480525000008,0.9087552200675384
20358.0,0.0214,-0.0151,0.9122,0,0,0,-0.9100622741347841,-1.3281846676815645,-10.415480525000008,0.9125759201293885
20374.0,0.0217,-0.0156,0.913,0,0,0,-0.9102828650190002,-1.328003617207033,-10.415480525000008,0.9133910717759399
20389.0,0.0228,-0.0118,0.9115,0,0,0,-0.9101407745044792,-1.3280530686846248,-10.415480525000008,0.9118614642586887
20405.0,0.0219,-0.0148,0.9207,0,0,0,-0.9100367484478543,-1.3281661912635936,-10.415480525000008,0.9210793342595414
20421.0,0.021,-0.0176,0.9155,0,0,0,-0.9103273664410707,-1.3282376748306606,-10.415480525000008,0.9159099355285977
20436.0,0.0208,-0.0181,0.9132,0,0,0,-0.9110327725634106,-1.3282539378982552,-10.415480525000008,0.9136161611968124
20453.0,0.0228,-0.0132,0.9126,0,0,0,-0.9114901789020257,-1.328473687433041,-10.415480525000008,0.9129801969374801
20468.0,0.0209,-0.0167,0.9174,0,0,0,-0.9121564839780075,-1.3286205066048848,-10.415480525000008,0.9177899868706348
20485.0,0.0217,-0.0148,0.9177,0,0,0,-0.9127671009487851,-1.3288020060342758,-10.415480525000008,0.9180758247552322
20500.0,0.0231,-0.0165,0.9158,0,0,0,-0.9135440046395684,-1.329194487318261,-10.415480525000008,0.9162398703396398
20515.0,0.0206,-0.0164,0.9106,0,0,0,-0.9144644959239967,-1.3294746316815906,-10.415480525000008,0.9109806145028554
20532.0,0.0226,-0.0145,0.9159,0,0,0,-0.9152607530416211,-1.3298899418576315,-10.415480525000008,0.9162935228407981
20547.0,0.0193,-0.0143,0.9142,0,0,0,-0.9159245141276936,-1.3300154600319294,-10.415480525000008,0.9145155110767668
20563.0,0.0195,-0.017,0.9158,0,0,0,-0.9168047876678437,-1.3299055091589316,-10.415480525000008,0.9161653180512782
20579.0,0.0209,-0.015,0.9149,0,0,0,-0.917625673790687,-1.329765996508446,-10.415480525000008,0.915261612873609
20595.0,0.0222,-0.0164,0.9115,0,0,0,-0.9185749112587842,-1.329773323391682,-10.415480525000008,0.9119177868645835
20611.0,0.0247,-0.0142,0.9164,0,0,0,-0.9193495569415979,-1.330208949094354,-10.415480525000008,0.9168427836875851
20626.0,0.0214,-0.0106,0.9137,0,0,0,-0.9195236780641393,-1.3306161596857304,-10.415480525000008,0.9140120404020945
20642.0,0.0219,-0.0148,0.9124,0,0,0,-0.9196962879862032,-1.3310639533055648,-10.415480525000008,0.9127827835799709
20658.0,0.0203,-0.0127,0.9207,0,0,0,-0.9195876123769292,-1.331321820917044,-10.415480525000008,0.9210113300063142
20674.0,0.0227,-0.0132,0.9209,0,0,0,-0.9192934254678161,-1.3317114966984664,-10.415480525000008,0.9212743022574765
20689.0,0.0203,-0.0177,0.9143,0,0,0,-0.9194124235852725,-1.3319358054178543,-10.415480525000008,0.9146965999718158
20706.0,0.0209,-0.0178,0.9141,0,0,0,-0.9199086046186787,-1.332089430833203,-10.415480525000008,0.914512143167055
20721.0,0.02,-0.0146,0.9124,0,0,0,-0.9203396514011912,-1.3320727062070734,-10.415480525000008,0.9127359530554278
20738.0,0.0219,-0.017,0.9161,0,0,0,-0.9210050377862206,-1.3321327592040464,-10.415480525000008,0.9165194051409932
20753.0,0.0194,-0.0148,0.9221,0,0,0,-0.921588104194559,-1.3319302250281926,-10.415480525000008,0.9224227935171594
20768.0,0.0205,-0.0122,0.9165,0,0,0,-0.921783885699666,-1.3316504001931153,-10.415480525000008,0.9168104166074904
20785.0,0.0199,-0.0138,0.9189,0,0,0,-0.9218329842200471,-1.3312210872902654,-10.415480525000008,0.9192190489758141
20800.0,0.0226,-0.0145,0.9127,0,0,0,-0.921852520835478,-1.3310161563105138,-10.415480525000008,0.9130949019680265
20816.0,0.0229,-0.0146,0.9146,0,0,0,-0.9218545974784603,-1.3310416805138716,-10.415480525000008,0.9150031311421836
20832.0,0.0198,-0.0146,0.9142,0,0,0,-0.9218422151611414,-1.3308838583911702,-10.415480525000008,0.9145309398812048
20848.0,0.0209,-0.0155,0.9172,0,0,0,-0.9219235849991482,-1.3306935514412712,-10.415480525000008,0.9175690164777797
20864.0,0.0247,-0.0149,0.9193,0,0,0,-0.9220080004821948,-1.3309440107820874,-10.415480525000008,0.9197524612633553
20879.0,0.0223,-0.0151,0.9177,0,0,0,-0.9221232751718085,-1.3312871969941333,-10.415480525000008,0.9180950876679387
20895.0,0.022,-0.0157,0.9152,0,0,0,-0.9223456163377073,-1.3316813279615751,-10.415480525000008,0.9155990006547626
20911.0,0.0236,-0.012,0.9155,0,0,0,-0.9221986990666269,-1.3323187581868072,-10.415480525000008,0.9158827490459681
20927.0,0.0215,-0.0115,0.9137,0,0,0,-0.9216674452438373,-1.3329123293703296,-10.415480525000008,0.9140252677032512
20942.0,0.0206,-0.0134,0.9152,0,0,0,-0.9210328826798562,-1.3333490066239755,-10.415480525000008,0.9155298793594887
20959.0,0.02,-0.0138,0.9138,0,0,0,-0.9203612243380483,-1.3335754806834677,-10.415480525000008,0.9141230114158596
20974.0,0.0199,-0.0166,0.917,0,0,0,-0.9200021987796072,-1.333594188492252,-10.415480525000008,0.917366104671412
20989.0,0.0227,-0.0148,0.9197,0,0,0,-0.9196889973860708,-1.333771895493638,-10.415480525000008,0.9200991359630765
21006.0,0.0242,-0.0153,0.9149,0,0,0,-0.9194887457769264,-1.3342910498585914,-10.415480525000008,0.9153478792240687
21021.0,0.0225,-0.0153,0.9186,0,0,0,-0.9193812386505777,-1.3348868059840946,-10.415480525000008,0.9190028835645729
21038.0,0.0216,-0.0148,0.9198,0,0,0,-0.9192908699173391,-1.335432859650167,-10.415480525000008,0.9201726142414801
21053.0,0.0225,-0.0134,0.9149,0,0,0,-0.919050567107498,-1.3360610233551264,-10.415480525000008,0.9152747237851595
21069.0,0.0228,-0.0172,0.913,0,0,0,-0.9191572444718892,-1.336803570572479,-10.415480525000008,0.9134465939506261
21085.0,0.02,-0.0164,0.9135,0,0,0,-0.9194690297016562,-1.3372939534923365,-10.415480525000008,0.913866078810238
21100.0,0.0182,-0.0164,0.917,0,0,0,-0.9199540744470383,-1.3373254442869065,-10.415480525000008,0.9173272044368902
21116.0,0.0215,-0.0117,0.9205,0,0,0,-0.9199961108027399,-1.3373545743226474,-10.415480525000008,0.9208253851844008
21132.0,0.0248,-0.0149,0.9125,0,0,0,-0.9200633905895778,-1.3378175323577517,-10.415480525000008,0.9129585423227059
21148.0,0.0219,-0.0142,0.9133,0,0,0,-0.9200637959503127,-1.338297418193634,-10.415480525000008,0.9136728845708403
21164.0,0.0201,-0.0144,0.921,0,0,0,-0.9200148651919561,-1.3385434013103348,-10.415480525000008,0.9213318457537436
21180.0,0.0232,-0.0138,0.9155,0,0,0,-0.919858397840242,-1.3389864088823162,-10.415480525000008,0.9158978818623832
21195.0,0.0269,-0.0175,0.912,0,0,0,-0.9200768613835191,-1.3400755142704472,-10.415480525000008,0.9125644415601564
21212.0,0.0189,-0.0144,0.9152,0,0,0,-0.9202319229994838,-1.3407223435367905,-10.415480525000008,0.9155083888201134
21227.0,0.0217,-0.0131,0.9197,0,0,0,-0.920159007043029,-1.3413144860920676,-10.415480525000008,0.9200492323783548
21242.0,0.0223,-0.0153,0.9111,0,0,0,-0.9201775002170961,-1.3419579870845637,-10.415480525000008,0.9115012835975603
21259.0,0.02,-0.015,0.916,0,0,0,-0.9202293560603154,-1.3423431585389827,-10.415480525000008,0.9163410936981927
21274.0,0.022,-0.0138,0.9178,0,0,0,-0.9201567447564174,-1.342744519327374,-10.415480525000008,0.9181673485808565
21291.0,0.0236,-0.0159,0.9143,0,0,0,-0.9202440809248325,-1.3433698746603147,-10.415480525000008,0.9147427288587759
21306.0,0.0223,-0.0138,0.9174,0,0,0,-0.9202035212999977,-1.3440196831310685,-10.415480525000008,0.917774749053383
21322.0,0.0222,-0.0151,0.9144,0,0,0,-0.9202188466142709,-1.3446862637612598,-10.415480525000008,0.9147940806542202
21338.0,0.0199,-0.0167,0.9114,0,0,0,-0.920489810733982,-1.3450875612772988,-10.415480525000008,0.9117701793763602
21353.0,0.0232,-0.0133,0.9189,0,0,0,-0.9205450143838211,-1.3456444577052615,-10.415480525000008,0.9192890405090229
21369.0,0.02,-0.0151,0.9176,0,0,0,-0.9206377876669639,-1.3459411294262966,-10.415480525000008,0.9179421386993845
21385.0,0.0208,-0.014,0.9204,0,0,0,-0.9206203088096875,-1.346099525394312,-10.415480525000008,0.9207414403620595
21401.0,0.0219,-0.0153,0.9189,0,0,0,-0.9206710961541617,-1.346277615535016,-10.415480525000008,0.9192882627337304
21416.0,0.0237,-0.0153,0.9156,0,0,0,-0.9207885384958439,-1.3467074077909493,-10.415480525000008,0.9160344644171419
21433.0,0.0208,-0.0151,0.9166,0,0,0,-0.920937666687546,-1.346992985381607,-10.415480525000008,0.9169603099371313
21448.0,0.0223,-0.0134,0.9177,0,0,0,-0.9208997264265679,-1.3473349669639318,-10.415480525000008,0.9180687011329817
21464.0,0.0232,-0.0153,0.9141,0,0,0,-0.9209414859305146,-1.3478492165922138,-10.415480525000008,0.9145223562056862
21480.0,0.0215,-0.0145,0.9128,0,0,0,-0.9209561780498524,-1.3483058318490833,-10.415480525000008,0.9131682977414404
21495.0,0.0204,-0.0125,0.9175,0,0,0,-0.9206875398048724,-1.34855912285941,-10.415480525000008,0.9178118870443986
21512.0,0.0215,-0.0137,0.9232,0,0,0,-0.9203083492025274,-1.3487532260665527,-10.415480525000008,0.9235519368178489
21527.0,0.0201,-0.0146,0.9136,0,0,0,-0.9199638595823009,-1.3487482592887634,-10.415480525000008,0.9139377057546099
21543.0,0.0188,-0.016,0.9161,0,0,0,-0.9198207669692214,-1.3483978410502924,-10.415480525000008,0.91643256707736
21559.0,0.0217,-0.0139,0.9241,0,0,0,-0.9195771948427524,-1.3480825649994888,-10.415480525000008,0.9244592527526565
21574.0,0.0216,-0.0157,0.9192,0,0,0,-0.9194799851761819,-1.3478006347950096,-10.415480525000008,0.9195877826504656
21591.0,0.0236,-0.0138,0.9104,0,0,0,-0.9192922140074418,-1.3478241553595796,-10.415480525000008,0.9108103864142085
21606.0,0.0231,-0.0148,0.9177,0,0,0,-0.9191353485473305,-1.3480332809874516,-10.415480525000008,0.9181099825184345
21622.0,0.0216,-0.0143,0.912,0,0,0,-0.9189549744484072,-1.3482351810606932,-10.415480525000008,0.9123678260438605
21638.0,0.0222,-0.0161,0.9128,0,0,0,-0.9189776476963254,-1.348502948531167,-10.415480525000008,0.9132118538433456
21654.0,0.0219,-0.0151,0.918,0,0,0,-0.9190439650625667,-1.3487753349314182,-10.415480525000008,0.9183853330710373
21669.0,0.0216,-0.0151,0.9165,0,0,0,-0.9191516658555466,-1.3490182069952923,-10.415480525000008,0.9168788469585281
21686.0,0.0239,-0.0194,0.9114,0,0,0,-0.9198436288144651,-1.3495373501755716,-10.415480525000008,0.9119196949293288
21701.0,0.0264,-0.0145,0.9163,0,0,0,-0.920426663120397,-1.350597166497544,-10.415480525000008,0.9167949061813117
21716.0,0.024,-0.0166,0.9146,0,0,0,-0.9211787412989507,-1.3518368057214087,-10.415480525000008,0.9150654184264642
21733.0,0.0237,-0.0128,0.9164,0,0,0,-0.9215994393951377,-1.3531895095173008,-10.415480525000008,0.9167957733323163
21748.0,0.0239,-0.0128,0.9203,0,-0.7381679999999999,0,-0.9217191562933111,-1.365503147798431,-10.415480525000008,0.9206992668618782
21765.0,0.0255,-0.0159,0.9116,0,0,0,-0.9219783899794756,-1.3670698500812701,-10.415480525000008,0.9120951814366743
21780.0,0.0258,-0.015,0.9128,0,0,0,-0.9222452058180217,-1.3689545840967805,-10.415480525000008,0.9132877312216561
21796.0,0.0226,-0.0146,0.9147,0,0,0,-0.9224644217256407,-1.3707097811511717,-10.415480525000008,0.9150956288825774
21812.0,0.022,-0.0149,0.916,0,0,0,-0.9226761288926317,-1.372268021308458,-10.415480525000008,0.91638529560442
21828.0,0.0188,-0.0148,0.9189,0,0,0,-0.9228625431809677,-1.3732401578931415,-10.415480525000008,0.9192114501027498
21843.0,0.0203,-0.0128,0.9141,0,0,0,-0.9227858012780192,-1.3738960003954566,-10.415480525000008,0.9144149714434907
21859.0,0.0179,-0.0134,0.9191,0,0,0,-0.9225422606421074,-1.3739561885338623,-10.415480525000008,0.9193719486693076
21875.0,0.0206,-0.0142,0.9143,0,0,0,-0.9222615733421686,-1.3738430635593695,-10.415480525000008,0.9146422743346166
21891.0,0.0236,-0.0151,0.915,0,0,0,-0.9220597069476181,-1.373950369568724,-10.415480525000008,0.915428844859064
21907.0,0.0209,-0.0132,0.9153,0,0,0,-0.9216896587468048,-1.3739133090108018,-10.415480525000008,0.9156337368183852
21922.0,0.02,-0.0142,0.9133,0,0,0,-0.9213010628172719,-1.3736423493468473,-10.415480525000008,0.9136293176119076
21939.0,0.0205,-0.0164,0.9138,0,0,0,-0.9211711575851994,-1.373226616962799,-10.415480525000008,0.9141770342772783
21954.0,0.021,-0.0116,0.9152,0,0,0,-0.9206662569418157,-1.3727424286608048,-10.415480525000008,0.915514390930039
21969.0,0.0225,-0.0148,0.9175,0,0,0,-0.9202274637257131,-1.3723797209875939,-10.415480525000008,0.9178951683062723
21986.0,0.0222,-0.0157,0.9137,0,0,0,-0.9199679377330923,-1.3720985855795371,-10.415480525000008,0.9141044907449039
22001.0,0.0225,-0.015,0.915,0,0,0,-0.9197768972191604,-1.371923655528177,-10.415480525000008,0.9153995029493953
22018.0,0.0209,-0.0148,0.9117,0,0,0,-0.9196282693206518,-1.3716523354834442,-10.415480525000008,0.9120596142796807
22033.0,0.0201,-0.016,0.9159,0,0,0,-0.919659225344329,-1.3711839194469133,-10.415480525000008,0.9162602359591953
22049.0,0.0206,-0.017,0.9125,0,0,0,-0.9199805590149704,-1.3706151878509114,-10.415480525000008,0.9128907985076857
22065.0,0.0195,-0.0145,0.9128,0,0,0,-0.9202438607589322,-1.369820435768455,-10.415480525000008,0.9131233980136529
22080.0,0.0232,-0.0153,0.9065,0,0,0,-0.9205683529245742,-1.3693097829762126,-10.415480525000008,0.9069258955394316
22096.0,0.024,-0.0159,0.9042,0,0,0,-0.9210262375407803,-1.369158336186545,-10.415480525000008,0.9046581951212292
22112.0,0.0198,-0.0156,0.9165,0,0,0,-0.9215381214192214,-1.368760794049303,-10.415480525000008,0.9168465793141184
22128.0,0.0229,-0.0137,0.9146,0,0,0,-0.9218621048379653,-1.3685414589964575,-10.415480525000008,0.9149892130511703
22144.0,0.0225,-0.0155,0.9159,0,0,0,-0.9222427877341783,-1.3684256660879828,-10.415480525000008,0.9163074320335943
22160.0,0.0225,-0.0151,0.9133,0,0,0,-0.9226279087254807,-1.3684091600287802,-10.415480525000008,0.9137018933984978
22175.0,0.0211,-0.0157,0.9147,0,0,0,-0.9230885685251083,-1.3683005721846007,-10.415480525000008,0.9150780239957682
22192.0,0.0236,-0.0137,0.9153,0,0,0,-0.9233628902431013,-1.3684225361524673,-10.415480525000008,0.9157066888474715
22207.0,0.0221,-0.0146,0.9174,0,0,0,-0.9235809277919298,-1.3685532586803175,-10.415480525000008,0.9177822889988672
22222.0,0.0236,-0.0144,0.9115,0,0,0,-0.9237358078753966,-1.3688971581283016,-10.415480525000008,0.9119191685670391
22239.0,0.0203,-0.0181,0.9181,0,0,0,-0.9242848632141821,-1.36899502040518,-10.415480525000008,0.9185027544868878
22254.0,0.0219,-0.0148,0.9108,0,0,0,-0.9247820514528841,-1.3690981195907557,-10.415480525000008,0.9111834557321594
22270.0,0.0247,-0.0155,0.9127,0,0,0,-0.925316121014803,-1.369550821238373,-10.415480525000008,0.9131657188046427
22286.0,0.0248,-0.0172,0.9109,0,0,0,-0.9260985247020131,-1.3703291270347109,-10.415480525000008,0.9113998518762223
22302.0,0.0197,-0.0156,0.9136,0,0,0,-0.9268924564094688,-1.3707455026759927,-10.415480525000008,0.9139455180698682
22318.0,0.0205,-0.0135,0.9147,0,0,0,-0.9274293715124258,-1.370938787150455,-10.415480525000008,0.9150292836844075
22334.0,0.0194,-0.0149,0.9144,0,0,0,-0.9279147181870633,-1.3707979919723055,-10.415480525000008,0.9147271341771818
22349.0,0.0206,-0.0172,0.9153,0,0,0,-0.9286399148591414,-1.3705105853867754,-10.415480525000008,0.9156933384053856
22365.0,0.0204,-0.0116,0.915,0,0,0,-0.9288740938556507,-1.3700703101420193,-10.415480525000008,0.915300890418009
22381.0,0.0222,-0.0133,0.9188,0,0,0,-0.9288800059090199,-1.3697104001818465,-10.415480525000008,0.9191643868209864
22396.0,0.024,-0.0177,0.9095,0,0,0,-0.9292547234436914,-1.3696751451610318,-10.415480525000008,0.9099887581723194
22413.0,0.0154,-0.0156,0.9189,0,0,0,-0.9296719326059696,-1.3688211519702305,-10.415480525000008,0.9191614276067073
22428.0,0.0228,-0.0128,0.9131,0,0,0,-0.929786729527969,-1.3681907574078485,-10.415480525000008,0.913474296299573
22445.0,0.0239,-0.0156,0.9127,0,0,0,-0.9299860332230566,-1.3678978748281236,-10.415480525000008,0.9131461328834503
22460.0,0.0216,-0.0143,0.9114,0,0,0,-0.9300993791197578,-1.3676190232313374,-10.415480525000008,0.9117680680962675
22475.0,0.0206,-0.0161,0.9137,0,0,0,-0.9303575801283954,-1.3672209743493997,-10.415480525000008,0.9140739904405988
22492.0,0.0244,-0.0168,0.9174,0,0,0,-0.9308228552806748,-1.3671837573416128,-10.415480525000008,0.9178781836387659
22507.0,0.0209,-0.0157,0.9109,0,0,0,-0.9313457127166324,-1.3670456676349452,-10.415480525000008,0.911274991426847
22523.0,0.0222,-0.0137,0.9141,0,0,0,-0.9316609427277125,-1.3669722386750207,-10.415480525000008,0.9144721646939288
22539.0,0.0208,-0.0143,0.9161,0,0,0,-0.9318635590220538,-1.3667746117604274,-10.415480525000008,0.916447674447374
22555.0,0.0194,-0.0153,0.9205,0,0,0,-0.9320827466971553,-1.3662796146362701,-10.415480525000008,0.9208315263934006
22571.0,0.0219,-0.0157,0.9158,0,0,0,-0.9323757298263633,-1.3658502898821625,-10.415480525000008,0.9161963435858058
22586.0,0.0248,-0.0118,0.9176,0,0,0,-0.9322412476638279,-1.365837361528075,-10.415480525000008,0.9180109149677905
22602.0,0.0239,-0.0132,0.9165,0,0,0,-0.9319076268309799,-1.3660822190229491,-10.415480525000008,0.9169065928435677
22618.0,0.0233,-0.0154,0.9149,0,0,0,-0.9316775756982602,-1.3664836656715846,-10.415480525000008,0.9153262041480076
22634.0,0.0231,-0.0161,0.9187,0,0,0,-0.9316192388240453,-1.3669858535992194,-10.415480525000008,0.9191313888666842
22649.0,0.0205,-0.0153,0.9103,0,0,0,-0.9316295398735563,-1.3672760471548864,-10.415480525000008,0.9106593380622635
22666.0,0.0236,-0.0101,0.9155,0,0,0,-0.9310388568607326,-1.3677508520504187,-10.415480525000008,0.9158598255191676
22681.0,0.0212,-0.0154,0.9188,0,0.544232,0,-0.930576194632626,-1.360076986409591,-10.415480525000008,0.9191735635885097
22697.0,0.0227,-0.0155,0.9136,0,0.5137320000000001,0,-0.9302501002869165,-1.3525798542084784,-10.415480525000008,0.9140134025275559
22713.0,0.0206,-0.0151,0.9187,0,0.506032,0,-0.9299849827845135,-1.3451457968668445,-10.415480525000008,0.9190549820331751
22728.0,0.0209,-0.0145,0.9133,0,0.8190320000000002,0,-0.9297098988031883,-1.3336221895434834,-10.415480525000008,0.9136541741818948
22745.0,0.0206,-0.0145,0.9142,0,0.9259320000000002,0,-0.9294247827018197,-1.3187827791570628,-10.415480525000008,0.9145470190208921
22760.0,0.0201,-0.0112,0.9181,0,0.5900320000000001,0,-0.9287108098087355,-1.3107745693408965,-10.415480525000008,0.9183882947860345
22776.0,0.0192,-0.014,0.9174,0,0,0,-0.9279718092699366,-1.3112932687962733,-10.415480525000008,0.9177076876653045
22792.0,0.024,-0.0139,0.9122,0,0.536632,0,-0.9272095988400808,-1.3037268312963652,-10.415480525000008,0.9126215261541885
22808.0,0.0229,-0.0154,0.9186,0,1.1396320000000002,0,-0.9266036716087214,-1.287005863262224,-10.415480525000008,0.9190144340542209
22823.0,0.0211,-0.0173,0.9185,0,0.9641320000000002,0,-0.9263745597669655,-1.2742254195399616,-10.415480525000008,0.918905190974564
22839.0,0.0208,-0.0135,0.9141,0,0.7732320000000001,0,-0.9260117956700762,-1.2636430428725371,-10.415480525000008,0.9144362744335988
22855.0,0.0198,-0.0167,0.918,0,0,0,-0.925924297212664,-1.2651646594012513,-10.415480525000008,0.9183653575783441
22871.0,0.0192,-0.0138,0.9186,0,0,0,-0.925715965832704,-1.2663704608532949,-10.415480525000008,0.9189042605190162
22887.0,0.0206,-0.0137,0.9146,0,0,0,-0.925396908073274,-1.2674819211813855,-10.415480525000008,0.9149345386419729
22902.0,0.0189,-0.0146,0.9188,0,0,0,-0.9250850676473211,-1.2682833728527811,-10.415480525000008,0.9191103361403352
22919.0,0.0195,-0.0122,0.9133,0,-0.7305679999999999,0,-0.9244910411585856,-1.2810717542577286,-10.415480525000008,0.9135896124628388
22934.0,0.0187,-0.0172,0.9148,0,-0.684768,0,-0.924271518020749,-1.2912433590658274,-10.415480525000008,0.9151527577404769
22950.0,0.0231,-0.0153,0.912,0,0,0,-0.9241506302214504,-1.2914733539572927,-10.415480525000008,0.912420791082711
22966.0,0.0222,-0.012,0.9163,0,0,0,-0.9236956444380873,-1.2918691603325962,-10.415480525000008,0.9166474404044338
22981.0,0.0234,-0.0143,0.9135,0,0.5595320000000001,0,-0.9232400719937133,-1.2843434774543452,-10.415480525000008,0.9139115383886999
22998.0,0.0181,-0.0135,0.9181,0,0.7045320000000002,0,-0.922676023883682,-1.2730600646021286,-10.415480525000008,0.9183776293007142
23013.0,0.0154,-0.0095,0.9144,0,0.7961320000000001,0,-0.9215243843973104,-1.2613532522384712,-10.415480525000008,0.9145790124423367
23029.0,0.0078,-0.0094,0.9196,0,1.315232,0.6599583333333334,-0.9198349018649261,-1.2393811392377052,-10.410200858333342,0.9196811186492848
23045.0,0.0098,-0.0139,0.9176,0,0.8343320000000001,0,-0.9182409029942806,-1.224223301161356,-10.410200858333342,0.9177575987154778
23061.0,0.0272,-0.0165,0.9128,0,0,0,-0.9170676645270588,-1.2235898825367537,-10.410200858333342,0.913354219347565
23076.0,0.0259,-0.016,0.9094,0,0,0,-0.9162120810453407,-1.2238413767256031,-10.410200858333342,0.9099094295587885
23092.0,0.0206,-0.0111,0.911,0,0,0,-0.9150222852703747,-1.2242057922816458,-10.410200858333342,0.9113004828266031
23108.0,0.0211,-0.0139,0.9155,0,0.643532,0,-0.9138821060545869,-1.2146289185731376,-10.410200858333342,0.9158486064847181
23123.0,0.0232,-0.0172,0.9154,0,0,0,-0.9132012082994438,-1.2157382445882003,-10.410200858333342,0.9158554689469294
23140.0,0.0211,-0.0128,0.911,0,0,0,-0.912384356885972,-1.216938385827674,-10.410200858333342,0.9113342142156191
23155.0,0.0179,-0.015,0.9127,0,1.154932,0,-0.9117216364344766,-1.2008331807801502,-10.410200858333342,0.9129987404153413
23172.0,0.0149,-0.01,0.9097,0,1.070932,0,-0.9105754800473238,-1.183544464550233,-10.410200858333342,0.9098769697052453
23187.0,0.0133,-0.0093,0.9185,0,1.5290320000000002,0,-0.908901135865098,-1.1611651358507291,-10.410200858333342,0.9186433638795852
23202.0,0.0123,-0.0126,0.9149,0,0.612932,0,-0.9071844789199506,-1.1518633312375834,-10.410200858333342,0.9150694290598939
23219.0,0.0177,-0.0133,0.9137,0,0,-0.6912416666666665,-0.9055235915620928,-1.151684118031886,-10.416076412500008,0.9139681996656119
23234.0,0.0228,-0.0182,0.9152,0,0,0,-0.9045261335653494,-1.1520774230273596,-10.416076412500008,0.9156648513511917
23250.0,0.0209,-0.0134,0.9115,0,0,0,-0.9035214558639104,-1.1527464037992998,-10.416076412500008,0.9118380448303306
23266.0,0.0155,-0.0099,0.9166,0,0.6206320000000001,0,-0.9020646474274335,-1.1432360007907072,-10.416076412500008,0.9167845003052789
23282.0,0.0134,-0.0071,0.9105,0,1.017532,0,-0.8998721318589183,-1.1270536457533291,-10.416076412500008,0.9106262789970427
23298.0,0.0232,-0.0137,0.9191,0,2.0022320000000002,0,-0.8978466633693702,-1.0963862718435673,-10.416076412500008,0.9194948286967143
23313.0,0.0144,-0.0197,0.9138,0,3.078632,0.6294583333333335,-0.8967336868494612,-1.0519504989608666,-10.411355475000008,0.9141257517431615
23329.0,0.014,-0.0179,0.9159,0,1.147332,0,-0.8961983891937331,-1.0351451092139614,-10.411355475000008,0.9161818705912054
23345.0,0.0114,-0.014,0.9148,0,-2.448068,0,-0.895687323171575,-1.0742571539619026,-10.411355475000008,0.9149781418154206
23361.0,0.0248,-0.0181,0.9136,0,0,0,-0.8957139875394994,-1.0751674152205304,-10.411355475000008,0.9141157530641292
23376.0,0.0242,-0.0172,0.9141,0,1.7427320000000002,0,-0.8961012308746765,-1.0512345807303582,-10.411355475000008,0.9145820302192691
23393.0,0.0186,-0.0184,0.9156,0,2.2160320000000002,0,-0.8969532033067117,-1.0164881682135152,-10.411355475000008,0.915973733247848
23408.0,0.0172,-0.015,0.9181,0,2.284732,0,-0.8977824311054643,-0.9855964279737627,-10.411355475000008,0.9183836072143274
23424.0,0.0088,-0.0165,0.916,0,1.2770320000000002,0,-0.8987823474903718,-0.9676816129498845,-10.411355475000008,0.916190858937154
23440.0,0.0098,-0.016,0.9152,0,0,0,-0.8998698067091006,-0.9691938131285396,-10.411355475000008,0.9153923093406455
23455.0,0.0129,-0.0138,0.915,0,-1.203868,0,-0.9007572060679142,-0.98790154065587,-10.411355475000008,0.9151949792257386
23472.0,0.0125,-0.0145,0.9169,0,-2.501568,0,-0.9015501070459561,-1.029736175543631,-10.411355475000008,0.9170998364409407
23487.0,0.0126,-0.0145,0.9176,0,-4.158068,0,-0.9022566617742263,-1.0897623975928359,-10.411355475000008,0.917801051426724
23503.0,0.0305,-0.0139,0.9082,0,0,0,-0.902829078205339,-1.0893487266993775,-10.411355475000008,0.9088182986714121
23519.0,0.0187,-0.0138,0.9139,0,0,0,-0.9032582533092408,-1.0891494258350978,-10.411355475000008,0.9141954605006525
23534.0,0.0177,-0.0138,0.9114,0,0,0,-0.9035652678715529,-1.0890202970184275,-10.411355475000008,0.9116763076882057
23550.0,0.016,-0.0168,0.9113,0,0.651132,0,-0.9041400646738538,-1.078530792261241,-10.411355475000008,0.9115952665519934
23566.0,0.0204,-0.014,0.9137,0,1.681632,0,-0.90459402844472,-1.0525007066105385,-10.411355475000008,0.9140349282166409
23582.0,0.0142,-0.0112,0.9193,0,4.040432,0,-0.9045787608654247,-0.9895821143978828,-10.411355475000008,0.9194778790161294
23598.0,0.0081,-0.0186,0.923,0,1.536632,0,-0.9050691812819771,-0.9660291670323775,-10.411355475000008,0.9232229254085927
23614.0,0.0085,-0.0129,0.9196,0,-1.463368,0.7362583333333335,-0.9052979420636484,-0.989009187121262,-10.405465408333342,0.9197297537864043
23629.0,0.0205,-0.0159,0.9177,0,-2.967168,0.8126583333333335,-0.90567415056934,-1.0328264661071478,-10.399370470833341,0.9180666370149827
23645.0,0.0197,-0.011,0.9177,0,-1.0587679999999997,0.7057583333333335,-0.9055669911891119,-1.0492138385358,-10.393724404166674,0.917977330874788
23661.0,0.0215,-0.0127,0.913,0,0.7656320000000001,0.5607583333333335,-0.9052554396677799,-1.0373186572013753,-10.389238337500007,0.9133414148060954
23676.0,0.015,-0.0137,0.9143,0,0.6893320000000001,0.7210583333333334,-0.9048869383965279,-1.0273040629410004,-10.383830400000008,0.9145256584700071
23693.0,0.0172,-0.016,0.9171,0,0.719832,0.8584583333333334,-0.9047511120370187,-1.015693017631279,-10.376533504166675,0.9174008120772512
23708.0,0.0128,-0.0155,0.9138,0,0.9488320000000001,0,-0.9047648667467251,-1.0018720529351235,-10.376533504166675,0.9140210774374954
23725.0,0.0142,-0.0146,0.9175,0,0,0,-0.9047905964610689,-1.002004149796341,-10.376533504166675,0.9177260212067652
23740.0,0.0096,-0.0148,0.9194,0,-1.3641679999999998,0,-0.9048482344332213,-1.0213635831122043,-10.376533504166675,0.9195692252353815
23755.0,0.0131,-0.0154,0.9169,0,-2.1274679999999995,0,-0.905013726717095,-1.0512586005532194,-10.376533504166675,0.9171228816249216
23772.0,0.0161,-0.0156,0.9117,0,0,0,-0.9053093371500505,-1.0493999580176405,-10.376533504166675,0.9119755808134338
23787.0,0.0165,-0.0156,0.9167,0,0,0,-0.9057091155070726,-1.0477243189673044,-10.376533504166675,0.9169811884657176
23803.0,0.0176,-0.012,0.9091,0,0,0,-0.9057647851696302,-1.0463672479937354,-10.376533504166675,0.9093495312584705
23819.0,0.0153,-0.0144,0.9176,0,0.5595320000000001,0,-0.9058002123332523,-1.0362145142552583,-10.376533504166675,0.9178405144686085
23835.0,0.0157,-0.0157,0.9153,0,0,0,-0.9059849304168038,-1.03504886682545,-10.376533504166675,0.9155692600781221
23851.0,0.0146,-0.0138,0.9104,0,0,0,-0.9060729896838972,-1.033788791779246,-10.376533504166675,0.9106216338304289
23867.0,0.0165,-0.0168,0.9153,0,0,0,-0.9064413408991333,-1.032675378925003,-10.376533504166675,0.9156028505853397
23882.0,0.0145,-0.0153,0.9185,0,0,0,-0.906861956766995,-1.0314363501234018,-10.376533504166675,0.9187418516645467
23898.0,0.0138,-0.0118,0.9177,0,0,0,-0.9068915494045382,-1.0300031998717158,-10.376533504166675,0.9178796053949559
23914.0,0.015,-0.0094,0.9131,0,0,0,-0.906284925764183,-1.0285615348566564,-10.376533504166675,0.9132715751626129
23929.0,0.0085,-0.0072,0.9172,0,0.9793320000000001,0.6141583333333334,-0.9048353996480403,-1.011897103939516,-10.371927316666675,0.9172676436024548
23946.0,0.0167,-0.0177,0.9167,0,1.3610320000000002,0,-0.9039598869399877,-0.9875447062791316,-10.371927316666675,0.917022938644394
23961.0,0.0294,-0.0151,0.9136,0,4.498432,0,-0.9032725079622975,-0.9220544410091632,-10.371927316666675,0.9141976427447185
23977.0,0.01,-0.0099,0.917,0,6.452632,1.0721583333333333,-0.9020960382157903,-0.8220333360811484,-10.363350050000008,0.9171079598389712
23993.0,0.0007,0.0079,0.9155,0,7.1549320000000005,1.6523583333333334,-0.8982664624917084,-0.7111289255674749,-10.35013118333334,0.915534352168175
24008.0,0.0034,0.0114,0.8971,0,16.231232,0,-0.8916890472626067,-0.4747190645323545,-10.35013118333334,0.8971788729121969
24025.0,0.0095,-0.0237,0.9111,1.855912000000001,29.216032,0.9958583333333334,-0.8561604710031743,0.005547794126662408,-10.341666387500007,0.9114577060950223
24040.0,-0.0099,-0.0334,0.9304,4.665012000000001,23.269432,1.6675583333333335,-0.7865235655272496,0.33439341512031795,-10.329159700000007,0.931051948067346
24055.0,-0.0062,-0.0214,0.921,2.840612000000001,14.964132,3.339358333333333,-0.7461603816245626,0.5366678186366826,-10.304114512500007,0.9212694502695723
24072.0,-0.0143,-0.0146,0.9231,1.0391120000000007,10.445032000000001,4.927158333333334,-0.7311506856315204,0.6918350697691352,-10.262233666666674,0.9233261937148757
24087.0,-0.0264,-0.01,0.9137,1.1307120000000008,8.612932,5.461458333333334,-0.7166644958930114,0.8006058199870439,-10.221272729166675,0.914136012855855
24103.0,-0.02,-0.0166,0.9131,0.7719120000000008,6.696932,5.621758333333334,-0.7073919782150789,0.8885002896668962,-10.176298662500008,0.9134698517192563
24119.0,-0.0226,-0.0129,0.912,0,5.246532,4.621758333333333,-0.7103131670007572,0.9548331150288005,-10.139324595833342,0.9123711799481613
24134.0,-0.0264,-0.0061,0.9105,0,2.857232,3.7897583333333333,-0.7122413049397746,0.9826983796843869,-10.110901408333342,0.9109030793668446
24151.0,-0.0327,-0.0085,0.9139,-0.9990879999999993,0,2.9118583333333334,-0.7302283302513345,0.9716051101984151,-10.08615061250001,0.9145243299114573
24166.0,-0.0258,-0.0134,0.9092,-1.5868879999999994,-3.448068,2.7744583333333335,-0.7546670615006388,0.9124291516117559,-10.06534217500001,0.9096646854748183
24182.0,-0.0204,-0.0145,0.9147,-1.6860879999999991,-5.219068,3.0721583333333333,-0.7819722034389652,0.8247500793488372,-10.040764908333344,0.9150423487467669
24198.0,-0.0176,-0.0087,0.9115,-1.2280879999999994,-6.3564680000000005,2.7820583333333335,-0.8010486766418908,0.7219594295547588,-10.018508441666677,0.9117114126739886
24213.0,-0.0082,-0.0051,0.9202,-0.5868879999999992,-3.7916679999999996,1.4767583333333334,-0.8081981757450167,0.664838326342608,-10.007432754166677,0.9202506669380903
24229.0,-0.0128,-0.0078,0.9117,0,0,0,-0.8061047731635445,0.6648994486868135,-10.007432754166677,0.911823212031806
24245.0,-0.0189,-0.0116,0.9176,0,1.3915320000000002,0,-0.8040946139972094,0.6878060760251103,-10.007432754166677,0.9178679262290408
24261.0,-0.0026,-0.0238,0.9139,-0.8387879999999994,3.635832,1.2171583333333333,-0.8168482421583273,0.7443336332476006,-9.99769548750001,0.914213547263439
24276.0,-0.0262,-0.0057,0.9154,0,5.170232,1.5301583333333335,-0.8153388477426341,0.8206767110099453,-9.98621930000001,0.9157926020666469
24292.0,-0.0173,-0.0134,0.9108,0,6.009932,1.0721583333333333,-0.8140616325910255,0.9143773799181163,-9.977642033333344,0.911062835374158
24308.0,-0.0244,-0.0178,0.9121,0,6.269432,1.1713583333333335,-0.8135409815268057,1.011747006931616,-9.968271166666678,0.9125999178172218
24324.0,-0.0281,-0.0114,0.917,0.5810120000000008,4.521332,1.4538583333333335,-0.8037679468489718,1.0815397591767426,-9.956640300000013,0.917501264304306
24340.0,-0.0338,-0.002,0.9121,0,3.162532,1.3851583333333335,-0.8019936260295949,1.1309576573206654,-9.945559033333346,0.912728245426863
24355.0,-0.0293,-0.0179,0.9178,-2.861687999999999,1.460232,1.5988583333333333,-0.8431282974145635,1.1527809293648192,-9.933567595833345,0.9184420177670444
24371.0,-0.0303,-0.0129,0.9148,-1.563987999999999,0.788532,2.1026583333333333,-0.8660011135927803,1.166563770150502,-9.91674632916668,0.9153925605990033
24387.0,-0.0469,-0.0073,0.9175,-1.6021879999999993,3.9717320000000003,1.6599583333333334,-0.8884030209814595,1.233401442733324,-9.903466662500012,0.9187269180774013
24402.0,-0.0458,-0.0114,0.9019,-0.922787999999999,5.368632,0,-0.8987867106048475,1.318533281833279,-9.903466662500012,0.9031341041063614
24419.0,-0.0231,0.0118,0.9083,0.5658120000000008,7.6206320000000005,0.7820583333333334,-0.8830400857316117,1.4498298126431606,-9.89681916666668,0.9086703142504436
24434.0,-0.0459,-0.0222,0.922,1.4894120000000008,12.666432,1.4538583333333335,-0.8567460550264404,1.640391673243612,-9.88591522916668,0.9234087123262374
24450.0,-0.0917,-0.0061,0.9005,1.2299120000000008,18.055732,-1.3553416666666667,-0.8330413573020519,1.932272508230266,-9.896757962500013,0.9051775240249837
24466.0,-0.0804,-0.0353,0.9252,0,22.208332,-4.431641666666667,-0.8322283002143547,2.289290424223287,-9.932211095833347,0.9293574608297929
24481.0,-0.056,-0.0253,0.8986,1.4360120000000007,19.635832,-5.530941666666666,-0.8119342985254224,2.581942681539105,-9.973693158333347,0.9006986454969276
24498.0,-0.0261,-0.0166,0.9258,0,21.987032,-4.340041666666666,-0.8134673335916129,2.944627359454282,-10.010583512500014,0.9263165819524122
24513.0,-0.0323,-0.0011,0.9183,0,21.322832,-2.095741666666666,-0.8133228689783363,3.246423668918774,-10.026301575000014,0.9188685379312973
24529.0,-0.0554,-0.0051,0.9108,2.2986120000000008,14.849632,0,-0.7761696891920484,3.4638124220096005,-10.026301575000014,0.9124975671200445
24545.0,-0.0735,-0.0044,0.9133,4.443612000000001,7.1549320000000005,0,-0.7051601372935279,3.5604612132581432,-10.026301575000014,0.9162633355100487
24560.0,-0.1243,-0.0465,0.8055,7.794812,2.551932,-0.5309416666666666,-0.5952816026639828,3.5914495840865124,-10.030283637500014,0.8163595960114636
24577.0,-0.0863,-0.0082,0.896,8.550512000000001,-0.8068679999999997,-4.775141666666666,-0.45890071249993875,3.5753772328591147,-10.07087234166668,0.9001838312256003
24592.0,-0.0291,0.0288,0.959,3.130712000000001,8.513732000000001,-5.904941666666667,-0.4161534953949887,3.6945878347108936,-10.11515940416668,0.9598735593816511
24608.0,-0.0383,0.0123,0.9357,0,10.704532,-4.011841666666666,-0.41745920723075614,3.852190742415324,-10.147254137500013,0.9365642903719957
24624.0,-0.0784,-0.0011,0.8978,1.1765120000000007,3.9183320000000004,-4.668341666666667,-0.3994773502354735,3.9038112671315406,-10.184600870833346,0.901217293442597
24639.0,-0.0861,-0.0176,0.8995,2.520012000000001,0,-6.378241666666666,-0.3645997903216438,3.897141506196049,-10.232437683333346,0.9037827283147205
24655.0,-0.0825,-0.0004,0.9141,1.1536120000000007,1.3457320000000002,-8.095741666666667,-0.34840271777376053,3.9149034913263203,-10.29720361666668,0.9178154607545027
24671.0,-0.0691,0.0035,0.9315,0,1.8496320000000002,-8.401141666666668,-0.34923981482107297,3.94125940932425,-10.364412750000014,0.9340660094447286
24687.0,-0.0476,0.005,0.9099,-0.6173879999999992,3.567132,-5.9431416666666665,-0.358334443667565,3.9924459105433363,-10.411957883333347,0.9111579281332078
24702.0,-0.0804,-0.0149,0.9412,0,4.628232000000001,-3.5079416666666665,-0.35877052811238735,4.057141295052828,-10.438267445833347,0.9447452619621863
24718.0,-0.0789,-0.0072,0.9202,0,5.223632,-3.0499416666666663,-0.35933202070966824,4.136580334573285,-10.46266697916668,0.9236044012454683
24734.0,-0.0652,-0.0148,0.8994,0,6.322832,-1.8515416666666666,-0.3609727933852501,4.232084754099196,-10.477479312500014,0.9018816108558817
24750.0,-0.0989,-0.0039,0.9165,1.3215120000000007,3.612932,-0.5538416666666666,-0.34145955531309785,4.287623603100371,-10.481910045833347,0.9218289808852833
24766.0,-0.0994,-0.016,0.9122,1.6726120000000009,-0.5855679999999999,-0.5156416666666666,-0.3179890276176952,4.280309885098569,-10.48603517916668,0.9177391786341041
24781.0,-0.0813,-0.0134,0.9055,1.9933120000000009,1.3534320000000002,0,-0.2926382752894587,4.303708374191117,-10.48603517916668,0.9092411671278418
24797.0,-0.0702,-0.0133,0.9141,1.9322120000000007,0.7045320000000002,0,-0.2674312671111037,4.3176624325586666,-10.48603517916668,0.9168880738672524
24813.0,-0.0778,0.0032,0.9269,0,3.116732,0,-0.2715156654120091,4.3698684515511985,-10.48603517916668,0.9301648724822927
24828.0,-0.0773,-0.0004,0.9159,-0.5028879999999991,1.643532,-1.0576416666666664,-0.28201552482726877,4.397000894576366,-10.49396749166668,0.919156276157651
24845.0,-0.067,-0.0051,0.905,0,0.8114320000000002,-0.6072416666666667,-0.2847051691505832,4.412385789090968,-10.499129045833348,0.9074910522974868
24860.0,-0.0938,0.0002,0.9144,-0.8387879999999994,0,-0.8057416666666666,-0.2988109795806743,4.416685641028111,-10.505172108333348,0.9191984769352047
24876.0,-0.1058,-0.0103,0.9348,-3.121187999999999,-1.906168,-2.7064416666666666,-0.3497647617409279,4.394757030186068,-10.526823641666681,0.940824516049619
24892.0,-0.0688,-0.0081,0.9104,-4.7776879999999995,-2.4939679999999997,-3.9049416666666668,-0.42588980417424693,4.363069984808618,-10.558063175000015,0.9130318778662659
24907.0,-0.0615,-0.0101,0.9305,-5.869287999999999,-4.616068,-2.5385416666666663,-0.5122831661716596,4.301269929830328,-10.577102237500014,0.9325848540481451
24924.0,-0.0527,-0.0083,0.9095,-7.105988,-4.1045679999999996,-0.7828416666666667,-0.6292352810795915,4.237503788509787,-10.58375639166668,0.9110633512550046
24939.0,-0.063,-0.0112,0.8837,-6.067787999999999,-1.4939679999999997,0,-0.7152081726966614,4.220554533409875,-10.58375639166668,0.8860136172768454
24955.0,-0.0691,-0.0129,0.8571,-2.2204879999999996,-1.982468,-0.5843416666666665,-0.7458222171751716,4.19504945999538,-10.588431125000014,0.8599776915711244
24971.0,-0.0682,-0.0166,0.87,2.2986120000000008,0,-1.7522416666666667,-0.7060907360042534,4.201106344622905,-10.602449058333347,0.8728269015102594
24986.0,-0.0729,-0.0098,0.9188,4.481812000000001,0,-2.6759416666666667,-0.6374106000246424,4.2071204752418465,-10.622518620833347,0.921739599887083
25003.0,-0.0753,-0.0112,0.9569,3.596312000000001,-1.5244679999999997,-1.5232416666666666,-0.5762872616307989,4.187611665313209,-10.635466175000014,0.959923507369207
25018.0,-0.109,-0.0162,0.984,-0.5486879999999992,-3.509168,-1.0270416666666666,-0.5851425964597893,4.1462183920258875,-10.643168987500014,0.9901512207738775
25034.0,-0.1123,-0.0195,0.948,-5.105987999999999,-1.799268,-2.859141666666667,-0.6669635357695332,4.133278046666145,-10.666042120833346,0.9548274922728188
25050.0,-0.0886,-0.0128,0.8944,-6.105987999999999,-0.9824679999999999,-4.462141666666667,-0.7631067974862175,4.134862064848614,-10.701739254166679,0.8988688224652137
25066.0,-0.0667,-0.0066,0.8601,-4.609787999999999,0,-4.515641666666666,-0.8333981928088956,4.150786131630693,-10.737864387500013,0.8627076329788672
25081.0,-0.0609,-0.0042,0.8516,-1.808287999999999,-1.0587679999999997,-2.7446416666666664,-0.8558674725628831,4.149249367042357,-10.758449200000012,0.8537851076236924
25097.0,-0.0669,-0.0148,0.8737,0.7643120000000008,1.9946320000000002,-1.2560416666666667,-0.8399785668343235,4.193667233350118,-10.768497533333345,0.876382530633741
25113.0,-0.0907,-0.0139,0.9126,1.3062120000000008,1.582432,0.9118583333333334,-0.8163305436639454,4.232491277053921,-10.761202666666678,0.9172014282588095
25128.0,-0.1123,-0.0217,0.9139,0.7643120000000008,1.4831320000000001,1.5988583333333333,-0.8037574779585018,4.27180686427139,-10.749211229166677,0.921029527213976
25145.0,-0.127,-0.0256,0.9136,0,1.154932,0.9347583333333335,-0.8043773142148648,4.313462546088343,-10.741265783333343,0.9227401150920014
25160.0,-0.1221,-0.0211,0.8955,0,2.009932,-1.1263416666666666,-0.8059856027687953,4.369304472324139,-10.749713345833344,0.904032007176737
25176.0,-0.0881,-0.0206,0.8761,2.0467120000000008,1.765632,-2.607241666666667,-0.7763543853984448,4.422390316790281,-10.770571279166678,0.8807594336707385
25192.0,-0.0785,-0.0027,0.9073,4.649712000000001,2.6893320000000003,-1.9431416666666668,-0.7049760040374815,4.487503146686368,-10.78611641250001,0.9106935983084541
25207.0,-0.0708,0.0046,0.9211,5.680312000000001,0,0,-0.6221178217171038,4.506756789420986,-10.78611641250001,0.9238284526902167
25224.0,-0.0685,-0.0021,0.9281,5.390212000000001,1.231232,1.4385583333333334,-0.5333745016760826,4.543625707876212,-10.773888666666677,0.9306268156463149
25239.0,-0.0831,-0.0161,0.9347,4.817712000000001,0,1.7362583333333335,-0.46601941311148304,4.55874348487903,-10.760866729166677,0.9385248584880423
25254.0,-0.0868,-0.0006,0.9177,3.7566120000000005,1.284732,0,-0.41425990355555403,4.592653572204453,-10.760866729166677,0.9217960132263536
25271.0,-0.0822,-0.009,0.9341,4.596312000000001,3.315232,-0.6072416666666667,-0.34200061025668926,4.661656803882084,-10.766028283333345,0.9377529792008128
25286.0,-0.0717,-0.0038,0.9399,4.542912000000001,1.7122320000000002,0,-0.28016195774837227,4.697333377527298,-10.766028283333345,0.9426384991076908
25303.0,-0.0631,-0.0011,0.9327,3.626812000000001,2.238932,0,-0.22485914076574673,4.741753698202973,-10.766028283333345,0.9348326641704386
25318.0,-0.0741,-0.0006,0.9275,1.5734120000000007,2.422132,-0.5003416666666667,-0.20694805882590528,4.782610026823431,-10.769780845833345,0.9304554906066168
25333.0,-0.0785,0.0004,0.9309,0,0.681632,-1.9125416666666666,-0.2114913349215451,4.796691125349748,-10.784124908333345,0.9342040569383114
25350.0,-0.061,-0.0015,0.9211,-0.922787999999999,-1.0282679999999997,-1.7064416666666664,-0.23063541875432808,4.780945781819274,-10.798629662500012,0.9231188764184166
25365.0,-0.0468,-0.0009,0.8964,-1.8845879999999993,-2.0664679999999995,-0.8209416666666667,-0.26105860000156883,4.748607903764533,-10.804786725000012,0.897621306565302
25381.0,-0.052,-0.0049,0.8928,-3.0372879999999993,-1.829768,0,-0.3106920215782293,4.715973088057388,-10.804786725000012,0.8943264784182564
25397.0,-0.0692,-0.0089,0.8671,-3.899888,-1.1732679999999998,0.6217583333333334,-0.3732865660739437,4.694306775597465,-10.799812658333344,0.8699024428060884
25412.0,-0.0881,-0.0182,0.8561,-2.418987999999999,0.9641320000000002,1.7133583333333333,-0.41060974996537036,4.708152038466434,-10.786962470833345,0.8608136035170447
25428.0,-0.1163,-0.0249,0.8545,0.7948120000000007,2.009932,2.7057583333333337,-0.4014439052022122,4.7449290338809105,-10.765316404166677,0.862737474554108
25444.0,-0.1337,-0.0331,0.8726,2.855912000000001,1.834332,1.4614583333333333,-0.3632276977233166,4.785541775983337,-10.75362473750001,0.8834036789599645
25460.0,-0.1453,-0.0269,0.8993,3.0467120000000008,2.780932,-1.0118416666666665,-0.32473089411514405,4.847939370191998,-10.761719470833343,0.9113595283969987
25476.0,-0.1382,-0.0157,0.9227,2.649712000000001,1.7732320000000001,-3.332441666666666,-0.2935134799940329,4.899046967589233,-10.788379004166677,0.9331243325516702
25491.0,-0.1118,-0.0071,0.9238,1.1307120000000008,1.193132,-5.324741666666666,-0.28701780624886647,4.940687362377679,-10.828314566666677,0.930567617102594
25507.0,-0.0695,0.0051,0.9185,0,0.536632,-5.576741666666666,-0.29500968631187374,4.968768034430778,-10.872928500000011,0.921139788522893
25523.0,-0.0438,0.0079,0.9188,0,0,-3.7904416666666663,-0.3004600036426386,4.981414732611583,-10.903252033333345,0.9198773233426292
25539.0,-0.0492,0.0203,0.9177,0,1.6282320000000001,-1.2637416666666665,-0.3021019081376211,5.0142287470982625,-10.91336196666668,0.9192420899850049
25554.0,-0.0675,0.0005,0.9187,1.1612120000000008,0,1.0034583333333333,-0.2858052548003495,5.018544921195973,-10.905836029166679,0.9211765248854314
25570.0,-0.0865,0.0039,0.9189,1.6574120000000008,0.536632,0.8126583333333335,-0.25973728830060144,5.031487715907155,-10.899334762500011,0.9229705683281564
25586.0,-0.0862,0.0043,0.9294,1.4818120000000008,0,0,-0.23583031513421113,5.0358673538107075,-10.899334762500011,0.9333987840146354
25602.0,-0.0546,0.011,0.8971,1.4131120000000008,0,0,-0.2116532944463157,5.0366803234467294,-10.899334762500011,0.8988273304700964
25617.0,-0.0638,0.0089,0.8965,1.7643120000000008,1.819032,1.9194583333333335,-0.18279747302645907,5.062233583382656,-10.884938825000011,0.8988113817703912
25633.0,-0.076,-0.0006,0.8958,1.863512000000001,1.4984320000000002,2.5072583333333336,-0.15118018603368893,5.083778675157315,-10.864880758333344,0.8990183535390143
25649.0,-0.1031,-0.0012,0.9055,1.8330120000000008,0.8496320000000002,1.5607583333333335,-0.12069858232480511,5.097784288520024,-10.852394691666678,0.9113513592462569
25664.0,-0.1196,-0.0143,0.9286,1.2452120000000009,0,-1.2408416666666666,-0.10292691374372813,5.1027419873760875,-10.861701004166678,0.9363795224159913
25680.0,-0.106,-0.005,0.9325,-0.9456879999999994,1.9183320000000001,-3.6988416666666666,-0.11896747178033021,5.140015995675173,-10.89129173750001,0.9385186465915315
25696.0,-0.0913,-0.0126,0.91,-2.434187999999999,2.9717320000000003,-3.2026416666666666,-0.15927737695559485,5.19359498539801,-10.916912870833343,0.9146553722577702
25712.0,-0.1049,-0.0065,0.8914,-3.0219879999999995,3.017532,-2.0194416666666664,-0.20836897379662675,5.2492225132628265,-10.933068404166676,0.8975746319944653
25728.0,-0.1111,-0.0162,0.8795,-1.4876879999999992,2.803832,-1.5767416666666667,-0.2339829265784589,5.303481828939482,-10.94568233750001,0.8866374117980811
25743.0,-0.1107,-0.0034,0.8706,1.4589120000000009,1.284732,-1.8973416666666665,-0.21411698235402177,5.334444395116323,-10.95991240000001,0.877616322774366
25759.0,-0.0963,-0.0007,0.8872,3.352012000000001,1.124432,-2.8973416666666667,-0.1630067881350924,5.364099637621081,-10.983091133333343,0.8924113513397284
25775.0,-0.0829,0.0083,0.9144,2.886412000000001,2.338132,-3.0041416666666665,-0.11859101312383634,5.410663730277753,-11.007124266666676,0.9181877041215484
25791.0,-0.0896,0.01,0.9449,1.1688120000000009,2.8267320000000002,-2.118641666666667,-0.10031091877410173,5.463036485898179,-11.02407340000001,0.9491913242334235
25806.0,-0.108,-0.0028,0.9559,-0.6250879999999992,1.1396320000000002,-0.8744416666666666,-0.11000842572597459,5.488119961125005,-11.030631712500009,0.9619857847182566
25822.0,-0.1284,-0.0071,0.9534,-3.166987999999999,0,-1.5003416666666667,-0.16060238865861778,5.4996894094567175,-11.042634445833341,0.9620335389163935
25838.0,-0.1057,-0.0121,0.9167,-4.449488,0,-2.6912416666666665,-0.2314851919263719,5.512050949388232,-11.064164379166675,0.9228530706455931
25853.0,-0.0795,-0.0021,0.8889,-2.6937879999999996,-0.5168680000000001,-3.2179416666666665,-0.2706226486168835,5.51460994956129,-11.088298941666675,0.8924504860214936
25870.0,-0.062,0.012,0.886,0,0,-2.4698416666666665,-0.26747187665562566,5.520801683666318,-11.109292595833342,0.8882477131971689
25885.0,-0.0524,0.0034,0.9054,2.1841120000000007,-1.4175679999999997,0,-0.23162739576545702,5.501049678913765,-11.109292595833342,0.906921429893461
25901.0,-0.0452,0.0043,0.8883,2.1994120000000006,0,1.7897583333333333,-0.19342197010824197,5.497338501405055,-11.094974529166675,0.8894596224674844
25917.0,-0.0693,-0.0067,0.8923,2.4589120000000007,0,2.5607583333333332,-0.15266547954692133,5.491981432142184,-11.074488462500009,0.8950121060633761
25932.0,-0.1071,-0.0099,0.9088,2.4742120000000005,0,1.3011583333333334,-0.11598732773806826,5.489729523364144,-11.064729775000009,0.9151425353462705
25948.0,-0.1249,-0.016,0.9226,3.0772120000000007,-1.2496679999999998,-1.4316416666666665,-0.06989225825479466,5.472681826653079,-11.076182908333342,0.9311534621103011
25964.0,-0.1101,-0.0046,0.946,1.970412000000001,-2.3106679999999997,-3.805741666666666,-0.04218386580867695,5.441461348545579,-11.106628841666675,0.9523965403129098
25979.0,-0.0901,0.001,0.9454,-1.6937879999999994,-2.5626679999999995,-4.019441666666666,-0.07022636006838301,5.40884885021027,-11.136774654166675,0.9496842475265135
25996.0,-0.0632,-0.0007,0.915,-4.319687999999999,-3.753468,-3.4316416666666667,-0.14446498278351058,5.348549965909363,-11.165943608333341,0.9171803148781597
26011.0,-0.049,-0.0018,0.8888,-4.4952879999999995,-2.715268,-1.6988416666666664,-0.2112017526607154,5.307482657077175,-11.17868492083334,0.8901514927246934
26028.0,-0.0533,0.005,0.8622,-2.5028879999999996,-2.287768,0,-0.25125640272018623,5.265712725534922,-11.17868492083334,0.8638603648738609
26043.0,-0.0719,-0.0062,0.8701,0,-1.7610679999999999,2.4232583333333335,-0.24934653939465443,5.23623334880584,-11.16051048333334,0.8730876588292839
26058.0,-0.1176,-0.0115,0.9053,0.6574120000000008,-1.096968,3.9881583333333337,-0.23894942184897933,5.221760789324305,-11.13059929583334,0.912978696356054
26075.0,-0.1558,-0.0209,0.9177,-0.9379879999999992,-0.814568,2.8813583333333335,-0.25624904205671273,5.218955491663863,-11.106107750000007,0.9310659160338757
26090.0,-0.1521,-0.0199,0.9043,-1.8845879999999993,0,0,-0.287135274312957,5.237401113720535,-11.106107750000007,0.9172180275158137
26106.0,-0.1045,-0.0167,0.8751,-0.9150879999999992,1.437332,-2.4469416666666666,-0.3053507582169766,5.2793135173834855,-11.12568328333334,0.8814755526955923
26122.0,-0.0861,-0.0192,0.8889,0.9322120000000007,1.0938320000000001,-2.317141666666666,-0.2957172498205443,5.313673643899017,-11.144220416666673,0.8932665111824131
26137.0,-0.0752,-0.0177,0.9126,0.7490120000000008,1.170232,-2.2408416666666664,-0.29099971635558164,5.344512409517845,-11.161026729166673,0.9158641220181081
26153.0,-0.0664,-0.0031,0.9213,0,0,-1.0805416666666667,-0.2965376500388859,5.35372421309287,-11.169671062500006,0.9236948955147474
26169.0,-0.0625,0.0114,0.9069,0,0,1.4309583333333333,-0.29939151837808053,5.359025257841989,-11.158223395833339,0.9091225549946498
26185.0,-0.0809,0.0054,0.8948,0.9169120000000008,-0.684768,3.415658333333333,-0.28625984011888744,5.352586993398625,-11.130898129166672,0.8984659203330977
26201.0,-0.1083,-0.0057,0.9003,1.6726120000000009,0,3.2248583333333336,-0.26153855461423164,5.35958313081428,-11.105099262500005,0.9068083976232245
26216.0,-0.1272,-0.0172,0.9237,1.2146120000000007,1.445032,0,-0.24710897492092582,5.39206258090518,-11.105099262500005,0.9325756644905548
26232.0,-0.1123,-0.0162,0.952,0,1.338132,-3.370541666666666,-0.2519450062436687,5.4253219006569795,-11.132063595833339,0.9587375709754989
26248.0,-0.0864,-0.0071,0.9657,-3.7776879999999995,-0.791668,-5.202641666666667,-0.31577245940455473,5.4226384210462175,-11.173684729166672,0.9695833435037959
26264.0,-0.0414,-0.0016,0.9398,-7.296787999999999,-1.432868,-4.874441666666667,-0.4327206503168298,5.403043320224141,-11.212680262500005,0.9407127935772959
26279.0,-0.0363,0.004,0.9169,-8.586888,-2.5549679999999997,-2.851541666666667,-0.5577662842274952,5.362183159459624,-11.234066825000005,0.9176269939359893
26296.0,-0.0439,-0.0051,0.8944,-7.815887999999999,-2.440468,-0.7293416666666666,-0.6842047939656531,5.314309296795689,-11.240266229166672,0.8954912506551921
26311.0,-0.0714,-0.0082,0.8807,-5.785387999999999,-3.677168,0.6217583333333334,-0.7632610748017142,5.253289259176187,-11.235603041666671,0.8836275742641807
26327.0,-0.0911,-0.0177,0.8862,-4.968588,-2.1427680000000002,0,-0.8350693216082352,5.215708275055252,-11.235603041666671,0.891045980856207
26343.0,-0.0966,-0.0214,0.8883,-4.930388,-1.3717679999999999,-2.1568416666666668,-0.9066353406267981,5.193228375474648,-11.252857775000004,0.8937932702812211
26358.0,-0.0997,-0.0212,0.8887,-4.655588,0,-3.591941666666666,-0.9694926689719159,5.195134259031214,-11.279797337500005,0.894526254505702
26375.0,-0.0883,-0.0135,0.8796,-2.609787999999999,-1.8374679999999999,-2.2866416666666662,-1.0066169619719483,5.16725555051876,-11.299233791666671,0.8841240297605308
26390.0,-0.0906,-0.0157,0.8776,0,0,0,-1.000237353015662,5.171643837472277,-11.299233791666671,0.8824038814511188
26406.0,-0.1029,-0.0189,0.8722,2.7872120000000007,1.658732,0.9271583333333334,-0.9513443835796133,5.204567048814393,-11.291816525000005,0.8784523094625001
26422.0,-0.1191,-0.027,0.9103,5.794812,4.467932,1.1103583333333333,-0.8581899899400842,5.284816107426987,-11.282933658333338,0.9184551703812223
26437.0,-0.1245,-0.0115,0.9508,5.878812000000001,3.1931320000000003,0,-0.7710277112293074,5.3440258100497795,-11.282933658333338,0.9589854743425471
26454.0,-0.0983,-0.0116,0.9664,3.382612000000001,2.7045320000000004,-2.2102416666666667,-0.7153824037392451,5.399977997806349,-11.301720712500005,0.9714558198909511
26469.0,-0.0673,-0.0072,0.9609,0,0,-2.4698416666666665,-0.7164130255988901,5.405811756552481,-11.320244525000005,0.9632808209447544
26485.0,-0.037,0.0009,0.9109,-3.5181879999999994,-0.5091679999999998,-0.5309416666666666,-0.770956718524979,5.396870391729048,-11.324492058333337,0.9116515891501534
26501.0,-0.043,0.0,0.8687,-3.7547879999999996,-1.241968,2.4080583333333334,-0.82681615517744,5.371814446665891,-11.305227591666672,0.8697635828200673
26516.0,-0.0638,-0.0087,0.8566,-1.8769879999999992,-1.4022679999999998,4.072158333333333,-0.850199745603719,5.344497298398373,-11.27468640416667,0.8590166994884325
26532.0,-0.0988,-0.0195,0.8673,0.7108120000000008,0.857232,4.652358333333334,-0.8356588274466682,5.354602465343949,-11.237467537500004,0.8731271270553904
26548.0,-0.1476,-0.0354,0.9323,1.4284120000000007,2.994632,2.9881583333333337,-0.8132100872263576,5.4059488497353545,-11.213562270833338,0.9445751478839575
26564.0,-0.1698,-0.0367,0.9606,0,-2.219068,-1.8209416666666665,-0.8164317484052063,5.383997281576961,-11.22812980416667,0.9761819963510903
26579.0,-0.105,-0.022,0.9371,-4.151788,0,-4.019441666666666,-0.8813647002078979,5.397988844769557,-11.25827561666667,0.9432207641904413
26595.0,-0.0748,-0.0057,0.9113,-6.319687999999999,1.0251320000000002,-3.332441666666666,-0.9817567583757394,5.425001649874148,-11.284935150000004,0.9143824254654067
26611.0,-0.0596,-0.0028,0.8701,-5.609787999999999,0.8877320000000002,-0.8667416666666665,-1.0675541514627551,5.445448363941131,-11.291869083333337,0.8721433425762075
26627.0,-0.0698,-0.0148,0.8643,-2.9608879999999997,0.5137320000000001,0.9805583333333334,-1.1103002697945477,5.4574562115407526,-11.28402461666667,0.8672402031732616
26643.0,-0.1071,-0.0233,0.886,0,2.2312320000000003,1.5759583333333333,-1.1069702073160257,5.498613848593809,-11.271416950000004,0.8927537734448396
26658.0,-0.1061,-0.0168,0.8726,2.4360120000000007,1.9488320000000001,0.8507583333333334,-1.0681916410588006,5.53487929077517,-11.265036262500004,0.8791872439929961
26674.0,-0.109,-0.0157,0.8789,5.672612000000001,3.620632,0,-0.9771639397013354,5.600880006838697,-11.265036262500004,0.8857723748232387
26690.0,-0.0897,-0.0093,0.8677,8.306212,5.345732,0,-0.8459763727623816,5.692427372785562,-11.265036262500004,0.8723736985948166
26705.0,-0.0951,-0.0073,0.9102,9.649712000000001,7.162532,0.5607583333333335,-0.7048424116036605,5.80356635511296,-11.260830575000004,0.9151837738946206
26722.0,-0.1132,-0.0131,0.9657,7.497112,6.368632,1.0568583333333335,-0.5832446949219111,5.914795933332046,-11.25184727916667,0.9724002982311348
26737.0,-0.1168,-0.015,0.9846,3.329112000000001,2.139632,1.5988583333333333,-0.5400358228751124,5.950678478606761,-11.23985584166667,0.9916170631851794
26753.0,-0.1012,-0.0065,0.9556,0,-0.7000679999999999,2.5988583333333333,-0.5456226810900102,5.943223573860236,-11.219064975000002,0.9609656861719881
26769.0,-0.0912,-0.0085,0.9205,-0.7013879999999992,-1.8068679999999997,3.5454583333333334,-0.5615073656468121,5.917622002905021,-11.190701308333335,0.9250459123740832
26784.0,-0.0903,-0.0088,0.9113,-0.846387999999999,-1.440468,3.6752583333333337,-0.5780422414260927,5.898852044122218,-11.163136870833334,0.9158052303847145
26800.0,-0.0724,-0.0145,0.8746,0,-0.7458679999999998,3.7286583333333336,-0.5821505087254921,5.887436164394805,-11.133307604166667,0.8777113249810555
26816.0,-0.1053,-0.0192,0.8943,1.6497120000000007,0,3.217158333333334,-0.5611718252323591,5.889524072715321,-11.1075703375,0.9006826411117292
26831.0,-0.1147,-0.0226,0.9117,1.1383120000000009,1.8877320000000002,0,-0.5509170229021826,5.9216872112934436,-11.1075703375,0.9191646968851664
26848.0,-0.1099,-0.0138,0.9285,0,3.658732,-1.8515416666666666,-0.5575200869676605,5.987717098971497,-11.123308441666667,0.9350832583251611
26863.0,-0.0773,-0.0034,0.9056,0,2.9717320000000003,-2.2255416666666665,-0.5626688189749216,6.032584013416675,-11.140000004166668,0.9088994498843093
26880.0,-0.0535,0.0071,0.9167,0,1.4831320000000001,-1.0194416666666666,-0.5651952844977852,6.0521551397237445,-11.148665258333335,0.9182872916467918
26895.0,-0.0483,0.0026,0.9152,-1.281587999999999,-0.5549679999999997,0.7362583333333335,-0.5848086423704668,6.032959166652215,-11.143143320833335,0.9164773265062263
26910.0,-0.0649,0.0026,0.903,-2.3196879999999993,0,1.9958583333333335,-0.6177697928761806,6.019556379011126,-11.128174383333334,0.9053329608492116
26927.0,-0.1017,-0.0116,0.9106,-1.9074879999999992,-1.341268,2.644658333333333,-0.6481465402572837,5.986097956012381,-11.105694787500001,0.9163349878728848
26942.0,-0.1248,-0.0179,0.9178,-2.602187999999999,-2.761068,1.5072583333333334,-0.6855211778467314,5.939674041812119,-11.094390350000001,0.9264190682407178
26958.0,-0.1019,-0.0195,0.8905,-2.0524879999999994,-1.6160679999999998,0.6828583333333333,-0.7173383626492958,5.911060929222589,-11.088927483333334,0.8965233460429237
26974.0,-0.1034,-0.0168,0.8855,-0.846387999999999,-0.562668,0.6141583333333334,-0.7304139514685564,5.901266169489494,-11.084014216666668,0.8916748566602065
26989.0,-0.095,-0.0139,0.8864,0,0,0.9576583333333334,-0.7303206403101514,5.900989351851005,-11.07683177916667,0.8915846398407724
27005.0,-0.1019,-0.0094,0.8988,0.7337120000000008,1.5060320000000003,0.8736583333333334,-0.7184653228165979,5.925488013339116,-11.069842512500003,0.9046067709231455
27021.0,-0.1022,-0.0046,0.891,1.5123120000000008,2.422132,1.1484583333333334,-0.6938113733492184,5.965042631628127,-11.060654845833335,0.8968539457459057
27037.0,-0.1106,-0.0128,0.8995,3.062012000000001,2.498432,2.3240583333333333,-0.6456264138262853,6.007009730118828,-11.04206237916667,0.9063644134673425
27053.0,-0.1237,-0.0179,0.9153,3.4360120000000007,2.895432,2.5759583333333333,-0.5934048063084424,6.057595775498053,-11.021454712500002,0.9237944522457363
27068.0,-0.1189,-0.0254,0.9108,2.649712000000001,1.910632,1.7744583333333335,-0.5588808224219793,6.092219487462879,-11.008146275000003,0.9188792140428469
27084.0,-0.1097,-0.0153,0.9072,1.7337120000000008,0.681632,0.7591583333333334,-0.5371034886757208,6.109776599915528,-11.002073008333337,0.9139365514082474
27100.0,-0.0952,-0.006,0.9011,1.6039120000000007,1.643532,0,-0.5169014382226342,6.141259183754284,-11.002073008333337,0.9061347857796874
27115.0,-0.1068,-0.0121,0.9402,1.8711120000000008,0,0,-0.4946400563752495,6.14651805139498,-11.002073008333337,0.946323776516262
27131.0,-0.1064,-0.0078,0.9532,-0.5486879999999992,-0.9748679999999998,-1.0423416666666665,-0.5082786106101557,6.136312737893416,-11.01041174166667,0.9591517293942602
27147.0,-0.0859,-0.0084,0.938,-3.602187999999999,-1.4939679999999997,-1.2637416666666665,-0.5690418223086899,6.115782117180161,-11.020521675000005,0.9419625098696869
27163.0,-0.0627,-0.0055,0.8953,-4.9990879999999995,-1.1198679999999999,0,-0.6497686277367969,6.097082276829837,-11.020521675000005,0.8975096823990257
27179.0,-0.0642,-0.0048,0.8759,-4.197588,0,0.7362583333333335,-0.7155975271019497,6.092730261843161,-11.014631608333339,0.878262768196398
27195.0,-0.0574,-0.0096,0.8557,-0.7013879999999992,0,1.9271583333333333,-0.7252731891036901,6.084611317378827,-10.999214341666672,0.8576767514629273
27210.0,-0.0941,-0.0179,0.8914,3.168812000000001,0,2.9271583333333338,-0.6781532803362984,6.077325108216144,-10.977260654166672,0.8965317506926344
27226.0,-0.1316,-0.0254,0.9523,2.8253120000000007,-0.8603679999999998,2.2935583333333334,-0.6359748934863831,6.061217425562302,-10.958912187500006,0.9616855047259474
27242.0,-0.15,-0.0232,0.9768,-1.6937879999999994,-1.9748679999999998,-0.5003416666666667,-0.6667055995435626,6.033934058822697,-10.96291492083334,0.988522372028069
27257.0,-0.1112,-0.0164,0.9336,-5.4647879999999995,-0.929068,-2.6759416666666667,-0.7509110952644491,6.025620585040596,-10.98298448333334,0.9403421504962968
27274.0,-0.0765,-0.0132,0.8859,-5.762487999999999,-2.249668,-2.9660416666666665,-0.8490844594489703,5.991008080932359,-11.008195837500006,0.8892948329997201
27289.0,-0.0558,-0.007,0.856,-4.327387999999999,0,-1.6225416666666665,-0.912168601289013,5.989983137673837,-11.020364900000006,0.8578453473674611
27305.0,-0.0775,-0.0128,0.8778,-0.7547879999999991,0,0,-0.9222321648629979,5.987245847804089,-11.020364900000006,0.8813075115985339
27321.0,-0.1001,-0.0171,0.906,0.7566120000000007,0,0.8431583333333335,-0.9088990900342887,5.985468445766758,-11.01361963333334,0.9116734174034032
27336.0,-0.1022,-0.02,0.9265,0,0.7274320000000001,1.0110583333333334,-0.9084741410756783,5.995230055028519,-11.00603669583334,0.9323342158260631
27353.0,-0.1007,-0.0115,0.9103,-1.2585879999999994,0,1.4156583333333335,-0.9286880137896014,5.994853409931985,-10.994003600000006,0.9159251224854573
27368.0,-0.1066,-0.0159,0.89,-1.1288879999999992,1.0938320000000001,1.4080583333333334,-0.9444107103308498,6.012244016787655,-10.983443162500006,0.8965022978219298
27384.0,-0.1177,-0.0181,0.9059,0,1.3839320000000002,0.7439583333333334,-0.9437261582261591,6.037599429548249,-10.97749149583334,0.913693444214196
27400.0,-0.129,-0.0203,0.939,-0.5563879999999992,0,-1.1263416666666666,-0.9524367261929331,6.044120007367827,-10.986502229166673,0.9480369665788354
27416.0,-0.1295,-0.02,0.9606,-2.4799879999999996,0,-2.889641666666667,-0.9916392202356962,6.053278979933165,-11.009619362500006,0.9694960598166452
27431.0,-0.0917,-0.0094,0.9266,-4.571587999999999,-0.5091679999999998,-3.2408416666666664,-1.0575859229943592,6.053051167643855,-11.033925675000006,0.931173888164826
27447.0,-0.0758,-0.0071,0.9036,-4.258588,0,-0.7599416666666665,-1.1208397697623973,6.057116644555261,-11.040005208333339,0.906801527347633
27463.0,-0.0806,-0.0131,0.8859,-2.831187999999999,-0.7000679999999999,0.9805583333333334,-1.1603737182935911,6.048070795552862,-11.032160741666672,0.8896554276797282
27479.0,-0.0966,-0.0253,0.8929,-1.5868879999999994,1.124432,0.7133583333333334,-1.1810512858070137,6.067855167602333,-11.026453875000005,0.8984665046622495
27495.0,-0.1033,-0.0297,0.9104,-0.8005879999999992,2.6893320000000003,-0.8896416666666667,-1.190802201792444,6.112417849459331,-11.033571008333338,0.9167230443269112
27510.0,-0.0986,-0.022,0.9271,-1.319687999999999,2.170232,-2.4316416666666667,-1.207836588132939,6.145585404110616,-11.051808320833338,0.932587995848113
27527.0,-0.0875,-0.0142,0.9349,-2.166987999999999,1.658732,-2.2789416666666664,-1.240811815416415,6.1721279731213485,-11.071179325000005,0.9390931263724593
27542.0,-0.0837,-0.0061,0.9257,-3.2815879999999993,0,0,-1.2839003740259316,6.1686372313687565,-11.071179325000005,0.929496309836677
27557.0,-0.1191,-0.0264,0.9338,-4.869287999999999,-2.196168,1.0110583333333334,-1.350739391010371,6.135527318054721,-11.063596387500004,0.9417346813195318
27574.0,-0.1403,-0.0326,0.8776,-5.556387999999999,-2.211468,-1.4927416666666666,-1.4392748153268686,6.104236490167685,-11.07628469166667,0.8893416722497602
27589.0,-0.1205,-0.0398,0.8647,-4.4952879999999995,-1.982468,-4.561441666666666,-1.502344565466819,6.084175968506631,-11.11049550416667,0.8739624591479888
27606.0,-0.0952,-0.0298,0.8717,-2.418987999999999,0,-6.156841666666667,-1.5396399142407544,6.093031580328634,-11.162828658333336,0.8773892921616949
27621.0,-0.0682,-0.0242,0.8818,-1.1898879999999992,0,-4.9736416666666665,-1.553801478138206,6.097610020401448,-11.200130970833335,0.8847644432276875
27637.0,-0.0593,-0.0201,0.8773,0,-0.6694679999999997,-1.5003416666666667,-1.5500669518636514,6.086829330107635,-11.212133704166668,0.8795315741916262
27653.0,-0.1078,-0.028,0.8883,1.6345120000000009,-1.333568,0.7133583333333334,-1.5216203504111958,6.067506299742896,-11.2064268375,0.8952551200635492
27668.0,-0.13,-0.0308,0.9049,1.5658120000000006,0,0,-1.497407907639385,6.073539338717536,-11.2064268375,0.9147090521034544
27684.0,-0.0999,-0.0276,0.9132,0.8253120000000007,1.2694320000000001,-2.309541666666666,-1.4842814967172613,6.099100770713069,-11.224903170833334,0.9190625713192764
27700.0,-0.0837,-0.0291,0.9155,0,3.040432,-1.7217416666666667,-1.4850174203372153,6.149625570660315,-11.238677104166667,0.9197786418481351
27716.0,-0.0844,-0.0194,0.9303,0,0,-0.7370416666666666,-1.4850590658233815,6.149294670606579,-11.244573437500001,0.9343221125500563
27731.0,-0.1025,-0.03,0.9447,-2.2967879999999994,0.9106320000000001,0.6370583333333334,-1.519530492350705,6.162479947114915,-11.239795500000001,0.9507178025050336
27748.0,-0.1217,-0.0347,0.9226,-3.8158879999999993,0,0,-1.5843734516294314,6.164810060470829,-11.239795500000001,0.931238820067119
27763.0,-0.1158,-0.0316,0.9113,-4.220488,0.8038320000000001,0,-1.647164989916156,6.180840990538023,-11.239795500000001,0.9191713061230752
27779.0,-0.0964,-0.0188,0.9032,-4.105987999999999,1.4679320000000002,0,-1.7101758147623354,6.20718976726348,-11.239795500000001,0.9085244300512783
27795.0,-0.0991,-0.0205,0.8962,-1.815887999999999,1.9564320000000002,0.7668583333333334,-1.735472763636365,6.240597441601456,-11.233660633333335,0.9018955039249281
27810.0,-0.1129,-0.0372,0.9172,0,0,1.2553583333333334,-1.7333141949012933,6.244020892382157,-11.224245445833335,0.9248708504434552
27827.0,-0.1124,-0.0392,0.925,-1.1364879999999993,0,0,-1.7517222072248428,6.248425950728314,-11.224245445833335,0.9326282217475516
27842.0,-0.1105,-0.0364,0.9218,-2.304487999999999,-0.929068,-1.2637416666666665,-1.785793458624601,6.239836986875807,-11.233723508333334,0.9291127219019228
27858.0,-0.1028,-0.0305,0.9039,-2.586887999999999,-0.6542680000000001,-1.7828416666666664,-1.8261846817225047,6.23479137947315,-11.247986241666668,0.9102380457880236
27874.0,-0.0972,-0.0294,0.8868,-1.4341879999999991,0,-1.4316416666666665,-1.8479089801443875,6.239626774249176,-11.259439375000001,0.8925953394455968
27890.0,-0.0878,-0.0254,0.8998,-0.846387999999999,1.834332,-1.0957416666666664,-1.8596287935443792,6.271339489870981,-11.268205308333334,0.9044302294815229
27906.0,-0.075,-0.032,0.9136,-1.4799879999999994,0.9793320000000001,0,-1.881509960292895,6.285612891177865,-11.268205308333334,0.9172316828370027
27921.0,-0.0958,-0.0365,0.8975,-2.8234879999999993,0,1.1255583333333334,-1.9222860794691163,6.283998674990995,-11.259763620833334,0.90333611684688
27937.0,-0.1085,-0.046,0.8861,-2.861687999999999,0.6969320000000001,0,-1.9677803932981779,6.294866145272435,-11.259763620833334,0.8939023772202421
27953.0,-0.0956,-0.0392,0.8711,-2.0982879999999993,2.185432,-0.7141416666666667,-2.0015694126235086,6.328821089928011,-11.265476754166668,0.8772064808242128
27969.0,-0.0765,-0.0342,0.8622,0,0.5824320000000001,0.5454583333333334,-2.0022624829221374,6.334644535566406,-11.261113087500002,0.8662625064032264
27984.0,-0.0912,-0.0305,0.8677,2.8253120000000007,0.6969320000000001,2.2095583333333337,-1.961343499633418,6.34114725383914,-11.244541400000001,0.8730125886835768
28001.0,-0.1239,-0.0322,0.9126,4.626812000000001,1.658732,2.1408583333333335,-1.8856314411057555,6.368143652521237,-11.226344104166667,0.921535029176862
28016.0,-0.1295,-0.0343,0.9606,3.054312000000001,2.925932,0,-1.843612179992076,6.412896206122172,-11.226344104166667,0.9698964377705488
28032.0,-0.1157,-0.0289,0.9673,0,1.674032,-1.2102416666666664,-1.846628596808434,6.440769611409581,-11.2360260375,0.9746235119265285
28048.0,-0.1006,-0.0266,0.9382,-3.090687999999999,0,-1.5232416666666666,-1.8972665086238385,6.441068224733008,-11.248211970833333,0.9439529437424304
28063.0,-0.0624,-0.0283,0.926,-5.136487999999999,0,0,-1.973517856771216,6.436110104134913,-11.248211970833333,0.928531448040399
28080.0,-0.0924,-0.0289,0.8925,-5.556387999999999,0,2.5530583333333334,-2.0651316586890873,6.430698360221276,-11.226510975,0.8977356069578615
28095.0,-0.1193,-0.0421,0.8624,-2.9227879999999997,-0.9442680000000001,3.110358333333333,-2.106919741634768,6.414778728774377,-11.2031832875,0.8716298870506909
28110.0,-0.1394,-0.0481,0.8643,0,-1.7229679999999998,1.6828583333333333,-2.107107428046385,6.393189662238854,-11.19056185,0.87678986079904
28127.0,-0.1167,-0.0406,0.8793,2.611612000000001,2.132032,-0.8515416666666666,-2.064770101162741,6.434755581141003,-11.197799954166667,0.8879390407004301
28142.0,-0.092,-0.0302,0.9135,4.084912000000001,3.910632,-0.5156416666666666,-2.00617126502976,6.495545565370652,-11.201667266666668,0.9186175972623212
28158.0,-0.0934,-0.0344,0.9354,4.2223120000000005,4.330532,1.2629583333333334,-1.9425015570296007,6.5636827009251455,-11.191563600000002,0.9406806471911708
28174.0,-0.1134,-0.0355,0.9329,4.031412,3.8572319999999998,2.2782583333333335,-1.8831611221084334,6.623906809149639,-11.173337533333335,0.9404372493686114
28189.0,-0.1345,-0.0469,0.9561,3.298612000000001,5.513732,1.8813583333333335,-1.841087656499199,6.706558359164126,-11.159227345833335,0.9666525073675648
28206.0,-0.1409,-0.0453,0.9969,0,6.299932,-0.7064416666666666,-1.8491547268213748,6.8143726215128035,-11.1652321,1.0078266269552516
28221.0,-0.1036,-0.0292,0.9857,-4.472388,5.467932,-2.2637416666666663,-1.9216232824772168,6.893649258099954,-11.1822101625,0.9915594233327623
28236.0,-0.0914,-0.0187,0.9581,-7.831187999999999,2.872532,-1.0499416666666666,-2.0398155624777488,6.930496431154362,-11.190084725,0.9626314247935187
28253.0,-0.1023,-0.0359,0.9086,-8.464787999999999,-2.173268,0,-2.1818877939874537,6.8877809053073,-11.190084725,0.9150453868524774
28268.0,-0.118,-0.0323,0.8672,-8.113588,-2.1122680000000003,-0.8744416666666666,-2.2994059191938554,6.853231654107071,-11.1966430375,0.875787148798154
28284.0,-0.0831,-0.0327,0.8569,-6.014387999999999,-0.7610679999999999,-2.4469416666666666,-2.3897613976956014,6.836297764744798,-11.216218570833332,0.8615407767482628
28300.0,-0.0779,-0.0273,0.8291,-3.838787999999999,1.223632,-0.9660416666666667,-2.443788067295946,6.848568407970702,-11.223946904166665,0.8331989618332466
28316.0,-0.0962,-0.0474,0.8218,-0.5944879999999992,0,0,-2.4480563217353604,6.841747755216636,-11.223946904166665,0.8287680254449974
28332.0,-0.1584,-0.0493,0.8553,1.5047120000000007,0.8038320000000001,-1.3018416666666666,-2.4213679643240904,6.855358090018213,-11.234361637499997,0.8712400013773473
28348.0,-0.1449,-0.0559,0.8733,2.634512000000001,2.8267320000000002,-4.759941666666666,-2.3801039864473035,6.905393570690527,-11.27244117083333,0.8870026550129374
28363.0,-0.1211,-0.0514,0.9142,1.6039120000000007,3.109132,-6.042341666666666,-2.3589665148055565,6.956637751716038,-11.31775873333333,0.9236172421517477
28379.0,-0.0956,-0.0474,0.9249,0,3.315232,-5.133941666666666,-2.3626866099856403,7.010500966318584,-11.358830266666663,0.9310349778606603
28395.0,-0.1158,-0.0397,0.9309,-1.785387999999999,0.7656320000000001,-3.614841666666666,-2.394075795759573,7.02339243289169,-11.387748999999996,0.938914554152826
28410.0,-0.0969,-0.0328,0.9163,-2.678487999999999,1.3457320000000002,-1.3934416666666667,-2.435216253512781,7.041739101588074,-11.398199812499996,0.9219930260039931
28427.0,-0.1072,-0.036,0.9113,-1.960887999999999,0.6587320000000001,1.9958583333333335,-2.4683533084220195,7.050421894971005,-11.381235016666663,0.9182894587220306
28442.0,-0.1334,-0.0492,0.8846,-0.7471879999999993,1.147332,2.9958583333333335,-2.480503174902185,7.068069505405976,-11.358766079166664,0.8959538827417403
28457.0,-0.1479,-0.0582,0.9039,0,1.399232,1.7897583333333333,-2.4836670985131777,7.093506008156035,-11.345342891666663,0.9177673234540441
28474.0,-0.1351,-0.0509,0.8925,-1.098287999999999,0,0,-2.5062370626035557,7.100441159300929,-11.345342891666663,0.904101249860877
28489.0,-0.1018,-0.0414,0.8844,0,-1.6618679999999997,0.7133583333333334,-2.5099905352225584,7.081091439980776,-11.339992704166663,0.8912017504471139
28506.0,-0.0802,-0.0203,0.9005,0,-0.8603679999999998,2.125558333333333,-2.510866466401184,7.067706208612765,-11.32192545833333,0.904292198351838
28521.0,-0.0764,-0.0264,0.9113,0,0,3.8202583333333333,-2.509914307226847,7.064212296004947,-11.293273520833331,0.9148779208178542
28537.0,-0.1204,-0.056,0.897,0.9017120000000007,1.9488320000000001,4.7744583333333335,-2.49699534837798,7.092846744049554,-11.255077854166665,0.9067751430205837
28553.0,-0.1409,-0.069,0.9351,1.4589120000000009,2.139632,3.117958333333333,-2.47893227912369,7.127224567554756,-11.230134187499997,0.9481697210942776
28568.0,-0.1427,-0.066,0.9371,0.5047120000000008,2.101532,1.3316583333333334,-2.479273665191701,7.161417804115061,-11.220146749999998,0.9501977162675146
28584.0,-0.1447,-0.0681,0.9547,-2.418987999999999,-1.219068,-1.6835416666666665,-2.5274128913839875,7.147705143138481,-11.233615083333332,0.9680019576426485
28600.0,-0.1033,-0.0479,0.9254,-6.228088,-2.0969679999999995,-3.4545416666666666,-2.6342260426294053,7.1183527366198645,-11.261251416666665,0.9323789251157493
28616.0,-0.0625,-0.0347,0.8805,-7.502887999999999,-5.280168,-3.0499416666666663,-2.7574871861230226,7.0333920330486555,-11.285650949999999,0.8833971870002756
28632.0,-0.037,-0.0265,0.826,-6.548687999999999,-3.654268,-1.2866416666666665,-2.861370399608465,6.9675322229021095,-11.295944083333332,0.8272528331773786
28648.0,-0.0356,-0.031,0.8099,-2.212787999999999,0.9259320000000002,1.4690583333333334,-2.8940676626944564,6.967428090299919,-11.284191616666664,0.8112745342977308
28663.0,-0.0804,-0.0393,0.8313,2.7261120000000005,3.582432,4.659958333333333,-2.8512148721632395,7.004134632862135,-11.249241929166665,0.8361030678092265
28679.0,-0.1428,-0.0566,0.8716,6.497112,3.681632,5.988158333333334,-2.7492354854680405,7.051389239652979,-11.201336662499997,0.8850321802058952
28695.0,-0.2218,-0.088,0.9197,6.718412000000001,0,0.6370583333333334,-2.651095971846167,7.054892241694662,-11.196240195833331,0.9501512142811795
28710.0,-0.1451,-0.0526,0.9413,4.168812000000001,3.605332,-3.530941666666666,-2.599093652021455,7.114571621562667,-11.22272225833333,0.9538692048703533
28726.0,-0.1182,-0.0439,0.9412,3.9856120000000006,0,-3.805741666666666,-2.545944218364834,7.119575268926218,-11.253168191666663,0.94960828239859
28742.0,-0.0984,-0.0383,0.9506,2.7566120000000005,-0.7229679999999998,-2.2637416666666663,-2.511512404186868,7.110089585796508,-11.271278124999997,0.9564464491020916
28758.0,-0.1174,-0.0443,0.9495,1.4055120000000008,-1.7305679999999999,0,-2.4982555580226995,7.084652467858264,-11.271278124999997,0.9577554489534372
28774.0,-0.1196,-0.0382,0.9519,-1.418987999999999,-1.409968,0.7439583333333334,-2.528154020315934,7.06468082434894,-11.26532645833333,0.9601442652018497
28789.0,-0.126,-0.038,0.9293,-4.609787999999999,-0.8908679999999998,0.5530583333333334,-2.601828931643309,7.055199704977524,-11.26117852083333,0.9385725811038803
28805.0,-0.1384,-0.0447,0.8959,-5.625088,-1.180968,-0.8438416666666666,-2.6944680831046,7.043513628474296,-11.267929254166663,0.9076284812631212
28821.0,-0.12,-0.0507,0.8774,-4.457088,-0.7839679999999998,-2.095741666666666,-2.7678159561227558,7.039042016372503,-11.284695187499997,0.8870181790696287
28836.0,-0.1195,-0.0524,0.9194,-3.4418879999999996,-2.5549679999999997,-1.9583416666666664,-2.821147954659986,7.009335823641057,-11.299382749999998,0.9286131433487251
28853.0,-0.0996,-0.0439,0.9072,-4.151788,-2.6084680000000002,0,-2.8916874621170967,6.972003559643296,-11.299382749999998,0.9137063040167777
28868.0,-0.1088,-0.0499,0.8958,-3.686088,-1.929068,1.7057583333333333,-2.9463760291570225,6.949747832856104,-11.286589562499998,0.9037616333967713
28884.0,-0.108,-0.0408,0.8594,-2.0982879999999993,0,2.2019583333333337,-2.978268182821815,6.956077051474702,-11.268973895833332,0.8671199455669326
28900.0,-0.0977,-0.0377,0.8547,1.3520120000000009,1.8114320000000002,1.7897583333333333,-2.9546879207002186,6.989267463733757,-11.254655829166666,0.8610915572690282
28915.0,-0.078,-0.0433,0.8562,4.687912000000001,2.742732,2.1713583333333335,-2.883915206736223,7.029911682666837,-11.238370641666666,0.8608352513692733
28932.0,-0.094,-0.0487,0.8894,6.642112000000001,1.674032,3.4996583333333335,-2.773320457649896,7.055382374383943,-11.208623545833333,0.8956785416654794
28947.0,-0.1144,-0.0503,0.9294,5.611612000000001,0.9564320000000002,2.9347583333333334,-2.693493372256077,7.066738153916884,-11.186612858333334,0.9377642614218139
28963.0,-0.0979,-0.0409,0.9337,3.031412000000001,0,2.8202583333333333,-2.649369515773158,7.061873643496091,-11.164050791666666,0.9397089496221689
28979.0,-0.1022,-0.0355,0.9186,1.7566120000000007,-1.1732679999999998,3.919458333333333,-2.624766948953361,7.0377435180925145,-11.132695125,0.9249492148220896
28994.0,-0.1196,-0.0409,0.9078,1.6726120000000009,-1.814568,4.0568583333333335,-2.603132433128617,7.007288359302106,-11.1022686875,0.9165575868432927
29010.0,-0.126,-0.0417,0.9092,0.8177120000000008,-0.9137679999999997,1.9805583333333334,-2.5933519210998313,6.991887851645587,-11.086424220833333,0.9188359646857539
29026.0,-0.1168,-0.0469,0.9137,0,1.048032,0,-2.5969112634602807,7.008225424995479,-11.086424220833333,0.9223283254893563
29042.0,-0.1169,-0.0453,0.9305,-0.9379879999999992,1.5977320000000002,-1.2942416666666665,-2.615095062259594,7.0332115447156145,-11.096778154166666,0.9389078495784344
29058.0,-0.108,-0.0466,0.9458,-2.686087999999999,0,-1.5996416666666666,-2.6603915501064948,7.03162807435763,-11.109575287499998,0.9530861451096642
29073.0,-0.0872,-0.0421,0.9272,-4.968588,-1.2267679999999999,0,-2.735328269752559,7.00883915584332,-11.109575287499998,0.9322425060036685
29089.0,-0.097,-0.0413,0.9015,-5.731888,-3.1122680000000003,2.7973583333333334,-2.8253133641106545,6.954450171053589,-11.087196420833331,0.9076436194894998
29105.0,-0.1351,-0.0514,0.873,-5.128887999999999,-2.8374680000000003,4.4920583333333335,-2.9051856902483313,6.909451357170438,-11.051259954166664,0.8848858513955346
29121.0,-0.1643,-0.0629,0.8728,-3.2967879999999994,-1.5244679999999997,2.362258333333333,-2.9571880230832894,6.893205871261874,-11.032361887499997,0.8903542778018197
29136.0,-0.1454,-0.0598,0.877,-1.5257879999999993,0,-0.6606416666666666,-2.9807047549692225,6.905335276940095,-11.037316699999996,0.890980471166456
29153.0,-0.1128,-0.0471,0.8937,-0.5639879999999993,0.651132,-1.6759416666666664,-2.9906816027414127,6.92746311512185,-11.051562204166663,0.9020210307969544
29168.0,-0.0953,-0.0406,0.8962,-0.7624879999999992,1.422132,0,-3.00141870120762,6.956427359771552,-11.051562204166663,0.9021667750477181
29184.0,-0.0983,-0.0487,0.8915,-1.0753879999999991,0.6587320000000001,2.6523583333333334,-3.0178742009239117,6.972181987701373,-11.030343337499996,0.8982242648693031
29200.0,-0.1196,-0.0592,0.8741,0,0.8877320000000002,3.3164583333333333,-3.018813958650113,6.992311807360022,-11.00381167083333,0.8842282567301273
29215.0,-0.132,-0.0635,0.8701,1.7184120000000007,1.620632,1.7286583333333334,-2.9965509355509616,7.0245650746553965,-10.99084673333333,0.8823436178723116
29232.0,-0.1216,-0.0604,0.8779,3.619212000000001,2.322832,0,-2.941136277872774,7.071978098071716,-10.99084673333333,0.8883372839186702
29247.0,-0.0923,-0.0474,0.9019,5.313912,1.422132,-0.8820416666666666,-2.868515195087609,7.097395471459375,-10.997462045833329,0.9078489191489959
29262.0,-0.0919,-0.0361,0.9282,4.962712000000001,1.070932,0,-2.8004508942572817,7.113751363236787,-10.997462045833329,0.9334366930863603
29279.0,-0.1104,-0.0447,0.9642,1.4131120000000008,-0.600768,1.2324583333333334,-2.782143880295559,7.102757905856844,-10.986986149999995,0.9715286357076666
29294.0,-0.124,-0.0422,0.9626,-3.0753879999999993,-1.2877679999999998,0.6065583333333334,-2.8317417912080005,7.083646916613671,-10.982436962499994,0.9714708436180677
29310.0,-0.1189,-0.0414,0.9255,-5.586887999999999,-1.8679679999999999,0,-2.921805023429753,7.055019998656932,-10.982436962499994,0.9340243144586762
29326.0,-0.1122,-0.0461,0.8977,-6.037287999999999,-1.5549679999999997,-0.8057416666666666,-3.0170548987915553,7.031888146254729,-10.988882895833328,0.9058583443342563
29342.0,-0.1077,-0.052,0.885,-5.312087999999999,-2.684768,-0.8515416666666666,-3.0997836328881223,6.991154543916069,-10.99569522916666,0.8930443941932562
29358.0,-0.0996,-0.0524,0.8745,-4.686088,-1.8068679999999997,-1.0957416666666664,-3.1718509553956156,6.963836961067782,-11.004461162499993,0.8817120675141064
29373.0,-0.1124,-0.0537,0.8763,-3.0677879999999993,-0.7763679999999997,-0.8667416666666665,-3.2149695908808207,6.954504979334047,-11.010961724999992,0.8851096768197713
29389.0,-0.1313,-0.0535,0.8741,-1.2509879999999993,-0.9977679999999998,-0.8286416666666665,-3.232509560508376,6.944005324296344,-11.017590858333326,0.8855239974162191
29405.0,-0.1442,-0.0608,0.8822,0.7719120000000008,0,-1.1263416666666666,-3.2195257999813984,6.953454054262489,-11.02660159166666,0.8959727227990816
29421.0,-0.1257,-0.062,0.8838,2.084912000000001,0,-2.4240416666666667,-3.1877659046975766,6.96405434038792,-11.045993924999994,0.894844640147104
29436.0,-0.0996,-0.052,0.8943,3.168812000000001,1.826732,-2.782841666666666,-3.1428344837282767,6.999046523057726,-11.066865237499995,0.9013304887775626
29453.0,-0.0835,-0.0431,0.9004,3.7719120000000004,2.742732,-2.0728416666666662,-3.081463158184917,7.04802955990108,-11.084484391666662,0.9052900198279001
29468.0,-0.0864,-0.0375,0.9501,2.741412000000001,3.277032,0,-3.0418374092053755,7.094378253411347,-11.084484391666662,0.9547571523691247
29484.0,-0.0969,-0.0399,0.9504,0,0,2.2935583333333334,-3.041790497340401,7.089251444184524,-11.066135924999996,0.9561599134036106
29500.0,-0.1174,-0.0499,0.9227,-2.090687999999999,-2.3564679999999996,4.102658333333333,-3.0745904548857816,7.048117943161452,-11.03331465833333,0.9314762798912273
29515.0,-0.1357,-0.0577,0.8756,-2.4876879999999995,-1.959568,3.0416583333333334,-3.1118532809266886,7.019700975161871,-11.01050222083333,0.8879296931626963
29532.0,-0.1348,-0.0596,0.8608,-0.5334879999999993,0.6282320000000001,0.7439583333333334,-3.122237215896117,7.034642484104842,-11.004178574999996,0.8733268803832847
29547.0,-0.1392,-0.0591,0.876,2.0391120000000007,1.231232,-0.8286416666666665,-3.0947791855801845,7.060415689631754,-11.010393387499995,0.8889575074209115
29562.0,-0.1141,-0.0477,0.9055,2.588712000000001,1.651132,-1.5461416666666665,-3.059275187908065,7.091369605003647,-11.021989449999996,0.9139060947384036
29579.0,-0.0983,-0.0399,0.9348,1.1841120000000007,1.3610320000000002,-1.2179416666666667,-3.041174671304392,7.117231613723434,-11.032341954166663,0.9408006909011067
29594.0,-0.0895,-0.0343,0.9315,-0.6326879999999993,-0.715268,0,-3.050331415295325,7.105771217783789,-11.032341954166663,0.9364181704772713
29611.0,-0.1057,-0.0403,0.9215,-1.4952879999999993,-0.959568,2.1026583333333333,-3.073807802190794,7.087999160395278,-11.01446935833333,0.9284173791996787
29626.0,-0.134,-0.0551,0.9098,-1.5792879999999994,-2.0969679999999995,1.6294583333333335,-3.0960264331125504,7.058483485375925,-11.002248420833329,0.9212643757358688
29642.0,-0.1482,-0.063,0.9053,-2.205187999999999,-1.738168,-0.7599416666666665,-3.130982935561266,7.037428561508126,-11.008327954166662,0.9195109189128752
29658.0,-0.12,-0.0575,0.8676,-1.5105879999999992,0,-3.5232416666666664,-3.1555831447484284,7.045023154235968,-11.036513887499995,0.8777448433343258
29673.0,-0.0824,-0.0461,0.8671,1.3826120000000008,1.261832,-3.2331416666666666,-3.135401813129656,7.06719438912738,-11.060762449999995,0.8722255327608794
29689.0,-0.087,-0.045,0.8956,3.2299120000000006,1.8572320000000002,-0.7293416666666666,-3.0847105868828453,7.096162170297915,-11.066597183333329,0.9009402643904866
29705.0,-0.1057,-0.049,0.9077,3.619212000000001,1.4908320000000002,1.0034583333333333,-3.0288004811234863,7.11796399125217,-11.058569516666662,0.9151463161702613
29721.0,-0.1193,-0.0494,0.9165,3.5352120000000005,1.460232,1.3698583333333334,-2.9751892459924383,7.1396618333492645,-11.047610649999996,0.9255512411530763
29736.0,-0.1228,-0.0508,0.9264,2.6879120000000007,0.9183320000000001,1.0874583333333334,-2.9385532688088714,7.152539836159739,-11.039454712499996,0.9358832405807895
29752.0,-0.1245,-0.0449,0.9312,1.1383120000000009,0,0.6294583333333335,-2.92352700309043,7.152702387328437,-11.03441904583333,0.9405581853346447
29768.0,-0.1211,-0.0458,0.929,0,-0.6236679999999999,0.8660583333333334,-2.9260757026429713,7.143627107101384,-11.027490579166663,0.937978597836859
29784.0,-0.1149,-0.0448,0.8998,-0.8998879999999991,0,1.4309583333333333,-2.9422406563032237,7.144689077394184,-11.016042912499996,0.9082120292090389
29800.0,-0.1146,-0.0453,0.8754,0,0,1.4385583333333334,-2.94379490499124,7.146236165393959,-11.004534445833329,0.88403077435121
29815.0,-0.0997,-0.0518,0.8618,1.1612120000000008,0,1.5149583333333334,-2.9290078714423733,7.146561407998989,-10.99317225833333,0.8690929582041268
29831.0,-0.0924,-0.0496,0.8606,2.588712000000001,0,1.9729583333333334,-2.8914213747284565,7.14489824673674,-10.977388591666662,0.8669661354401336
29847.0,-0.1099,-0.0552,0.8915,3.2604120000000005,0,1.8202583333333333,-2.844924908462834,7.143197310975249,-10.962826524999995,0.8999429426358095
29862.0,-0.1162,-0.0543,0.9048,1.8788120000000008,0.5977320000000002,0.7515583333333334,-2.8234360291427647,7.150838615052592,-10.957189837499996,0.9138457036064678
29879.0,-0.1172,-0.0483,0.9094,0.8559120000000008,0,0,-2.815460374792355,7.1500624677799705,-10.957189837499996,0.9181922946747049
29894.0,-0.12,-0.0466,0.9146,0,0,0,-2.821404284686354,7.150039841252143,-10.957189837499996,0.923615028028453
29910.0,-0.1287,-0.0507,0.9163,-1.5792879999999994,0,0,-2.852041312994497,7.1517411967486675,-10.957189837499996,0.9266821839228376
29926.0,-0.1198,-0.0446,0.9084,-2.2738879999999995,0,-1.9507416666666664,-2.892295490059176,7.153968134086548,-10.97279577083333,0.9173504019729866
29941.0,-0.1044,-0.0387,0.8893,-1.174687999999999,-0.5549679999999997,-2.355341666666667,-2.912161232661332,7.146873375790333,-10.99046083333333,0.8962430139197739
29958.0,-0.0901,-0.0331,0.8835,1.2452120000000009,-1.3870679999999997,-1.5156416666666666,-2.8918789664729823,7.122256625309157,-11.003343787499997,0.888698976031817
29973.0,-0.0889,-0.0383,0.9066,2.7643120000000008,0,-0.5079416666666665,-2.851053590076081,7.118284518691878,-11.007153349999998,0.9117530696411172
29989.0,-0.1011,-0.0437,0.9404,1.863512000000001,0.864832,0,-2.821968385188165,7.126316202006688,-11.007153349999998,0.9468278935477134
30005.0,-0.1113,-0.0402,0.9484,0,0,1.1713583333333335,-2.8217516043747626,7.12031672617649,-10.997782483333332,0.9557543042016604
30020.0,-0.1276,-0.0508,0.9412,-2.3196879999999993,-0.8450679999999999,1.8584583333333335,-2.856157238040967,7.103864500652689,-10.983844045833331,0.9511676192974612
30036.0,-0.1339,-0.0497,0.9176,-3.7242879999999996,-1.333568,0.9423583333333334,-2.914639423235561,7.0820444309166515,-10.976305179166665,0.92864905104135
30052.0,-0.1357,-0.0475,0.9011,-3.3120879999999993,-0.5320679999999998,0,-2.9657354429013645,7.076215884415668,-10.976305179166665,0.9124976438325745
30068.0,-0.1364,-0.0553,0.9058,-2.3425879999999992,-1.8603679999999998,-0.7522416666666665,-3.0017711392105015,7.052381256197144,-10.9823231125,0.9176800586260988
30084.0,-0.1067,-0.054,0.8923,-1.785387999999999,-0.8450679999999999,-1.2866416666666665,-3.029346092760244,7.043915196576306,-10.992616245833332,0.9002778348932068
30100.0,-0.0879,-0.042,0.8906,-0.846387999999999,0,-0.9507416666666666,-3.041073050823377,7.045628865396288,-11.000222179166666,0.8959122557482958
30115.0,-0.0769,-0.0387,0.8997,0,-0.9213679999999997,0.9881583333333335,-3.03831319736108,7.02932534013353,-10.992810991666666,0.9038093770259302
30131.0,-0.0986,-0.0491,0.9071,0,0,2.873658333333333,-3.0359630957471797,7.025484437736779,-10.969821725,0.9137631968951255
30147.0,-0.1018,-0.0496,0.8958,0,-1.066468,4.484358333333334,-3.034111453432511,7.004298152215793,-10.933946858333332,0.902929144506921
30162.0,-0.1112,-0.0581,0.8966,0.7261120000000008,-2.661868,5.331658333333333,-3.0230842831926035,6.961659354210855,-10.893959420833331,0.9053356338949661
30179.0,-0.1151,-0.0598,0.886,0,-2.0206679999999997,4.644658333333333,-3.0245504621874373,6.926464682521626,-10.854479824999999,0.8954440518536041
30194.0,-0.1088,-0.0464,0.8634,1.5200120000000008,-1.089368,4.201958333333334,-3.003558023367835,6.9101956336339185,-10.822965137499999,0.8714642620325861
30211.0,-0.1267,-0.0573,0.8844,4.229912000000001,-1.066468,3.3240583333333333,-2.936002614319321,6.894947243208544,-10.794710641666665,0.8952650668935989
30226.0,-0.1359,-0.0486,0.9305,4.054312,0,0,-2.88027641618462,6.900409166610334,-10.794710641666665,0.9416267944360972
30241.0,-0.1283,-0.0416,0.9761,0.7490120000000008,0,-2.362941666666667,-2.8727262547842707,6.906450365530736,-10.812432704166666,0.9853743755547939
30258.0,-0.0927,-0.0309,0.9828,-4.044887999999999,-1.8603679999999998,-3.6225416666666668,-2.9410330874615003,6.87749489245316,-10.843224308333332,0.9876456550808088
30273.0,-0.0721,-0.0211,0.9506,-8.151788,-3.0969679999999995,-2.882041666666667,-3.0570256722782143,6.829085977087482,-10.864839620833331,0.9535638311093809
30289.0,-0.0817,-0.0176,0.9078,-9.258588,0,-1.2637416666666665,-3.192805686733341,6.82403293841191,-10.874949554166665,0.9116389032945007
30305.0,-0.1349,-0.0741,0.9456,-7.999087999999999,-5.012968,0.5149583333333334,-3.3099384632165756,6.74365591719284,-10.8708298875,0.9580439342744151
30321.0,-0.1603,-0.0776,0.9518,-11.472387999999999,-5.837468,-2.9278416666666667,-3.48297380762704,6.657813771103537,-10.894252620833333,0.9683186923735387
30337.0,-0.1136,-0.0803,0.8976,-15.983787999999999,-5.745868,-9.172141666666667,-3.727398832023773,6.575485147470444,-10.967629754166666,0.9083164701798596
30353.0,-0.0854,-0.0951,0.8583,-18.388388,-0.967168,-12.935441666666668,-4.010500608435208,6.5671802837685505,-11.0711132875,0.8677649797036061
30368.0,-0.1272,-0.1006,0.8395,-19.983787999999997,0,-16.011841666666665,-4.2995129507243295,6.5773586957259775,-11.1912021,0.8550207307428282
30385.0,-0.116,-0.1005,0.7933,-17.014387999999997,3.5060320000000003,-24.294241666666665,-4.5784598280659905,6.6479509355238635,-11.397703154166667,0.8080106063660304
30400.0,-0.0179,-0.0609,0.7588,-10.289188,6.109132,-29.340041666666664,-4.720530052572339,6.738570438078885,-11.617753466666667,0.7614503660777897
30416.0,0.0741,-0.0179,0.7679,-1.5181879999999992,8.544232000000001,-22.943141666666666,-4.727554081734721,6.850194464167224,-11.801298599999999,0.7716745622346249
30432.0,0.0542,-0.0428,0.7363,8.390212000000002,10.895432,-0.8286416666666665,-4.5781963272452755,6.979662207494744,-11.807927733333333,0.7395317234574862
30447.0,-0.1339,-0.0811,0.7942,17.665012,10.826732,11.087458333333332,-4.30734461332293,7.103868194482323,-11.724771795833332,0.8094813524720629
30464.0,-0.2303,-0.0941,0.833,24.703212,7.765632,9.583658333333332,-3.894598695303406,7.216385841897411,-11.643310699999999,0.8693571763090243
30479.0,-0.2057,-0.0658,0.8591,27.932212000000003,4.086232000000001,3.2858583333333335,-3.4911464078948655,7.2721653322417765,-11.618666762499998,0.8858300852872406
30495.0,-0.1183,-0.0792,0.889,27.252812000000002,2.544232,-0.7599416666666665,-3.080700601338558,7.307859555524779,-11.624746295833331,0.9003269017418063
30511.0,-0.1085,-0.0405,0.9418,22.848212000000004,0.7351320000000001,-1.5614416666666664,-2.743416298304445,7.3134036449502435,-11.637237829166665,0.9488939561405163
30527.0,-0.032,-0.0114,0.9115,15.794812,-1.1503679999999998,-2.1721416666666666,-2.5163938330897,7.278845818108875,-11.654614962499998,0.9121327809041839
30542.0,-0.0388,-0.0551,0.9364,10.955112,-5.501568,7.186658333333334,-2.3796777183145736,7.173382000746328,-11.600715024999998,0.9388218201554542
30559.0,-0.1727,-0.046,0.926,6.550512,-12.593167999999999,9.087458333333332,-2.295635050270071,6.950694600645523,-11.523471629166664,0.9430892269557531
30574.0,-0.2548,-0.0872,0.9586,-2.304487999999999,-1.6389679999999998,5.7820583333333335,-2.3594417608139766,6.936623093770681,-11.480106191666664,0.9957112231967661
30589.0,-0.2299,-0.0608,1.0176,-7.609788,-3.257268,0,-2.4989455331733104,6.91113633650752,-11.480106191666664,1.0450169424463893
30606.0,-0.248,-0.0576,0.9802,-9.754788,-4.516868,-4.561441666666666,-2.6852946263094086,6.872276140577552,-11.51887844583333,1.012725925411214
30621.0,-0.2258,-0.0472,0.9415,-3.640287999999999,4.048032,-7.378241666666667,-2.7570537660462358,6.978907417009587,-11.57421525833333,0.969348095371317
30638.0,-0.2146,-0.0552,0.9912,8.512312000000001,3.964132,-10.240841666666666,-2.6310117938834687,7.096436658597606,-11.661262412499998,1.015666106552739
30653.0,-0.1477,-0.0365,1.0294,12.932212,2.933532,-15.126341666666667,-2.4558232132439892,7.185635942652133,-11.774709974999997,1.0405824811133426
30669.0,-0.031,-0.0127,1.0229,11.939812,11.819032,-13.523241666666667,-2.2813539336219293,7.3987973587122715,-11.88289590833333,1.0234484354377604
30685.0,-0.0187,0.015,1.0447,14.710812,9.361032,-3.630141666666666,-2.0584612737288017,7.552748459205221,-11.911937041666663,1.0449750140553602
30701.0,-0.0745,0.0144,1.0649,21.100112000000003,-1.7687680000000001,6.369858333333334,-1.7322843775669476,7.52084402062313,-11.860978174999996,1.0675999344323697
30716.0,-0.0918,0.0068,1.0887,21.634512,-9.463368,10.430958333333333,-1.4195697224296608,7.372585120709129,-11.782745987499997,1.0925846283011673
30732.0,-0.1141,-0.007,1.077,14.168812,-3.7458679999999998,12.369858333333333,-1.2054190252361485,7.30544965715502,-11.68378712083333,1.0830497726328185
30748.0,-0.1392,-0.0242,1.0651,4.268112,-4.058768,12.156158333333332,-1.149656961040441,7.235810098319179,-11.586537854166663,1.0744302164403232
30764.0,-0.153,-0.0211,1.0178,-7.113588,-3.0740679999999996,11.171358333333332,-1.2722679061117392,7.186170014863484,-11.497166987499996,1.0294518201450713
30780.0,-0.1735,-0.0353,0.9508,-14.861688,-5.906168,8.705758333333334,-1.5146731253958436,7.099258364342103,-11.427520920833329,0.9671447564868456
30795.0,-0.1624,-0.0377,0.879,-18.006687999999997,-7.440468,3.881358333333333,-1.7851205387101745,7.002734756438895,-11.398410733333328,0.8946709171533408
30812.0,-0.127,-0.0406,0.8267,-18.716687999999998,-6.509168,-0.9202416666666666,-2.0989608351586218,6.910778043790487,-11.406232787499995,0.8373829768988619
30827.0,-0.0804,-0.0325,0.7776,-18.136487999999996,-7.616067999999999,-3.7980416666666663,-2.3621226969530573,6.813995378999163,-11.434718099999996,0.7824207116379269
30843.0,-0.0408,-0.036,0.7236,-15.686088,-5.020668,-5.6912416666666665,-2.6008093949939757,6.74547187278721,-11.480248033333329,0.7256428873764285
30859.0,-0.0327,-0.0306,0.6986,-10.128888,-3.234368,-5.462141666666667,-2.7483759061676682,6.699179601911636,-11.523945166666662,0.700034006316836
30875.0,-0.0386,-0.035,0.7375,-2.2585879999999996,-1.570268,-4.843841666666666,-2.7707125894655844,6.673326808900807,-11.562695899999996,0.739338359616218
30891.0,-0.0409,-0.0364,0.8036,2.886412000000001,-0.8374679999999999,-3.3018416666666663,-2.71284108214526,6.652690427620411,-11.589110633333329,0.8054630531563816
30907.0,-0.0417,-0.0316,0.8608,2.000912000000001,1.5290320000000002,-1.8133416666666664,-2.6699401141529524,6.662672072537458,-11.603617366666661,0.8623885957038161
30922.0,-0.0491,-0.0398,0.8776,0,0.864832,0,-2.660187708680353,6.655696133381426,-11.603617366666661,0.8798730647087681
30938.0,-0.0601,-0.037,0.8806,-1.2280879999999994,0,0,-2.670326259714415,6.632588078301788,-11.603617366666661,0.8834236639348076
30954.0,-0.0737,-0.0457,0.895,-2.189887999999999,-3.035868,1.3698583333333334,-2.6967883515909272,6.5607247241721725,-11.592658499999995,0.8991914034286582
30969.0,-0.0967,-0.0544,0.8936,-3.4876879999999995,-5.837468,2.117958333333333,-2.7420707947924527,6.453629972287483,-11.576773812499995,0.9004616649252759
30986.0,-0.0989,-0.0581,0.8541,-3.327387999999999,-5.959568,0.9576583333333334,-2.7934831148380366,6.337365237662943,-11.568633716666662,0.8617677355297075
31001.0,-0.0906,-0.0585,0.8341,-0.7700879999999992,-4.035868,0,-2.8025271784656676,6.2645226054296215,-11.568633716666662,0.8410430547837607
31017.0,-0.1438,-0.0588,0.8788,2.245212000000001,0,-2.7522416666666665,-2.767104572271133,6.259825531023659,-11.590651649999996,0.8924266468455545
31033.0,-0.1202,-0.0582,0.9252,3.7414120000000004,0.9412320000000001,-6.546141666666666,-2.7105755792787165,6.272879712135425,-11.643020783333329,0.9347889173497941
31048.0,-0.0774,-0.0337,0.964,2.092512000000001,2.551932,-5.7522416666666665,-2.681181189465043,6.304992283745261,-11.686162595833329,0.9676892321401535
31065.0,-0.0549,-0.0267,0.9662,-0.6784879999999993,0,-1.8286416666666667,-2.6918668641355987,6.293031095327609,-11.701706049999995,0.9681267169126156
31080.0,-0.0891,-0.035,0.9292,-2.418987999999999,0,1.1179583333333334,-2.7255544703765957,6.28083418969349,-11.693321362499995,0.9341180064638515
31096.0,-0.0956,-0.0408,0.9082,-2.609787999999999,1.0938320000000001,2.5454583333333334,-2.763849558699951,6.286690964470875,-11.672957695833329,0.914128678031709
31112.0,-0.0967,-0.0411,0.9313,-3.3425879999999992,-0.5015679999999998,3.9652583333333338,-2.8127022706747913,6.267852137883939,-11.641235629166662,0.9372085093510408
31127.0,-0.1174,-0.0459,0.9081,-4.380787999999999,-0.577868,4.644658333333333,-2.8731382687497704,6.252044431488901,-11.606400691666662,0.9168070571281616
31143.0,-0.1328,-0.0588,0.894,-3.2356879999999997,0,3.644658333333333,-2.920916889744316,6.2501200788962485,-11.577243424999995,0.9057203100295367
31159.0,-0.1195,-0.0471,0.9143,-2.9914879999999995,0,2.3087583333333335,-2.9643157239990807,6.250852835438886,-11.558773358333328,0.9232784791166747
31175.0,-0.1146,-0.0542,0.8894,-2.0448879999999994,-1.295468,0,-2.993414985070801,6.233343475275093,-11.558773358333328,0.8983892029627248
31191.0,-0.1074,-0.0525,0.9008,-0.7853879999999991,0,-2.408741666666667,-3.003175472181378,6.237313095716001,-11.578043291666662,0.90869777704141
31207.0,-0.0787,-0.0488,0.9064,-1.815887999999999,1.0251320000000002,-3.7370416666666664,-3.029310820732851,6.254332138243085,-11.607939624999995,0.911118043943813
31222.0,-0.0786,-0.0505,0.8883,-1.4647879999999993,0,-3.0423416666666663,-3.0486825527411354,6.252519851747268,-11.630757187499995,0.8931993618448235
31239.0,-0.0548,-0.0493,0.9241,-2.907488,0.9870320000000001,-1.3247416666666665,-3.0948387808820037,6.261541768219859,-11.642017491666662,0.9270352420485426
31254.0,-0.0503,-0.0475,0.9261,-5.403688,-2.959568,2.3851583333333335,-3.17106807714493,6.204783387041169,-11.624128804166663,0.9286805424902581
31269.0,-0.0333,-0.0413,0.8909,-6.731888,-2.3412679999999995,6.209558333333334,-3.264752566745009,6.1514611660764915,-11.577557116666663,0.8924782294263542
31286.0,-0.0634,-0.0731,0.8534,-5.365487999999999,-1.593168,8.812658333333333,-3.350746856436514,6.105163470100624,-11.50264952083333,0.8588682844301564
31301.0,-0.1414,-0.0802,0.8433,-3.144087999999999,2.925932,7.369858333333334,-3.396188044004873,6.137633609381341,-11.44737558333333,0.8588252965533794
31318.0,-0.1909,-0.0856,0.8877,0,-9.074068,-2.332441666666667,-3.3987440875215205,5.9885011825410785,-11.467201337499995,0.912020537049468
31333.0,-0.0089,-0.0686,0.759,1.6345120000000009,-2.883268,-7.675941666666666,-3.3800699076279113,5.941593611072763,-11.524770899999995,0.7621457668976455
31349.0,-0.0153,-0.0574,0.8176,6.962712000000001,-7.043568,-4.5003416666666665,-3.2772925552394865,5.818828626637491,-11.560773633333328,0.8197552134631411
31365.0,-0.0536,-0.0575,0.8953,8.436012000000002,-7.638967999999999,-0.7599416666666665,-3.1534082580525755,5.685307591753907,-11.566853166666661,0.8987442906633677
31380.0,-0.1163,-0.0664,0.9585,4.0009120000000005,-3.8603680000000002,-2.0423416666666663,-3.105984459742703,5.621374550152278,-11.582170729166661,0.9678103636560212
31396.0,-0.1436,-0.0635,0.9901,-1.571587999999999,3.4602320000000004,-5.4698416666666665,-3.142771719151325,5.676236112476755,-11.625929462499995,1.002472553240237
31412.0,-0.1212,-0.0599,0.9923,-6.006688,5.299932,-7.095741666666666,-3.2477424981516623,5.761732961606725,-11.682695395833328,1.0014672935248559
31428.0,-0.1261,-0.0573,0.9758,-7.258588,2.819032,-7.401141666666667,-3.369496814832128,5.809985084605734,-11.74190452916666,0.9855811179197784
31443.0,-0.116,-0.0635,0.9288,-6.037287999999999,-0.7992680000000001,-7.920241666666667,-3.4642327524582117,5.803674424586068,-11.801306341666661,0.9381671972521741
31459.0,-0.0934,-0.0571,0.8668,-1.8692879999999994,3.651132,-6.9660416666666665,-3.4977858547124514,5.8666189908763915,-11.857034674999994,0.8736854182141305
31475.0,-0.0658,-0.0475,0.8798,5.565812,3.758032,-4.340041666666666,-3.412937039993342,5.926471118747957,-11.891755008333327,0.8835349059318484
31491.0,-0.0507,-0.0392,0.9344,8.466512000000002,4.796132,1.2171583333333333,-3.2818112431960484,5.995650812245254,-11.88201774166666,0.9365951580058484
31507.0,-0.1274,-0.0542,0.9695,8.939812000000002,2.498432,4.835558333333333,-3.1452057257901265,6.031377020552473,-11.843333274999994,0.979335820850029
31522.0,-0.1603,-0.051,0.9575,8.611612000000001,-1.104568,3.873658333333333,-3.0239795954820763,6.01870314629236,-11.814280837499993,0.9721642556687631
31538.0,-0.1298,-0.0574,0.9489,8.008512000000001,-4.776368,1.7362583333333335,-2.9062314159347804,5.950887850093014,-11.800390770833326,0.9594550588745676
31554.0,-0.1029,-0.0496,0.907,6.802412,-8.173268,1.0416583333333334,-2.809148772531386,5.831362541293284,-11.79205750416666,0.9141649577620005
31569.0,-0.0962,-0.0634,0.88,4.894012000000001,-11.600767999999999,0,-2.750094384947591,5.671577233129985,-11.79205750416666,0.8875099999436626
31586.0,-0.0577,-0.0454,0.8301,2.9246120000000007,-7.944268,-1.9431416666666668,-2.7148416782179514,5.548807668088432,-11.808574208333328,0.8333405426354822
31601.0,-0.0453,-0.0391,0.8071,3.390212000000001,-2.5320679999999998,-2.2179416666666665,-2.6780174067252283,5.518361928804695,-11.825208770833328,0.809315334094196
31617.0,-0.0981,-0.053,0.8368,6.100112,-0.7763679999999997,-3.065241666666666,-2.596556601471296,5.51507456258235,-11.849730704166662,0.8441959784315488
31633.0,-0.1167,-0.0533,0.8872,7.023812,-2.6084680000000002,-6.263741666666666,-2.502285996613206,5.486182184709607,-11.899840637499995,0.8964282570289717
31648.0,-0.0779,-0.0477,0.9324,4.695512000000001,-0.562668,-9.729341666666667,-2.4500326308062483,5.487712532666822,-11.972810699999995,0.9368636293506115
31665.0,-0.0258,-0.0212,0.9636,0.5734120000000008,-3.5244679999999997,-9.431641666666668,-2.453894158442102,5.429324738562692,-12.052979654166661,0.9641784274707665
31680.0,-0.1062,-0.0564,0.9243,-3.5257879999999995,-7.768768000000001,-10.172141666666667,-2.519774969674299,5.3187719242536,-12.12927071666666,0.9320889925323654
31696.0,-0.1108,-0.0718,0.8962,-4.968588,-8.287768,-12.935441666666668,-2.613185860378682,5.197534877234388,-12.232754249999994,0.9058732361649725
31712.0,-0.0459,-0.0631,0.8784,-3.884587999999999,-5.608468,-14.240841666666666,-2.689310291459163,5.115365405019153,-12.346680983333327,0.8818588209004885
31728.0,-0.0272,-0.0353,0.8572,0,-3.944268,-12.851541666666668,-2.701077799769498,5.0539486392669835,-12.44949331666666,0.8583576003042088
31744.0,0.0343,-0.0295,0.7715,6.497112,-3.1274679999999995,-8.225541666666667,-2.6088850359376368,4.993227018508443,-12.515297649999992,0.7728253295538391
31760.0,-0.0237,-0.0183,0.7717,14.687912,1.7045320000000002,-0.9660416666666667,-2.386890372409788,5.00470507001161,-12.523025983333325,0.7722806937895056
31775.0,-0.0276,-0.0243,0.798,21.863512000000004,6.674032,3.690458333333334,-2.0758957415550765,5.08319411827883,-12.495347545833324,0.7988468251173063
31791.0,-0.0614,-0.0167,0.8762,24.947512000000003,9.956432,8.759158333333334,-1.697665720242468,5.2180910734958275,-12.425274279166658,0.8785074217102551
31807.0,-0.1255,-0.0377,0.9369,24.833012000000004,4.437332,10.438558333333333,-1.327858281525167,5.271529697317285,-12.341765812499991,0.9460196351027815
31822.0,-0.2914,-0.0405,0.9573,22.291012000000002,3.1778320000000004,4.804958333333333,-1.0264685348125795,5.329079062043123,-12.305728624999992,1.0014876434584703
31839.0,-0.0875,-0.0299,1.0627,15.275712,4.383932,-5.439241666666667,-0.8018506461371865,5.409191080269406,-12.351962179166659,1.0667153087867447
31854.0,-0.177,0.031,1.271,-1.3349879999999994,2.200732,-3.3018416666666663,-0.8452242475273544,5.453129526163281,-12.376725991666659,1.2836397469695302
31870.0,-0.1824,-0.0315,1.1207,-14.144088,-4.417568,-8.714141666666666,-1.0889468974593708,5.402256988667221,-12.446439124999992,1.1358831365946058
31886.0,-0.1116,-0.0195,0.991,-22.907487999999997,-5.692368,-12.202641666666667,-1.4635063842998612,5.332521209060448,-12.544060258333326,0.997454665636489
31902.0,-0.0376,0.0005,0.8646,-23.006687999999997,-6.409968,-6.668341666666667,-1.8287122344039337,5.245885395678592,-12.59740699166666,0.8654173386291726
31918.0,-0.1376,-0.0479,0.9349,-18.716687999999998,-10.509167999999999,-5.5079416666666665,-2.121759077773068,5.101355507619009,-12.641470524999992,0.9461850664642726
31934.0,-0.0646,-0.0555,0.9109,-16.411288,-14.944268000000001,-5.889641666666666,-2.376015438718827,4.885939941797453,-12.688587658333326,0.9148727889712318
31949.0,0.0513,-0.0231,0.7804,-9.953287999999999,-15.264868,-1.0194416666666666,-2.513751507450179,4.668381829777385,-12.696233470833326,0.7824253702430667
31966.0,-0.0017,-0.0382,0.7378,0,-11.951968,4.392758333333333,-2.504076756230409,4.472216246292164,-12.658895024999993,0.7387902070276785
31981.0,0.0046,-0.0217,0.8616,4.665012000000001,-5.1045679999999996,6.598858333333333,-2.424918014816991,4.394336024814543,-12.609403587499992,0.8618854970354242
31996.0,-0.0723,-0.0255,0.9219,3.3062120000000004,1.177832,8.331658333333333,-2.366512223916211,4.410678522481925,-12.546916149999992,0.9250822395873786
32013.0,-0.1685,-0.0437,0.9626,1.6955120000000008,4.345732,4.652358333333334,-2.330983181300544,4.493686344370946,-12.507371104166658,0.978213013612066
32028.0,-0.1908,-0.038,1.0863,-5.136487999999999,0.6053320000000002,-1.8057416666666668,-2.3998654432556163,4.523382286861693,-12.520914166666659,1.103583404188374
32045.0,-0.074,-0.0302,0.9945,-17.281487999999996,-13.066468,-7.187341666666666,-2.679211479978817,4.323186454090249,-12.582006570833325,0.9977065149631931
32060.0,0.1373,0.0302,0.7313,-16.808287999999997,-8.608467999999998,-1.6377416666666667,-2.90529364158112,4.192473209554305,-12.594289633333325,0.7446898817628718
32076.0,-0.2283,-0.0935,0.8817,-9.441887999999999,-4.234368,2.858458333333333,-3.03632056736066,4.145107166009109,-12.571421966666659,0.9155643232455053
32092.0,0.002,-0.0269,0.8875,-6.037287999999999,1.0251320000000002,-0.6759416666666667,-3.110739338527279,4.170913546323918,-12.576829499999992,0.8879098265026691
32108.0,-0.0385,-0.061,0.9449,-5.808287999999999,1.086232,2.4843583333333337,-3.1835287252893134,4.192415423315607,-12.556954633333325,0.9476493338783075
32123.0,-0.0996,-0.0862,0.9487,-6.617387999999999,-1.593168,1.3087583333333335,-3.267238317679762,4.176352751548553,-12.547138945833325,0.9578007569426952
32139.0,-0.0769,-0.0596,0.9233,-7.021987999999999,-1.539768,-1.5232416666666666,-3.3644722256870874,4.160291731957866,-12.559324879166658,0.928411902121036
32155.0,-0.0084,-0.0388,0.9055,-4.548687999999999,-1.2801679999999998,-1.1568416666666665,-3.4206561391760326,4.140645309007779,-12.568579612499992,0.9063698196652402
32171.0,-0.0264,-0.0371,0.9004,-1.2891879999999991,2.0862320000000003,-0.7980416666666665,-3.424122449945284,4.169260755611174,-12.574963945833325,0.9015506253117458
32187.0,-0.1154,-0.0531,1.1096,-1.563987999999999,-0.8679679999999999,-1.7904416666666665,-3.4321696653880585,4.155750104445535,-12.589287479166659,1.116847764916956
32202.0,-0.0452,-0.0555,0.8177,-2.0295879999999995,-2.959568,1.6675583333333335,-3.447631971509275,4.110824367310365,-12.576780791666659,0.8208267661327815
32219.0,-0.0902,-0.0376,0.928,1.0009120000000007,-0.570268,0.9958583333333334,-3.4154622683143785,4.1037574751601635,-12.568315995833325,0.9331311804885742
32234.0,-0.0997,-0.0388,0.8163,7.962712000000001,12.299932000000002,2.6828583333333333,-3.2836152193016406,4.292048272916792,-12.548194558333325,0.8232807662031223
32249.0,-0.1273,-0.0497,0.9562,9.115412000000001,9.735132,-3.7599416666666663,-3.138041894487325,4.445380473804494,-12.576394120833324,0.9659160522529896
32266.0,-0.0386,-0.0255,0.9138,5.687912000000001,7.834332,-4.362941666666666,-3.0324174819145053,4.578316119050587,-12.61347912499999,0.9149703000644337
32281.0,-0.0245,-0.032,0.8905,4.657412000000001,10.681632,-3.5079416666666665,-2.954163503122717,4.7292817035874775,-12.63978868749999,0.8914115211281487
32296.0,-0.0652,-0.0486,0.9409,3.916912000000001,8.910632,-1.4163416666666666,-2.889195396424556,4.850554708693664,-12.65041124999999,0.9444076503290303
32313.0,-0.1052,-0.072,0.917,1.2375120000000008,5.1244320000000005,-2.347641666666666,-2.8662646691779856,4.9284078175275345,-12.670366204166656,0.9258185783402708
32328.0,-0.0991,-0.0583,0.9238,-1.1211879999999994,4.6206320000000005,-3.8973416666666667,-2.882543891306862,4.990582001832792,-12.699596266666656,0.9309275696852037
32345.0,-0.0906,-0.0531,0.911,-2.0372879999999993,0,-4.240841666666666,-2.9168808771245276,4.985656588690871,-12.735643420833323,0.9170326984355575
32360.0,-0.0542,-0.0488,0.8882,-1.1364879999999993,0,-2.1721416666666666,-2.9337569901613025,4.978398810092246,-12.751934483333324,0.8911892728259244
32376.0,-0.1375,-0.0955,0.8373,1.7414120000000008,0,0,-2.9128492263270793,4.980049830479333,-12.751934483333324,0.8538722328311187
32392.0,-0.0046,-0.0355,0.8738,2.810112000000001,5.101532000000001,3.117958333333333,-2.8738344465005428,5.05248818062557,-12.726990816666657,0.8745329324845349
32407.0,-0.033,-0.045,0.9126,4.062012000000001,-1.203868,7.888958333333334,-2.819263377571382,5.0206902272908405,-12.667823629166657,0.9143045225743991
32423.0,-0.072,-0.0403,0.8839,4.695512000000001,1.009932,6.438558333333334,-2.7508329717668984,5.023667589384551,-12.61631516249999,0.887742811854875
32439.0,-0.1083,-0.0359,0.9005,7.5352120000000005,3.124432,3.911858333333333,-2.637622053627287,5.06471191303373,-12.585020295833324,0.907699261870362
32454.0,-0.161,-0.088,0.9257,7.710812000000001,5.406832,-3.332441666666666,-2.5363838251109976,5.146256407942213,-12.610013608333324,0.9437083712673104
32471.0,-0.1489,-0.0607,0.9081,8.718412,1.208332,-7.385841666666667,-2.4063612110326114,5.175204716826326,-12.67279326249999,0.9222262791744769
32486.0,-0.1926,-0.0686,0.8672,9.939812,-0.7229679999999998,-15.561441666666669,-2.280309748633099,5.186378371011143,-12.78950407499999,0.8909750613793855
32502.0,0.2,0.0842,0.9574,4.016212000000001,11.238931999999998,-18.370541666666664,-2.2223333883210685,5.345945686429584,-12.936468408333322,0.9816844706931042
32518.0,-0.1451,-0.0793,0.8723,1.0238120000000008,21.414431999999998,-19.172141666666665,-2.2175299484918325,5.671794910785053,-13.089845541666655,0.8878343257612875
32533.0,-0.1354,-0.0781,0.9213,0,27.803832,-18.378241666666664,-2.233012130732389,6.071257574293508,-13.227682354166655,0.9344658688256089
32549.0,-0.1244,-0.1198,1.0084,-9.686088,40.292332,-21.088141666666665,-2.408353598961312,6.689828623489368,-13.396387487499988,1.0230825773123107
32565.0,-0.1747,-0.1105,1.0035,-22.556388,43.910632,-33.40114166666667,-2.788143033792615,7.362545039292346,-13.66359662083332,1.0245694656781452
32581.0,-0.0239,-0.0447,0.8101,-15.968587999999999,44.529032,-30.958341666666666,-3.056072495447637,8.02406827504566,-13.911263354166653,0.8116842427939575
32598.0,-0.0282,-0.0112,0.8691,-5.411288,32.864832,-18.683541666666667,-3.1528505872558186,8.514681391853188,-14.07007345833332,0.8696295130686401
32613.0,-0.0809,-0.0226,0.9539,4.168812000000001,7.040432,-6.591941666666666,-3.092014770236958,8.550757720098908,-14.11951302083332,0.9575911340441702
32629.0,-0.1287,-0.0464,0.9714,6.229912000000001,-15.493867999999999,-1.7293416666666668,-2.995012295416366,8.244776825257576,-14.133347754166653,0.9809865493471356
32645.0,-0.0912,-0.0328,0.8947,2.7184120000000007,-16.562668000000002,-1.8973416666666665,-2.9529847153209055,7.9289801318498565,-14.148526487499987,0.8999340920311887
32660.0,-0.05,-0.0258,0.8633,-1.4341879999999991,-3.226768,-0.6912416666666665,-2.973023028731956,7.827751440315311,-14.153710799999988,0.8651315102341377
32676.0,-0.0964,-0.0522,0.8867,-4.037287999999999,3.048032,4.125558333333333,-3.0357607797870148,7.825661213806224,-14.120706333333322,0.8934510003352171
32692.0,-0.1588,-0.0474,0.9075,-2.189887999999999,0,4.5301583333333335,-3.0682948225823616,7.7850755660751805,-14.084465066666656,0.922507696444859
32708.0,-0.1555,-0.0334,0.8844,3.840612000000001,-13.898468000000001,2.644658333333333,-3.004027928027919,7.5355947530969996,-14.06330779999999,0.8985873190736668
32723.0,-0.1542,-0.0201,0.8848,9.588712000000001,-21.203868,2.8889583333333335,-2.857199826421175,7.204591682792025,-14.04164061249999,0.8983611133614368
32740.0,-0.1595,-0.0574,0.8647,6.855912000000001,-20.028268,0,-2.7420428669602956,6.865756172222221,-14.04164061249999,0.8811589527434877
32755.0,-0.1698,-0.0804,0.8525,1.3139120000000009,-5.226768,-5.576741666666666,-2.7288848794484126,6.798843556615201,-14.08346617499999,0.8729561558291459
32771.0,-0.1479,-0.0801,0.8485,-1.098287999999999,9.788532,-12.385841666666668,-2.7568806398163432,6.968428074452484,-14.182552908333323,0.8650102138125307
32787.0,-0.123,-0.058,0.8716,0,14.063331999999999,-16.042341666666665,-2.7680820320138824,7.2024913851611805,-14.310891641666656,0.882144863386961
32802.0,-0.1355,-0.0577,0.8849,0,18.399231999999998,-19.630141666666667,-2.779801373772346,7.48394559504018,-14.458117704166655,0.8970716526565757
32819.0,-0.1158,-0.0604,0.8912,-0.7013879999999992,28.941232,-22.683541666666667,-2.8039560903716203,7.970764617922668,-14.650927808333321,0.9007192903452218
32834.0,-0.1129,-0.027,0.9387,-7.7166879999999995,40.078632000000006,-23.179741666666665,-2.9256764697398383,8.553041361239137,-14.82477587083332,0.9458504638683644
32850.0,-0.1196,-0.0172,0.9227,-22.220487999999996,56.628232000000004,-21.042341666666665,-3.2755085975354654,9.421950850640217,-14.993114604166655,0.9305779333296056
32866.0,-0.1573,-0.0313,0.9117,-30.915088,65.857232,-18.263741666666665,-3.752519869430702,10.422656321956831,-15.139224537499988,0.9256996651182282
32882.0,-0.1005,-0.1897,0.7627,-25.319688,64.689332,-6.775141666666666,-4.151554445192743,11.384485920984762,-15.19342567083332,0.7923368160069303
32899.0,-0.2358,-0.1505,0.8361,-6.785387999999999,46.887732,3.0416583333333334,-4.270491755916571,12.10938112206205,-15.167571574999988,0.88165475102219
32914.0,-0.2257,-0.072,0.8512,9.145912000000001,28.422131999999998,0,-4.140060486577312,12.468859419743405,-15.167571574999988,0.8835530148214085
32929.0,-0.1793,-0.0671,0.9209,17.611612,18.292332,1.9805583333333334,-3.886997690937874,12.676072698667223,-15.152717387499989,0.9405890229000125
32946.0,-0.1714,-0.0555,0.9701,21.634512,-0.822168,9.285858333333334,-3.5348246014693783,12.597933803454914,-15.073787591666655,0.9866874986539558
32961.0,-0.2406,-0.0847,1.0326,21.810112000000004,-23.058768,10.888958333333333,-3.230153397644191,12.20454504124924,-14.992120404166654,1.0636377249797038
32977.0,-0.241,-0.0698,1.0101,16.451312,-37.180968,4.7820583333333335,-2.9931583961902524,11.582898306061363,-14.953863937499987,1.0407953929567522
32993.0,-0.2233,-0.0642,0.965,7.840612,-36.669467999999995,-3.309541666666666,-2.894723077703255,10.987538426921104,-14.98034027083332,0.992577216139883
33009.0,-0.1985,-0.0686,0.9067,-1.457087999999999,-27.478668000000003,-9.507941666666667,-2.944064985011388,10.551740728022853,-15.056403804166653,0.93070569999329
33025.0,-0.219,-0.1041,0.8787,-7.533488,-13.753468000000002,-14.416341666666668,-3.092268861728708,10.346190546244078,-15.171734537499987,0.9115434712617935
33041.0,-0.2161,-0.1071,0.8562,-8.296788,-4.028268,-20.637741666666667,-3.2542066588470195,10.30316206881061,-15.33683647083332,0.8895212532593023
33056.0,-0.1818,-0.0774,0.8776,-7.724288,3.796132,-24.897341666666666,-3.39684723215849,10.380640949213685,-15.523566533333321,0.8995686521883697
33073.0,-0.1252,-0.0265,0.865,-8.235688,12.277031999999998,-23.561441666666667,-3.554668521752682,10.599309993345582,-15.723838787499988,0.8744153989952372
33088.0,-0.1459,-0.0079,0.8768,-7.548688,16.704532,-16.904941666666666,-3.6755134605666337,10.851443905260215,-15.850625849999988,0.8888911406915923
33104.0,-0.1691,-0.0045,0.8738,-3.861687999999999,9.063331999999999,-8.943141666666667,-3.736219934502497,10.995139246310597,-15.922170983333322,0.8900233143013727
33120.0,-0.1827,-0.0107,0.8711,1.9322120000000007,-3.409968,-1.8744416666666666,-3.69902482538985,10.942166861876943,-15.937166516666656,0.8901174023689234
33136.0,-0.2086,-0.0344,0.8788,6.794812,-14.738168000000002,2.148458333333333,-3.5839330596917858,10.717258057546053,-15.919978849999989,0.9038731990716398
33152.0,-0.2206,-0.0654,0.8691,8.993312000000001,-22.593168000000002,2.400358333333333,-3.4384566589046663,10.379581858631342,-15.900775983333322,0.8990418955755065
33167.0,-0.2257,-0.0833,0.8741,10.229912,-24.951968,1.9042583333333334,-3.2903416550241285,10.041953706514418,-15.886494045833322,0.9066036565114879
33183.0,-0.2124,-0.0996,0.8743,9.978012000000001,-24.867968,0,-3.144621702505743,9.691546270058192,-15.886494045833322,0.9052261651101342
33199.0,-0.1846,-0.1066,0.8765,9.252812,-17.768768,-2.4774416666666665,-3.019063786185026,9.459215641016785,-15.906313579166655,0.9020493168336196
33215.0,-0.1436,-0.0814,0.8552,8.939812000000002,-8.936668000000001,-3.2866416666666662,-2.9033227557399455,9.365263389683177,-15.932606712499988,0.870984477473623
33230.0,-0.1179,-0.0613,0.8643,8.535212000000001,5.826732,-1.4698416666666667,-2.8041942611617734,9.491211842943658,-15.943630524999987,0.8744555963569562
33247.0,-0.071,-0.0553,0.8671,4.718412000000001,30.475531999999998,3.362258333333333,-2.7528248381997975,10.023721783513286,-15.915051329166653,0.871757707164095
33262.0,-0.0898,-0.0479,0.8516,-0.5792879999999991,61.063332,7.469058333333334,-2.7877797531186066,10.926446911476237,-15.859033391666653,0.8576601949490253
33277.0,-0.1536,-0.0416,0.8463,-3.556387999999999,88.109132,8.056858333333333,-2.8632727910815814,12.208707344902123,-15.798606954166653,0.861131354672445
33294.0,-0.2185,-0.0327,0.8381,-3.3196879999999993,103.536632,6.934758333333334,-2.936814852805757,13.903505185652701,-15.73966150833332,0.866731302076947
33309.0,-0.2837,-0.0343,0.8417,0,105.956432,6.789758333333333,-2.950511283329191,15.412899143077915,-15.68873832083332,0.8888875463184305
33326.0,-0.3713,-0.0399,0.8746,5.046712000000001,92.903032,6.514958333333333,-2.877398335614768,16.906719417781286,-15.633361174999987,0.9509894110872108
33341.0,-0.4099,-0.038,0.9415,9.130712,60.307632000000005,7.011058333333334,-2.7525923637417016,17.733891483246207,-15.580778237499986,1.0275622900826986
33357.0,-0.3369,-0.0057,0.9376,11.710812,15.429732000000001,11.140858333333332,-2.574317849382882,17.9126557022646,-15.49165137083332,0.9963071112864748
33373.0,-0.2524,0.0149,0.9102,12.321512,-12.814568000000001,18.759158333333335,-2.381940443591711,17.6468821338631,-15.341578104166654,0.9446649194291065
33389.0,-0.2288,0.0243,0.9181,10.207012,-29.333568,27.316458333333333,-2.2181481119374755,17.12600996622759,-15.123046437499987,0.9464922292338168
33404.0,-0.2472,0.0287,0.9144,3.9398120000000008,-41.753468,34.728658333333335,-2.151680515864966,16.462814216796954,-14.862581499999987,0.9476596910283775
33421.0,-0.2739,0.0101,0.9087,-5.373188,-44.303067999999996,37.24005833333334,-2.2290454284726073,15.692924280507208,-14.546041004166653,0.9491358754151061
33436.0,-0.3088,-0.0295,0.8875,-15.197587999999998,-38.799268,33.27825833333333,-2.4392746690280975,15.114928204739043,-14.296454066666653,0.9401510197835239
33453.0,-0.3041,-0.0701,0.851,-25.541088,-22.379368,24.171358333333334,-2.8530435391030364,14.754523757576035,-14.09099752083332,0.9064170232293742
33468.0,-0.2954,-0.1006,0.8103,-34.166988,3.078632,13.018758333333333,-3.3443689278862996,14.827498833059911,-13.99335683333332,0.8683130829372548
33484.0,-0.3057,-0.136,0.7834,-40.212788,37.475532,0,-3.9670224546396344,15.45094662796808,-13.99335683333332,0.8518591726335991
33500.0,-0.3242,-0.144,0.7771,-41.151788,61.773232,-13.530941666666667,-4.60472377230419,16.454153378870924,-14.101604366666653,0.8542400423768486
33516.0,-0.3278,-0.1277,0.7157,-31.090687999999997,67.330532,-24.378241666666664,-5.0820091749894525,17.537547785394455,-14.296630299999986,0.7974876926950033
33531.0,-0.2227,-0.084,0.6674,-12.640288,66.559532,-25.569041666666667,-5.252463389937042,18.522952595236713,-14.488398112499986,0.7085718382775312
33548.0,-0.2285,-0.08,0.7654,3.7032120000000006,59.628232000000004,-16.042341666666665,-5.174607162840693,19.501291691010213,-14.624758016666654,0.8027760646656077
33564.0,-0.365,-0.1407,0.808,11.390212,54.376332000000005,-0.9965416666666667,-4.990901693877296,20.332653784691107,-14.632730349999987,0.8977112509042092
33580.0,-0.3827,-0.1442,0.7737,12.168812,61.025132,-1.6225416666666665,-4.807938477805375,21.267332351203645,-14.64571068333332,0.875136915002447
33596.0,-0.5245,-0.1931,0.792,18.489412,55.238932000000005,-20.439241666666664,-4.543353683454713,22.12347056098685,-14.809224616666654,0.9693564153602121
33611.0,-0.3979,-0.1123,0.8063,25.168812000000003,58.933532,-28.103441666666665,-4.206201098176715,22.973975184078103,-15.020000429166654,0.9061210680698247
33628.0,-0.3646,-0.032,1.0248,18.031412000000003,48.658732,-25.530841666666664,-3.9344885095403774,23.747549003734612,-15.237012583333321,1.0881967652956885
33643.0,-0.3353,0.004,1.0049,1.4513120000000008,35.078632000000006,-17.668341666666667,-3.9337387853734027,24.204447779124994,-15.369525145833322,1.0593706150351725
33659.0,-0.3572,-0.0129,0.9008,-4.266287999999999,16.490832,-7.683541666666666,-4.012385438718102,24.39686385993147,-15.430993479166656,0.96912274248415
33675.0,-0.3472,-0.0322,0.7858,3.1536120000000007,-5.043568,2.392758333333333,-3.9686553104238596,24.253319719829502,-15.411851412499988,0.8596896649372959
33690.0,-0.3774,-0.0431,0.729,15.779512,-19.432868,11.049258333333333,-3.740979055604939,23.917333220010413,-15.328981974999989,0.8220275968603488
33707.0,-0.499,-0.0809,0.8514,27.008512000000003,-31.333568000000003,11.270658333333333,-3.3010395090728695,23.37040043761602,-15.233181379166655,0.9901655265661393
33722.0,-0.4891,-0.0651,0.887,28.833012000000004,-54.776368,2.1026583333333333,-2.8948192676169406,22.564859230342734,-15.217411441666655,1.0150004039408063
33738.0,-0.3763,-0.0421,0.8679,27.306212000000002,-60.730568,-3.080541666666666,-2.4890574762654722,21.62856354315513,-15.242055774999988,0.946902587386897
33754.0,-0.3235,-0.0251,0.8501,23.871112000000004,-56.562667999999995,-1.6530416666666665,-2.140477973530321,20.771348434726544,-15.255280108333322,0.9099188260498845
33770.0,-0.3341,-0.0283,0.8813,20.413112,-51.234367999999996,0.6828583333333333,-1.8489040990771826,20.01002117597691,-15.249817241666655,0.9429280937590098
33786.0,-0.3566,-0.0472,0.8867,19.405512,-51.883267999999994,0.7210583333333334,-1.5774382154491744,19.251754209476214,-15.244048774999989,0.9568846795722044
33802.0,-0.3431,-0.0393,0.8527,23.176512000000002,-59.768767999999994,-1.6072416666666667,-1.2502056372459736,18.383309127760754,-15.256906708333322,0.9199779290830841
33818.0,-0.3112,-0.0399,0.8297,28.825312000000004,-62.22676799999999,-3.118641666666666,-0.83939468241255,17.48959693983771,-15.281855841666655,0.8870397623556681
33833.0,-0.2933,-0.025,0.8523,30.313912000000002,-59.203868,-3.912541666666666,-0.43980730246057015,16.712328147267222,-15.311199904166655,0.9017012698227722
33850.0,-0.2789,-0.0078,0.8624,27.756612000000004,-54.684768,-3.9354416666666667,-0.02619288969013183,15.901522993304658,-15.34465115833332,0.9064103982192615
33865.0,-0.016,0.1176,0.9546,9.054312000000001,-39.890868,30.957658333333335,0.07016621089857132,15.389214746796245,-15.11246872083332,0.9619495412962158
33881.0,-0.1743,0.0834,0.807,-14.808288,-11.562667999999999,52.911858333333335,-0.186784116418916,15.278763030138002,-14.689173854166654,0.8298102493944023
33897.0,-0.3477,0.0094,0.802,-35.228088,34.582432000000004,36.30875833333334,-0.7553298717431453,15.902796751886097,-14.398703787499988,0.8741782712925322
33912.0,-0.4384,-0.1003,0.7665,-49.014388000000004,68.872532,17.408058333333333,-1.4914895355217612,17.004835653029073,-14.268143349999988,0.8886939293142493
33929.0,-0.5344,-0.1978,0.7117,-48.518188,93.880132,-12.278941666666666,-2.323076284396473,18.668853129447893,-14.372514354166656,0.9117154654825156
33945.0,-0.5071,-0.1929,0.7656,-31.777687999999994,90.941232,-36.41634166666667,-2.8472629887589695,20.184960479122378,-14.66384508749999,0.9383518423278124
33960.0,-0.3843,-0.1118,0.8522,-9.273888,62.338132,-39.019441666666665,-3.005700109408818,21.163436941104486,-14.95649089999999,0.9415044184707791
33977.0,-0.2876,-0.0148,0.968,3.4742120000000005,29.658732,-28.988941666666665,-2.959922862934591,21.68515620896906,-15.202896904166657,1.0099291064228222
33992.0,-0.3054,0.0168,1.0643,6.680312000000001,-9.776368000000002,-16.958341666666666,-2.864136590680484,21.543076045702147,-15.330084466666657,1.107377934582408
34009.0,-0.2864,0.0231,1.0516,15.397812,-64.997768,-4.210241666666667,-2.602085421250393,20.449645201963214,-15.365871520833323,1.0901472973869175
34024.0,-0.1946,0.0236,0.9022,28.848212000000004,-113.158068,11.988158333333333,-2.169851713801335,18.780251395290893,-15.275960333333323,0.9232502152721114
34040.0,-0.1631,0.016,0.7806,38.710812,-123.394668,28.980558333333335,-1.557630840356507,16.85851389284821,-15.044115866666656,0.7976176841068657
34056.0,-0.2274,0.0085,0.7734,41.703212,-106.623668,37.17905833333334,-0.9063100908922938,15.232803376686983,-14.74668339999999,0.806182715021849
34072.0,-0.3004,0.0125,0.8499,37.710812,-82.898468,34.67525833333333,-0.3257185624023609,14.012211056312609,-14.469281333333322,0.9015134053357166
34087.0,-0.3153,0.0214,0.903,28.436012,-67.31836799999999,27.721058333333335,0.07564374123640873,13.126407115576793,-14.261373395833322,0.9567032193946041
34104.0,-0.2759,0.0259,0.9202,18.092512000000003,-56.867968,22.087458333333334,0.3580226558426763,12.295245128199534,-14.073629999999989,0.9610201142535988
34119.0,-0.2347,0.0198,0.8981,9.733712,-46.272568,21.690458333333336,0.48063931153458966,11.73928133090589,-13.910951562499989,0.92847172277889
34136.0,-0.2703,-0.0156,0.9686,4.2604120000000005,-45.020668,22.064558333333334,0.5282119532789997,11.118299169995451,-13.723402816666656,1.0057292926031338
34151.0,-0.2446,-0.0313,0.9658,1.2146120000000007,-54.883267999999994,21.491958333333333,0.5193444091199955,10.444535209016935,-13.562213129166656,0.9967840739096908
34167.0,-0.2328,-0.0333,0.9559,0,-65.188568,22.056858333333334,0.49043063375694984,9.560346062796684,-13.385758262499989,0.9844031389628946
34183.0,-0.197,-0.0465,0.9039,0,-71.59316799999999,21.942358333333335,0.458241403843617,8.583484405820267,-13.210219395833322,0.9262863812018398
34199.0,-0.1487,-0.0386,0.8702,-0.7547879999999991,-63.852667999999994,23.637058333333336,0.41222387807925487,7.734034918466323,-13.021122929166655,0.8836569979352848
34214.0,-0.1486,-0.0116,0.8665,-3.602187999999999,-49.348867999999996,25.568358333333336,0.32693467353980243,7.165165997724793,-12.829360241666654,0.8792262336850512
34231.0,-0.1694,-0.009,0.9246,-8.113588,-37.020668,23.400358333333333,0.1624509732567225,6.705858970566434,-12.630457195833321,0.9400332547309164
34246.0,-0.1768,-0.0297,0.9836,-15.815888,-25.432868,16.514958333333333,-0.09727739753038711,6.488285604707992,-12.50659500833332,0.9998046259144834
34263.0,-0.1615,-0.0361,1.0155,-25.334988,-19.112268,7.133258333333334,-0.5431779942750338,6.318583954262297,-12.445962312499987,1.0288953834088286
34278.0,-0.0929,-0.0125,0.9874,-34.128888,-14.402268,-0.6148416666666665,-1.0586162112010264,6.241143295028044,-12.450573624999986,0.9918394124050527
34294.0,-0.0201,0.0277,0.9833,-40.892188000000004,-5.5702679999999996,-2.2102416666666667,-1.6973976840170644,6.26521785845073,-12.46825555833332,0.9838954161901559
34310.0,0.0179,0.0608,0.9991,-47.083088000000004,-2.5549679999999997,1.0797583333333334,-2.4112343265352165,6.30936225108326,-12.459617491666654,1.0011083158180238
34326.0,0.048,0.0669,0.9641,-50.235688,-2.5473679999999996,6.606558333333334,-3.1512229558428007,6.325931547278433,-12.406765024999988,0.9676096423661765
34341.0,0.0583,0.0403,0.9503,-48.350288,-3.0511679999999997,12.301158333333333,-3.7945486025218527,6.31209076570897,-12.314506337499989,0.952939174344302
34358.0,0.061,0.0168,0.9628,-43.083088000000004,-7.432868,16.492058333333333,-4.430433074264267,6.196314240295157,-12.174323841666656,0.9648767175136935
34373.0,0.0361,0.0006,0.9603,-35.815888,-18.455768,20.079758333333334,-4.862856607057691,5.917497297176713,-12.023725654166656,0.960978490914339
34390.0,0.0137,-0.0117,0.9631,-26.441888,-34.058768,22.728658333333335,-5.202621882994883,5.334710124443997,-11.830532058333322,0.9632684932042571
34405.0,0.0342,-0.001,0.9657,-17.563988,-50.020668,24.095058333333334,-5.353734270986742,4.581143398704208,-11.649819120833323,0.9663059194685708
34421.0,0.0549,-0.0077,0.9401,-13.052488,-57.341268,26.804958333333335,-5.449524155335036,3.663481662867812,-11.435379454166656,0.9417331416064745
34437.0,0.0845,-0.0181,0.8918,-11.968587999999999,-54.287768,29.583658333333336,-5.528771590187595,2.7948944626027927,-11.198710187499989,0.8959771760485866
34453.0,0.0194,-0.0692,0.8848,-9.999087999999999,-44.822168,29.156158333333334,-5.583962921991716,2.084450464578154,-10.965460920833323,0.8877139404109863
34468.0,0.0073,-0.0887,0.8926,-5.586887999999999,-39.684768,23.346958333333333,-5.573433901581825,1.5021446817137176,-10.790358733333322,0.8970260531333524
34485.0,0.0781,-0.0753,0.8929,0,-37.051168,20.919458333333335,-5.488458252540049,0.8838298003935693,-10.61254333749999,0.8994665696956169
34500.0,0.1154,-0.0692,0.9075,2.7032120000000006,-28.547368000000002,26.408058333333333,-5.371415082259216,0.45838506679778696,-10.414482899999989,0.9174214135281561
34516.0,0.0818,-0.0914,0.9465,2.3215120000000007,-18.432868,31.194258333333334,-5.268018045673589,0.1607540122405071,-10.164928833333322,0.9544147159385169
34532.0,0.0271,-0.1156,1.0132,-1.983787999999999,-8.776368000000002,31.285858333333334,-5.243950830086872,0.01711197561255163,-9.914641966666656,1.0201333295211956
34548.0,0.0222,-0.1406,0.9723,-4.808287999999999,-5.6007679999999995,27.568358333333336,-5.276569910684222,-0.07627919599083673,-9.69409509999999,0.9826639761383339
34564.0,-0.0223,-0.1791,0.9259,-2.159387999999999,-3.692368,23.163758333333334,-5.2826779418181715,-0.13464031036369198,-9.508785033333323,0.9433265129317632
34580.0,-0.0468,-0.1652,0.9141,5.947512000000001,-8.203868,17.591258333333336,-5.174095126596477,-0.2566512309268013,-9.368054966666657,0.9300860659100318
34595.0,-0.0311,-0.129,0.9346,11.680312,-15.990068,16.079758333333334,-4.995949212469284,-0.4792244233702966,-9.247456779166656,0.943973182881802
34612.0,0.0167,-0.1115,0.8994,14.756612,-13.303068,15.018758333333333,-4.751511458600825,-0.6866826989890554,-9.119797333333324,0.9064389113448297
34627.0,0.0505,-0.1023,0.9143,17.665012,-6.6007679999999995,12.346958333333333,-4.500727615763131,-0.7720637316314433,-9.027195145833323,0.9213902701895653
34643.0,0.0909,-0.0763,0.9303,21.695512,-4.493968,12.102658333333332,-4.173429106949995,-0.8401570591277319,-8.930373879166657,0.9378393199263934
34659.0,0.0714,-0.0662,0.9695,24.283312000000002,-8.074068,16.759158333333335,-3.809523181785973,-0.9704232138363487,-8.79630061249999,0.9743770574064232
34675.0,0.0562,-0.066,1.0121,24.497112,-16.219068,22.491958333333333,-3.446777021344988,-1.2304322860416002,-8.616364945833324,1.015805517803482
34691.0,0.0656,-0.0553,1.0175,19.756612000000004,-22.577868000000002,27.163758333333334,-3.1618261835317907,-1.5901696225733395,-8.399054879166657,1.0211110125740492
34707.0,0.0811,-0.052,0.9272,13.458912,-19.959568,28.934758333333335,-2.978415312325579,-1.9084918545436327,-8.167576812499991,0.9321915307489121
34723.0,0.0863,-0.0444,0.8838,9.436012,-3.3335679999999996,29.026358333333334,-2.8586043551609315,-1.9667605498150553,-7.9353659458333246,0.8891127543793307
34739.0,0.0619,-0.0548,0.9141,9.741412,4.4831319999999995,28.133258333333334,-2.7345278044849346,-1.9045471650411507,-7.710299879166658,0.9178308449817973
34754.0,0.0392,-0.0649,0.9232,13.726112,-8.280168,27.346958333333333,-2.5633635669276362,-2.035711285836887,-7.505197691666658,0.926308204648971
34770.0,0.0432,-0.0789,0.8871,19.619212,-20.325968,27.110358333333334,-2.291314647189678,-2.3620278552591087,-7.288314824999992,0.8916489555873433
34786.0,0.0461,-0.0853,0.8813,24.611612,-22.158068,23.415658333333333,-1.9486719254154004,-2.7116458234590306,-7.100989558333325,0.8866177248397417
34802.0,0.0691,-0.0636,0.9114,27.077212000000003,-16.577868000000002,15.721058333333334,-1.573290142049597,-2.970453332045392,-6.975221091666658,0.9162258073204443
34819.0,0.1093,-0.0269,0.9501,27.588712,-16.707668,10.911858333333333,-1.164634293581725,-3.2505317980953663,-6.882470295833325,0.9567445374811397
34834.0,0.1506,-0.0193,0.9799,27.916912000000004,-22.944268,12.652358333333332,-0.8070780723235209,-3.595968027822567,-6.787577608333325,0.9915930919485069
34850.0,0.1251,-0.0143,0.9894,26.947512000000003,-31.944267999999997,16.545458333333332,-0.4382165279350384,-4.105616825005835,-6.655213941666658,0.9973799977942208
34866.0,0.0922,-0.011,0.9521,24.665012,-38.028268,15.843158333333333,-0.10678633716823202,-4.703508313298739,-6.528468674999991,0.9566170864039591
34882.0,0.0778,-0.0328,0.8513,25.115412000000003,-39.616068,10.484358333333333,0.22691863796300568,-5.3162350398436695,-6.444593808333325,0.8554766916754658
34897.0,0.0809,-0.0253,0.7841,30.985612000000003,-35.379368,3.5301583333333335,0.617809045797598,-5.818364874150054,-6.418117620833325,0.7886683143121702
34914.0,0.0839,-0.0026,0.799,36.214611999999995,-25.051168,-1.9736416666666667,1.1537075244878698,-6.210517036893155,-6.434893574999991,0.8033971433855115
34929.0,0.0929,0.0337,0.8566,36.237511999999995,-13.188568,-6.294241666666666,1.6177609245270603,-6.374458647956111,-6.482100387499991,0.8622816593202015
34946.0,0.1263,0.0706,0.8721,32.222312,-3.8068679999999997,-9.988941666666667,2.0900861816677754,-6.411568627993919,-6.5670063916666574,0.8840217531260189
34961.0,0.1345,0.0808,0.8694,29.779512000000004,6.1473320000000005,-11.424041666666668,2.467342711983631,-6.3014591730060525,-6.6526867041666575,0.8834451029916912
34977.0,0.1046,0.0822,0.8955,30.016212000000003,7.445032,-11.179741666666667,2.8823057164903245,-6.1696633758061035,-6.742124637499991,0.9053277030998222
34993.0,0.0736,0.1035,0.8859,31.115412000000003,-3.5626679999999995,-11.500341666666667,3.3200452944056926,-6.211521028721004,-6.8341273708333246,0.8949569933801289
35008.0,0.0922,0.1467,0.871,32.916912,-16.722968,-10.920241666666668,3.763054443174295,-6.443627692094303,-6.9160291833333245,0.8880668499611952
35024.0,0.1354,0.1661,0.8988,34.771912,-21.089368,-7.798041666666667,4.27717169233581,-6.762108878659898,-6.978413516666658,0.9239934036561084
35040.0,0.1827,0.1779,0.9304,34.123011999999996,-29.409968,-2.5156416666666663,4.788777401662693,-7.215770287969074,-6.998538649999991,0.9647133563914205
35056.0,0.228,0.1783,0.9496,28.749012000000004,-31.890868,6.087458333333334,5.22168359829214,-7.714516070543839,-6.949838983333324,0.9927311065943285
35072.0,0.2245,0.1838,0.9547,20.756612000000004,-30.241968000000004,14.766858333333333,5.535226459763775,-8.190445212233366,-6.831704116666657,0.997815002893823
35088.0,0.2012,0.1768,0.9655,13.306212,-28.127468,20.270658333333333,5.737664775820174,-8.632187249403005,-6.669538849999991,1.0019630382404332
35103.0,0.1611,0.1879,0.9565,6.855912000000001,-34.753468,23.675258333333336,5.840349003167487,-9.137725526399086,-6.4919744124999905,0.9880039827854946
35120.0,0.1129,0.212,0.9304,0.9856120000000008,-39.776368,26.026358333333334,5.870813503694192,-9.78202914016931,-6.2707503666666575,0.9609029971854599
35135.0,0.1084,0.2328,0.9097,-6.060187999999999,-44.127468,26.346958333333333,5.8107332658516775,-10.396630873593312,-6.073148179166657,0.9452515485308659
35151.0,0.1604,0.2449,0.8462,-12.892187999999999,-45.226768,26.545458333333336,5.655221880226068,-11.064391591664947,-5.860784512499991,0.8954097441953599
35167.0,0.2273,0.246,0.7754,-17.861687999999997,-34.959568,30.782058333333335,5.4411160316625065,-11.572018421690485,-5.614528045833324,0.8446457541478557
35183.0,0.2605,0.2391,0.7633,-20.067787999999997,-19.341268,39.30115833333333,5.210850822645003,-11.842150308829229,-5.300118779166657,0.8412228896077425
35198.0,0.2269,0.2167,0.8549,-21.495288,-12.303068,48.26295833333334,4.9921513562683195,-11.994230424665291,-4.938146591666657,0.9106571857729998
35215.0,0.2107,0.1761,0.8958,-23.930387999999997,-23.043568,56.42325833333334,4.6967066958759,-12.352124599927084,-4.4585488958333235,0.9369436162331222
35230.0,0.1749,0.125,0.91,-27.327388,-29.188568,62.24775833333334,4.39908464183892,-12.748409368338363,-3.9916907083333233,0.9350481324509451
35247.0,0.1481,0.0863,0.8927,-30.701387999999998,-29.158068,61.73625833333333,3.9887919755110306,-13.190872690062163,-3.46693251249999,0.9090074752167884
35262.0,0.1613,0.0776,0.8566,-31.594487999999995,-19.997768,56.08745833333334,3.6253461714511164,-13.432838082163157,-3.04627657499999,0.8751017140881396
35278.0,0.2147,0.0743,0.9103,-29.579288,-10.081668,51.24775833333334,3.2605802713718113,-13.539635660312086,-2.6362945083333233,0.9382231450992882
35294.0,0.2488,0.0833,0.9985,-29.113587999999996,-13.318368,51.911858333333335,2.901614982783198,-13.702075099208539,-2.2209996416666566,1.0323965226597773
35310.0,0.2747,0.1021,1.0057,-28.846387999999997,-25.455768,55.96525833333333,2.5483644267022654,-14.060699726509128,-1.77327757499999,1.0475289924388727
35325.0,0.2908,0.1,0.9313,-27.976187999999997,-34.394667999999996,61.50725833333333,2.23913226692328,-14.530457114330344,-1.3119731374999901,0.9807570188379994
35342.0,0.2987,0.0784,0.8363,-22.785387999999998,-31.516868,64.95005833333333,1.962870350484374,-15.024412409266503,-0.7598976416666567,0.8914964610137273
35357.0,0.3215,0.0758,0.8312,-15.128887999999998,-20.074068,65.93475833333333,1.8445764252055232,-15.29425007423213,-0.26538695416665675,0.8944279344922095
35374.0,0.3413,0.0775,0.8873,-10.197588,-14.310668,67.50725833333334,1.7761204068398027,-15.516950035450341,0.3084247416666767,0.9538308183320562
35390.0,0.3835,0.049,0.873,-7.312087999999999,-10.203868,71.49205833333333,1.756298393695879,-15.675656996765252,0.8803612083333434,0.954778639266715
35405.0,0.3842,0.0068,0.8982,-2.708987999999999,-6.219067999999999,76.27825833333334,1.7990547901136127,-15.778749418328696,1.4524481458333436,0.9769437650141384
35421.0,0.3193,-0.0286,0.9554,-1.0906879999999994,-7.0893679999999994,78.04925833333334,1.8476527202251685,-15.904289670321784,2.0768422125000106,1.0077497754899278
35437.0,0.2761,-0.0493,0.9296,-3.0295879999999995,-6.524468,76.20195833333334,1.8484791973310657,-16.01855261403165,2.686457879166677,0.9709880843759103
35452.0,0.2863,-0.0515,0.8922,-2.8158879999999993,-6.936668,73.47675833333334,1.8406858157811088,-16.132762889556993,3.237533566666677,0.9384246267015801
35469.0,0.3149,-0.0431,0.8779,-1.808287999999999,-5.921368,73.11795833333333,1.8320959912641945,-16.247524323646722,3.8590362125000106,0.9336637671024832
35484.0,0.3446,-0.0493,0.8107,0,-6.272568000000001,75.45385833333333,1.842293016667901,-16.36502089310158,4.42494015000001,0.8822778133898642
35501.0,0.326,-0.0861,0.7029,9.848212,-6.8297680000000005,78.78975833333334,2.0016854981088463,-16.514164566499673,5.094653095833343,0.7795881091961319
35516.0,0.2568,-0.1444,0.6978,21.428412,5.437332,78.69815833333334,2.2877730694520864,-16.470035929254898,5.6848892833333435,0.757444677847828
35532.0,0.2118,-0.1825,0.8154,24.619212,11.132031999999999,69.59125833333333,2.614725026093344,-16.32511603304687,6.24161935000001,0.8619992169369992
35548.0,0.2753,-0.1887,0.8915,21.336812000000002,18.132032,61.62175833333333,2.860976795966799,-16.071691073660304,6.7345934166666765,0.9519296350046047
35564.0,0.3296,-0.1863,0.9385,11.726112,24.506031999999998,57.46145833333333,2.9320588705745645,-15.726638988361271,7.194285083333344,1.0119911560878385
35579.0,0.3524,-0.2186,0.9449,0,28.666432,54.14845833333334,2.7967267941814584,-15.356667705056028,7.600398520833344,1.0318952127033054
35596.0,0.3472,-0.234,0.8871,-8.594488,45.231232000000006,54.10265833333334,2.4998543432347864,-14.668303725795194,8.060271116666677,0.9809435508733415
35611.0,0.2855,-0.2694,0.8936,-11.640288,55.689332,52.44615833333334,2.1577045332650795,-13.926800438967096,8.453617304166677,0.9760161730217384
35628.0,0.2603,-0.3013,0.8556,-6.434188,46.414432000000005,46.33935833333334,1.8609333904663368,-13.242377815316267,8.847501850000011,0.9437103051254659
35643.0,0.2327,-0.3068,0.8066,8.130712,26.933532,39.95005833333333,1.7722718396289148,-12.944793556276139,9.14712728750001,0.8938003636159475
35659.0,0.2557,-0.2632,0.8536,25.298612000000002,0.788532,35.751558333333335,1.9466470015401716,-13.03381316239393,9.433139754166678,0.9291338385830106
35675.0,0.2544,-0.2003,0.8583,36.985611999999996,-25.043568,34.13325833333334,2.294273596023643,-13.52313418806916,9.706205820833345,0.9173430873996925
35691.0,0.2732,-0.1692,0.8005,43.871112,-37.470968,32.19425833333333,2.739812703864704,-14.19936567002771,9.96375988750001,0.8625932587262666
35706.0,0.2799,-0.1671,0.7747,48.222312,-37.661868,28.102658333333334,3.1943572353621614,-14.831671594056974,10.174529825000011,0.8404918262541284
35723.0,0.2889,-0.1678,0.8176,46.756612,-30.219068000000004,22.995858333333334,3.7079997693276963,-15.403735030770783,10.369994620833344,0.8832269300695037
35738.0,0.2635,-0.173,0.8319,40.023812,-22.081668,14.690458333333332,4.018505133352429,-15.784159886397694,10.480173058333344,0.8896172547787053
35755.0,0.3159,-0.1572,0.7792,35.413112,-13.264868,7.7744583333333335,4.323621096068683,-16.060728300895406,10.546255954166677,0.8553696803137226
35770.0,0.3182,-0.1227,0.7878,34.512312,-2.669468,4.133258333333333,4.543804280994509,-16.156630163168515,10.577255391666677,0.8584493986252189
35786.0,0.2568,-0.0934,0.8527,33.504712,8.322832,2.339358333333333,4.785690853170722,-16.07656185972895,10.595970258333343,0.8954144794451339
35802.0,0.1431,-0.0952,0.8804,30.443612,5.338132,-5.889641666666666,4.981607760594832,-16.02586641669617,10.54885312500001,0.8970199607589565
35818.0,0.1892,-0.0953,0.8607,28.229912000000002,-1.8984679999999998,-16.958341666666666,5.145009441682352,-16.07901120415382,10.413186391666676,0.8863877368285281
35833.0,0.2092,-0.0503,0.8009,23.924612000000003,0,-24.179741666666665,5.224467488645067,-16.09649549840499,10.231838329166676,0.8292982213896276
35850.0,0.2935,0.0059,0.8159,18.413112,9.498432000000001,-28.416341666666664,5.274722444460493,-15.960997215352453,9.990299425000009,0.8671043016846358
35865.0,0.3992,0.0537,0.833,5.909312000000001,31.002232,-24.332441666666664,5.126652898385542,-15.548255811007987,9.807806112500009,0.9252747321741798
35880.0,0.3927,0.0903,0.8099,-8.426587999999999,48.376332000000005,-13.301841666666668,4.795485597505254,-14.904186001593855,9.708042300000008,0.9046023380469453
35897.0,0.3578,0.0895,0.8029,-22.373188,67.284732,1.2248583333333334,4.244042613596685,-13.873379615596747,9.718453595833342,0.8835606940103209
35912.0,0.3389,0.073,0.839,-34.647988,84.559532,16.896558333333335,3.584946618455431,-12.746425460019868,9.845177783333343,0.9078013053526636
35929.0,0.2876,0.0443,0.8867,-41.563988,82.002232,30.484358333333333,2.7684136695081,-11.515292680938057,10.104294829166676,0.9332272713546257
35944.0,0.2645,0.0181,0.8589,-38.983788000000004,64.536632,42.49205833333333,2.095225999173247,-10.721433970037126,10.422985266666677,0.8988865723771826
35960.0,0.2075,-0.0203,0.8395,-28.960887999999997,41.971732,52.19425833333334,1.5561832173908285,-10.22354543635346,10.840539333333343,0.8650020751420195
35976.0,0.1719,-0.0504,0.8148,-14.983787999999999,29.727432,59.29355833333334,1.2445701319941955,-9.914724910857746,11.31488780000001,0.8342594380646826
35992.0,0.1752,-0.0735,0.9432,-4.785387999999999,21.086232,66.18665833333334,1.0945026624563565,-9.73125503890803,11.844381066666676,0.9621452748935578
36007.0,0.1532,-0.1039,0.9974,-4.7395879999999995,5.9488319999999995,73.53015833333333,0.9451421671431416,-9.775518671589056,12.395857254166676,1.0144319642045985
36024.0,0.172,-0.1187,0.9583,-12.625088,1.5213320000000001,78.11035833333334,0.6492967168624282,-9.867813595919946,13.05979530000001,0.9808223998257789
36039.0,0.2085,-0.1423,0.9711,-24.304488,10.773232,75.02635833333333,0.20185972262263352,-9.817551815651598,13.62249298750001,1.0033726874895488
36056.0,0.1392,-0.1754,0.885,-37.235688,24.620632,65.78205833333334,-0.5141153515137082,-9.504056487995555,14.181640483333343,0.9128892594395007
36071.0,0.1053,-0.1608,0.8041,-41.182288,38.086232,54.980558333333335,-1.2129647492501907,-9.03423074676511,14.593994670833343,0.8267536150510623
36087.0,0.1035,-0.1061,0.8101,-34.884588,44.315232,45.843158333333335,-1.843577053427545,-8.426519154732848,14.96073993750001,0.8235480981703498
36104.0,0.1261,-0.0627,0.8177,-20.525788,34.315232,40.20195833333334,-2.254597012982408,-7.945497157000157,15.302456583333344,0.8297383864809438
36119.0,0.2227,-0.048,0.8571,-3.9227879999999997,21.315231999999998,40.209558333333334,-2.3687280860435767,-7.7356641823140695,15.604028270833343,0.88685945898998
36135.0,0.2443,-0.0156,0.8518,10.741412,7.299932,44.03395833333334,-2.2463835757910755,-7.7346672955472835,15.95629993750001,0.886278223810108
36151.0,0.2196,0.0225,0.9093,20.817712000000004,-3.715268,50.19425833333334,-1.9558257624363886,-7.906762236036308,16.357854004166676,0.9357119749153582
36166.0,0.1644,0.0211,0.998,23.321512000000002,-15.867968000000001,55.03395833333334,-1.6429923054515208,-8.241295354754406,16.770608691666677,1.0116701883519155
36183.0,0.1343,0.0033,1.0426,16.229912000000002,-29.348868,52.56075833333333,-1.4005642306343697,-8.81193698504178,17.21737513750001,1.051219358649754
36198.0,0.1031,0.0071,1.0123,1.5734120000000007,-30.638968000000002,42.29355833333334,-1.4027357387194728,-9.318331009884933,17.53457682500001,1.0175614526897134
36214.0,0.0375,-0.0341,1.0099,-15.434188,-11.394668,26.782058333333335,-1.6684847428267742,-9.522424319673824,17.748833291666674,1.0111711378396835
36230.0,-0.0203,-0.1172,1.0491,-35.472388,-3.432868,10.056858333333333,-2.251678319696525,-9.571739648776521,17.82928815833334,1.0558213579957547
36246.0,-0.0192,-0.1436,0.9667,-45.701388,-3.5320679999999998,-5.393441666666666,-2.9948973679411486,-9.600364519044005,17.78614062500001,0.977496030682478
36261.0,0.0599,-0.1206,0.9303,-47.472388,-7.845068,-18.294241666666665,-3.71205176184809,-9.679365731593121,17.648933812500008,0.939994925518218
36278.0,0.1139,-0.1116,0.8639,-44.197588,-14.341268,-26.385841666666664,-4.459599604853363,-9.879880356122086,17.424654158333343,0.8784935856339533
36293.0,0.1613,-0.1298,0.7861,-40.067788,1.3915320000000002,-22.401141666666664,-5.053504194220503,-9.823677861562544,17.256645595833344,0.8129077069384938
36310.0,0.1019,-0.1404,0.8323,-33.602188,12.414432000000001,-16.057641666666665,-5.615236214202372,-9.580188569947621,17.120155641666678,0.8501876616371236
36326.0,0.0625,-0.13,0.8053,-22.495288,11.116731999999999,-15.805741666666668,-5.965861680744986,-9.367730765801015,16.993709708333345,0.8181163364705536
36341.0,0.0596,-0.1442,0.8386,-12.617388,17.208332,-19.324741666666664,-6.150227878861973,-9.074108166328326,16.848774145833346,0.8529922391206147
36358.0,0.0092,-0.1736,0.8972,-8.060188,19.452631999999998,-22.240841666666665,-6.2899904678723635,-8.701757472777368,16.65972699166668,0.9138869952023608
36373.0,-0.0072,-0.1953,0.9944,-6.731888,10.307632000000002,-23.630141666666667,-6.402134953672817,-8.493905292623687,16.48250092916668,1.0134225624091857
36389.0,-0.0077,-0.1761,1.0356,-7.556388,-13.745868000000002,-24.401141666666664,-6.537777740500847,-8.643050876806486,16.287291795833347,1.050494102791634
36405.0,0.0657,-0.1733,0.9847,-7.136488,-34.486267999999995,-25.210241666666665,-6.669926100543378,-9.111525781080722,16.085609862500014,1.0019897554366513
36421.0,0.1089,-0.2128,0.8824,-2.8082879999999992,-41.043568,-22.874441666666666,-6.743168256734756,-9.677321886864672,15.902614329166681,0.9142061091460721
36436.0,0.1646,-0.2351,0.8541,5.741412,-43.165668,-17.950741666666666,-6.700153151560909,-10.23355971775872,15.767983766666681,0.9010282903438714
36453.0,0.1891,-0.2258,0.8125,16.260412000000002,-44.127468,-15.248441666666666,-6.483503541883088,-10.892769256911336,15.638372012500014,0.8642341696554239
36468.0,0.1637,-0.1957,0.8069,28.184112000000002,-41.516867999999995,-16.019441666666665,-6.13518321827721,-11.423144202782005,15.518226200000013,0.8462764264706892
36485.0,0.1343,-0.1458,0.8354,38.191711999999995,-42.936668,-17.011841666666665,-5.571863148454604,-12.052175896407613,15.373625545833347,0.858596115761072
36500.0,0.1211,-0.1117,0.8857,43.420712,-48.845068,-16.691241666666667,-5.012507471501649,-12.672680402831412,15.248441233333347,0.9008921078575391
36516.0,0.1237,-0.0933,0.9138,42.084911999999996,-51.295468,-15.614841666666669,-4.435095762909197,-13.368162349365203,15.123522500000014,0.9268425001045215
36532.0,0.1359,-0.0864,0.9048,36.222312,-49.470968,-17.324741666666664,-3.953595551123453,-14.02379806731541,14.984924566666681,0.9190194829273208
36548.0,0.1947,-0.1088,0.8789,27.665012,-37.089368,-19.278941666666665,-3.612237135889433,-14.482445272261618,14.830693033333347,0.9067583691370045
36564.0,0.2477,-0.1477,0.877,19.054312000000003,-17.509168000000003,-17.904941666666666,-3.414150115999336,-14.640868747899745,14.687453500000014,0.9232007257362832
36580.0,0.2672,-0.1696,0.9183,11.306212,-2.669468,-16.019441666666665,-3.3446498900797175,-14.579372375463036,14.559297966666682,0.9713057654518479
36596.0,0.2628,-0.1993,0.9381,5.596312,0,-16.271341666666665,-3.3721181025976215,-14.49044943627718,14.429127233333348,0.9943922465506255
36612.0,0.2838,-0.2329,0.8617,6.123012,-10.623667999999999,-17.698841666666667,-3.4016774268840284,-14.585994453410255,14.287536500000016,0.9366492086154774
36628.0,0.3036,-0.2432,0.7471,13.970412000000001,-7.394668,-20.645441666666667,-3.321031820088556,-14.648963651926417,14.122372966666683,0.8423049388434096
36643.0,0.2523,-0.2246,0.7444,23.283312000000002,1.177832,-25.630141666666667,-3.1290884299355044,-14.58942900725692,13.930146904166683,0.8174544696801161
36660.0,0.1892,-0.1541,0.8197,26.191712000000003,1.7503320000000002,-32.41634166666667,-2.8460242513685174,-14.520115531466388,13.654608000000017,0.8552494022213637
36675.0,0.1884,-0.0891,0.8625,20.458912,0,-38.065241666666665,-2.6942755339667386,-14.480828093228956,13.369118687500018,0.8873215989707453
36691.0,0.2222,-0.0679,0.881,10.504712000000001,4.796132,-40.454541666666664,-2.6693868333194946,-14.370411205428587,13.045482354166685,0.9111225219475151
36707.0,0.2777,-0.0479,0.8511,2.9475120000000006,9.559532,-39.82094166666666,-2.750341896376159,-14.19832473477177,12.726914820833352,0.8965394079459084
36722.0,0.3293,-0.0287,0.8396,2.2833120000000005,9.193132,-37.51564166666667,-2.8280053034094763,-14.060987052513406,12.445547508333352,0.9023249636356073
36739.0,0.3641,-0.0298,0.8622,1.9246120000000007,6.788532,-33.01184166666667,-2.8922912493642152,-13.966892147003323,12.164946854166685,0.9364003897906066
36754.0,0.3898,-0.0419,0.8751,0,6.3992320000000005,-25.424041666666664,-2.9766221472971273,-13.912883050180623,11.974266541666685,0.9589054489364423
36770.0,0.3441,-0.0487,0.8689,-2.7853879999999993,11.536632,-18.859141666666666,-3.094480632186175,-13.784824845926854,11.823393408333352,0.9358224778236521
36786.0,0.2742,-0.0629,0.8989,-4.876988,16.254132,-16.561441666666667,-3.2368588847095263,-13.586208841946219,11.69090187500002,0.9418934440795307
36802.0,0.1862,-0.0846,0.9279,-7.556388,13.361032000000002,-18.813341666666666,-3.4157833177925383,-13.425987421718785,11.540395141666686,0.9501715687179868
36817.0,0.1412,-0.0874,0.8882,-11.899887999999999,11.261832000000002,-27.393441666666664,-3.646251732407254,-13.299020188132694,11.334944329166685,0.9035903053928811
36834.0,0.1858,-0.0569,0.8384,-13.510588,11.223631999999998,-36.46984166666667,-3.917718992300005,-13.147706138906736,11.024950675000019,0.8606240816988565
36849.0,0.2657,-0.0127,0.8171,-11.228088,14.185431999999999,-38.80574166666666,-4.113983442440138,-12.98349255070617,10.733907612500019,0.8593079715678192
36866.0,0.309,0.0157,0.8312,-5.266287999999999,14.933532,-35.33244166666667,-4.216253218518373,-12.792246604979807,10.433581858333353,0.8869165293306919
36881.0,0.3268,0.0286,0.8574,1.535212000000001,11.895432,-29.019441666666665,-4.192714134016482,-12.688976644340013,10.215936045833352,0.9180146839784209
36897.0,0.3213,0.0288,0.9043,6.665012000000001,10.987032,-19.340041666666664,-4.075250784921123,-12.597129257388131,10.061215712500019,0.9601154201448907
36913.0,0.25,0.004,0.9266,11.313912,7.765632,-12.240841666666666,-3.8792720486231973,-12.554228036347768,9.963288979166686,0.9597414026705319
36928.0,0.1316,-0.0527,0.9349,15.779512,3.1931320000000003,-12.981241666666667,-3.6328211338079477,-12.569409974887783,9.865929666666686,0.9455865164013285
36944.0,0.074,-0.1006,0.8971,20.939812000000003,-3.8984680000000003,-21.996541666666666,-3.301430911604821,-12.670807244670513,9.689957333333352,0.9057509425885242
36960.0,0.08,-0.0845,0.887,25.810112000000004,-5.883268,-32.63014166666667,-2.904207715408771,-12.782843014474176,9.428916200000018,0.8946000503018094
36976.0,0.0863,-0.0592,0.9382,26.039112000000003,-7.493968,-42.408741666666664,-2.511245621763731,-12.900527597853502,9.089646266666684,0.944018839854375
36992.0,0.1084,-0.0055,0.9644,18.855912000000004,-7.967168,-52.202641666666665,-2.2317312389533077,-13.009765601043473,8.67202513333335,0.9704886243537325
37008.0,0.1985,0.0607,0.9022,10.443612,-3.0816679999999996,-55.85154166666666,-2.075444775008526,-13.040804063582979,8.225212800000016,0.9257708031689054
37023.0,0.2655,0.1111,0.8602,7.985612000000001,5.002232,-47.24084166666667,-1.9496202720840534,-12.959225179956723,7.870906487500015,0.9070708351611797
37040.0,0.2504,0.0917,0.8768,11.321512,2.887732,-29.767541666666666,-1.7402863435912124,-12.9112879044456,7.617882383333349,0.9164536485824037
37055.0,0.1537,0.0177,0.9412,13.787212,-10.005368,-11.988941666666667,-1.5169754621700382,-13.051821827729736,7.527965320833349,0.953831442132204
37071.0,0.1277,-0.033,1.02,6.9780120000000005,-23.119868,0,-1.3938997271657558,-13.392930460700503,7.527965320833349,1.02849224109859
37087.0,0.1587,-0.0387,1.0258,-9.396087999999999,-19.249668,2.5301583333333335,-1.53291330428287,-13.659487126477877,7.548206587500016,1.0387247084766975
37103.0,0.2035,-0.0598,0.946,-22.953287999999997,2.620632,-1.6988416666666664,-1.8869893021080337,-13.57883716651099,7.534615854166683,0.9694866115630478
37118.0,0.2083,-0.0657,0.9283,-23.365488,16.093832,-6.301841666666666,-2.2230276364066954,-13.306261475837577,7.487352041666683,0.9536489238708341
37135.0,0.2019,-0.0237,0.9727,-15.304488000000001,5.9488319999999995,-5.446941666666667,-2.4635336440839843,-13.176498290960016,7.441053037500017,0.9937155478304645
37150.0,0.2183,0.0198,0.9692,-8.632688,-11.799268000000001,0,-2.565647582194751,-13.323806599491828,7.441053037500017,0.993677799892903
37166.0,0.1692,-0.0106,0.9376,-6.930387999999999,-17.791668,3.919458333333333,-2.6463140660524056,-13.570411541694936,7.472408704166683,0.9528036313952629
37182.0,0.1102,-0.0703,0.8882,-6.609787999999999,-17.249668,-2.332441666666667,-2.726651899226056,-13.794831002239945,7.453749170833349,0.8977668795405631
37197.0,0.1652,-0.074,0.8431,-2.7776879999999995,-15.791668000000001,-13.744641666666666,-2.7488982265296373,-13.976092389084991,7.35066435833335,0.8623135450635111
37214.0,0.2974,-0.0151,0.8539,2.886412000000001,-10.913768000000001,-17.378241666666664,-2.6801820621710575,-14.118771258336285,7.202949304166683,0.9043339980339122
37229.0,0.3721,0.0396,0.8799,6.298612,-2.0435679999999996,-11.019441666666667,-2.5600283250096267,-14.128986568880343,7.120303491666683,0.9561645151332484
37245.0,0.3486,0.0618,0.9143,7.138312000000001,3.4602320000000004,1.1484583333333334,-2.4126939356842763,-14.070812578266635,7.12949115833335,0.9804517785184542
37261.0,0.2665,0.0646,0.9476,6.932212000000001,-4.333568,13.217158333333332,-2.262033527325625,-14.139716369492273,7.235228425000017,0.9864791786956276
37276.0,0.2177,0.0437,0.9368,7.268112,-16.264868,19.469058333333333,-2.1102981696590124,-14.376275141171886,7.381246362500017,0.9627550155673041
37293.0,0.1962,-0.0183,0.8993,7.939812000000001,-27.066468,17.972958333333334,-1.9383542105287148,-14.816603152396647,7.53401650833335,0.9206355522137954
37308.0,0.2037,-0.0581,0.8579,6.916912000000001,-32.402268,10.629458333333332,-1.8073227942107837,-15.272588469723761,7.61373744583335,0.8836637991906198
37324.0,0.2292,-0.0586,0.8036,3.886412000000001,-28.638968000000002,1.1561583333333334,-1.7260553096710827,-15.696024133273973,7.622986712500017,0.8376989674101312
37340.0,0.2867,-0.0161,0.7664,0.6803120000000008,-15.150368,-8.248441666666666,-1.6972950083078877,-15.91113031502038,7.5569991791666835,0.8184284085978443
37356.0,0.3044,0.0238,0.7616,-0.6402879999999993,-0.959568,-12.393441666666668,-1.6853232788546828,-15.912468638612166,7.45785164583335,0.8205244420491081
37371.0,0.2953,0.0363,0.7748,1.7643120000000008,6.987032,-10.798041666666668,-1.631877931282478,-15.806435471240388,7.37686633333335,0.8299607340109532
37387.0,0.2653,0.0356,0.7963,6.642112000000001,10.391532000000002,-8.538541666666667,-1.4961256962729987,-15.647341770285678,7.3085580000000165,0.8400863884149058
37403.0,0.2231,0.0265,0.8481,10.298612,9.116731999999999,-8.172141666666667,-1.3022383189838262,-15.508933290784185,7.243180866666683,0.8773536744095849
37419.0,0.2139,0.036,0.8986,11.733712,4.116732000000001,-9.546141666666667,-1.0853620948463216,-15.446551944095255,7.16681173333335,0.9244085514533062
37435.0,0.2405,0.0634,0.9209,10.390212,-0.5015679999999998,-9.805741666666668,-0.8865305569232244,-15.455755076309208,7.088365800000016,0.9538954974209701
37450.0,0.2705,0.0752,0.9342,6.947512000000001,-3.387068,-6.355341666666666,-0.7444815481328755,-15.508062789774335,7.040700737500016,0.9754767706101464
37466.0,0.2579,0.0527,0.9399,2.5429120000000007,-4.325968,-1.0652416666666664,-0.6632850955561014,-15.576857755248685,7.032178804166683,0.9760643984901816
37482.0,0.205,0.0085,0.9103,0,-6.348868,1.5836583333333334,-0.6252136008835862,-15.670153797195141,7.044848070833349,0.9331362922960397
37497.0,0.1375,-0.0281,0.9054,-1.0143879999999992,-6.012968,-3.309541666666666,-0.608804449660918,-15.737175119683421,7.020026508333349,0.9162123225541119
37514.0,0.1206,-0.0393,0.9109,-1.9914879999999993,-4.402268,-16.011841666666665,-0.6177937444731336,-15.773650803102093,6.883925854166683,0.9196888930502533
37529.0,0.2173,-0.0054,0.9381,-2.7547879999999996,-3.2954679999999996,-28.317141666666664,-0.6358521658953168,-15.782713272029333,6.671547291666683,0.9629538202842336
37544.0,0.3188,0.0367,0.9442,-1.8769879999999992,-1.8832679999999997,-32.86674166666666,-0.6371877838501604,-15.781261373408636,6.4250467291666835,0.9972431849854879
37561.0,0.3206,0.0558,0.9673,-0.7929879999999991,-6.287768000000001,-30.507941666666664,-0.6187538498779478,-15.865640535721836,6.165729225000017,1.0205720405733247
37576.0,0.3258,0.0729,1.0392,-6.449488,-22.814568,-21.103441666666665,-0.6756642816582757,-16.185007774359754,6.007453412500016,1.0915111955449655
37593.0,0.4231,0.0712,0.9907,-20.518188,-34.593168,-7.607241666666666,-0.9728203950186676,-16.75692123825968,5.94279185833335,1.0796154593187337
37608.0,0.5048,0.0021,0.808,-32.388388,-20.776368,3.4920583333333335,-1.4010473947904958,-17.077956371372704,5.96898229583335,0.9527284240537804
37624.0,0.5012,-0.1115,0.6429,-29.105987999999996,7.162532,7.843158333333333,-1.8169077280233576,-17.009527965645137,6.031727562500017,0.8227722041974923
37640.0,0.4167,-0.1738,0.65,-15.350288,28.086232,5.888958333333334,-2.0314183777990547,-16.636645486040056,6.078839229166684,0.7914198190593915
37656.0,0.2963,-0.1556,0.7584,-4.976188,37.742732000000004,1.6370583333333335,-2.097654547985021,-16.12151606509828,6.091935695833351,0.8289605599785794
37671.0,0.2288,-0.0924,0.7979,3.321512000000001,39.032832000000006,-4.057641666666666,-2.0448002406262864,-15.62649089040946,6.061503383333351,0.8351835786220896
37688.0,0.2732,-0.0631,1.0693,0,41.322832000000005,-9.759941666666668,-2.0451485263278393,-15.013012708862334,5.9785438791666845,1.1054511929524522
37703.0,0.3447,-0.0403,1.0187,-8.525787999999999,39.849632,-12.912541666666668,-2.171011711145169,-14.512891406038827,5.881699816666685,1.0761932307908277
37720.0,0.3744,-0.024,1.0217,-13.518188,42.605332000000004,-12.065241666666667,-2.392394672562677,-13.900652116161769,5.779145262500018,1.08840353270283
37735.0,0.3489,-0.0117,1.0439,-13.579288,28.948832,-9.027041666666667,-2.580634151218356,-13.582842363142685,5.711442450000018,1.100724902053188
37751.0,0.3195,0.0094,0.9755,-13.342588,12.597732,-6.133941666666666,-2.769752742192428,-13.49697160161642,5.662370916666684,1.026532444689402
37767.0,0.3361,0.0149,0.8792,-12.052488,4.498432,-3.6912416666666665,-2.930042803415747,-13.543222133601825,5.632840983333351,0.9413702034800124
37783.0,0.355,-0.0121,0.8127,-8.693788,9.529032,-1.1797416666666665,-3.033447611621099,-13.517523212186239,5.623403050000017,0.8869344395162474
37798.0,0.3201,-0.0098,0.8026,-3.7547879999999996,11.872532,-1.3553416666666667,-3.0525098885226165,-13.47088609685079,5.613237987500018,0.8641335602787338
37814.0,0.2892,0.0052,0.8357,0.5887120000000008,9.025132,-3.7751416666666664,-3.003837734894837,-13.45665214767337,5.583036854166684,0.8843405283034358
37830.0,0.2823,-0.0313,0.8287,3.023812000000001,8.612932,-6.195041666666667,-2.9197635947657794,-13.447255499628161,5.533476520833351,0.8760232131627563
37846.0,0.2291,-0.0787,0.7878,6.069612,13.956432,-11.553841666666667,-2.797277699767498,-13.348018061793358,5.441045787500018,0.8242022445977686
37862.0,0.176,-0.0674,0.7806,10.046712000000001,16.750332,-21.630141666666667,-2.6206289361825927,-13.1951987331351,5.268004654166685,0.8030287167966037
37877.0,0.1869,-0.019,0.7998,12.283312,16.292332000000002,-30.210241666666665,-2.4235571372066653,-13.058259070085121,5.0414278416666845,0.8215671914091993
37894.0,0.2233,0.0074,0.776,14.367312,20.116732,-31.744641666666666,-2.1674434789019585,-12.824310210848797,4.771598387500018,0.8075231575626795
37909.0,0.1915,0.0122,0.8024,18.413112,21.666432,-29.195041666666665,-1.880621488695588,-12.60296021941466,4.552635575000018,0.8250253632464883
37925.0,0.1594,0.0454,0.8712,21.237512000000002,12.788532,-29.240841666666665,-1.5286342335981469,-12.489424134055213,4.318708841666685,0.8868252138950493
37941.0,0.1993,0.0696,0.9033,19.542912,1.177832,-28.530841666666664,-1.1993601791471007,-12.550842637326044,4.090462108333352,0.9276397684446264
37957.0,0.3018,0.0486,0.8834,16.397812000000002,-2.158068,-22.530841666666664,-0.9189488358332607,-12.66830623949894,3.910215375000018,0.9347945014814754
37972.0,0.311,0.0017,0.8708,14.619212000000001,4.315232,-14.042341666666667,-0.6860723278679455,-12.692170973912306,3.8048978125000184,0.9246710388024489
37989.0,0.2402,-0.0381,0.895,14.581012000000001,7.6511320000000005,-10.820941666666668,-0.4346471140263108,-12.647384289436921,3.7129198083333517,0.927454931519586
38004.0,0.1663,-0.0546,0.9291,12.268112,5.666432,-14.286641666666668,-0.257211603532322,-12.633743052116872,3.605769995833352,0.9454436313181237
38021.0,0.1416,-0.0275,0.9265,8.390212000000002,3.735132,-18.851541666666666,-0.12617169541862763,-12.626095197237984,3.4455318916666853,0.9376614847587588
38036.0,0.1525,0.015,0.9015,4.833012000000001,2.040432,-20.729341666666667,-0.06319859943089252,-12.639231939544496,3.290061829166685,0.9144306972100182
38051.0,0.1667,0.0249,0.88,2.138312000000001,2.9488320000000003,-19.431641666666664,-0.03689953666866272,-12.630733329270328,3.144324516666685,0.8959960379376686
38068.0,0.1647,0.0277,0.8529,0.9856120000000008,3.635832,-18.439241666666664,-0.022002861600697567,-12.598530860630767,2.9875909625000183,0.8690982625687386
38083.0,0.1572,0.0416,0.8473,1.7414120000000008,1.460232,-19.217941666666665,0.007303351835215494,-12.599287805019497,2.843456400000018,0.8627628237238784
38098.0,0.2174,0.0632,0.8651,3.2223120000000005,1.834332,-19.660641666666667,0.06554269003820651,-12.595319459380653,2.6960015875000183,0.8942343149309357
38115.0,0.281,0.0746,0.946,2.7566120000000005,4.819032,-15.431641666666666,0.12941205728456281,-12.544197151150728,2.5648326333333515,0.9896677018070257
38130.0,0.3014,0.0643,1.0267,-1.6402879999999993,2.017532,-8.767541666666668,0.12772231458319905,-12.5500769888417,2.4990760708333517,1.0719558479713611
38147.0,0.2852,0.0336,1.0203,-7.808287999999999,-2.654268,-6.103441666666666,0.021375066528733097,-12.63265114206222,2.447196816666685,1.0599434371701162
38162.0,0.2875,0.0178,0.9612,-11.464787999999999,-2.951968,-9.904941666666668,-0.12192461425740794,-12.717397220462148,2.372909754166685,1.0034333709818506
38177.0,0.3057,0.005,0.8964,-10.922787999999999,1.7045320000000002,-15.088141666666667,-0.25635456188093003,-12.740290489384297,2.259748691666685,0.9471063562240516
38194.0,0.3015,-0.0137,0.809,-4.449488,12.200731999999999,-19.195041666666665,-0.3055191767861676,-12.59434346850335,2.096590837500018,0.8634644984016425
38209.0,0.2244,0.0018,0.8357,5.145912000000001,25.498431999999998,-23.714141666666666,-0.20555500197306903,-12.278678341737967,1.918734775000018,0.8653052004928665
38225.0,0.1609,0.0735,0.9822,8.634512,22.284731999999998,-27.637741666666667,-0.040759296691969954,-11.981433310321421,1.6976328416666848,0.9980019539059028
38241.0,0.2145,0.1199,1.1232,0,10.674032,-22.408741666666664,-0.0032865989732830322,-11.862430950106408,1.5183629083333514,1.1497671503395808
38257.0,0.3011,0.0964,1.1315,-16.556388,4.467932,-8.385841666666668,-0.21925766548300832,-11.844323903426769,1.451276175000018,1.1748388910825176
38273.0,0.3105,0.006,1.0005,-25.846387999999997,8.857232,1.1179583333333334,-0.5805115230716564,-11.76368000086412,1.4602198416666847,1.0475908075198064
38288.0,0.2292,-0.0831,0.91,-19.754787999999998,16.322832000000002,-1.3247416666666665,-0.8331845599118395,-11.582397195123743,1.4502842791666848,0.9420924848442429
38304.0,0.1562,-0.1057,0.9031,-5.350287999999999,16.803832,-11.645441666666667,-0.8892103429670106,-11.372003750307268,1.3571207458333514,0.9225836222261915
38320.0,0.1196,-0.0713,0.9402,6.367312000000001,12.536632,-21.340041666666664,-0.76990264970219,-11.219093832766884,1.186400412500018,0.9504545701926
38336.0,0.1249,-0.0195,0.9524,10.115412000000001,7.696932,-25.187341666666665,-0.5966862140283891,-11.133073574379392,0.9849016791666847,0.9607528402247896
38351.0,0.1243,0.0331,0.9495,6.924612000000001,4.1473320000000005,-26.011841666666665,-0.47974877362140633,-11.097623187839506,0.7898128666666847,0.9581734446330685
38368.0,0.1775,0.0793,0.9218,0,-2.1274679999999995,-25.401141666666664,-0.45782426421354655,-11.156350314558201,0.573903162500018,0.9420774808899743
38383.0,0.2738,0.071,0.8561,-6.991487999999999,-4.165668,-18.584341666666667,-0.5317639717708558,-11.249964041685352,0.434520600000018,0.901617795964565
38400.0,0.2719,0.0118,0.7816,-10.342588,1.719832,-8.943141666666667,-0.6740406972404953,-11.263034678595417,0.35850389583335135,0.8276275792891389
38415.0,0.1841,-0.0305,0.7686,-8.854087999999999,6.269432,-6.653041666666667,-0.7767364110367305,-11.212563822278478,0.3086060833333514,0.7909292130146667
38431.0,0.1338,-0.0316,0.7882,-6.075387999999999,3.8572319999999998,-11.920241666666668,-0.847661194957485,-11.188297461212965,0.21324415000001803,0.8001001437320205
38447.0,0.1722,-0.0071,0.7831,-5.861687999999999,-2.951968,-18.675941666666667,-0.9154978953578975,-11.270181620098109,0.06383661666668469,0.8018409193848864
38462.0,0.2178,0.0101,0.7607,-7.7776879999999995,1.032832,-20.431641666666664,-1.0037323139597552,-11.294292607968535,-0.08940069583331528,0.7913301081091254
38478.0,0.109,0.0266,0.5264,-7.357887999999999,16.910632,-19.065241666666665,-1.0881729589593523,-11.066018054319976,-0.2419226291666486,0.5382244141619739
38494.0,0.1691,0.0413,0.8038,-7.510588,8.834332,-20.393441666666664,-1.1688182226437909,-10.96652339733715,-0.40507016249998196,0.8224323315629073
38510.0,0.1689,0.0624,0.8287,-12.686088,10.567132,-20.798041666666666,-1.322139788730124,-10.838877345871232,-0.5714544958333153,0.848035765755195
38525.0,0.1746,0.045,0.8379,-16.609787999999998,15.758032,-18.561441666666667,-1.5138260561010866,-10.645629793789398,-0.7106653083333153,0.8570802587856052
38542.0,0.1644,0.03,0.8523,-14.602188,17.048032,-13.874441666666668,-1.6994083714148642,-10.400129696060853,-0.828598062499982,0.8685290150593703
38557.0,0.1379,0.0164,0.7919,-8.228088,11.971732,-11.515641666666667,-1.7593390092280548,-10.262478331009568,-0.914965374999982,0.8039844401479422
38574.0,0.1128,0.0101,0.8989,0,7.529032,-10.843841666666668,-1.698619166230115,-10.167195253982992,-1.0071380291666487,0.9060061037321989
38589.0,0.1547,0.0048,0.9459,6.207012000000001,-4.8145679999999995,-8.759941666666668,-1.5500614777449575,-10.26452677460028,-1.0728375916666488,0.9584789721219762
38604.0,0.1984,-0.0319,0.8857,7.573412,-1.5091679999999998,-5.889641666666666,-1.391030487300425,-10.31368438803755,-1.1170099041666488,0.9082095903479549
38621.0,0.0994,-0.0928,0.9187,5.687912000000001,3.017532,-6.996541666666666,-1.2656697293318429,-10.277923111858305,-1.1764805083333154,0.9287097985915729
38636.0,0.0181,-0.1124,0.9509,4.481812000000001,0.6893320000000001,-15.859141666666668,-1.186615749521161,-10.261633575207574,-1.2954240708333153,0.9576910670983623
38652.0,-0.0162,-0.0698,0.9713,2.565812000000001,-6.761068000000001,-32.43924166666667,-1.1424911940656752,-10.338058993908266,-1.5549380041666487,0.9739395104419988
38668.0,0.1019,0.0078,0.9618,-1.808287999999999,-8.768768000000001,-43.51564166666667,-1.1646984633407131,-10.43853513350291,-1.903063137499982,0.9672143971219618
38684.0,0.127,0.0243,0.9296,-5.357887999999999,-6.806868000000001,-44.19504166666667,-1.237285755726356,-10.504763982239554,-2.2566234708333153,0.9385497589366266
38700.0,0.101,0.0032,0.9281,-6.334987999999999,-6.7916680000000005,-43.51564166666667,-1.322110732665789,-10.564878825161928,-2.6047486041666486,0.9335849452513681
38715.0,0.1165,0.021,0.9414,-7.945687999999999,-3.5244679999999997,-44.18734166666667,-1.4189885517926453,-10.566744105927839,-2.9361536666666486,0.9488135802147859
38731.0,0.0981,0.009,0.952,-9.594488,-2.700068,-45.89734166666666,-1.545755963486901,-10.554520185542406,-3.3033323999999817,0.9570833871716716
38747.0,0.1483,-0.0104,0.9696,-10.434187999999999,-3.478668,-47.10344166666667,-1.6839485901539362,-10.556577950163582,-3.6801599333333153,0.9809307875686235
38763.0,0.1917,-0.0602,0.9886,-12.670888,-4.005368,-44.294241666666665,-1.861284428840149,-10.573454871516976,-4.034513866666648,1.0088126139179665
38778.0,0.1671,-0.1039,1.0154,-16.815887999999998,-6.3259680000000005,-38.859141666666666,-2.0949212535745985,-10.62256149974561,-4.325957429166648,1.0342895049259662
38795.0,0.1454,-0.1348,0.9562,-20.418988,-7.959568,-35.202641666666665,-2.430841811181786,-10.710849383022707,-4.625179883333314,0.9765401374239566
38810.0,0.1542,-0.158,0.8871,-21.945687999999997,-5.234368,-35.019441666666665,-2.7581448687786043,-10.744504750367518,-4.887825695833314,0.9141597508094523
38827.0,0.2007,-0.1647,0.8436,-19.502888,4.1854320000000005,-37.477441666666664,-3.0965129627479078,-10.639822281836123,-5.206383949999981,0.8826480272452888
38842.0,0.2507,-0.1781,0.8091,-10.609788,21.513732,-40.477441666666664,-3.27499343028486,-10.305781699995753,-5.509964762499981,0.865570857873577
38858.0,0.2266,-0.1547,0.856,0,33.246532,-41.33244166666667,-3.3050643014781302,-9.78316133560191,-5.840624295833314,0.8988969073258624
38875.0,0.1783,-0.1133,0.944,6.291012,36.803832,-40.79804166666666,-3.2337996367474497,-9.18009778992127,-6.187407649999981,0.9673488409048723
38890.0,0.1418,-0.0502,1.0082,5.7566120000000005,37.216032000000006,-39.179741666666665,-3.179441844207635,-8.65018206704769,-6.481255712499982,1.0193598579500764
38906.0,0.075,0.0317,1.0331,0,37.841932,-36.59964166666666,-3.196589862781801,-8.071641894986366,-6.774052845833315,1.0363037682069864
38922.0,0.0265,0.0936,1.0778,-5.5257879999999995,30.971732,-32.80574166666666,-3.2798065190377605,-7.594406026756632,-7.036498779166648,1.0821811539663775
38937.0,0.0559,0.1232,1.0709,-8.105988,13.574832,-28.630141666666667,-3.3725840635458213,-7.40058981083146,-7.251224841666647,1.0794118120532126
38953.0,0.1543,0.0977,1.0126,-5.899888,-4.043568,-23.187341666666665,-3.421202616030588,-7.475254920120977,-7.436723574999981,1.0289375782815982
38969.0,0.2528,0.0278,0.9773,-1.6555879999999992,-16.318368,-15.683541666666668,-3.39660310162352,-7.75441732655909,-7.562191908333314,1.0098494788828678
38985.0,0.2966,-0.0398,0.9514,1.894012000000001,-21.089368,-12.088141666666667,-3.319705927318206,-8.120464038509867,-7.6588970416666475,0.9973552827352948
39001.0,0.2961,-0.0981,0.9354,4.787212000000001,-23.967168,-15.111041666666667,-3.20843639664097,-8.540444470119741,-7.779785374999981,0.9860385286589972
39017.0,0.2958,-0.1547,0.9109,7.436012000000001,-20.799268,-18.599641666666667,-3.073118561878079,-8.917395087223962,-7.928582508333314,0.9701384128051007
39032.0,0.2367,-0.1993,0.8993,11.084912000000001,-9.318368,-20.630141666666667,-2.913339290345121,-9.104689018996352,-8.083308570833314,0.9510456718791165
39049.0,0.1125,-0.2125,0.9429,17.000912000000003,-5.1045679999999996,-25.065241666666665,-2.6552545175181295,-9.22720870093039,-8.29636312499998,0.9730739488856949
39064.0,0.0568,-0.1857,0.9551,21.000912000000003,-17.341268,-36.53854166666667,-2.390607244905296,-9.502164980847741,-8.57040218749998,0.9746418521692981
39080.0,0.1185,-0.1154,0.9021,18.939812000000003,-21.684768000000002,-50.80574166666666,-2.147514127480633,-9.851513919331447,-8.976848120833314,0.9171389316782926
39097.0,0.1851,-0.0514,0.8497,13.603912000000001,-13.890868000000001,-56.80574166666666,-1.9765145943687343,-10.08952869753539,-9.45969692499998,0.8711452576924241
39112.0,0.1929,-0.0106,0.7938,11.558112000000001,-4.158068,-52.362941666666664,-1.8584116515127884,-10.158548391539323,-9.85241898749998,0.8169707522304577
39129.0,0.1554,0.0132,0.7859,14.947512,2.742732,-45.248441666666665,-1.6540207619357095,-10.120586750264506,-10.237030741666647,0.8012254426813967
39144.0,0.1224,0.048,0.8562,19.840612000000004,2.582432,-39.96604166666666,-1.3974246203026226,-10.08657282678815,-10.536776054166648,0.866235649231778
39159.0,0.176,0.1094,0.921,21.779512000000004,-7.814568,-37.32474166666667,-1.096911716033704,-10.207096553117761,-10.816711616666648,0.9440261437057769
39176.0,0.3018,0.0989,0.9263,19.916912000000004,-16.692368000000002,-30.706441666666667,-0.7735229555948004,-10.504574872014347,-11.077716370833315,0.9792324238912844
39191.0,0.3392,0.0244,0.8719,15.565812000000001,-16.684768000000002,-19.248441666666665,-0.5535431967580322,-10.783592798713082,-11.222079683333314,0.9358747832910127
39207.0,0.2463,-0.0508,0.8502,10.939812,-8.234368,-10.340041666666668,-0.39923704844513963,-10.94850373535878,-11.304800016666647,0.8866139915431066
39223.0,0.1151,-0.0856,0.8981,7.817712,-4.142768,-10.492741666666667,-0.30487019593821096,-11.035577053639356,-11.38874194999998,0.9094828090733766
39239.0,0.0681,-0.0631,0.924,5.603912,-4.921368,-18.500341666666664,-0.2513510825981846,-11.117342113426796,-11.536744683333314,0.9286523676812546
39255.0,0.0947,-0.025,0.9111,5.779512,-9.692367999999998,-25.813341666666666,-0.19524821163420109,-11.261649777358562,-11.743251416666647,0.9163494420798215
39271.0,0.14,0.0027,0.9011,6.9704120000000005,-14.783968000000002,-25.317141666666664,-0.11732803515205388,-11.479123191932205,-11.94578854999998,0.9119147438220307
39286.0,0.158,0.0106,0.9226,5.764312,-19.234368,-19.263741666666665,-0.060613528477889214,-11.741495118823227,-12.09026661249998,0.936091405793259
39303.0,0.158,0.0122,0.9349,0,-21.257268,-15.133941666666667,-0.08513019069000563,-12.068234653300157,-12.218905116666646,0.9482356510910144
39318.0,0.1805,0.007,0.8973,-5.090687999999999,-19.509168000000003,-14.393441666666668,-0.18056325997352393,-12.32307070054641,-12.326855929166646,0.9153013383580294
39334.0,0.1907,-0.0077,0.8405,-7.281587999999999,-15.310668,-13.904941666666668,-0.31229517357587155,-12.530451700650419,-12.438095462499978,0.8618967629594625
39350.0,0.1722,-0.0177,0.7858,-5.365487999999999,-8.974868,-12.851541666666668,-0.41170840122022734,-12.637314960510315,-12.540907795833311,0.8046413921741785
39366.0,0.1238,-0.0079,0.7603,0,-0.8832679999999997,-12.454541666666668,-0.4241576036587811,-12.612416123873796,-12.640544129166644,0.7703537758718393
39382.0,0.1206,0.0197,0.7776,5.558112,8.483132000000001,-12.301841666666668,-0.34479443553158823,-12.437781974430452,-12.738958862499977,0.7871430683173167
39398.0,0.1292,0.0536,0.8412,9.596312000000001,14.811432,-10.286641666666668,-0.19512056401676423,-12.163921273847352,-12.821251995833311,0.8527502799765004
39413.0,0.1434,0.0726,0.9036,9.833012,15.590032,-7.210241666666666,-0.04412289211400236,-11.895825857027132,-12.875328808333311,0.9177838961324174
39429.0,0.1608,0.071,0.9197,7.626812,18.002232,-3.9278416666666667,0.0878095150197759,-11.579357668657789,-12.906751541666644,0.9363470136653397
39445.0,0.1489,0.0634,0.9177,6.665012000000001,21.353431999999998,0,0.20898257205214055,-11.214646758112156,-12.906751541666644,0.931860536775756
39460.0,0.1127,0.064,0.937,8.176512,10.742732,3.133258333333333,0.34966641488048256,-11.027338480032984,-12.883252104166644,0.9459208687834306
39476.0,0.1125,0.083,0.9314,6.771912,-5.860368,6.682858333333334,0.48152032449366344,-11.087628364925463,-12.829789237499977,0.9418339609506551
39492.0,0.131,0.0823,0.8978,-0.808287999999999,-9.921368000000001,10.621758333333332,0.49905315405940526,-11.208080569037268,-12.744815170833311,0.9110319039418983
39507.0,0.1655,0.0692,0.8525,-6.999087999999999,-0.7381679999999999,10.927158333333333,0.43099733120741435,-11.184609721711967,-12.66286148333331,0.8711688355307483
39524.0,0.1694,0.0148,0.8412,-3.831187999999999,15.200731999999999,7.591258333333333,0.4009592578449621,-10.901150510149424,-12.598335787499977,0.8582149148086393
39539.0,0.14,-0.0248,0.8602,7.520012,19.376331999999998,2.4767583333333336,0.5385642051623389,-10.59093187080987,-12.579760099999977,0.8718710225715727
39555.0,0.1411,-0.0198,0.8334,22.565812,18.971732,-1.2026416666666664,0.9108048927299035,-10.274230210800377,-12.58938123333331,0.8454920520028559
39571.0,0.1102,0.0566,0.8252,36.840612,26.330531999999998,-4.866741666666666,1.5040308420363864,-9.844654234529385,-12.628315166666642,0.8344475058384441
39586.0,0.1547,0.1248,0.894,46.817712,23.208332,-7.691241666666666,2.2086491622111284,-9.496147837123381,-12.685999479166641,0.9158292035090386
39603.0,0.1659,0.1677,0.8865,53.092512,12.009932,-6.706441666666667,3.112401821752749,-9.29797442090979,-12.743004233333307,0.9173485433574307
39618.0,0.1527,0.193,0.9528,53.458912,4.857232,-2.9889416666666664,3.917230732990294,-9.231397390235207,-12.765421295833308,0.9840701855050786
39634.0,0.1522,0.2031,1.0159,46.588712,-8.081668,3.0721583333333333,4.66697632223304,-9.361966188037288,-12.740844029166642,1.047123326070048
39650.0,0.11,0.2024,1.0184,37.603912,-8.211468,8.484358333333333,5.275084776383294,-9.484693319955062,-12.672969162499975,1.0441284978392267
39665.0,0.1055,0.1948,0.994,28.848212000000004,-4.325968,3.163758333333333,5.717350472775737,-9.533326715479143,-12.649240974999975,1.0183875932080084
39682.0,0.0724,0.123,1.002,23.863512000000004,-9.005368,-2.0270416666666664,6.12601968516851,-9.657531185438035,-12.666470829166641,1.0121140054361464
39697.0,0.0653,0.1556,0.9301,22.367312000000002,-18.547368000000002,-0.7064416666666666,6.464217058693296,-9.893434699925516,-12.671769141666642,0.9452837986551975
39713.0,0.1212,0.2369,0.8947,22.046712000000003,-29.791668,2.0263583333333335,6.8286181204772385,-10.318901848980957,-12.655558274999976,0.9334340576602078
39729.0,0.1445,0.2543,0.8379,19.069612000000003,-31.402268000000003,4.095058333333333,7.156597697047554,-10.764753299185989,-12.62279780833331,0.887482478700284
39745.0,0.1194,0.2063,0.8282,18.237512000000002,-27.600768000000002,0,7.475341303791221,-11.142467692309088,-12.62279780833331,0.8618185946009752
39760.0,0.1445,0.199,0.9001,19.451312,-21.325968,-5.263741666666666,7.794773935166624,-11.395552157209877,-12.66227587083331,0.933092310545961
39777.0,0.1639,0.2273,1.0195,14.329112,-20.295468,-4.538541666666666,8.06796051878035,-11.670461310547667,-12.700853474999978,1.057312040033594
39792.0,0.1287,0.2424,1.0472,2.855912000000001,-24.203868,-2.088141666666667,8.146716969869653,-11.954784690686388,-12.716514537499977,1.0825660672679518
39809.0,0.0833,0.2043,1.005,-7.457087999999999,-33.547368,-5.859141666666666,8.061025934425793,-12.429361954662305,-12.766317241666643,1.0289326411383788
39824.0,0.0778,0.1484,0.8926,-11.166988,-39.012968,-17.256041666666665,7.935875163419191,-12.903786266719004,-12.895737554166644,0.9081905967361696
39839.0,0.1058,0.1221,0.7754,-8.510588,-35.486267999999995,-30.408741666666664,7.850346981627804,-13.3173768924027,-13.123803116666643,0.7920525298236222
39856.0,0.1724,0.1309,0.7405,-4.235688,-23.165668,-40.17214166666667,7.820895275497505,-13.596361872288748,-13.46526632083331,0.7714899999351904
39871.0,0.2056,0.1544,0.7758,-5.701388,-3.982468,-41.98894166666666,7.780667801839917,-13.55464416301472,-13.78018338333331,0.8172982075105758
39887.0,0.1949,0.1858,0.8202,-12.334988,13.322832000000002,-39.96604166666666,7.636331014473151,-13.255357631388735,-14.099911716666643,0.8632703458361118
39903.0,0.1956,0.1758,0.9,-16.571588,20.910632,-39.088141666666665,7.429661049583977,-12.849724436519583,-14.412616849999976,0.9376379898446948
39919.0,0.2065,0.1332,0.9125,-14.777688,7.467932,-35.79804166666666,7.250743939265424,-12.670032311455904,-14.699001183333309,0.945008328005632
39934.0,0.2266,0.1125,0.8728,-9.823488,-11.936668000000001,-31.492741666666667,7.156880535826535,-12.796196713811133,-14.93519674583331,0.9087263889642471
39951.0,0.2236,0.1174,0.798,-5.678488,-17.470968,-30.729341666666667,7.111592305820136,-13.04555732076708,-15.196396149999975,0.8370087932632488
39966.0,0.1865,0.1523,0.8463,-5.968588,-8.906168000000001,-29.637741666666667,7.074756236107701,-13.133134194120816,-15.418679212499976,0.8798870552519795
39983.0,0.134,0.1366,0.9211,-12.739588,-5.180968,-28.813341666666666,6.911452971620737,-13.168930010565502,-15.663592616666643,0.9407660548723046
39998.0,0.0908,0.1243,0.8914,-19.655587999999998,-1.951968,-36.75994166666666,6.6715323026003714,-13.136780950436439,-15.939292179166642,0.9045933285184011
40014.0,0.061,0.1149,0.8696,-23.228087999999996,3.2083320000000004,-47.431641666666664,6.357608371642448,-13.014319634217221,-16.318745312499974,0.8792765037233737
40030.0,0.0906,0.1194,0.8239,-21.235687999999996,10.803832,-58.71414166666666,6.079377990910876,-12.769110268420528,-16.788458445833307,0.8374221934006765
40046.0,0.0884,0.1481,0.8307,-13.731888,14.467932000000001,-68.05764166666667,5.926221317396476,-12.465366965397061,-17.33291957916664,0.8484165604230035
40061.0,0.0881,0.1847,0.86,-1.8540879999999993,6.223632,-76.04994166666667,5.9699195718859865,-12.297009416699828,-17.90329414166664,0.8840111424637135
40078.0,0.1146,0.2323,0.873,9.665012,-10.058768,-78.39344166666666,6.211849011671895,-12.388791448566566,-18.569638395833305,0.9106181691576333
40093.0,0.1829,0.3206,0.8975,14.237512,-24.722968,-76.01184166666667,6.517201791874127,-12.680842865665756,-19.139727208333305,0.9704344490999894
40110.0,0.2546,0.3483,0.9772,6.833012000000001,-26.310668,-65.36294166666667,6.739787420364712,-13.055008654326006,-19.69531221249997,1.0682012404036985
40125.0,0.2222,0.2673,1.027,-9.915087999999999,-24.906168,-50.019441666666665,6.703759496916496,-13.355796702889974,-20.070458024999972,1.0842283569433147
40141.0,0.152,0.1857,0.9799,-22.418988,-25.761068,-43.82094166666666,6.459195926723215,-13.686283039363358,-20.421025558333305,1.008857026540431
40157.0,0.0986,0.1364,0.9927,-26.403688,-18.890868,-45.63014166666667,6.1480121522813995,-13.893793064856949,-20.786066691666637,1.0068665303802684
40173.0,0.0358,0.1638,0.9779,-24.724287999999998,-18.814568,-53.89734166666666,5.865163408110959,-14.080937913203421,-21.21724542499997,0.9921695873186196
40188.0,0.0098,0.1968,0.9647,-20.105987999999996,-25.547368000000002,-66.65304166666667,5.680576896919703,-14.328542763621579,-21.717143237499968,0.9846178801951547
40205.0,0.0605,0.2627,0.9727,-16.510588,-34.867968,-76.43924166666666,5.527969285702288,-14.767972662097648,-22.366876791666634,1.0093645674383462
40220.0,0.1935,0.2928,0.9574,-20.686087999999998,-46.654267999999995,-77.30954166666666,5.359785742193823,-15.312188823701415,-22.946698354166635,1.019700372658557
40237.0,0.3422,0.2877,0.9026,-29.098287999999997,-54.295468,-70.90494166666666,5.023760841027364,-16.090871996239567,-23.5493903583333,1.0072531409730128
40252.0,0.4287,0.2391,0.8298,-38.411288,-56.692367999999995,-58.59194166666666,4.618850839968738,-16.818726405156777,-23.9888299208333,0.964116455621415
40268.0,0.4025,0.1641,0.7401,-42.525788,-47.684768,-46.767541666666666,4.117268337367959,-17.47819963182161,-24.362970254166633,0.858302435042567
40284.0,0.3542,0.1307,0.7606,-39.647988,-33.241968,-40.202641666666665,3.6640326592778627,-17.920939776009583,-24.684591387499967,0.8491480966239047
40300.0,0.318,0.1317,0.7893,-33.090688,-20.669468000000002,-36.51564166666667,3.3159514684793057,-18.173401771618195,-24.9767165208333,0.8610826789571371
40315.0,0.329,0.1248,0.8691,-26.083087999999996,-16.043568,-30.538541666666667,3.101203078545517,-18.345629608351075,-25.2057555833333,0.9376304442582909
40332.0,0.2759,0.1361,0.9357,-17.518188,-26.394668,-23.240841666666665,2.974286871950459,-18.721371759230628,-25.403302737499967,0.9849764007325251
40348.0,0.2526,0.1429,1.0399,-11.808288,-51.028268,-17.546141666666667,2.948088308484559,-19.44655107038085,-25.5436718708333,1.0796384487410589
40364.0,0.3328,0.1465,1.0365,-14.105988,-72.890868,-9.790441666666668,2.878975390772603,-20.50653864726685,-25.621995404166633,1.0984308535360794
40380.0,0.3518,0.1085,0.988,-25.647987999999998,-83.173268,-2.355341666666667,2.620240831149022,-21.715984294632833,-25.640838137499966,1.0543621246990997
40395.0,0.3109,0.05,0.8907,-38.838788,-86.448168,0,2.184269202244297,-22.87473077088423,-25.640838137499966,0.9447249864378523
40412.0,0.2776,0.0238,0.7944,-51.334988,-90.241968,-5.263741666666666,1.459092382086821,-24.248561841225552,-25.68557994166663,0.841842954475477
40427.0,0.3198,0.0299,0.7268,-61.747188,-82.936668,-15.737041666666668,0.6850309481173433,-25.323215887784073,-25.80360775416663,0.7946095204564315
40443.0,0.3837,0.0746,0.6801,-68.212888,-58.058768,-21.317141666666664,-0.23972380755215794,-26.088675412749943,-25.974144887499964,0.7844277277098254
40459.0,0.4564,0.1067,0.6947,-69.396088,-20.913768,-15.332441666666666,-1.1652019778519234,-26.28417690583757,-26.096804420833298,0.8380297966063021
40475.0,0.5043,0.0831,0.7676,-62.258588,0,-7.072841666666666,-1.9653687681851308,-26.17581645354706,-26.15338715416663,0.9221897093331718
40491.0,0.533,0.0531,0.7902,-49.243388,-0.967168,-3.9278416666666667,-2.554403741450294,-26.112278863124523,-26.184809887499963,0.9546332541871774
40507.0,0.5986,0.0521,0.7677,-35.579288,2.513732,3.0187583333333334,-2.9256977647122473,-26.028736828340048,-26.160659820833295,0.9748844341766876
40522.0,0.5995,0.054,0.7919,-20.937987999999997,14.796132,20.171358333333334,-3.0470518488097578,-25.797291876666655,-26.009374633333294,0.9946968683976039
40538.0,0.5289,0.0463,0.798,-0.8845879999999993,-3.3946680000000002,35.04165833333334,-2.879478449576298,-25.85828782847802,-25.729041366666628,0.9584794729153046
40554.0,0.5085,0.0056,0.7262,21.008512000000003,-23.967168,45.049258333333334,-2.3827834503293155,-26.25769950799115,-25.36864729999996,0.8865495192035242
40569.0,0.4358,-0.0133,0.7227,40.352012,-25.486268,47.53015833333333,-1.6440774498092967,-26.655512232174495,-25.01217111249996,0.8440342528594441
40586.0,0.3015,-0.0299,0.8096,52.588712,-29.463368,30.888958333333335,-0.6502585522063848,-27.1482052523504,-24.749614966666627,0.8644353185750799
40601.0,0.3652,0.0186,0.7784,55.382612,-30.806867999999998,5.117958333333334,0.2559426816595299,-27.589953226871287,-24.711230279166628,0.8600136975653353
40617.0,0.4872,0.0479,0.8066,47.123011999999996,-9.158068,-4.7293416666666666,1.06662668827713,-27.72309083088882,-24.749065012499962,0.9435368620250085
40633.0,0.4016,0.0497,0.9237,29.680312,16.040432,-6.141541666666666,1.5853560433445104,-27.450570473281775,-24.798197345833294,1.0084514564420044
40649.0,0.4016,0.084,0.9302,3.023812000000001,28.238932,-6.874441666666667,1.6779630754667814,-26.98492837487439,-24.853192879166627,1.0166664153005154
40665.0,0.4358,0.0566,0.8745,-21.792987999999998,64.628232,-6.2560416666666665,1.3784745484545138,-25.958396885610306,-24.90324121249996,0.9787111167244398
40681.0,0.3701,0.0438,0.917,-32.411288,88.124432,-7.859141666666667,0.9158480723436306,-24.57476722610896,-24.966114345833294,0.9898391030869613
40696.0,0.3173,0.038,0.9214,-29.861687999999997,75.964132,-11.294241666666668,0.5288039710468649,-23.46967596659147,-25.050821158333292,0.9752442001878299
40713.0,0.2585,0.0096,0.8866,-15.594488,45.322832000000005,-13.156841666666667,0.3229836582744836,-22.73075583757377,-25.16265431249996,0.9235658991106157
40728.0,0.1838,0.0385,0.8636,7.5123120000000005,0,-19.882041666666666,0.49024991484194913,-22.738515023739648,-25.31176962499996,0.8837814492282581
40744.0,0.2654,0.0931,0.8461,27.710812,-37.226768,-26.469841666666664,0.9837270464245105,-23.318891338674113,-25.523528358333294,0.8916221060516614
40760.0,0.3419,0.1301,0.8483,38.344412,-56.852667999999994,-25.149241666666665,1.6433707330799903,-24.194164015310626,-25.724722291666627,0.9238151925574726
40776.0,0.3949,0.131,0.8224,39.649712,-65.783968,-18.828641666666666,2.318809238524123,-25.198191176827393,-25.87535142499996,0.9216554508057769
40792.0,0.3938,0.1183,0.7546,38.802412,-57.532067999999995,-16.042341666666665,2.974191016880465,-26.061565480877622,-26.003690158333292,0.8593570212664816
40808.0,0.3715,0.1335,0.7296,40.054311999999996,-36.325967999999996,-21.217941666666665,3.644500561330983,-26.581899092620016,-26.173433691666624,0.8295484675412281
40823.0,0.363,0.1655,0.7839,39.527612,-20.677168,-30.889641666666666,4.26559264561327,-26.82858631036508,-26.405106004166623,0.8795785695433922
40840.0,0.3977,0.2113,0.8683,34.642112,-11.142768,-39.41634166666667,4.884974983678789,-26.953901864828,-26.74014490833329,0.9781400053162124
40855.0,0.4437,0.2721,0.9303,22.985612000000003,-10.173268,-45.40114166666667,5.272031852153072,-27.044405360589664,-27.080653470833287,1.0660047795390037
40871.0,0.4675,0.3004,0.9373,9.466512,-6.547368,-48.42404166666667,5.481892544785997,-27.091855027019967,-27.46804580416662,1.0896456763553921
40887.0,0.4755,0.3048,0.9436,-1.815887999999999,-3.012968,-51.57674166666666,5.5284399720297985,-27.088447455149776,-27.880659737499954,1.0997200780198568
40902.0,0.4595,0.1677,0.8539,-0.6097879999999991,-1.6160679999999998,-59.927841666666666,5.594789945798742,-27.069256612545928,-28.330118549999955,0.9840776138089922
40919.0,0.4337,0.2391,0.897,2.054312000000001,-10.906168000000001,-65.32474166666667,5.7119182178720616,-27.21019811972195,-28.88537885416662,1.0246333490571151
40934.0,0.4741,0.2556,0.9434,0,-19.417568,-64.93544166666666,5.801086913872218,-27.455686525790796,-29.372394666666622,1.0863267142071027
40950.0,0.5208,0.2592,0.8729,-7.449487999999999,-22.806868,-66.34004166666666,5.78057068137505,-27.780219549724343,-29.903114999999957,1.0489860294589246
40966.0,0.4709,0.2104,0.8101,-12.701388,-24.440468,-64.22554166666667,5.68216218692518,-28.132365673147024,-30.41691933333329,0.960352529022546
40982.0,0.4902,0.2616,0.77,-17.266288,-19.860368,-56.43924166666667,5.52429938514351,-28.41755471779713,-30.868433266666624,0.9495423108003139
40997.0,0.4969,0.2698,0.7461,-21.334988,-18.470968,-44.86674166666666,5.337276088423148,-28.670022113643423,-31.204933829166624,0.936144678989311
41014.0,0.4817,0.2643,0.7368,-25.922787999999997,-19.768768,-38.78284166666666,5.045075872461201,-28.985903776085383,-31.53458798333329,0.9191102327795073
41029.0,0.4333,0.1964,0.6426,-30.067787999999997,-15.539768000000002,-37.79804166666666,4.751897043138699,-29.204568771156513,-31.81807329583329,0.7995352462524713
41046.0,0.3671,0.1118,0.7164,-30.334988,-0.7305679999999999,-43.59194166666666,4.393249719843984,-29.200191905905005,-32.18860479999996,0.8127057339529481
41061.0,0.392,0.1671,0.6927,-36.922788000000004,21.864832,-52.362941666666664,4.0039861867996915,-28.864309013174285,-32.58132686249996,0.8132771360366648
41077.0,0.4609,0.2368,0.8025,-46.243388,47.826732,-63.11864166666666,3.444895931047629,-28.109484398753654,-33.08627599583329,0.9552535265572172
41093.0,0.3979,0.1609,0.665,-45.792988,73.696932,-71.42404166666667,2.903067295198178,-26.968065099485134,-33.657668329166626,0.7914785025507642
41109.0,0.4413,0.1647,0.754,-30.212787999999996,85.070932,-73.20264166666666,2.6132950038915315,-25.674119703541354,-34.24328946249996,0.8890375582617419
41125.0,0.427,0.1713,0.8827,-12.121188,70.338132,-65.31714166666667,2.6082782999038288,-24.630190005004835,-34.76582659583329,0.9954054349861668
41141.0,0.3658,0.1638,0.989,-0.8692879999999994,46.811432,-53.41634166666667,2.7730920943499293,-23.956880145853596,-35.193157329166624,1.0671274900404357
41156.0,0.3152,0.1553,0.9965,5.245212,17.696932,-45.340041666666664,3.018798459728511,-23.748160390767318,-35.53320764166662,1.0566368250255147
41172.0,0.2836,0.1473,0.9531,11.199412,-9.921368000000001,-40.454541666666664,3.352518508417129,-23.938152928699367,-35.856843974999954,1.0052491531953658
41188.0,0.2927,0.1544,0.8544,18.741312,-31.387068000000003,-37.111041666666665,3.7955701029455327,-24.448179601914365,-36.15373230833329,0.9162488799447452
41204.0,0.3531,0.1821,0.7688,25.153612000000003,-37.119868,-33.75994166666666,4.332774190756702,-25.03759543090313,-36.42381184166662,0.8653863068017659
41220.0,0.3889,0.1969,0.7709,26.978012000000003,-27.318368,-27.049941666666665,4.891485732233308,-25.46522599257764,-36.64021137499995,0.8856069274796805
41236.0,0.3839,0.1968,0.8003,23.291012000000002,-19.150368,-22.172141666666665,5.383920512916578,-25.757448167830937,-36.81758850833328,0.9091696981312125
41251.0,0.3586,0.1971,0.8275,16.451312,-4.219068,-21.775141666666666,5.745283875606127,-25.80233264287491,-36.98090207083328,0.9231460447838142
41268.0,0.3488,0.2057,0.8135,10.436012,10.429732000000001,-23.691241666666667,6.0348380866479765,-25.607238350078212,-37.18227762499995,0.9087112742780293
41283.0,0.3927,0.2057,0.7856,9.153612,16.872532,-21.904941666666666,6.282530777966729,-25.34531982494919,-37.34656468749995,0.902049411063496
41299.0,0.3837,0.1986,0.7792,12.542912000000001,16.574832,-15.683541666666668,6.589689549650452,-25.07928717816502,-37.47203302083328,0.8909659308862489
41315.0,0.3214,0.2385,0.8019,16.726112,16.521332,-9.424041666666668,6.963407209876736,-24.81325878142483,-37.54742535416661,0.8962275492306627
41331.0,0.3013,0.2648,0.8529,17.878812000000003,16.612932,-5.210241666666667,7.356323921036609,-24.540498573553382,-37.58910728749995,0.9425174481143572
41347.0,0.3212,0.2933,0.9044,15.115412000000001,13.078631999999999,-2.0118416666666663,7.707642965445605,-24.31874860626639,-37.60520202083328,1.0035605063970983
41363.0,0.3267,0.3103,0.9445,8.512312000000001,14.651132,0.6904583333333334,7.9577824530388686,-24.06665673843883,-37.59967835416661,1.0464698896767168
41378.0,0.3265,0.3186,0.9918,2.275712000000001,14.979332,0,8.110839895208473,-23.817919748396942,-37.59967835416661,1.0916846843296832
41394.0,0.2365,0.3169,1.1333,-7.518188,24.689332,-2.2026416666666666,8.113381325827703,-23.380845701622377,-37.61729948749995,1.200302774303217
41410.0,0.2399,0.2386,1.1837,-26.541088,11.231231999999999,-6.446941666666667,7.810755112250091,-23.139129127753595,-37.66887502083328,1.2311083055523586
41425.0,0.2585,0.2172,0.8646,-30.808288,-24.753468,-15.111041666666667,7.477023640756654,-23.435767416714487,-37.78220783333328,0.9281870770485873
41442.0,0.2737,0.2242,0.6587,-18.136487999999996,-22.028268,-15.439241666666666,7.306397262402546,-23.7338185684594,-37.91344138749995,0.7477051691676339
41457.0,0.2832,0.2587,0.7167,-4.869287999999999,-5.196168,-15.080541666666667,7.377446401152607,-23.737928627968195,-38.02654544999995,0.8128879504581181
41474.0,0.3193,0.3044,0.8501,-2.4952879999999995,11.903032,-15.851541666666668,7.4853064592406175,-23.468187685903008,-38.161283554166616,0.957748328111305
41489.0,0.3495,0.3264,0.9192,-11.609788,27.116732,-14.408741666666668,7.469489168956554,-23.00491276784934,-38.26934911666662,1.0361543562616526
41505.0,0.3654,0.3044,0.9124,-27.487688,55.643532,-12.500341666666667,7.197867359529803,-22.0803793046862,-38.36935184999995,1.028907323328977
41521.0,0.2822,0.238,0.8757,-41.037288000000004,87.208332,-13.072841666666667,6.717405474220627,-20.674381896234667,-38.47393458333328,0.9503322208575273
41537.0,0.1907,0.2378,0.7583,-46.838788,105.964132,-17.752241666666666,6.158407713954624,-18.992128203107214,-38.61595251666662,0.8172724270400904
41552.0,0.1741,0.2424,0.8019,-51.319688,125.154932,-22.782841666666666,5.592585792910441,-17.151910723177743,-38.786823829166615,0.855635541571293
41569.0,0.1583,0.2388,0.816,-46.250988,107.819032,-22.355341666666664,5.0229997348519255,-15.377257561669333,-38.97684423333328,0.8648354352129658
41584.0,0.1123,0.2026,0.8265,-32.472388,86.849632,-18.866741666666666,4.754731955472106,-14.138111031095084,-39.11834479583328,0.8583474238325645
41601.0,-0.0867,0.0983,0.7555,-20.602187999999998,92.803832,-19.477441666666664,4.614197614918776,-12.613947722839304,-39.28390304999995,0.7667855175992827
41616.0,-0.0779,0.0823,1.0115,-30.220487999999996,105.22363200000001,-35.385841666666664,4.354267899961746,-11.075192257439978,-39.54929686249995,1.0178280552234744
41632.0,0.1224,0.1838,0.9653,-29.380788,92.093832,-51.14154166666667,4.07643686249154,-9.657317934548848,-39.95842919583328,0.9902364818567331
41649.0,0.2797,0.235,0.9609,-24.678487999999998,70.796132,-41.59194166666666,3.853139588975552,-8.540915970965855,-40.31196069999995,1.0280009241240982
41664.0,0.2648,0.2075,0.8431,-17.693787999999998,56.704532,-23.317141666666664,3.7849274798369144,-7.801842439870749,-40.48683926249995,0.907740546632131
41680.0,0.1871,0.1461,0.8118,-5.541087999999999,52.834332,-9.958341666666668,3.8848307433574485,-7.082129431680817,-40.56650599583328,0.8457959919507777
41696.0,0.0511,0.1072,0.9541,14.588712000000001,26.544232,-3.0347416666666662,4.284705527800193,-6.767472911873068,-40.59078392916661,0.9614623549572806
41711.0,0.0769,0.1234,0.9824,28.374912000000002,-19.211468,0,4.853777344406706,-7.141043183035011,-40.59078392916661,0.9931016715321751
41728.0,0.1669,0.1587,0.9672,33.481812,-28.173268,4.942358333333334,5.54641369942241,-7.690798002055959,-40.548773883333276,0.9942419926758274
41743.0,0.1996,0.2323,0.9652,31.420712,-21.005368,9.743958333333333,6.132868075141334,-8.070091822608857,-40.47569419583328,1.0126275178958943
41759.0,0.2577,0.2394,0.964,23.390212000000002,-9.829768000000001,13.835558333333333,6.616229716685845,-8.295216163241406,-40.36500972916661,1.0261664825943204
41775.0,0.2178,0.219,0.9403,14.939812,3.009932,18.545458333333336,6.959134918994204,-8.31745844707624,-40.21664606249994,0.9897282101668115
41791.0,0.1143,0.1768,0.8663,6.2223120000000005,12.254131999999998,18.262958333333334,7.157396193444913,-8.18628419994489,-40.07054239583327,0.8915146773889928
41806.0,0.0509,0.1449,0.8429,0.6726120000000008,23.475531999999998,10.980558333333333,7.2600688883023485,-7.890254897667974,-39.98818820833327,0.8567772347582538
41823.0,0.0593,0.1562,0.9047,-2.708987999999999,29.994632,4.950058333333334,7.3018349880375215,-7.431902961738396,-39.94611271249994,0.919998380433357
41838.0,0.0288,0.1416,0.9685,-5.205188,21.391531999999998,5.064558333333333,7.3047311768054835,-7.150631667898329,-39.90812852499994,0.9792202254855646
41853.0,0.0189,0.134,0.9165,-5.212788,1.223632,7.011058333333334,7.301793097301015,-7.155711073529454,-39.85554558749994,0.9264369703331145
41870.0,0.0426,0.1295,0.8466,-2.151787999999999,-4.974868,8.217158333333334,7.335515111835807,-7.251478284703098,-39.785699741666605,0.8575060174715977
41885.0,0.1049,0.1497,0.7947,1.4665120000000007,3.826732,11.308758333333333,7.425609718112773,-7.205696257070432,-39.70088405416661,0.8154521383870422
41901.0,0.0601,0.1537,0.8418,5.855912000000001,18.475531999999998,17.751558333333335,7.58337189909742,-6.920423306320575,-39.558871587499944,0.8578245391687044
41915.0,-0.0001,-0.0001,-0.0001,1.2223120000000007,2.009932,0.9729583333333334,7.662917428060835,-6.902963609881276,-39.55206087916661,0.00017320508075688773
41929.0,-0.0001,-0.0001,-0.0001,1.2223120000000007,2.009932,0.9729583333333334,7.74086001392692,-6.885839463164644,-39.54525017083328,0.00017320508075688773
41946.0,-0.0195,0.1766,0.9525,17.626812,29.162532,24.568358333333336,8.093837494474744,-6.388910617149632,-39.33641912499994,0.9689293369487787
41961.0,-0.0507,0.2764,1.1251,17.443612,-5.074068,33.232458333333334,8.411777418197307,-6.436821118322014,-39.08717568749994,1.1596626492217468
41977.0,-0.1045,0.2744,1.1132,10.558112000000001,-24.470968,33.67525833333333,8.640161343449588,-6.764456804239465,-38.81777362083328,1.1512731430898577
41993.0,-0.0923,0.2697,1.0114,7.481812000000001,-42.646567999999995,26.240058333333334,8.824203895925342,-7.349067121090389,-38.60785315416661,1.050803188042366
42009.0,-0.0258,0.2345,0.963,3.138312000000001,-37.012968,17.324058333333333,8.940421015345525,-7.824340055250793,-38.46926068749995,0.9914761167068019
42024.0,0.0964,0.2766,0.8369,-3.8463879999999993,-30.020668000000004,15.850758333333333,8.960874785056685,-8.159953725570249,-38.350379999999944,0.8866803990164663
42040.0,0.1362,0.2565,0.7434,-4.457088,-18.035868,16.995858333333334,8.978805363750599,-8.344483626317281,-38.21441313333328,0.7981141835602221
42056.0,0.0344,0.2426,0.726,-4.724288,0,16.293558333333333,9.001383425010165,-8.241580924436983,-38.08406466666661,0.7662337241338311
42072.0,-0.0063,0.2322,0.7314,-7.037288,21.200732,10.980558333333333,8.99421547097256,-7.801691864301871,-37.99622019999995,0.7673998240812934
42088.0,0.0466,0.2241,0.7272,-9.693788,40.132032,6.2477583333333335,8.950905355055887,-7.0751988042700065,-37.94623813333328,0.7623727500376701
42103.0,0.0541,0.2323,0.7856,-11.189888,57.048032000000006,4.881358333333333,8.899932725766508,-6.155853567201595,-37.90962794583328,0.8210100242993382
42120.0,-0.0526,0.2183,0.8378,-11.708988,54.078632000000006,5.369858333333334,8.819469989192969,-5.1788052890673875,-37.86398414999994,0.8673698692022913
42135.0,-0.2036,0.1818,0.9961,-11.174688,36.445032000000005,0.7973583333333334,8.761430540474093,-4.552623822568874,-37.85800396249994,1.032821092929458
42151.0,-0.1964,0.1697,0.8851,-11.434187999999999,12.971732,-7.645441666666666,8.682633601392427,-4.242869980998909,-37.91916749583328,0.9223736010966489
42167.0,-0.1304,0.1505,0.8627,-10.449487999999999,9.811432,-14.988941666666667,8.612845650862289,-3.9725616373531025,-38.039079029166615,0.8853844927487718
42182.0,-0.0839,0.204,0.8433,-11.075388,21.765632,-22.072841666666665,8.54585548683467,-3.533245084213557,-38.20462534166661,0.8716708667840173
42199.0,-0.0437,0.2211,0.8302,-10.983787999999999,29.544232,-26.217941666666665,8.463006806589506,-2.9284389082946856,-38.42747784583328,0.8602481851186901
42215.0,-0.0729,0.1969,0.8279,-10.884587999999999,44.864832,-28.546141666666667,8.393719078839073,-2.1186170889797147,-38.65584697916661,0.8541091440793734
42230.0,-0.0714,0.196,0.8978,-7.006687999999999,45.376332000000005,-32.317141666666664,8.390834594357448,-1.3568231300221716,-38.89822554166661,0.9217151403768954
42247.0,-0.0687,0.1892,0.9784,-6.960887999999999,41.864832,-36.39344166666667,8.369406218835879,-0.5766268708625346,-39.20756979583328,0.9988908298708123
42262.0,-0.099,0.2059,0.9938,-10.563988,37.941232,-40.569041666666664,8.305762091244528,0.05491074866926579,-39.51183760833328,1.019722633856874
42278.0,-0.1167,0.2512,1.0643,-11.869288,20.765632,-44.85154166666666,8.213217980432821,0.449248642125012,-39.87064994166661,1.099752162989462
42294.0,0.0402,0.2961,1.0199,-12.350287999999999,-3.692368,-43.35534166666667,8.122422669332565,0.43921646969738737,-40.217492674999946,1.0627733813000775
42310.0,0.1398,0.285,0.9554,-11.953287999999999,-11.287768,-32.44694166666667,8.046788421829367,0.28666491209755923,-40.47706820833328,1.006756276364841
42326.0,0.118,0.2238,0.8972,-7.937987999999999,-17.867968,-20.737041666666666,8.036287269227005,0.015775791272803735,-40.642964541666615,0.9321900450015543
42342.0,0.0529,0.1854,0.8584,-2.9685879999999996,-21.700068,-13.225541666666667,8.100981963222168,-0.3179398462816009,-40.748768874999946,0.8797852749392888
42357.0,0.0079,0.1698,0.8302,-0.8998879999999991,-17.325968,-11.553841666666667,8.193943916127104,-0.5610651854226786,-40.83542268749995,0.8474234419698337
42374.0,-0.0171,0.1519,0.8127,-1.3731879999999992,-3.1427680000000002,-12.248441666666666,8.270265218587031,-0.5952606157957219,-40.939534441666616,0.8269506091659888
42389.0,-0.0201,0.1725,0.8174,-4.4952879999999995,22.238932,-14.851541666666668,8.29956224813381,-0.24752663513699824,-41.05092100416662,0.8356452716314501
42404.0,-0.0546,0.1761,0.8666,-8.250988,39.612932,-17.286641666666664,8.27000045207569,0.3548973691237772,-41.18057081666662,0.8859954458122232
42421.0,-0.079,0.1827,0.9086,-8.968587999999999,44.452632,-16.454541666666664,8.20975630152938,1.1122540865953243,-41.32043442083328,0.9301474345500287
42436.0,-0.1085,0.1697,1.0356,-6.800587999999999,24.277032,-10.950741666666667,8.192276707325956,1.4818602606327302,-41.40256498333328,1.0550060189401764
42452.0,-0.1261,0.1498,1.0603,-4.121187999999999,-8.012968,-5.393441666666666,8.200553599114196,1.37331051707107,-41.44571251666661,1.078228797612084
42468.0,-0.1462,0.1307,1.0035,-1.5868879999999994,-29.402268,0,8.238774919851691,0.9446035485880142,-41.44571251666661,1.0224818726999516
42484.0,-0.1698,0.1268,0.943,1.1765120000000007,-39.051168,1.5072583333333334,8.311906817629737,0.38807646495685005,-41.43365444999994,0.9665191565613171
42500.0,-0.1661,0.1282,0.8914,4.039112000000001,-38.814567999999994,-1.4621416666666665,8.422896555239433,-0.14024581772898315,-41.44535158333328,0.9157611096787196
42516.0,-0.0955,0.1884,0.8668,5.787212,-29.379368,-3.7370416666666664,8.561941928194463,-0.5064786167286591,-41.47524791666661,0.8921642505727295
42531.0,-0.0142,0.2317,0.8936,5.7261120000000005,-21.990068,-2.408741666666667,8.698982191328724,-0.7351341605539987,-41.49331347916661,0.9232591672981103
42547.0,0.092,0.262,0.896,4.0009120000000005,-17.257268,2.606558333333333,8.8222178968433,-0.9263583900267869,-41.47246101249994,0.9380426429539331
42563.0,0.0775,0.2479,0.9221,2.2070120000000006,-13.501567999999999,14.927158333333333,8.921775719203753,-1.0711034659597594,-41.353043745833276,0.9579817691375969
42578.0,0.0082,0.2086,0.9266,1.3215120000000007,-18.883268,24.392758333333333,9.005443228906456,-1.2847654600195184,-41.170098058333274,0.9498256471584666
42595.0,-0.033,0.1572,0.8853,0,-21.455768,29.270658333333333,9.064010910194789,-1.5740043362686733,-40.92129746249994,0.899753816329778
42610.0,-0.0641,0.1166,0.8507,-1.5181879999999992,-18.257268,30.965258333333335,9.091378304350258,-1.7642756276542868,-40.689058024999945,0.8610428909177522
42627.0,-0.0435,0.1133,0.8391,0,-21.967168,28.774458333333335,9.133365792760342,-2.0471439069452164,-40.44447512916661,0.8478313216672287
42642.0,-0.0006,0.104,0.8347,0.9704120000000007,-17.455768,32.92715833333333,9.18123219300485,-2.219374705069395,-40.19752144166661,0.8411542367485287
42658.0,-0.1017,0.073,0.886,1.0772120000000007,-10.211468,39.32405833333333,9.218738757546427,-2.282937089205046,-39.88292897499994,0.894800474966347
42674.0,-0.2141,0.0208,0.9285,2.2070120000000006,-9.791668000000001,38.90425833333333,9.254804133300784,-2.316719762748008,-39.57169490833328,0.9530916535150227
42689.0,-0.205,0.0101,0.9542,-2.182287999999999,-6.898468,31.682858333333336,9.205139302798829,-2.2795831118245617,-39.334073470833275,0.9760249228375267
42705.0,-0.1473,0.0023,0.9069,-12.281588,9.040432,22.583658333333336,8.97951071551385,-1.9906690480233213,-39.153404204166605,0.9187873475402238
42721.0,-0.1104,-0.002,0.8666,-20.571588,29.467931999999998,13.430958333333333,8.613681963553152,-1.3830050213796257,-39.04595653749994,0.8736061584032018
42737.0,-0.0641,0.0262,0.8073,-20.892187999999997,34.162532000000006,6.812658333333333,8.241201166607471,-0.71524339894615,-38.99145527083327,0.8102644876828801
42753.0,0.0649,0.079,0.7864,-13.915087999999999,33.620632,5.4996583333333335,7.984559643006733,-0.08704415016742076,-38.947458004166606,0.7930182658678172
42769.0,0.1646,0.1205,0.844,-6.457088,36.834332,12.377458333333333,7.853654655463387,0.5491740009009654,-38.84843833749994,0.8683026027831541
42784.0,0.1273,0.1198,0.9851,-1.1440879999999993,32.055732,23.522558333333336,7.810841907323987,1.0435709391319516,-38.67201914999994,1.0004895501703153
42801.0,0.0345,0.1027,1.0514,3.4055120000000008,10.254131999999998,33.40805833333334,7.840190682133127,1.2193415799113778,-38.388050654166605,1.0569671234243758
42816.0,-0.0294,0.0859,1.037,5.894012000000001,-8.295468,38.53785833333333,7.895002170967787,1.0995747240660654,-38.099016716666604,1.0409669399169217
42831.0,-0.0781,0.0697,0.9927,6.4742120000000005,-16.700068,38.934758333333335,7.952443869762701,0.865483272990989,-37.8070060291666,0.9982038819800292
42848.0,-0.1072,0.0502,0.954,5.909312000000001,-21.532068000000002,36.44615833333334,8.005836608629695,0.5326449359117259,-37.49721368333327,0.9613157025660196
42863.0,-0.1152,0.0656,0.9152,2.6574120000000008,-22.509168000000003,31.728658333333335,7.995574182502155,0.2442729603516643,-37.25924874583327,0.9247515558245901
42880.0,-0.0831,0.066,0.8615,-3.128887999999999,-15.890868000000001,26.117958333333334,7.892124372487786,0.033171258013347193,-37.03724609999993,0.8680114400167777
42895.0,-0.0372,0.0598,0.8136,-6.831187999999999,-10.257268,23.163758333333334,7.740254066967669,-0.06030046740531455,-36.86351791249994,0.8166424186876409
42911.0,0.0105,0.0525,0.7573,-6.602187999999999,-10.089368,23.980558333333335,7.586045288498794,-0.16557177416957958,-36.67167344583327,0.7591902199053937
42927.0,0.0139,0.0463,0.7417,-3.5944879999999992,-9.356468,27.186658333333334,7.479344869860502,-0.2634184480438748,-36.454180179166606,0.743273697906767
42943.0,-0.01,0.0459,0.7644,-0.8692879999999994,-5.417568,28.950058333333335,7.414640424199138,-0.30023874923142113,-36.222579712499936,0.7658421312516046
42958.0,-0.0176,0.0417,0.8219,-1.571587999999999,2.414432,29.980558333333335,7.337916422906748,-0.21762842564358528,-35.997725524999936,0.8231453456103606
42974.0,-0.038,0.0486,0.8635,-4.518187999999999,9.796132,30.682858333333336,7.211954872705517,-0.017629625996291164,-35.75226265833327,0.865700993415163
42990.0,-0.0669,0.0461,0.9131,-8.754788,16.826732,31.690458333333336,7.018511087745971,0.29301156131992795,-35.498738991666606,0.916707385156245
43005.0,-0.0959,0.0485,0.9578,-12.266288,18.872532,32.10265833333333,6.782584770286925,0.6184669969598344,-35.25796905416661,0.9638100954026161
43022.0,-0.1295,0.0504,0.9969,-13.464787999999999,13.559532,32.64465833333333,6.504311305267295,0.8965093099040079,-34.980489458333274,1.0065386331383412
43037.0,-0.1377,0.0426,1.0214,-13.968587999999999,3.345732,31.927158333333335,6.2467011832445865,1.0024152401093316,-34.74103577083327,1.031520242166871
43054.0,-0.1001,0.058,0.9835,-13.426587999999999,-5.005368,32.75915833333333,5.974744889889754,0.9781357666968289,-34.462582924999936,0.9902808995431549
43069.0,-0.1094,0.0741,0.9502,-11.678488,-7.661867999999999,35.27825833333333,5.761494493133305,0.9305466955463756,-34.19799598749994,0.9593431138023559
43085.0,-0.1134,0.0792,0.9617,-10.113588,-10.005368,37.06455833333334,5.567248666969918,0.8448954348674828,-33.90147952083327,0.9715961558178378
43101.0,-0.0765,0.0796,0.9801,-12.663188,-8.791668000000001,37.87365833333333,5.338290325773857,0.7799263109999222,-33.598490254166606,0.9862983422879712
43117.0,-0.0682,0.0659,0.9686,-18.205187999999996,1.368632,39.33165833333334,5.02666986032133,0.874608607915953,-33.28383698749994,0.973231734994292
43132.0,-0.0552,0.0522,0.9528,-24.090687999999997,18.719832,38.957658333333335,4.650771541662298,1.2188198500156355,-32.991654549999936,0.955824105157429
43149.0,-0.0609,0.0533,0.967,-26.014387999999997,29.040432,39.140858333333334,4.2014945826573,1.7632861204485084,-32.6589572541666,0.9703806984890002
43164.0,-0.0687,0.0585,0.9753,-22.281487999999996,19.025132,40.53785833333333,3.8661668379110687,2.0922575585695937,-32.3549233166666,0.9794651754911963
43181.0,-0.0475,0.0502,0.9423,-18.044887999999997,6.590032,42.33165833333334,3.5629234396539853,2.2420806263765405,-31.995104220833266,0.944830979593705
43196.0,-0.0514,0.0623,0.9022,-16.373188,6.246532,42.140858333333334,3.326089217166868,2.3693361791246534,-31.679047783333267,0.9058079763393564
43212.0,-0.0581,0.0616,0.9281,-17.060187999999997,16.666432,40.22485833333334,3.0672421914908545,2.662695934493563,-31.3572489166666,0.9319548165013152
43228.0,-0.0906,0.0447,1.0171,-20.105987999999996,26.002232,36.62945833333333,2.7631136814412187,3.0989912684493626,-31.06421324999993,1.02210511201148
43244.0,-0.099,0.0343,1.0214,-21.563988,22.032832,31.186658333333334,2.4385346186424295,3.4674286827532184,-30.814719983333266,1.0267596846390104
43259.0,-0.0724,0.0319,0.9543,-19.899887999999997,15.223631999999998,26.179058333333334,2.162973598142637,3.7069933802165047,-30.618377045833267,0.9575739449254037
43275.0,-0.0153,0.0647,0.8933,-15.678488,12.109131999999999,23.262958333333334,1.941235999752064,3.9016796976216725,-30.4322733791666,0.8957706570322562
43291.0,0.0031,0.1063,0.8823,-10.533488,10.979332,24.644658333333336,1.8112177516959649,4.066983754975201,-30.23511611249993,0.8886858781369263
43307.0,0.0052,0.1296,0.9095,-6.121187999999999,9.086231999999999,27.072158333333334,1.7616120079960569,4.191764118613518,-30.018538845833262,0.9187020463675913
43323.0,-0.0028,0.1417,0.9215,-4.945688,9.735132,29.507258333333336,1.7405890534982427,4.318302790156794,-29.782480779166598,0.9323352294105377
43338.0,-0.0576,0.1223,0.9346,-4.4952879999999995,12.826732,31.301158333333333,1.7371890408972304,4.479497961846624,-29.547722091666596,0.9443263260123589
43355.0,-0.1339,0.106,0.963,-2.869287999999999,3.742732,28.705758333333335,1.7549640832577205,4.521536836473868,-29.303723145833263,0.9780256693972811
43370.0,-0.1156,0.1044,0.9332,-2.5105879999999994,-5.5931679999999995,23.003458333333334,1.785944822269233,4.425360634208947,-29.131197208333262,0.9461104375283046
43385.0,-0.0696,0.1217,0.8983,-4.418988,-8.486267999999999,17.644658333333336,1.7931733271321637,4.28974811130624,-28.99886227083326,0.909174317719105
43402.0,0.0095,0.1302,0.8236,-6.510587999999999,-5.745868,14.484358333333333,1.7632159869666144,4.177779018149735,-28.87574522499993,0.8338820360218824
43417.0,0.0797,0.1438,0.7738,-4.449488,-2.669468,15.156158333333332,1.7852590897513454,4.108578258944848,-28.76207403749993,0.7910733025453457
43433.0,0.1041,0.1494,0.7809,0.8940120000000008,-4.524468,20.102658333333334,1.8946254834209384,3.9910744389412893,-28.601252770833263,0.8018491005170487
43449.0,0.0415,0.1241,0.8096,4.0085120000000005,1.513732,24.217158333333334,2.0546273361661327,3.96198631532064,-28.407515504166597,0.8201068345038955
43464.0,0.0007,0.1067,0.8877,5.046712000000001,0,23.362258333333333,2.222970060240248,3.906951341708659,-28.232298566666596,0.8940898556632885
43481.0,-0.002,0.0947,0.8911,2.1994120000000006,1.185432,21.064558333333334,2.3490065894833045,3.8705933339381877,-28.053249820833262,0.896120137035208
43496.0,-0.0369,0.0835,0.8846,-1.5486879999999992,7.635832,18.201958333333334,2.410517682412268,3.9300294687659063,-27.916735133333262,0.8892980490251848
43512.0,-0.0366,0.0835,0.8929,-4.014387999999999,13.803832,14.385158333333333,2.428159486734596,4.094723863195984,-27.801653866666594,0.8975423221219154
43528.0,-0.0282,0.0914,0.928,-4.266287999999999,10.704532,14.156158333333332,2.4397988510665463,4.208356244645345,-27.688404599999927,0.9329165021586873
43543.0,-0.0491,0.0844,0.9542,-3.2127879999999998,-1.7458679999999998,15.995858333333333,2.468102128877111,4.129527554547796,-27.568435662499926,0.9591828866279882
43559.0,-0.0649,0.0698,0.9529,-1.4418879999999994,-13.707667999999998,17.026358333333334,2.5161761061385963,3.867961788345559,-27.43222479583326,0.9576546663594345
43575.0,-0.0905,0.0648,0.9321,1.749012000000001,-24.692368000000002,16.736258333333332,2.609135805195827,3.447122943195725,-27.298334729166594,0.9387223764244677
43591.0,-0.085,0.0754,0.9253,4.787212000000001,-34.608467999999995,14.240058333333332,2.745535109142126,2.8854781521466815,-27.184414262499928,0.9322501005631483
43607.0,-0.0211,0.0918,0.9106,5.603912,-40.715267999999995,12.392758333333333,2.8921731981073373,2.2369660642240756,-27.085272195833262,0.9154587975436141
43623.0,0.0331,0.1108,0.891,4.0009120000000005,-38.516867999999995,13.644658333333332,3.013533023228255,1.6270411909498879,-26.976114929166595,0.8984727319178919
43638.0,0.0203,0.1022,0.9042,-0.5028879999999991,-32.814567999999994,15.667558333333332,3.0636007816033652,1.1444561848699575,-26.858608241666595,0.9101838111063062
43655.0,0.0023,0.0879,0.9014,-6.136487999999999,-30.104568000000004,14.721058333333334,3.0172003500469513,0.6488483097358024,-26.733479245833262,0.9056785632883225
43670.0,0.0317,0.0908,0.8895,-11.625088,-25.974868,13.698158333333332,2.903032255400805,0.2760137987245549,-26.630743058333262,0.8946841789145485
43686.0,0.0341,0.0753,0.8552,-13.686088,-23.661868000000002,16.537858333333332,2.745887044193182,-0.08498493822665495,-26.498440191666596,0.859185626043639
43702.0,0.0333,0.057,0.8484,-12.327388,-21.814568,19.392758333333333,2.6095383956546225,-0.4155392645606683,-26.34329812499993,0.8509644234631669
43718.0,0.0105,0.0479,0.8539,-9.166988,-20.264868,22.056858333333334,2.5209165264211313,-0.7174747143959689,-26.166843258333262,0.8553068864448596
43734.0,-0.0322,0.0331,0.8702,-6.586887999999999,-19.776368,22.385158333333333,2.468298344153497,-1.0022930381064887,-25.987761991666595,0.8714244029174303
43750.0,-0.0569,0.0244,0.8412,-4.434188,-16.112268,19.049258333333334,2.4440426415266807,-1.217622884701876,-25.83536792499993,0.8434751982127275
43765.0,-0.0233,0.0305,0.8467,-3.8463879999999993,-4.745868,14.827858333333333,2.4281332519953938,-1.244397227310687,-25.72415898749993,0.8475694838772807
43781.0,-0.0182,0.035,0.8636,-4.869287999999999,8.498432000000001,11.568358333333332,2.3885032998843263,-1.0670746421898594,-25.631612120833264,0.8645005494503749
43797.0,0.0507,0.0576,0.8395,-4.960888,30.009932,9.201958333333332,2.3475857660169206,-0.5644835140398733,-25.5579964541666,0.8429997034400428
43812.0,0.1078,0.0887,0.8937,-1.6937879999999994,53.551932,13.904258333333333,2.36331216462811,0.22952540383004302,-25.453714516666597,0.9045375724645164
43829.0,0.0544,0.1479,1.0193,3.665012000000001,52.299932000000005,25.705758333333335,2.4736077830495593,1.0852723798148374,-25.235215570833265,1.0314098409458774
43844.0,-0.205,0.1982,1.0,9.603912000000001,40.933532,35.888958333333335,2.676154063359599,1.6815851522376526,-24.966048383333266,1.0398597213086003
43859.0,-0.2081,0.0302,1.2467,1.6345120000000009,26.498431999999998,35.48435833333333,2.746431204439094,2.077067134512965,-24.699915695833266,1.2643095111561884
43876.0,-0.1143,0.0499,1.0736,0.9398120000000008,-4.165668,28.270658333333333,2.801651439965302,2.0150124773701554,-24.459615099999933,1.0808198092189096
43891.0,-0.0554,0.0554,1.0441,0,-3.264868,29.377458333333333,2.8364332226939513,1.9768967579635481,-24.239284162499935,1.0470354005476605
43908.0,-0.1141,0.0347,1.043,-0.5944879999999992,-2.913768,31.553058333333336,2.854916189646902,1.9470759373348647,-23.971083166666602,1.0497961230639024
43923.0,-0.1268,0.0073,1.0333,0,-5.623668,28.698158333333335,2.874755329645593,1.89243149744288,-23.755846979166602,1.0410765677893246
43939.0,-0.136,-0.0199,1.0436,2.0772120000000007,-10.165668,25.652358333333336,2.9162616088234765,1.770869733055634,-23.550628112499936,1.0526124500498748
43955.0,-0.1565,-0.0217,1.0081,5.237512000000001,-27.425168,21.179058333333334,2.9971449511942168,1.3915203131591911,-23.38119564583327,1.0204061691307047
43971.0,-0.0951,-0.0056,0.902,7.313912,-37.081668,15.171358333333332,3.1030330300589273,0.8715204633475186,-23.259824779166603,0.9070167418521006
43986.0,-0.0651,0.0146,0.8359,6.955112000000001,-25.722968,8.659958333333334,3.1916520202960355,0.565215556658224,-23.194875091666603,0.8385582746595491
44002.0,-0.0812,0.03,0.8792,8.291012,-19.074068,2.583658333333333,3.305383405782964,0.34558593897720297,-23.174205824999937,0.8834512323835425
44018.0,0.0105,0.0532,0.7957,13.092512000000001,-23.066468,-0.5996416666666666,3.4945955738403414,0.05879787794011733,-23.17900295833327,0.7975455974425537
44034.0,0.0854,0.0731,0.8041,20.107812000000003,-17.860368,3.9958583333333335,3.7947519021487066,-0.15826749776312093,-23.147036091666603,0.8119196881465556
44050.0,0.0016,0.0035,0.8615,24.840612000000004,-14.982468,9.209558333333332,4.158433252330458,-0.3320756505636581,-23.073359624999938,0.8615085954301327
44065.0,-0.0249,0.0905,0.7917,26.054312000000003,-6.722968000000001,6.866058333333334,4.5153860282283285,-0.3682257556146299,-23.021864187499936,0.7972447240339693
44082.0,-0.0032,0.1215,0.8389,22.474212,10.964132,6.835558333333334,4.866741872579967,-0.126978968565686,-22.963761941666604,0.8476589526454611
44097.0,0.0127,0.1144,0.8955,18.123012000000003,11.002232,5.545458333333333,5.11091340736687,0.08179627427255119,-22.922171004166604,0.9028670444755418
44112.0,0.0406,0.1309,0.8888,8.733712,16.964132,6.514958333333333,5.221411863801826,0.3644537799579799,-22.873308816666604,0.8993045146111521
44129.0,0.0242,0.1239,0.8822,0,21.635832,8.247758333333334,5.20880576050694,0.7460084148576034,-22.80320287083327,0.8911866751696863
44144.0,0.0118,0.1011,0.8552,-2.9837879999999997,23.872532,10.545458333333332,5.1567326558351345,1.1061683154928494,-22.724111933333273,0.8612360245600506
44160.0,-0.037,0.1012,0.8444,0.5047120000000008,18.910632,13.186658333333332,5.161356997690913,1.4071963150242341,-22.618618666666606,0.8512472026385756
44176.0,-0.0292,0.1057,0.8698,5.352012,9.903032,14.514958333333333,5.245704813239137,1.562126322420458,-22.50249899999994,0.8766853312335048
44191.0,0.0122,0.1099,0.8937,7.878812000000001,4.132032000000001,17.110358333333334,5.363967022604701,1.6150402180962045,-22.37417131249994,0.9005145973275503
44208.0,0.0482,0.1187,0.9178,6.833012000000001,5.231232,21.224858333333334,5.482038673237138,1.6846825589296117,-22.193760016666605,0.9266983166057873
44223.0,0.0193,0.1075,0.922,3.9704120000000005,11.529032,25.430958333333333,5.5445032475982305,1.8312515149696098,-22.003027829166605,0.9284464120238712
44238.0,-0.0524,0.0887,0.9388,3.9551120000000006,10.941232,27.675258333333336,5.604880907269346,1.971811334012314,-21.795463391666605,0.9444357521822223
44255.0,-0.0814,0.0795,0.9126,5.573412,1.5595320000000001,27.553058333333336,5.6973727750417344,1.9834208728822844,-21.56126239583327,0.9196656838221158
44270.0,-0.0361,0.077,0.8638,7.657412000000001,-2.287768,27.331658333333333,5.806768151938298,1.9373870503824262,-21.35627495833327,0.8679761805487521
44285.0,-0.0239,0.0764,0.8777,8.733712,-1.9213679999999997,27.965258333333335,5.928686236882006,1.8980461611839794,-21.146535520833268,0.8813429865835435
44302.0,-0.0123,0.0889,0.869,8.550512000000001,-1.234368,29.209558333333334,6.062929273364799,1.8660568994748794,-20.898254274999935,0.8736220578717091
44317.0,-0.0311,0.0911,0.8453,7.596312,2.376332,30.140858333333334,6.164903343457001,1.8916925669647169,-20.672197837499937,0.8507634865225471
44334.0,-0.0471,0.0608,0.8679,7.771912,6.857232,30.644658333333336,6.279565637886958,1.9994737858290577,-20.411718241666602,0.8713010157230393
44349.0,-0.094,0.0553,0.8777,9.436012,3.361032,29.995858333333334,6.397532117176236,2.0493260152353434,-20.1867493041666,0.8844497611509655
44364.0,-0.0868,0.0663,0.8718,10.374912,4.254132,27.461458333333333,6.525148092558938,2.1185719114234995,-19.9807883666666,0.8786154847258271
44381.0,-0.0667,0.0942,0.8962,9.779512,8.132031999999999,25.934758333333335,6.662322363381169,2.26317727999621,-19.760342920833267,0.9036022188994447
44396.0,-0.0553,0.1169,0.8954,9.710812,7.8954320000000004,25.934758333333335,6.7810202819899015,2.387415817161725,-19.565832233333268,0.9046904774562402
44411.0,-0.0515,0.1211,0.9113,10.130712,9.185432,27.194258333333334,6.907841360537255,2.5292879259989047,-19.36187529583327,0.920752491172302
44428.0,-0.098,0.1221,0.9756,10.229912,7.223632,27.698158333333335,7.056763932584155,2.66020577271053,-19.126440949999935,0.9880828760787225
44443.0,-0.114,0.1288,0.9824,9.046712000000001,1.9488320000000001,25.514958333333336,7.168758729941764,2.7045703692385503,-18.935078762499934,0.9973440730259543
44459.0,-0.078,0.1506,0.9586,7.810112,0,22.988158333333335,7.274124652631599,2.7219420237412257,-18.751173495833267,0.9734877092187657
44475.0,-0.0104,0.1819,0.9329,5.764312,2.1931320000000003,22.934758333333335,7.355052075831204,2.767368151099278,-18.5676954291666,0.9505252127113725
44490.0,0.0416,0.2004,0.9135,4.932212000000001,1.551932,27.186658333333334,7.42782301438703,2.788560956970718,-18.3637954916666,0.9361479423680853
44506.0,0.0476,0.2062,0.908,4.077212000000001,5.170232,33.637058333333336,7.501556107745606,2.856276167472938,-18.094699024999933,0.9323348111059675
44522.0,-0.0118,0.1855,0.9319,2.7032120000000006,8.567132,38.117958333333334,7.559135258292509,2.973057694408972,-17.789755358333267,0.9502563338384017
44537.0,-0.0367,0.1578,0.9259,2.4818120000000006,5.353432,39.53785833333333,7.61250800025465,3.0324554077548216,-17.493221420833265,0.9399673079421432
44553.0,-0.0302,0.1405,0.9175,2.4894120000000006,-1.1732679999999998,39.522558333333336,7.667962218500007,2.9933265371617233,-17.1770409541666,0.9286864594684258
44569.0,-0.0164,0.1252,0.8669,0,-4.738168,38.545458333333336,7.682862493760805,2.8973471142189617,-16.868677287499935,0.876047721302898
44584.0,-0.0197,0.1107,0.7758,-2.556387999999999,1.261832,34.591258333333336,7.659377025463557,2.895344982532271,-16.609242849999934,0.7839057468854276
44601.0,-0.0117,0.1134,0.7303,-0.8387879999999994,15.910632,28.988158333333335,7.660694152107582,3.138326777775769,-16.3628435041666,0.7391444649052037
44616.0,-0.0317,0.1414,0.8297,3.603912000000001,26.391531999999998,24.247758333333334,7.731296384133891,3.500086202192613,-16.1809853166666,0.8422594255928514
44633.0,-0.012,0.2048,0.9247,7.626812,25.292332,22.339358333333333,7.882949353525142,3.885746944727091,-15.991100770833267,0.9471837889237757
44648.0,-0.0581,0.2238,1.0021,7.207012000000001,23.903032,22.232458333333334,8.018650116288708,4.197303049216686,-15.824357333333268,1.0284291224970246
44663.0,-0.0399,0.2479,1.0328,2.7643120000000008,19.864832,20.751558333333335,8.095826364140498,4.443990171500643,-15.668720645833268,1.0628839353381911
44680.0,0.004,0.2511,1.0186,-1.1135879999999994,16.712232,20.705758333333335,8.121276075456095,4.6673739335666955,-15.492721699999935,1.0491011247730124
44695.0,-0.0093,0.2589,0.9895,-5.602187999999999,14.521332000000001,21.087458333333334,8.091894220350802,4.818861087488486,-15.334565762499935,1.0228518709959913
44711.0,-0.0243,0.2522,0.9332,-8.090688,13.948832,19.766858333333335,8.027488639943634,4.9724174989152585,-15.176430895833269,0.9669837485707813
44727.0,-0.0132,0.2461,0.8898,-7.823487999999999,13.696932,17.866058333333335,7.976875598965558,5.1175815152079425,-15.033502429166601,0.9233003249214202
44743.0,0.0021,0.2407,0.8687,-5.228088,11.162531999999999,17.056858333333334,7.975388574374235,5.217013928804653,-14.897047562499935,0.9014325210463621
44759.0,0.0264,0.2587,0.8679,-2.105987999999999,9.635832,17.507258333333336,8.031808668394602,5.284657536574551,-14.756989495833269,0.9060204523077832
44774.0,0.0303,0.2659,0.8888,-0.5334879999999993,9.803832,19.125558333333334,8.120654954353705,5.338117417405257,-14.61354780833327,0.9282167527038068
44790.0,0.0001,0.2516,0.9023,-1.457087999999999,10.780932,19.537858333333336,8.198167712393769,5.413931583646133,-14.457244941666602,0.9367218690732058
44806.0,-0.0378,0.2345,0.9292,-3.0295879999999995,10.574832,17.240058333333334,8.251561076210184,5.4883719444167935,-14.319324474999934,0.9590785838501452
44821.0,-0.0109,0.2197,0.8951,-4.205188,7.605332,13.682858333333332,8.290652308477382,5.507017945346248,-14.216703037499935,0.9217325588260403
44837.0,0.015,0.2062,0.8376,-2.617387999999999,6.521332,10.308758333333333,8.35073668983888,5.512299779814579,-14.134232970833267,0.8627381989920233
44853.0,0.0331,0.2102,0.8301,1.5505120000000008,2.048032,7.7515583333333336,8.47658779807523,5.441875600898688,-14.0722205041666,0.8569397061637417
44868.0,0.0603,0.2305,0.8472,5.016212000000001,-1.929068,5.690458333333334,8.652789625774652,5.303893707435947,-14.0295420666666,0.8800648726088321
44884.0,0.0914,0.2469,0.8788,5.573412,-3.1427680000000002,5.0339583333333335,8.843277302223632,5.136047741514277,-13.989270399999933,0.9173892358208701
44900.0,0.0692,0.2413,0.9292,4.069612000000001,-3.8526679999999995,5.331658333333333,9.007913553022828,4.95284934062211,-13.946617133333266,0.9625107635761795
44915.0,0.0125,0.2202,0.9819,0,-7.768768000000001,4.079758333333333,9.102746660034494,4.720120432070795,-13.916018945833265,1.0063656890017663
44932.0,0.0023,0.2053,0.9733,-4.586887999999999,-9.982468,1.7210583333333336,9.115357667684648,4.441733523713011,-13.901389949999931,0.9947191915309567
44947.0,-0.0032,0.1761,1.0062,-8.365488,-15.570268000000002,0,9.073318334964847,4.108673911009027,-13.901389949999931,1.0214988448353721
44963.0,-0.0493,0.1648,1.0425,-10.899887999999999,-33.158068,1.1484583333333334,8.97496364778464,3.499023820589148,-13.892202283333264,1.0565963183732943
44979.0,-0.073,0.1656,1.0256,-12.136488,-47.715267999999995,0.7439583333333334,8.8515795975381,2.6830271913076165,-13.886250616666597,1.0414450153512667
44995.0,-0.0969,0.1816,1.0601,-17.441888,-43.234367999999996,-5.408741666666667,8.641717951749872,1.965027002383686,-13.92952054999993,1.0798982266862003
45010.0,-0.1558,0.0857,0.9412,-21.113587999999996,-42.974868,-12.324741666666668,8.385834262048771,1.3249861195889712,-14.02195611249993,0.9578494505923152
45027.0,-0.1796,0.1437,0.8723,-19.846387999999997,-41.616068,-30.172141666666665,8.11096708590683,0.6550758874112782,-14.278419316666596,0.9021159238146724
45042.0,-0.1101,0.1666,0.9481,-23.037287999999997,-27.562668000000002,-36.49274166666667,7.8310790754928785,0.29504677871876284,-14.552114879166597,0.9689020487128718
45059.0,0.0072,0.157,0.902,-25.220487999999996,-32.745867999999994,-40.55384166666666,7.4730496396676225,-0.20461477589019034,-14.896822533333264,0.9155898863574237
45074.0,0.1105,0.177,0.8198,-25.518188,-22.249668,-37.11864166666667,7.169552292817494,-0.494008467947067,-15.175212345833264,0.8459381123935722
45090.0,0.1436,0.1705,0.8695,-23.831187999999997,-8.684767999999998,-28.538541666666667,6.873716148727293,-0.6077289302164669,-15.403520679166597,0.8976198861433498
45106.0,0.1024,0.1561,0.9255,-18.602187999999998,-12.677167999999998,-16.935441666666666,6.662826239575735,-0.795760056408624,-15.53900421249993,0.944141525408135
45122.0,0.0345,0.1416,0.95,-12.892187999999999,-25.409968,-7.233141666666666,6.540715634569718,-1.183809875059615,-15.596869345833264,0.9611143584402431
45137.0,-0.0022,0.1223,0.9247,-9.449487999999999,-30.348868,-3.1568416666666668,6.478082181047309,-1.610972768233517,-15.620545658333263,0.9327551768819082
45154.0,0.0081,0.1107,0.9033,-5.884587999999999,-37.234367999999996,-2.9660416666666665,6.451034512967376,-2.2043332891747887,-15.64575701249993,0.9100939457001129
45169.0,0.1256,0.0875,0.8999,-4.418988,-32.875567999999994,-2.3247416666666663,6.448921341365679,-2.6638916422563725,-15.663192574999929,0.9128261718421531
45186.0,0.1357,0.1014,0.8892,-3.357887999999999,-26.455768,2.3087583333333335,6.44986497813019,-3.086706693643965,-15.643568129166596,0.9051922944877513
45201.0,0.0978,0.1102,0.8282,2.359712000000001,-20.325968,6.942358333333334,6.538251748446494,-3.3682060638485347,-15.591500441666597,0.8412039705089367
45217.0,0.139,0.1399,0.8435,8.924612000000002,-6.532068,11.598858333333332,6.730541724535306,-3.4611801452712405,-15.49870957499993,0.8662478051920247
45233.0,0.188,0.1604,0.9487,12.397812,12.383932000000001,22.950058333333335,6.974181297394755,-3.2733270985969467,-15.315109108333264,0.9803590413720883
45248.0,0.0994,0.1395,1.0084,10.329112,19.895432,36.38515833333334,7.1674216530198995,-2.9950314357557266,-15.042220420833264,1.022844646072902
45264.0,-0.089,0.1331,1.0479,7.527612,13.948832,42.71335833333333,7.319085013075666,-2.7761663812085446,-14.700513554166598,1.0600618000852593
45280.0,-0.1495,0.1244,0.9357,2.5352120000000005,-2.7687679999999997,47.255358333333334,7.3870071937091835,-2.799429126023359,-14.322470687499932,0.9556987496067995
45296.0,-0.1886,0.0868,0.8291,1.1841120000000007,-14.890868000000001,39.591258333333336,7.4275285309501555,-2.985643398518693,-14.005740620833265,0.8546993681991346
45312.0,-0.0276,0.0444,0.719,0,4.002232,25.087458333333334,7.4408407999015385,-2.8676805647373467,-13.805040954166598,0.7208981342741845
45327.0,0.073,0.0515,0.7161,-1.563987999999999,25.376331999999998,15.156158333333332,7.424470998890776,-2.4509195937220514,-13.691369766666599,0.7216512038374218
45343.0,0.0898,0.0618,0.7686,-1.8005879999999992,38.651132000000004,8.033958333333333,7.397589169034763,-1.8200912177938229,-13.627098099999932,0.7762919811514222
45359.0,0.1385,0.1199,0.8352,-0.7853879999999991,41.032832000000006,3.591258333333333,7.388408434453277,-1.1804920379206747,-13.598368033333266,0.8550539749045087
45375.0,0.1538,0.1202,0.8726,-1.4799879999999994,38.925932,5.079758333333333,7.369002097246846,-0.6029621243989869,-13.5577299666666,0.8941662261570833
45390.0,0.1298,0.1125,0.8718,0.9704120000000007,38.185432000000006,8.560758333333332,7.3869040247247995,-0.09744501288732996,-13.4935242791666,0.888560369361587
45407.0,0.0669,0.0957,0.9841,3.909312000000001,32.849632,11.682858333333332,7.450831061864321,0.3828011776335992,-13.394219983333267,0.9910029818320427
45422.0,0.0504,0.0918,1.0251,3.596312000000001,20.208332,12.400358333333333,7.49615925704469,0.6046833195037502,-13.301217295833267,1.0304355438357122
45437.0,0.0725,0.0992,0.9885,2.1765120000000007,12.246531999999998,13.133258333333332,7.516743479496044,0.7032969260232824,-13.202717858333267,0.996106992245311
45454.0,0.0697,0.0986,0.9521,1.7719120000000008,9.322832,13.988158333333333,7.53228817417997,0.7737199188045187,-13.083818512499935,0.9597262422170187
45469.0,0.0532,0.1039,0.9205,3.1536120000000007,8.223632,14.102658333333332,7.563574163853133,0.8087764654481038,-12.978048574999935,0.9278715967201496
45485.0,0.0604,0.1216,0.944,4.046712000000001,9.399232000000001,14.446158333333333,7.612460307516337,0.8693284155897201,-12.862479308333269,0.9537141710177112
45501.0,0.0637,0.1327,0.9574,2.2375120000000006,12.338132000000002,16.568358333333332,7.634173483720335,0.9741794921789894,-12.729932441666602,0.9686494412324822
45516.0,0.0612,0.1311,0.9493,1.7108120000000007,9.490832000000001,21.095058333333334,7.647382745180732,1.0227239938997739,-12.571719504166602,0.960262016326794
45533.0,0.0526,0.1135,0.9025,4.2833120000000005,9.078631999999999,25.484358333333333,7.706772301518165,1.0825013455593027,-12.355102458333269,0.911128563924982
45548.0,0.0266,0.0935,0.8873,10.046712000000001,9.483132000000001,28.950058333333335,7.839305393253,1.132783801075186,-12.137977020833269,0.8926091529891456
45563.0,-0.0229,0.0845,0.886,16.741412,2.3305320000000003,31.873658333333335,8.064735843348995,1.0863210086716253,-11.898924583333269,0.890314921811378
45580.0,-0.04,0.0876,0.868,21.565812,-6.577868,33.957658333333335,8.396898042478854,0.907519410328266,-11.610284487499936,0.873325689533979
45595.0,-0.012,0.1155,0.8734,23.771912000000004,-8.539767999999999,32.74395833333333,8.714187740173408,0.7224439041870022,-11.364704799999936,0.8810855860811706
45612.0,0.0132,0.1445,0.8744,23.191712000000003,-2.486268,31.583658333333336,9.067116667317093,0.6275182717614154,-11.096243704166604,0.8863576309819868
45627.0,0.002,0.1537,0.8676,23.161212000000003,1.2541320000000002,31.637058333333336,9.372928372074176,0.5978627036562405,-10.858965766666604,0.8811114855680864
45643.0,0.0081,0.16,0.8789,24.695512,3.078632,32.04165833333333,9.725270671546793,0.6010856698227773,-10.602632499999936,0.8933816765526367
45659.0,-0.0031,0.1727,0.9106,25.764312000000004,4.254132,33.209558333333334,10.093686522905543,0.6264262724107766,-10.33695603333327,0.9268372349015764
45674.0,-0.0088,0.1969,0.9636,24.955112000000003,0.8419320000000001,34.820258333333335,10.425342487587647,0.6011713540009537,-10.07580409583327,0.9835507155200488
45690.0,-0.0286,0.1938,0.9722,22.649712,-6.318368,36.003458333333334,10.745004882609132,0.471246507934831,-9.787776429166604,0.991740510415905
45706.0,-0.02,0.1924,0.9164,22.100112000000003,-11.089368,36.49205833333333,11.056164727327022,0.27351661992131493,-9.495839962499938,0.9365931453945198
45722.0,0.026,0.1943,0.8337,22.947512000000003,-8.990068,35.83555833333333,11.3821177145626,0.1106929649280627,-9.20915549583327,0.8564369095269073
45737.0,0.0632,0.2151,0.7747,24.703212,-3.638968,35.67525833333333,11.715770858041571,0.03189593131963871,-8.94159105833327,0.806487656446148
45754.0,0.0697,0.2458,0.813,24.313912000000002,-7.493968,37.140858333333334,12.097690248531212,-0.12359580937546509,-8.625893762499937,0.8521999354611568
45769.0,0.0981,0.2798,0.8882,16.855912,-20.783968,41.97295833333334,12.328898629097255,-0.46634823672783726,-8.311096574999937,0.9363818078113222
45786.0,0.1117,0.2799,0.9646,3.833012000000001,-35.509167999999995,49.255358333333334,12.382277574416095,-1.0983460589635505,-7.892426029166603,1.0105810506832196
45801.0,0.144,0.2452,0.7961,-1.701387999999999,-34.051168,56.92715833333333,12.355336739009974,-1.6408512417889733,-7.465472341666603,0.8453604260905523
45817.0,0.0193,0.24,0.9042,14.787212,2.422132,59.90425833333333,12.591133419037448,-1.6299457287353263,-6.986238274999936,0.9357083573421796
45833.0,-0.0491,0.1985,1.0446,7.046712,-7.875568,59.07975833333334,12.696803043883573,-1.7675518988408387,-6.513600208333269,1.064425770075114
45848.0,0.0443,0.2092,0.9243,4.451312000000001,-6.486268,56.83555833333333,12.756099386806763,-1.8751011888837574,-6.087333520833269,0.9487136659709293
45864.0,0.0735,0.2402,0.9623,0,5.628232000000001,57.90425833333333,12.7521741831209,-1.8011225730911837,-5.624099454166602,0.994544911002012
45879.0,-0.0001,-0.0001,-0.0001,1.2223120000000007,2.009932,0.9729583333333334,12.766285237120508,-1.7873148567895711,-5.616802266666602,0.00017320508075688773
45893.0,-0.0001,-0.0001,-0.0001,1.2223120000000007,2.009932,0.9729583333333334,12.778904834122809,-1.7757381942358412,-5.609991558333269,0.00017320508075688773
45908.0,0.0864,0.2794,0.9385,-6.724288,14.956432,60.797358333333335,12.685675258471615,-1.5787596405933062,-5.1540113708332695,0.9830114800957311
45924.0,-0.0476,0.254,1.1299,-27.579288,26.528931999999998,75.06455833333334,12.259706400512856,-1.174443514181264,-4.553494904166603,1.1590753944416212
45940.0,-0.1536,0.1881,1.0491,-34.884588,10.200731999999999,75.62945833333333,11.720622810615472,-1.0072348310688475,-3.948459237499936,1.0768404617212337
45956.0,-0.1705,0.121,0.8895,-38.518188,3.994632,67.05685833333334,11.124945417313379,-0.9152896077521311,-3.412004370833269,0.9137403898263444
45972.0,-0.0974,0.077,0.7659,-38.922788000000004,12.582432,54.04165833333334,10.523068829858925,-0.6777771379533698,-2.979671104166602,0.7758985565136721
45987.0,-0.0179,0.0521,0.7209,-32.907488,20.849632,44.209558333333334,10.046845205504546,-0.3352365453723389,-2.6480994166666023,0.723001818808224
46004.0,0.0615,0.0608,0.7297,-21.976187999999997,20.216032,40.64465833333333,9.686791764333007,0.01993396033204737,-2.302619820833269,0.7348067637141074
46019.0,0.0408,0.076,0.7714,-8.617388,16.086232,39.57595833333333,9.564378131506999,0.2606932850418909,-2.0058001333332687,0.7762078329932004
46035.0,0.0516,0.1099,0.8192,4.7261120000000005,12.483132000000001,37.31645833333334,9.640600795142618,0.4480451651184116,-1.707268466666602,0.8281480604336401
46051.0,0.0748,0.1405,0.926,13.703212,9.506032000000001,36.37745833333334,9.853680753838134,0.5747956266220947,-1.4162487999999354,0.9395803797440644
46067.0,0.1074,0.1716,1.0153,16.596312,5.987032,37.705758333333335,10.107925956259564,0.630701797156308,-1.1146027333332686,1.035285182932703
46083.0,0.0796,0.1598,1.073,13.031412000000001,3.322832,39.53785833333333,10.298447741861498,0.6363982235104249,-0.7982998666666019,1.0877505228681803
46099.0,0.0521,0.1354,1.0647,4.794812000000001,6.223632,38.568358333333336,10.3507550809792,0.6847681846349237,-0.4897529999999352,1.0745388127005928
46114.0,0.0085,0.0946,1.0107,-1.563987999999999,11.826732,34.21715833333334,10.295288070811605,0.8114793932199978,-0.2331243124999352,1.0151531411565449
46130.0,0.0056,0.0691,0.9763,-2.418987999999999,10.788532,28.843158333333335,10.215940550631046,0.9338811736765766,-0.002379045833268506,0.9787583256350875
46146.0,0.0195,0.0623,0.9642,1.1230120000000008,1.437332,26.255358333333334,10.184165276419586,0.9079909252824954,0.20766382083339816,0.9664073571739817
46161.0,0.0076,0.0896,0.9053,7.298612,-9.783968000000002,24.324058333333333,10.238542120442421,0.7182667529488461,0.39009425833339817,0.9097549175464785
46177.0,0.0033,0.1365,0.9132,11.924612,-14.448068,21.026358333333334,10.373464660098294,0.4519907911144963,0.5583051250000648,0.9233511682994721
46193.0,0.0344,0.2017,0.9486,10.909312,-13.990068,16.934758333333335,10.498953920666983,0.19653765067764367,0.6937831916667314,0.970416513668229
46209.0,0.0964,0.255,0.9873,5.023812,-11.417568,16.652358333333332,10.543582738521735,-0.0225780577373371,0.8270020583333981,1.0242456980627255
46225.0,0.124,0.2731,0.9764,-4.258588,-8.318368,18.866058333333335,10.456433400556145,-0.20024905303400678,0.9779305250000648,1.0214286906093837
46240.0,0.121,0.2655,0.8931,-10.640288,-6.020668,20.713358333333336,10.295236912430877,-0.3428388134029004,1.1332807125000648,0.939552478576902
46257.0,0.1189,0.2786,0.8147,-12.128888,-1.8603679999999998,22.346958333333333,10.10748027149296,-0.43479621582428796,1.3232298583333981,0.8691900022434681
46272.0,0.1407,0.2861,0.7885,-10.563988,0,24.591258333333336,9.986297019978503,-0.5058561195262601,1.5076642958333981,0.850518635892242
46288.0,0.127,0.2733,0.8151,-8.571588,-1.3106679999999997,28.247758333333334,9.900856995534662,-0.6050309304070577,1.7336463625000649,0.8690281353327981
46304.0,0.0997,0.2534,0.8257,-8.563988,-4.119868,29.255358333333334,9.82587808086878,-0.7508612416936056,1.9676892291667316,0.8694435806882468
46320.0,0.1195,0.2511,0.7986,-10.907487999999999,0.788532,28.255358333333334,9.723948871903902,-0.8238714504911667,2.1937320958333983,0.8456319648641482
46336.0,0.1439,0.2494,0.7627,-11.625088,4.277032,28.782058333333335,9.621171558063114,-0.8508362758515317,2.4239885625000652,0.8152415960928393
46351.0,0.1267,0.2313,0.7281,-8.960887999999999,6.1473320000000005,29.751558333333335,9.57752869594633,-0.8614668327613294,2.647125250000065,0.7743914965958755
46367.0,0.1321,0.2168,0.7407,-3.7929879999999994,6.170232,30.301158333333333,9.610751302410963,-0.8729989246923671,2.889534516666732,0.7830000893997395
46383.0,0.1486,0.2051,0.7723,0.5352120000000008,4.796132,32.27825833333333,9.712010081837214,-0.9144961667410691,3.1477605833333984,0.8127701151002047
46399.0,0.1155,0.1893,0.8269,2.741412000000001,4.429732,32.01105833333333,9.842911303808915,-0.9633860751952985,3.403849050000065,0.8561181869344909
46414.0,0.1213,0.1748,0.8729,1.6497120000000007,8.086231999999999,29.598858333333336,9.946482446632903,-0.9641470801956582,3.625840487500065,0.898455975549164
46430.0,0.1267,0.1624,0.871,0.5352120000000008,10.819032,27.461458333333333,10.0252319162656,-0.9168882211949327,3.8455321541667318,0.8950238264984905
46446.0,0.1313,0.1566,0.8719,2.8253120000000007,9.307632,27.179058333333334,10.13136096280741,-0.8973457323003695,4.062964620833398,0.8955293741692676
46461.0,0.1381,0.1498,0.8798,7.054312,3.078632,28.163758333333334,10.287416417035494,-0.9823943723388444,4.274192808333398,0.9030834346836398
46477.0,0.1123,0.1454,0.8956,10.909312,-1.1427679999999998,28.079758333333334,10.500230934880554,-1.1283583048264587,4.498830875000064,0.9142493150120485
46493.0,0.1042,0.1448,0.9465,11.145912000000001,-3.1045679999999996,26.140858333333334,10.704413544688084,-1.2997455710021975,4.707957741666731,0.9631650585439653
46509.0,0.1472,0.1544,0.96,7.145912000000001,-3.448068,24.400358333333333,10.835358775013685,-1.4763059995871761,4.903160608333398,0.9834160869133675
46525.0,0.1699,0.1564,0.9363,1.855912000000001,-2.990068,25.247758333333334,10.875821801589185,-1.648299199421296,5.105142675000065,0.9643571226469995
46540.0,0.1531,0.1479,0.8755,0,-3.478668,25.782058333333335,10.882487524159888,-1.8254932770692238,5.298508112500064,0.9010073640098619
46556.0,0.1344,0.1431,0.8813,0,-2.1198680000000003,25.033958333333334,10.884842680193046,-1.982694392458548,5.498779779166731,0.9029012459842992
46572.0,0.1628,0.1368,0.9294,-2.0372879999999993,-4.944268,25.331658333333333,10.849441772985687,-2.185082208172001,5.701433045833397,0.9534161945341605
46587.0,0.1404,0.1212,0.9059,-6.510587999999999,-5.608468,25.675258333333336,10.744523928451045,-2.389537773682747,5.893997483333397,0.9246926029767947
46604.0,0.1152,0.1012,0.8619,-8.021987999999999,-1.3030680000000001,23.827858333333335,10.596520445351754,-2.52785727918992,6.096534279166731,0.8754336582517261
46619.0,0.0919,0.0931,0.8669,-4.327387999999999,-3.0206679999999997,21.896558333333335,10.513893418243356,-2.6818570362646867,6.260758466666731,0.8767147939894707
46635.0,0.1116,0.103,0.9072,0,-8.318368,20.812658333333335,10.48999373377606,-2.9167674255448994,6.427259733333398,0.9198235700393853
46651.0,0.1331,0.1295,0.9294,0,-9.707667999999998,20.110358333333334,10.463514695742806,-3.169275009346869,6.588142600000064,0.9477711854661968
46666.0,0.1394,0.1401,0.9513,-1.2280879999999994,-9.028268,20.415658333333333,10.417653243536192,-3.3980943159074837,6.741260037500064,0.9716131225956142
46683.0,0.1311,0.1381,0.9633,-3.2662879999999994,-10.310668,21.049258333333334,10.334239852190988,-3.6609180504531027,6.9201787333333975,0.9819397690286304
46698.0,0.1129,0.1381,0.9553,-4.4876879999999995,-12.684767999999998,21.827858333333335,10.239271689098556,-3.930632069115959,7.0838876708333975,0.9718107377468105
46714.0,0.0829,0.1377,0.9541,-3.854087999999999,-14.142768,21.804958333333335,10.150299842137292,-4.224294757900601,7.258327337500064,0.9675435442397411
46730.0,0.0778,0.1346,0.9246,-3.2585879999999996,-17.364168,20.392758333333333,10.0713382077605,-4.55712094031275,7.42146940416673,0.9375794153030451
46746.0,0.0774,0.1428,0.8972,-1.2967879999999992,-17.226768,18.957658333333335,10.025227033433929,-4.8765839793101335,7.573130670833397,0.9117842069261783
46761.0,0.0981,0.1548,0.9176,0,-17.074068,17.423258333333333,10.001863096325003,-5.168678184050142,7.7038051083333965,0.935722400073868
46778.0,0.1343,0.1599,0.9255,-1.4952879999999993,-16.883268,17.667558333333336,9.955781439965802,-5.487909028685931,7.8539793541667295,0.9487648549561688
46793.0,0.1461,0.1409,0.9093,-4.632687999999999,-11.035868,18.705758333333335,9.866952617166277,-5.6858320522738826,7.99427254166673,0.9316783296825144
46810.0,0.1365,0.1165,0.8851,-6.785387999999999,-2.2954679999999996,19.888958333333335,9.732029719699526,-5.75872779275279,8.163328687500064,0.9031093566119222
46825.0,0.0645,0.1007,0.8955,-4.418988,2.3610320000000002,20.713358333333336,9.643285875554671,-5.750750698990592,8.318678875000064,0.9034494949912806
46840.0,-0.0078,0.0913,0.9385,0.9475120000000008,0.651132,20.018758333333334,9.629264996282656,-5.752618925077439,8.468819562500064,0.9429627670274155
46857.0,-0.0829,0.0948,0.9547,5.871112000000001,-3.2725679999999997,16.469058333333333,9.694320809322294,-5.795174047918876,8.608806558333397,0.9629701656853134
46872.0,-0.0718,0.1284,0.9534,9.504712000000001,-4.661868,9.690458333333332,9.799471742892246,-5.8313559692951715,8.681484995833397,0.9646830360278966
46887.0,0.0292,0.175,0.9648,8.313912,-3.1503680000000003,5.095058333333333,9.889869687011332,-5.8395032035321375,8.719697933333398,0.9809774105452174
46904.0,0.1271,0.2073,0.9437,2.7108120000000007,1.979332,5.2858583333333335,9.909882604909605,-5.77587985543793,8.764627729166731,0.9745241864622961
46919.0,0.1705,0.2117,0.9318,-3.434188,8.139631999999999,8.056858333333333,9.842103794536863,-5.639176492297427,8.825054166666732,0.9706381303039768
46935.0,0.171,0.189,0.9088,-8.464787999999999,11.231231999999999,11.934758333333333,9.69853745632704,-5.4601459537364985,8.920532233333399,0.9438641003873386
46951.0,0.1196,0.1469,0.8954,-9.266288,12.170231999999999,14.942358333333333,9.545161517066564,-5.274095850989017,9.040071100000064,0.9152185148913892
46966.0,0.0667,0.1049,0.8895,-7.785387999999999,12.124431999999999,14.789758333333333,9.420737689788368,-5.101640623273204,9.150994287500064,0.8981442812822447
46983.0,0.051,0.0809,0.8647,-4.541087999999999,12.582432,11.827858333333333,9.330652054042604,-4.897110391194566,9.251531083333397,0.8699723558826453
46998.0,0.0756,0.0908,0.861,0.6955120000000008,13.040432,8.308758333333333,9.323155216524261,-4.71395850695074,9.313846770833397,0.8690690421364692
47014.0,0.1191,0.126,0.9006,4.634512000000001,9.979332,7.354558333333333,9.377173492933332,-4.574089917995005,9.372683237500064,0.9171374869669214
47030.0,0.1528,0.1443,0.9126,6.573412,6.200732,8.514958333333333,9.461509801770463,-4.504290979459165,9.44080290416673,0.9364876347288308
47045.0,0.174,0.1534,0.9391,5.451312000000001,4.841932,10.896558333333333,9.52269939114935,-4.47141277843754,9.522527091666731,0.9673243354738885
47060.0,0.1747,0.1527,0.9307,1.8253120000000007,2.383932,13.751558333333334,9.53073751063648,-4.483992155934205,9.62566377916673,0.9591870881115946
47077.0,0.1667,0.1395,0.8907,-0.6021879999999993,2.437332,16.247758333333334,9.502115719652128,-4.498151845179396,9.763769725000063,0.916840024213603
47092.0,0.1492,0.1155,0.8556,-1.212787999999999,2.261832,19.018758333333334,9.464338874747803,-4.524462512867218,9.906410412500064,0.8761576627525437
47109.0,0.1259,0.0913,0.8386,-0.6402879999999993,2.429732,21.056858333333334,9.430088137918055,-4.545003400188856,10.085393708333397,0.8528988568405987
47124.0,0.0939,0.0778,0.8407,-0.5105879999999992,4.780932,21.927158333333335,9.394027095123272,-4.533074016144085,10.249847395833397,0.8494978163597596
47139.0,0.0576,0.0665,0.8712,-0.7929879999999991,5.811432,22.194258333333334,9.347516933463613,-4.499080151459239,10.416304333333397,0.8756308868467352
47156.0,0.033,0.0496,0.8615,-0.7929879999999991,2.9412320000000003,21.415658333333333,9.292082801912493,-4.492729341279753,10.59833742916673,0.8635574155781421
47171.0,0.0417,0.0416,0.8226,0,5.208332,19.797358333333335,9.242975164754442,-4.452018660350157,10.74681761666673,0.8247061355416243
47186.0,0.059,0.0515,0.8329,3.0085120000000005,7.9030320000000005,18.591258333333336,9.232848930207547,-4.36827909860566,10.88625205416673,0.8365737624381965
47203.0,0.0916,0.0667,0.8549,7.084912000000001,8.048032,19.270658333333333,9.292661398970303,-4.268390778277651,11.050052650000064,0.8623766346556474
47218.0,0.0916,0.0714,0.9177,10.718412,5.101532000000001,22.033958333333334,9.386859391243584,-4.2287991688555,11.215307337500063,0.9250198970833006
47234.0,0.0851,0.0625,0.9386,12.008512000000001,1.7351320000000001,22.484358333333333,9.50498496014205,-4.235967163182824,11.39518220416673,0.9445201003684358
47250.0,0.0739,0.062,0.9434,13.130712,2.903032,21.797358333333335,9.633857356429719,-4.221574235219498,11.569561070833396,0.9483189178752051
47265.0,0.0956,0.0809,0.9408,17.123012000000003,0,22.163758333333334,9.804366694541493,-4.25300958064033,11.735789258333396,0.9490989463696606
47282.0,0.1244,0.1267,0.9608,21.855912000000004,-2.234368,24.759158333333335,10.087903802631258,-4.32442459281679,11.94624210416673,0.9770695420490806
47297.0,0.1407,0.1506,1.0248,24.184112000000002,-3.2725679999999997,29.682858333333336,10.362831576010473,-4.409465889355278,12.168863541666731,1.0453190374235035
47313.0,0.1365,0.1713,1.0793,23.283312000000002,-9.264868,35.90425833333333,10.648589593418476,-4.592381656626639,12.456097608333398,1.1013012439836793
47329.0,0.125,0.1727,1.0863,17.420712,-16.234368,40.911858333333335,10.842659857497397,-4.881546827839432,12.783392475000065,1.107022122633509
47345.0,0.1417,0.1501,0.9957,6.886412000000001,-17.845068,42.76685833333333,10.871459799644912,-5.1939162188015535,13.125527341666732,1.016871373380134
47361.0,0.1711,0.0967,0.8613,-0.9150879999999992,-12.707667999999998,43.40805833333334,10.776287040542268,-5.4282182054552,13.4727918083334,0.8834386169961101
47377.0,0.1814,0.0505,0.7864,0,-8.371768,45.14845833333334,10.691842138705102,-5.60026451906343,13.833979475000065,0.808629191904423
47392.0,0.1506,0.0212,0.8,6.237512000000001,-10.104568,47.64465833333333,10.691918291808062,-5.79177234123196,14.191314412500065,0.8143278209664705
47408.0,0.1227,0.0261,0.8506,14.039112000000001,-14.921368000000001,49.07975833333334,10.812278174283122,-6.065742095917873,14.583952479166731,0.8598004768549504
47424.0,0.1635,0.0629,0.9038,17.436012,-18.020668,49.866058333333335,10.979932985235374,-6.387763968698537,14.982880945833397,0.9206210403852392
47439.0,0.1987,0.1143,0.9523,15.680312,-18.058768,52.957658333333335,11.103847885214948,-6.694149051361087,15.380063383333397,0.9795006227665198
47456.0,0.1954,0.1483,0.9817,10.527612000000001,-16.829768,56.34695833333333,11.17619760560981,-7.015404351678124,15.85901252916673,1.0118838569717377
47471.0,0.1682,0.1718,1.0001,3.825312000000001,-14.425168,58.51495833333333,11.135922235564392,-7.263650098539632,16.29787471666673,1.0285944244453205
47488.0,0.1667,0.2225,1.0073,-5.770087999999999,-9.234368,58.957658333333335,10.957095460366272,-7.449958992275927,16.79901481250006,1.0449633629941293
47503.0,0.2518,0.2698,0.9608,-20.777687999999998,6.9030320000000005,59.026358333333334,10.590130664103624,-7.389320109319684,17.241712500000062,1.0292385146310838
47519.0,0.3635,0.3563,0.8655,-34.777688,28.536632,63.87365833333333,10.017774815610464,-7.010026143716498,17.75270176666673,1.004077780851663
47535.0,0.4021,0.4144,0.8015,-39.403688,42.658732,77.43095833333334,9.41669875093421,-6.446765863586573,18.372149433333394,0.9878329919576486
47551.0,0.2802,0.4219,0.8918,-34.136488,38.536632000000004,95.01875833333334,8.93875045749094,-5.969656026502915,19.132299500000062,1.025582220009688
47566.0,0.0914,0.3593,1.0282,-33.556388,27.109132,102.72865833333333,8.528054196203776,-5.691046078286695,19.90276443750006,1.0929984858177983
47583.0,-0.0103,0.271,1.0333,-44.235688,29.177832,96.89655833333333,7.886015342708977,-5.30344584363361,20.726385183333395,1.068295829814944
47598.0,-0.0483,0.1614,0.9033,-53.403688,42.651132000000004,84.02635833333333,7.203405039108383,-4.756819221815802,21.356582870833396,0.9188763464144672
47614.0,-0.0565,0.0817,0.8275,-49.785388000000005,48.422132000000005,71.75155833333334,6.526534786451902,-4.065512340851837,21.930595337500062,0.8334406937509111
47630.0,-0.072,0.0153,0.7704,-31.105988,35.544232,63.209558333333334,6.138057238801477,-3.5673337467470514,22.43627180416673,0.7739084248152361
47646.0,-0.0856,0.0138,0.777,-5.861687999999999,9.414432,54.27065833333334,6.135852032274102,-3.465902474947139,22.870437070833397,0.781822742058582
47662.0,0.0105,0.0846,0.7771,12.397812,0,42.163758333333334,6.4124210148282295,-3.505186901135279,23.207747137500064,0.7817619970297865
47677.0,0.158,0.1992,0.8622,20.428412,1.8877320000000002,34.57595833333333,6.794531445418309,-3.5257319133383698,23.467066825000064,0.8989068249824339
47693.0,0.2899,0.2847,0.9619,19.741312,2.925932,36.72105833333333,7.190760243441505,-3.551933233323754,23.76083529166673,1.0441971605017895
47709.0,0.3594,0.3146,0.9802,12.550512000000001,2.9717320000000003,45.89655833333333,7.480113678225525,-3.606538993688328,24.128007758333396,1.0903822999297081
47725.0,0.3062,0.2596,0.9425,5.039112000000001,4.582432000000001,55.92715833333333,7.6524547946599455,-3.655029666816004,24.57542502500006,1.0244300122507148
47740.0,0.1891,0.1707,0.9094,1.6039120000000007,3.910632,60.163758333333334,7.762435048444895,-3.721218146140031,25.02665321250006,0.9444075709141684
47756.0,0.0979,0.0825,0.9194,0.6879120000000007,1.460232,58.46145833333333,7.843859816846356,-3.8130967430915685,25.49434487916673,0.928270984142023
47772.0,0.0413,0.0107,0.8973,-1.3578879999999993,-1.7458679999999998,51.35455833333334,7.871326005646279,-3.940038398365592,25.905181345833395,0.8983136812940121
47788.0,0.0422,-0.031,0.8214,-4.174688,2.635832,40.39275833333333,7.832002225409883,-3.9851226789466554,26.22832341250006,0.8230673119496363
47804.0,0.0,0.0,0.0,63.756612,2.009932,0.9729583333333334,8.858627704778215,-4.0391193859160985,26.23610707916673,0.0
47818.0,-0.0001,-0.0001,-0.0001,1.2223120000000007,2.009932,0.9729583333333334,8.881774676431347,-4.095962403938204,26.242917787500062,0.00017320508075688773
47833.0,-0.0001,-0.0001,-0.0001,1.2223120000000007,2.009932,0.9729583333333334,8.905642748761082,-4.149684137173871,26.250214975000063,0.00017320508075688773
47846.0,-0.0001,-0.0001,-0.0001,1.2223120000000007,2.009932,0.9729583333333334,8.926622365635525,-4.206254578466302,26.256539204166728,0.00017320508075688773
47860.0,-0.0001,-0.0001,-0.0001,1.2223120000000007,2.009932,0.9729583333333334,8.94836318569193,-4.259705739066022,26.26334991250006,0.00017320508075688773
47875.0,-0.0001,-0.0001,-0.0001,1.2223120000000007,2.009932,0.9729583333333334,8.97084808717486,-4.310097988295056,26.270647100000062,0.00017320508075688773
47889.0,-0.0001,-0.0001,-0.0001,1.2223120000000007,2.009932,0.9729583333333334,8.991664348155075,-4.361429730564878,26.277457808333395,0.00017320508075688773
47903.0,-0.0001,-0.0001,-0.0001,1.2223120000000007,2.009932,0.9729583333333334,9.012040863823717,-4.411709952908928,26.284268516666728,0.00017320508075688773
47918.0,-0.0001,-0.0001,-0.0001,1.2223120000000007,2.009932,0.9729583333333334,9.033181690735553,-4.458987185658855,26.29156570416673,0.00017320508075688773
47932.0,-0.0001,-0.0001,-0.0001,1.2223120000000007,2.009932,0.9729583333333334,9.052672917247586,-4.507257880809357,26.298376412500062,0.00017320508075688773
47946.0,-0.0001,-0.0001,-0.0001,1.2223120000000007,2.009932,0.9729583333333334,9.071742185141012,-4.554529019130243,26.305187120833395,0.00017320508075688773
47961.0,-0.0001,-0.0001,-0.0001,1.2223120000000007,2.009932,0.9729583333333334,9.091592225357305,-4.598847061543783,26.312484308333396,0.00017320508075688773
47975.0,-0.0001,-0.0001,-0.0001,1.2223120000000007,2.009932,0.9729583333333334,9.109807718998956,-4.644206317211034,26.31929501666673,0.00017320508075688773
47989.0,-0.0001,-0.0001,-0.0001,1.2223120000000007,2.009932,0.9729583333333334,9.12761480847582,-4.688611539272884,26.326105725000062,0.00017320508075688773
48004.0,-0.0001,-0.0001,-0.0001,1.2223120000000007,2.009932,0.9729583333333334,9.146214621608246,-4.730106863637766,26.333402912500063,0.00017320508075688773
48018.0,-0.0001,-0.0001,-0.0001,1.2223120000000007,2.009932,0.9729583333333334,9.163190119703755,-4.772684163118901,26.340213620833396,0.00017320508075688773
48032.0,-0.0001,-0.0001,-0.0001,1.2223120000000007,2.009932,0.9729583333333334,9.17976559433846,-4.8143456277093115,26.34702432916673,0.00017320508075688773
48047.0,-0.0001,-0.0001,-0.0001,1.2223120000000007,2.009932,0.9729583333333334,9.197140175486732,-4.8531326862103885,26.35432151666673,0.00017320508075688773
48061.0,-0.0001,-0.0001,-0.0001,1.2223120000000007,2.009932,0.9729583333333334,9.21289466182781,-4.89303434131962,26.361132225000063,0.00017320508075688773
48075.0,-0.0001,-0.0001,-0.0001,1.2223120000000007,2.009932,0.9729583333333334,9.22825099774965,-4.932049728744699,26.367942933333396,0.00017320508075688773
48090.0,-0.0001,-0.0001,-0.0001,1.2223120000000007,2.009932,0.9729583333333334,9.244405759456471,-4.968217015311946,26.375240120833396,0.00017320508075688773
48104.0,-0.0001,-0.0001,-0.0001,1.2223120000000007,2.009932,0.9729583333333334,9.258936960742341,-5.005521707896357,26.38205082916673,0.00017320508075688773
48118.0,-0.0001,-0.0001,-0.0001,1.2223120000000007,2.009932,0.9729583333333334,9.273063502650984,-5.041959183427844,26.388861537500063,0.00017320508075688773
48133.0,-0.0001,-0.0001,-0.0001,1.2223120000000007,2.009932,0.9729583333333334,9.287978629090231,-5.075563554589713,26.396158725000063,0.00017320508075688773
48147.0,-0.0001,-0.0001,-0.0001,1.2223120000000007,2.009932,0.9729583333333334,9.301256698581573,-5.1103159426404146,26.402969433333396,0.00017320508075688773
48161.0,-0.0001,-0.0001,-0.0001,1.2223120000000007,2.009932,0.9729583333333334,9.314112595933489,-5.144206967165962,26.40978014166673,0.00017320508075688773
48175.0,-0.0001,-0.0001,-0.0001,1.2223120000000007,2.009932,0.9729583333333334,9.326537279658064,-5.177235300233999,26.416590850000063,0.00017320508075688773
48189.0,-0.0001,-0.0001,-0.0001,1.2223120000000007,2.009932,0.9729583333333334,9.338519926632058,-5.209397560981725,26.423401558333396,0.00017320508075688773
48203.0,-0.0001,-0.0001,-0.0001,1.2223120000000007,2.009932,0.9729583333333334,9.350047745038355,-5.240688121426518,26.43021226666673,0.00017320508075688773
48218.0,-0.0001,-0.0001,-0.0001,1.2223120000000007,2.009932,0.9729583333333334,9.362303630969464,-5.2691291556711395,26.43750945416673,0.00017320508075688773
48232.0,-0.0001,-0.0001,-0.0001,1.2223120000000007,2.009932,0.9729583333333334,9.372850514129066,-5.2986887245463725,26.444320162500063,0.00017320508075688773
48246.0,-0.0001,-0.0001,-0.0001,1.2223120000000007,2.009932,0.9729583333333334,9.38289064170911,-5.327343130916009,26.451130870833396,0.00017320508075688773
48263.0,0.0636,-0.0625,0.7706,1.2299120000000008,2.017532,2.9194583333333335,9.19592665409216,-5.2995194169956195,26.47594626666673,0.77574194807294
48278.0,0.2421,0.1874,0.9205,0,7.590032,-10.454541666666668,9.115311250866908,-5.285736953311998,26.397537204166728,0.9700780484064155
48293.0,0.2749,0.2084,0.9908,-5.7471879999999995,12.521332000000001,-3.599641666666666,8.999813481578224,-5.239770359094738,26.370539891666727,1.0491354583656012
48310.0,0.2441,0.1873,0.9796,-10.342588,8.277032,4.255358333333334,8.81608100876563,-5.25138848059913,26.40671043750006,1.026782479398631
48325.0,0.1663,0.1508,0.9399,-12.174688,6.460232,10.461458333333333,8.631973508364272,-5.293136445592697,26.48517137500006,0.9663375911139956
48340.0,0.0986,0.1099,0.9376,-10.357887999999999,4.315232,12.866058333333333,8.470614970363588,-5.340706784981667,26.58166681250006,0.9491542182385326
48357.0,0.0834,0.09,0.9263,-7.334987999999999,0,12.690458333333332,8.332986266440194,-5.429883229133777,26.689535708333395,0.9343913794550975
48372.0,0.1036,0.0891,0.9429,-5.5257879999999995,0,13.087458333333332,8.23112132649548,-5.505130498442413,26.787691645833394,0.9527497992652635
48389.0,0.1283,0.0841,0.9574,-5.983788,0,14.430958333333333,8.105285909199425,-5.573787547871498,26.910354791666727,0.9696125308596213
48404.0,0.1124,0.0891,0.9459,-6.800587999999999,1.8114320000000002,17.782058333333335,7.976922980344591,-5.6078920601636675,27.043720229166727,0.9567127991199866
48420.0,0.0531,0.0721,0.9325,-5.342587999999999,-2.9977679999999998,20.026358333333334,7.860974196621967,-5.699790759423754,27.203931095833394,0.9367893413142573
48436.0,0.0691,0.0685,0.8976,-3.5257879999999995,-3.654268,19.904258333333335,7.7705542143382225,-5.791049661164494,27.36316516250006,0.902858139465996
48451.0,0.1066,0.0712,0.8999,-3.2585879999999996,-0.8603679999999998,20.659958333333336,7.685192985694196,-5.834181019196566,27.51811485000006,0.9089846038300099
48467.0,0.139,0.0573,0.863,-3.4418879999999996,1.979332,22.690458333333336,7.5902929750667925,-5.837208851524263,27.699638516666727,0.8759984531949814
48483.0,0.1267,0.0326,0.8422,-1.1288879999999992,2.880132,25.484358333333333,7.5256035414516855,-5.828411285655745,27.903513383333394,0.8523007039771819
48499.0,0.11,0.0182,0.8369,3.672612000000001,0,27.133258333333334,7.528464328867961,-5.864571036080449,28.12057945000006,0.8442942911094449
48515.0,0.0889,0.0142,0.8414,9.466512,-1.852668,27.476758333333336,7.613579200577364,-5.925464055810501,28.34039351666673,0.8462025821279442
48530.0,0.1145,0.0302,0.8591,14.894012,-2.6160680000000003,26.659958333333336,7.76216080352487,-5.99485041052626,28.540343204166728,0.8672226357746896
48546.0,0.168,0.0526,0.9019,18.970412000000003,0,28.873658333333335,7.984388001771574,-6.031617576751527,28.771332470833396,0.9189202196055978
48562.0,0.1611,0.0535,0.937,21.733712,-1.5320679999999998,33.69815833333333,8.243648225933509,-6.096248433354708,29.040917737500063,0.9522523090021888
48578.0,0.1237,0.0446,0.947,25.046712000000003,-4.3412679999999995,37.774458333333335,8.546779170908454,-6.202180561606542,29.34311340416673,0.9560856917661721
48593.0,0.0946,0.031,0.9352,27.428412,-5.394668,38.89655833333333,8.85006232438896,-6.312193385203034,29.63483759166673,0.9404834926781013
48610.0,0.069,0.0363,0.8955,29.634512,-4.768768,37.67525833333333,9.235143184135383,-6.41297813799749,29.955077287500064,0.8988876125523145
48625.0,0.0768,0.0543,0.8997,31.626812,-2.936668,35.28585833333334,9.583780730095956,-6.470099356141758,30.219721225000065,0.9046031284491559
48642.0,0.1145,0.0682,0.9149,30.779512000000004,-0.5549679999999997,34.48435833333333,9.975077094340627,-6.492204665491332,30.5128382708334,0.9245558393088003
48657.0,0.1256,0.0695,0.9108,29.352012000000002,0,35.705758333333335,10.278985525100966,-6.506208889165163,30.7806314583334,0.9220424339475923
48672.0,0.1523,0.0542,0.882,28.947512000000003,-0.7839679999999998,37.99585833333334,10.57060286319548,-6.536879090549711,31.0656003958334,0.8966922158689681
48687.0,-0.0001,-0.0001,-0.0001,1.2223120000000007,2.009932,0.9729583333333334,10.448813697328225,-6.525852796133762,31.0728975833334,0.00017320508075688773
48703.0,0.1523,0.0447,0.8607,28.649712,1.0786320000000003,40.24775833333334,10.759266231175294,-6.533415069881823,31.394879650000068,0.8752130426359059
48717.0,-0.0001,-0.0001,-0.0001,1.2223120000000007,2.009932,0.9729583333333334,10.631037281509865,-6.530148872294376,31.4016903583334,0.00017320508075688773
48732.0,-0.0001,-0.0001,-0.0001,1.2223120000000007,2.009932,0.9729583333333334,10.506554032308982,-6.524962810799546,31.4089875458334,0.00017320508075688773
48746.0,-0.0001,-0.0001,-0.0001,1.2223120000000007,2.009932,0.9729583333333334,10.383343976820118,-6.521833031585985,31.415798254166734,0.00017320508075688773
48761.0,0.1654,0.0021,0.7927,30.626812,7.689332,46.40035833333334,10.686936689151299,-6.444294151677963,31.763800941666734,0.8097745735697065
48778.0,0.2338,0.0543,0.8474,31.855912000000004,26.658732,59.53785833333333,11.066382513112437,-6.057276610052265,32.269872737500066,0.8807370152321294
48793.0,0.1416,0.0631,0.9558,29.833012000000004,18.277032,66.36225833333333,11.3478703217537,-5.8508936865713,32.76758967500007,0.9682901476313801
48809.0,0.1111,0.061,1.0135,26.741312,11.246531999999998,71.01105833333334,11.605116184494035,-5.732391463190153,33.33567814166673,1.0213943704563875
48825.0,0.0212,0.0591,1.0149,20.214612000000002,9.361032,70.11035833333334,11.755189855852187,-5.624741485382816,33.8965610083334,1.0168403316155392
48840.0,0.0164,0.082,0.9945,10.855912,16.216032,63.30875833333334,11.748783045235296,-5.409827599970928,34.3713766958334,0.9980096242020916
48857.0,0.0914,0.1299,0.9731,1.1688120000000009,28.651132,58.56075833333333,11.612851173238608,-4.956642112320257,34.86914314166673,0.9859774743877265
48872.0,0.1653,0.1786,0.9651,-6.090687999999999,35.445032000000005,61.91945833333333,11.38649752231644,-4.476452959552623,35.333539079166734,0.9953090273879766
48888.0,0.1494,0.184,0.9838,-12.831188,34.941232,70.26295833333333,11.067108015977402,-3.983028866124983,35.8956427458334,1.0119480223805963
48904.0,0.0553,0.1531,0.9447,-19.884587999999997,31.864832,74.85845833333333,10.652088970908832,-3.538910862466067,36.49451041250006,0.9586218180283609
48920.0,-0.005,0.1375,0.9097,-22.037287999999997,34.987032,72.20195833333334,10.217593562158065,-3.0393403320767622,37.07212607916673,0.9200463792657411
48935.0,-0.002,0.1439,0.9335,-21.571588,34.704532,68.53015833333333,9.825986034479211,-2.5747075359477205,37.58610226666673,0.9445281679230112
48952.0,0.0118,0.1647,0.946,-18.449488,28.551932,67.49205833333333,9.459533901111167,-2.143667313315186,38.15978476250006,0.9603027283101928
48967.0,-0.0217,0.1652,0.9319,-16.327388,24.513732,65.16375833333333,9.174767997184558,-1.823307682657328,38.64851295000006,0.9466781607283438
48984.0,-0.0371,0.1633,0.9083,-14.571588,24.933532,58.80495833333333,8.89929598466566,-1.4407292401361413,39.148355095833395,0.9236082448744164
48999.0,-0.0125,0.1895,0.9076,-13.228088,25.498431999999998,52.026358333333334,8.68665479785866,-1.0974981172469795,39.538552783333394,0.9272563076086352
49015.0,0.0465,0.2408,0.918,-13.182288,31.574832,48.38515833333334,8.480357908467106,-0.6406113735951156,39.92563405000006,0.9501951852119648
49031.0,0.0685,0.2805,0.9689,-14.945687999999999,32.383932,48.71335833333333,8.267183393885833,-0.18245190848503978,40.31534091666673,1.0110092531722943
49047.0,0.1072,0.292,0.9828,-18.884587999999997,29.773232,52.22485833333334,8.012180566392628,0.21875268995129354,40.73313978333339,1.0308499793859436
49062.0,0.0776,0.2585,0.9397,-22.785387999999998,29.567132,55.17905833333334,7.734128485529328,0.5770918017606086,41.14698272083339,0.9776912089202807
49078.0,0.0079,0.2312,0.9305,-23.640287999999998,28.254132,54.31645833333334,7.432383728437977,0.9430623793729278,41.58151438750006,0.9588253751335537
49094.0,-0.0236,0.2046,0.9401,-23.296788,27.216032,51.55305833333333,7.144406868181875,1.2952115127370112,41.99393885416672,0.9623960359436234
49110.0,-0.0472,0.1835,0.8894,-20.563988,24.872532,47.37745833333334,6.905818369298087,1.6150298165613843,42.372958520833386,0.9093582627325713
49126.0,-0.0253,0.1857,0.8855,-14.762488,23.246532,43.67525833333333,6.764001227132664,1.9105139290685864,42.722360587500056,0.9051159207526955
49141.0,-0.0055,0.1943,0.9117,-9.716688,16.162532,42.140858333333334,6.714974418461266,2.0775769596695657,43.03841702500006,0.9321907691025481
49158.0,-0.0051,0.1926,0.9135,-8.594488,10.567132,41.06455833333334,6.667504010937846,2.1836697023368252,43.387465770833394,0.9335968187606468
49173.0,-0.0388,0.1699,0.9301,-10.350287999999999,8.025132,38.095058333333334,6.609694511228728,2.2373796839565108,43.673178708333396,0.9462861406572539
49189.0,-0.0349,0.147,0.8951,-12.655588,5.796132,34.232458333333334,6.502720494939002,2.2693821378829435,43.94703837500006,0.9077615435784885
49205.0,-0.0276,0.1117,0.8564,-14.334988,4.826732,31.491958333333333,6.36449585163378,2.290401402761025,44.19897404166673,0.8640946765256687
49221.0,-0.024,0.0837,0.818,-14.243388,7.1473320000000005,29.843158333333335,6.221442611493147,2.351320770473894,44.4377193083334,0.8226212311872335
49236.0,-0.031,0.0729,0.7513,-2.701387999999999,-1.9137679999999997,-2.9507416666666666,6.25669734377081,2.275322405114761,44.415588745833396,0.7554648238005526
49252.0,-0.0289,0.0668,0.8265,-3.899888,8.941232,24.873658333333335,6.259796356782167,2.3730486193150586,44.61457801250006,0.8296985597191308
49268.0,-0.0018,0.0924,0.8516,0,3.261832,23.469058333333333,6.317621892985924,2.379707454064979,44.80233047916673,0.8566
49284.0,-0.0422,0.1019,0.9094,1.1383120000000009,0,20.820258333333335,6.386436076983044,2.340307454249561,44.96889254583339,0.9160637586980505
49300.0,-0.0219,0.1261,0.9614,-1.7318879999999994,-1.875568,16.278258333333333,6.405842625745108,2.27423574833113,45.09911861250006,0.9698818381638044
49315.0,0.0021,0.1442,1.0045,-8.586888,1.819032,11.789758333333333,6.324568766553435,2.2642275098607363,45.187541800000055,1.0147996353960715
49331.0,0.0365,0.1449,1.0015,-17.037287999999997,1.7351320000000001,10.240058333333332,6.103077060516594,2.2493043281618927,45.26946226666672,1.0125860506643376
49347.0,0.0323,0.1013,0.9454,-22.701387999999998,-1.234368,10.827858333333333,5.792052967288523,2.1837224479019626,45.35608513333339,0.9513601526236003
49362.0,0.0015,0.0427,0.865,-23.128887999999996,-5.608468,10.820258333333333,5.49276014083505,2.056291325671869,45.43723707083339,0.8660545825754864
49379.0,-0.0349,-0.0035,0.8286,-19.472388,-7.470968,8.209558333333334,5.200304411316679,1.8939627900958287,45.50701831666672,0.8293420404151716
49394.0,-0.1023,-0.0382,0.8204,-16.525788,-8.341268,2.5225583333333335,4.97735209364222,1.7495999025118047,45.52593750416673,0.8276356021825064
49411.0,-0.0631,-0.0592,0.778,-14.854087999999999,-4.5626679999999995,-5.4698416666666665,4.7357582904404225,1.661524330911801,45.47944385000006,0.782796429475761
49426.0,-0.0352,-0.0657,0.7634,-9.983787999999999,0,-9.782841666666668,4.581842252019117,1.6538553749398668,45.40607253750006,0.7670300450438692
49442.0,-0.0123,-0.0568,0.7833,-2.7471879999999995,-3.249668,-10.973641666666667,4.519189435424516,1.5946947980268842,45.31828340416673,0.7854530030498323
49458.0,-0.0204,-0.0353,0.8379,3.4818120000000006,-4.898468,-10.378241666666668,4.543722773019463,1.511159833310383,45.235257470833396,0.8388913278846074
49474.0,-0.0364,-0.0204,0.9122,4.275712,-5.135168,-10.683541666666667,4.57113588427742,1.427757372893898,45.149789137500065,0.9131538534113516
49489.0,-0.054,-0.0009,0.9636,1.0543120000000008,-4.616068,-13.454541666666668,4.5406803553505855,1.3627558892630842,45.04888007500006,0.9651123095267203
49506.0,-0.0443,0.0322,0.9603,-3.6937879999999996,-1.1961679999999997,-17.164441666666665,4.433023778902957,1.3493174883962598,44.902982320833395,0.9618603952757386
49521.0,-0.0745,-0.0006,0.9938,-7.281587999999999,-1.333568,-20.798041666666666,4.276963510215749,1.3422734290909535,44.746997008333395,0.9965887065384597
49538.0,0.0063,0.0203,0.9564,-11.594488,-0.6465679999999998,-26.546141666666667,4.036273928182963,1.3391946966972754,44.52135480416673,0.9566361586308558
49553.0,0.0596,0.0253,0.9104,-13.457087999999999,7.361032,-28.782841666666666,3.7951260676647722,1.4440808100140439,44.30548349166673,0.9126995179137546
49569.0,0.0929,0.0305,0.912,-9.754788,9.872532,-27.256041666666665,3.60376336181078,1.5792795222965565,44.08743515833339,0.917226613220528
49585.0,0.0942,0.0364,0.9707,-2.670887999999999,6.093832,-20.805741666666666,3.5278875477406366,1.639646743327139,43.920989225000056,0.9759390810906181
49600.0,0.0316,0.0187,1.046,6.069612,-5.264868,-13.309541666666668,3.582636078338041,1.5223425144973766,43.82116766250006,1.0466442805461653
49616.0,-0.0305,-0.0022,1.0966,13.123012000000001,-15.417568,-9.515641666666667,3.748357863953251,1.247581656771914,43.745042529166724,1.0970262758931528
49632.0,-0.0781,-0.0122,1.1198,17.184112000000002,-22.325968,-10.424041666666668,3.9692886351494776,0.879639594155083,43.66165019583339,1.1225865178239045
49648.0,-0.0533,-0.0031,1.0819,16.924612,-22.623668000000002,-14.759941666666668,4.178415125081823,0.5198954160987724,43.54357066250005,1.0832165572959085
49665.0,-0.0334,0.0103,1.0354,15.413112,-17.852668,-18.607241666666667,4.373518756401329,0.2272442385405115,43.385409108333384,1.0359897731155459
49680.0,-0.0194,0.0392,1.0118,16.749012,-17.554968000000002,-21.408741666666664,4.556470236530591,-0.019484714082963213,43.22484354583339,1.012744903714652
49696.0,0.0118,0.0713,1.0189,16.336812000000002,-15.104568,-22.950741666666666,4.751506911514104,-0.24307854373200616,43.041237612500055,1.0214598083135722
49712.0,0.0315,0.0897,1.0192,12.771912,-14.104568,-23.301841666666665,4.8940518099809465,-0.45150278374697705,42.85482287916672,1.0236244330808053
49728.0,0.0599,0.0896,0.9742,7.031412,-11.654267999999998,-22.813341666666666,4.950451846000742,-0.6250764604402487,42.672316145833385,0.9801437700664122
49743.0,0.0718,0.0634,0.9006,1.970412000000001,-7.944268,-22.630141666666667,4.927803498439508,-0.737649485582411,42.50259008333339,0.9056793913963153
49759.0,0.0782,0.0215,0.8263,-0.9074879999999992,-2.761068,-24.057641666666665,4.860900678924598,-0.7830816721130262,42.310128950000056,0.8302705462679018
49775.0,0.0603,-0.0155,0.7721,2.9627120000000007,-2.6160680000000003,-33.14154166666667,4.850385252366049,-0.8312717882663881,42.04499661666672,0.7746061902670286
49790.0,0.1102,-0.0059,0.7769,10.733712,-0.600768,-29.675941666666667,4.947300925150457,-0.8580140087418225,41.822427054166724,0.7846989613858298
49807.0,0.0864,-0.0068,0.8628,19.802412000000004,-12.318368,-24.034741666666665,5.210162416927082,-1.0881246272133391,41.61813175000006,0.8671418799712075
49822.0,0.0928,0.0131,0.8927,26.031412000000003,-21.845068,-23.111041666666665,5.519044041417615,-1.4370163056555165,41.44479893750006,0.8976061162893222
49839.0,0.1,0.0234,0.9261,28.710812,-22.188568,-23.088141666666665,5.9172477738291756,-1.8349322595887718,41.24854973333339,0.9317772104961572
49854.0,0.109,0.0352,0.9382,27.863512000000004,-20.409968,-23.752241666666666,6.240038220918602,-2.1629891374430352,41.07040792083339,0.9451662710867332
49870.0,0.1036,0.0422,0.9425,23.878812000000003,-20.432868,-23.981241666666666,6.52319661520678,-2.511071793244987,40.87855798750006,0.9491154039420074
49886.0,0.101,0.0433,0.9213,19.298612000000002,-21.654268000000002,-23.630141666666667,6.730879488638029,-2.8767726450892885,40.689516854166726,0.9278305772068519
49902.0,0.1128,0.0565,0.8849,17.794812000000004,-20.783968,-24.080541666666665,6.914416262915029,-3.2281821524203798,40.49687252083339,0.893847917713075
49917.0,0.1379,0.0833,0.8876,18.947512000000003,-20.463368,-22.202641666666665,7.100354033945421,-3.5566219611237515,40.33035270833339,0.9021025773159059
49934.0,0.1569,0.0842,0.9136,19.764312000000004,-23.570268000000002,-16.958341666666666,7.339210649323641,-3.9807069444438454,40.18620680416673,0.9307911742168594
49949.0,0.1781,0.082,0.9106,17.672612,-26.112268,-11.851541666666668,7.508827655547623,-4.399445694895148,40.09732024166673,0.9314697901703521
49966.0,0.1735,0.0631,0.9093,13.657412,-27.990068,-8.469841666666667,7.64497082343904,-4.9024805223828825,40.02532658750006,0.9278525475526809
49981.0,0.1849,0.0547,0.8997,9.939812,-33.287768,-5.5003416666666665,7.697934204828079,-5.429200925872479,39.98407402500006,0.9201305287838243
49997.0,0.2102,0.066,0.9067,6.855912000000001,-43.203868,-1.2102416666666664,7.713420994279384,-6.146176133187973,39.97439209166673,0.9330835600309331
50013.0,0.2333,0.0596,0.9008,3.7795120000000004,-56.257267999999996,4.201958333333334,7.681551590247084,-7.067837492815996,40.0080077583334,0.9324278470745069
50029.0,0.2002,0.0309,0.8114,7.657412000000001,-57.577867999999995,5.659958333333334,7.70924699644383,-8.002274153935645,40.053287425000065,0.8363042568347957
50044.0,0.1554,0.0291,0.8763,15.863512,-39.150368,2.3011583333333334,7.847187960158614,-8.593466210315768,40.07054611250006,0.8904480108349954
50060.0,0.177,0.0425,0.9683,9.955112,-32.921367999999994,0,7.904256541771701,-9.116907595821017,40.07054611250006,0.9852614576852178
50076.0,0.1647,0.0536,0.9595,1.9246120000000007,-24.638968000000002,-1.9278416666666665,7.83480553380146,-9.501668598217963,40.05512337916673,0.9750073333057553
50092.0,0.1864,0.0922,0.9579,-2.9914879999999995,-16.730568,-5.233141666666667,7.6948814138635955,-9.758881924620287,40.0132582458334,0.9802133492255652
50108.0,0.2198,0.108,0.9463,-6.907487999999999,-18.165668,-4.042341666666666,7.502978231186689,-10.041434266576145,39.980919512500066,0.9774762043139464
50123.0,0.2676,0.1228,0.9017,-9.533488,-20.890868,5.850758333333333,7.2910854535994325,-10.354453973401199,40.024800200000065,0.9485528398565891
50140.0,0.2556,0.1007,0.8282,-11.663188,-17.165668,18.743958333333335,7.034410713149992,-10.6528356015784,40.1841238458334,0.8725749767211984
50155.0,0.2167,0.0809,0.7744,-10.831188,-15.654268000000002,20.064558333333334,6.820757496352841,-10.897586976059895,40.334608033333396,0.808207312513318
50171.0,0.2373,0.0676,0.7137,-9.701388,-9.241968,13.774458333333333,6.619910690544893,-11.063971890416115,40.444803700000065,0.7551481576485505
50187.0,0.3468,0.0903,0.7349,-11.884587999999999,3.078632,9.255358333333334,6.392642879199216,-11.058011447864388,40.51884656666673,0.8176199239255364
50203.0,0.3722,0.1024,0.7861,-20.815887999999998,22.109132,16.484358333333333,6.034292273535699,-10.777557764381061,40.650721433333395,0.8757692675585277
50219.0,0.371,0.1161,0.7944,-28.930387999999997,43.567132,24.995858333333334,5.5615184594603075,-10.187368202437357,40.85068830000006,0.884415948521961
50235.0,0.3167,0.1293,0.7587,-30.342588,62.727432,36.14845833333334,5.083438379219381,-9.32211762472382,41.13987596666672,0.8322518068469422
50250.0,0.1848,0.0707,0.9489,-24.037287999999997,68.55193200000001,48.65235833333333,4.734623681136373,-8.438910422789231,41.504768654166725,0.9693094139643955
50267.0,0.1112,0.0455,1.0032,-16.922787999999997,36.483132000000005,55.957658333333335,4.458197363698463,-7.952547832081537,41.98040875000006,1.0103692047959498
50282.0,0.1351,0.0591,0.9585,-14.357887999999999,21.483131999999998,70.38515833333334,4.254982958741118,-7.754012302576573,42.50829743750006,0.9697768145300237
50298.0,0.0365,0.0385,0.9058,-14.976187999999999,27.643532,69.23245833333334,4.0273845765248435,-7.418773753219909,43.06215710416673,0.9073522689672409
50314.0,-0.0157,-0.0005,0.86,-11.999087999999999,29.284731999999998,50.17905833333334,3.842333232957723,-7.038371014445187,43.4635895708334,0.8601434415258887
50330.0,-0.0291,-0.0018,0.876,-4.678488,23.338131999999998,30.614158333333336,3.7675257661802894,-6.73293408644538,43.70850283750006,0.8764850540653845
50345.0,-0.0055,0.0402,0.9337,2.054312000000001,15.643532,14.980558333333333,3.795162581560428,-6.547957252971164,43.820857025000066,0.9345811789245491
50361.0,0.0494,0.0762,0.9413,2.7337120000000006,12.238931999999998,2.2858583333333335,3.8370153916313323,-6.392200456962345,43.83914389166673,0.9456703918385094
50377.0,0.1536,0.1398,0.9279,1.894012000000001,21.063332,-2.7217416666666665,3.8747593648057337,-6.103369166936072,43.817369958333394,0.9508603525229138
50393.0,0.2397,0.162,0.9543,0,30.506031999999998,-2.805741666666667,3.89323986150228,-5.684425182987092,43.794924025000064,0.9971903429135283
50409.0,0.2731,0.2041,0.983,1.7795120000000009,26.704532,2.2553583333333336,3.9539450122421296,-5.347749188302489,43.81296689166673,1.0404467405879072
50424.0,0.1967,0.2062,1.0333,2.817712000000001,11.925932,11.102658333333332,4.039628355269217,-5.263456153256063,43.89623682916673,1.0718760282793902
50440.0,0.1248,0.1759,1.0126,3.2833120000000005,0.5900320000000001,14.117958333333332,4.141564725747831,-5.340687782886637,44.0091804958334,1.0353137736937532
50456.0,0.0697,0.1572,0.9955,0,2.4450320000000003,9.621758333333332,4.19509882079144,-5.375541702744935,44.08615456250006,1.0102426342220963
50471.0,0.0615,0.1357,0.959,-5.128887999999999,12.758032,0,4.1746988211575164,-5.249701988061681,44.08615456250006,0.9705038588279802
50487.0,0.0615,0.1255,0.9415,-6.945687999999999,19.429731999999998,-8.485041666666667,4.122495171805308,-4.999865805389529,44.01827422916673,0.9518165527033032
50503.0,0.0933,0.1151,0.9272,-5.083087999999999,11.612932,-13.805741666666668,4.100612120338315,-4.873171113942201,43.9078282958334,0.9389636521186536
50519.0,0.1503,0.1191,0.886,-2.655587999999999,4.773232,-15.416341666666666,4.118261104001397,-4.859805606796905,43.784497562500064,0.9065158023994948
50535.0,0.1818,0.126,0.871,-1.6631879999999992,4.070932,-14.133941666666667,4.153041245304224,-4.865022493318935,43.67142602916673,0.8986480067301101
50550.0,0.1625,0.1005,0.8724,-2.2967879999999994,8.025132,-12.515641666666667,4.178118336167091,-4.820266396352716,43.57755871666673,0.8930779697204494
50566.0,0.1006,0.0741,0.8809,-2.586887999999999,5.933532,-13.286641666666668,4.191482840005685,-4.797488847686997,43.4712655833334,0.8897167976384396
50582.0,0.0901,0.0643,0.8656,-1.3273879999999993,2.4831320000000003,-16.256041666666665,4.2193529032157775,-4.824750448540701,43.341217250000064,0.8726487609571218
50597.0,0.0914,0.0466,0.8542,-1.1669879999999992,0,-20.561441666666667,4.243750299770759,-4.886645454796087,43.18700643750007,0.8603389797050927
50614.0,0.2257,0.1469,0.7511,-3.3425879999999992,4.872532,-23.836241666666666,4.236825833188333,-4.881403280129769,42.9843983833334,0.7979168565709086
50629.0,0.2267,-0.0083,0.9301,-15.541088,23.857232,-18.920241666666666,4.042269115881285,-4.6173260671601675,42.8424965708334,0.9573650244290315
50646.0,0.1045,0.0071,0.9152,-9.899887999999999,-18.890868,-14.759941666666668,3.90405582888954,-5.01847627539489,42.717037066666734,0.9211740877814574
50661.0,0.1947,0.0135,0.7985,-10.266288,-36.119868,-13.530941666666667,3.774575472511373,-5.636549632856919,42.61555500416674,0.8220052250442207
50677.0,0.2031,-0.0096,0.8599,-11.502887999999999,-41.677167999999995,-10.637741666666667,3.607273609050864,-6.37250557698705,42.5304530708334,0.8836117812704853
50693.0,0.1671,-0.0433,0.84,-12.876987999999999,-47.929067999999994,-8.301841666666668,3.4077762311793327,-7.194633350954213,42.46403833750007,0.8575530887356188
50709.0,0.0951,-0.0587,0.8132,-19.243387999999996,-38.432868,-11.714141666666666,3.0980002591691425,-7.84544250474826,42.37032520416674,0.8208434320867775
50724.0,0.1093,-0.0724,0.7725,-29.609787999999998,-7.371768,-19.958341666666666,2.646074458315933,-7.9862076505548405,42.22063764166674,0.7835461058546587
50741.0,0.0905,-0.1112,0.8092,-33.602188,17.788532,-25.897341666666666,2.0597439791076417,-7.713656068456248,42.00051023750007,0.821803096854715
50756.0,0.0259,-0.0923,0.8958,-19.365488,0.5595320000000001,-28.530841666666664,1.7454387886473024,-7.719249660843914,41.78652892500007,0.9009149460409679
50772.0,0.1814,-0.0074,0.9604,-11.121188,-0.967168,-29.622541666666667,1.5454686082863287,-7.7532030574180935,41.549548591666735,0.9774092694465304
50788.0,0.186,0.0256,1.021,-14.044888,-13.906168000000001,-22.874441666666666,1.3058469598864288,-7.993215811648464,41.3665530583334,1.038119627018004
50804.0,0.2101,0.0541,0.9884,-15.098287999999998,-19.371768,-18.340041666666664,1.060047095242896,-8.321133743577843,41.21983272500007,1.0119305213303924
50821.0,0.2502,0.072,0.9844,-17.212787999999996,-20.387068,-14.454541666666668,0.7762397164766623,-8.689566789637679,41.0969691208334,1.018247219490434
50836.0,0.2848,0.0756,0.951,-21.922787999999997,-18.455768,-10.500341666666667,0.4693917558136661,-8.997076931182676,41.0182165583334,0.9956040377579833
50852.0,0.3214,0.0707,0.8668,-22.976187999999997,-13.845068000000001,-5.775141666666666,0.13638683380735936,-9.26383070011863,40.972015425000066,0.9271670237880552
50868.0,0.3248,0.0725,0.8889,-20.136487999999996,-12.593167999999999,1.0110583333333334,-0.14017081958427524,-9.523130387530374,40.98010389166673,0.9491546238627298
50884.0,0.2986,0.0687,0.9216,-17.525788,-19.684768000000002,8.484358333333333,-0.3661480873495686,-9.900091942934106,41.04797875833339,0.9711993667625612
50899.0,0.293,0.0712,0.9448,-16.144087999999996,-22.761068,14.804958333333333,-0.5462595064425638,-10.304516879702371,41.159015945833396,0.991748698007716
50916.0,0.2467,0.0521,0.9854,-19.273887999999996,-21.921368,20.262958333333334,-0.8056009724332237,-10.732904867741519,41.33125109166673,1.0171472164834352
50931.0,0.2092,0.0186,0.9551,-21.731887999999998,-19.272568,23.804958333333335,-1.0611079947972186,-11.068531231196332,41.50978827916673,0.9779195314544034
50948.0,0.1465,-0.007,0.9583,-22.495288,-15.089368,25.377458333333333,-1.372532425773082,-11.35601773006264,41.72549667500006,0.9694586840087617
50963.0,0.0989,-0.0465,0.9591,-22.243387999999996,-14.432868,25.217158333333334,-1.639787993858893,-11.584374191706832,41.91462536250006,0.9653063088988904
50979.0,0.0677,-0.0685,0.9368,-18.915087999999997,-19.379368,24.003458333333334,-1.882758176309388,-11.883997112752132,42.10665302916673,0.9417376386234119
50994.0,-0.0001,-0.0001,-0.0001,1.2223120000000007,2.009932,0.9729583333333334,-1.8063255340555664,-11.844202560990158,42.11395021666673,0.00017320508075688773
51008.0,-0.0001,-0.0001,-0.0001,1.2223120000000007,2.009932,0.9729583333333334,-1.7326340166018386,-11.807161940231046,42.12076092500006,0.00017320508075688773
51022.0,-0.0001,-0.0001,-0.0001,1.2223120000000007,2.009932,0.9729583333333334,-1.6604325591388818,-11.77084913880809,42.127571633333396,0.00017320508075688773
51037.0,-0.0001,-0.0001,-0.0001,1.2223120000000007,2.009932,0.9729583333333334,-1.5884952986623002,-11.73327842277956,42.1348688208334,0.00017320508075688773
51051.0,-0.0001,-0.0001,-0.0001,1.2223120000000007,2.009932,0.9729583333333334,-1.5192146873025638,-11.698412812374533,42.14167952916673,0.00017320508075688773
51066.0,0.0657,-0.079,0.8967,-12.029587999999999,-23.730568,20.911858333333335,-1.6633173402812607,-12.018942657441093,42.29851846666673,0.9025676595136788
51081.0,-0.0001,-0.0001,-0.0001,1.2223120000000007,2.009932,0.9729583333333334,-1.6097564361410615,-11.954659257257635,42.30581565416673,0.00017320508075688773
51095.0,-0.0001,-0.0001,-0.0001,1.2223120000000007,2.009932,0.9729583333333334,-1.5584884235419438,-11.893612037166369,42.31262636250006,0.00017320508075688773
51111.0,0.0023,-0.0597,0.9674,2.565812000000001,7.590032,41.73625833333333,-1.4981651980246382,-11.705339594529335,42.64651642916673,0.969243075807096
51127.0,-0.0798,-0.088,0.8848,9.283312,1.147332,35.17905833333334,-1.3499567298291997,-11.579271807024712,42.927948895833396,0.8927390884239359
51142.0,-0.0504,-0.0859,0.7875,18.313912000000002,1.429732,24.018758333333334,-1.0942745482199787,-11.425876684899514,43.108089583333395,0.793772776051182
51159.0,0.0552,-0.0585,0.7106,30.840612000000004,3.620632,15.980558333333333,-0.6055021934427502,-11.235007293734746,43.24392432916673,0.7151375042605442
51173.0,-0.0001,-0.0001,-0.0001,1.2223120000000007,2.009932,0.9729583333333334,-0.6235620228450545,-11.080679300828432,43.250735037500064,0.00017320508075688773
51188.0,0.1591,-0.0067,0.7028,46.565812,3.643532,14.522558333333333,0.031148783837411133,-10.923816630566867,43.359654225000064,0.7206146959367398
51205.0,0.2617,0.0734,0.8245,66.000912,-1.5549679999999997,24.453858333333333,1.1083637171462564,-10.88396628682265,43.5675120208334,0.8681444004311726
51220.0,0.2738,0.1161,0.8866,70.344412,-11.303068,32.12555833333333,2.12330147566601,-11.013671844001191,43.808453708333396,0.9351498329144908
51236.0,0.2582,0.1522,1.0276,64.962712,-33.493967999999995,42.42325833333334,3.128379641831721,-11.51595622245492,44.147839775000065,1.070417600752155
51252.0,0.2654,0.1526,1.009,46.665012,-35.654267999999995,51.13325833333334,3.847132671951059,-12.056582552298996,44.55690584166673,1.0544216044827608
51266.0,-0.0001,-0.0001,-0.0001,1.2223120000000007,2.009932,0.9729583333333334,3.8365561132045194,-11.999746611610039,44.563716550000066,0.00017320508075688773
51282.0,0.2515,0.113,0.9795,26.023812000000003,-8.845068000000001,57.69815833333333,4.2293467333588595,-12.12184644312217,45.02530181666673,1.0175664597459961
51298.0,-0.0148,0.0223,1.0129,3.817712000000001,17.490832,67.39275833333333,4.26101579583778,-11.794045891400037,45.5644438833334,1.013253541814683
51314.0,-0.1249,-0.0302,0.9674,0,11.460232000000001,62.88135833333333,4.220107662526707,-11.522711259702907,46.067494750000066,0.9758969259096988
51330.0,-0.1429,-0.0765,0.8831,-2.5944879999999992,11.651132,52.83555833333333,4.12228565205608,-11.214556966370903,46.49017921666673,0.8978520312390009
51345.0,-0.093,-0.0831,0.7717,-1.3883879999999993,18.773232,40.866058333333335,4.031023549428391,-10.794015179151145,46.79667465416673,0.781713182695546
51361.0,0.0203,-0.0492,0.7069,5.313912,24.651132,34.11035833333334,4.036553960897816,-10.266828194140224,47.0695575208334,0.7089007970090032
51377.0,0.0809,0.0023,0.7102,14.962712,26.231232,33.545458333333336,4.19335077984724,-9.73073529151998,47.337921187500065,0.7147965724596055
51391.0,-0.0001,-0.0001,-0.0001,1.2223120000000007,2.009932,0.9729583333333334,4.129149170212244,-9.58907762221666,47.3447318958334,0.00017320508075688773
51407.0,0.155,0.0331,0.756,24.871112000000004,24.628232,36.48435833333333,4.444758813795008,-9.108985885274542,47.636606762500065,0.7724355053983472
51423.0,0.1755,0.1031,0.892,32.703212,23.445031999999998,52.91945833333333,4.892795443092951,-8.673340556598369,48.05996242916673,0.9149283359914043
51439.0,0.1398,0.1228,0.9301,31.726112000000004,19.628232,61.65235833333333,5.332946973805547,-8.313680925066974,48.5531812958334,0.9485303843314667
51454.0,0.1382,0.1252,0.9504,30.581012,17.689332,68.58365833333333,5.730410778013357,-8.014621801659866,49.0675587333334,0.9685217808598835
51471.0,0.1471,0.1414,0.9832,29.436012,22.429731999999998,74.54545833333333,6.1747732571534515,-7.613451711158321,49.701195129166734,1.004148699147691
51486.0,0.1368,0.1329,1.0531,24.466512,26.078632,81.31645833333333,6.489414623264194,-7.212655472119594,50.311068566666734,1.0702318720725896
51503.0,0.0502,0.1219,1.0154,17.062012000000003,22.773232,86.40035833333333,6.72963639435787,-6.814130971309797,51.045471612500066,1.0239222675574549
51518.0,-0.0172,0.0865,0.9237,10.703212,26.299932,85.11795833333333,6.840574631967803,-6.400094280591225,51.683856300000066,0.9279007382258082
51534.0,0.0396,0.1105,0.8312,9.054312000000001,45.506032000000005,82.26295833333333,6.940297866168907,-5.661966336317505,52.341959966666735,0.8394473479617409
51550.0,0.0564,0.0432,0.8527,13.718412,58.216032000000006,83.22485833333333,7.107401439769888,-4.736460308980677,53.007758833333405,0.8556544220653569
51565.0,0.1196,0.0588,0.88,15.626812000000001,67.437332,80.47675833333334,7.284187808270922,-3.756712296486337,53.6113345208334,0.8900346060687753
51581.0,0.1483,0.1051,0.8972,12.374912,86.880132,80.03395833333333,7.426389866447159,-2.434367083752462,54.251606187500066,0.915427080656892
51596.0,-0.0001,-0.0001,-0.0001,1.2223120000000007,2.009932,0.9729583333333334,7.3896636180472,-2.471189753230886,54.25890337500007,0.00017320508075688773
51610.0,-0.0001,-0.0001,-0.0001,1.2223120000000007,2.009932,0.9729583333333334,7.352458882067262,-2.5092307117765693,54.2657140833334,0.00017320508075688773
51624.0,-0.0001,-0.0001,-0.0001,1.2223120000000007,2.009932,0.9729583333333334,7.315981410416274,-2.5464941940291697,54.27252479166673,0.00017320508075688773
51639.0,-0.0001,-0.0001,-0.0001,1.2223120000000007,2.009932,0.9729583333333334,7.2814126527511,-2.5810241646679946,54.279821979166734,0.00017320508075688773
51654.0,0.0967,0.1455,0.9131,7.039112,94.994632,85.49205833333333,7.3465601390775355,-1.2489059402498648,54.921012416666734,0.9296627076526196
51671.0,-0.1879,-0.0109,0.8802,-8.884587999999999,51.315232,82.86605833333333,7.141982445801063,-0.4337471517725585,55.625373912500066,0.9000984723906602
51686.0,-0.2688,-0.053,0.8784,0,53.330532000000005,70.10265833333334,7.067919561106191,0.3508580165204781,56.15114385000007,0.9201353161356214
51702.0,-0.3052,-0.0985,0.9279,8.489412000000002,44.216032000000006,53.75915833333333,7.10215291328266,1.0823009645312855,56.581217116666735,0.9817574547717984
51718.0,-0.2754,-0.069,0.886,17.718412,36.490832000000005,37.36985833333333,7.263538424634788,1.7176267430756356,56.8801759833334,0.9303774287889834
51734.0,-0.1903,-0.0133,0.9017,25.787212000000004,44.803832,19.896558333333335,7.542823375202023,2.490280407568378,57.03934845000007,0.921658217562237
51749.0,-0.1355,0.0583,0.9734,27.420712,48.269432,4.331658333333333,7.821579661240626,3.2616577538230747,57.07183588750007,0.9845134331231851
51766.0,-0.0403,0.1489,1.0796,16.374912000000002,57.674032000000004,1.1103583333333333,7.98274678231294,4.259323337247051,57.08127393333341,1.090564743607641
51781.0,-0.0945,0.1611,1.1689,-3.2280879999999996,62.635832,1.9958583333333335,7.83657338232926,5.19555264090267,57.09624287083341,1.1837274475148407
51796.0,-0.2155,0.1416,1.1838,-20.930387999999997,37.780932,-3.5690416666666662,7.443495789401715,5.762548731655112,57.06947505833341,1.2115581909260487
51813.0,-0.2605,0.1035,1.0076,-24.449488,9.032831999999999,-8.637741666666667,6.963769424016202,5.9340424989991405,56.996054254166744,1.0458634040829615
51828.0,-0.301,0.0787,0.8733,-16.273887999999996,-3.0664679999999995,-7.446941666666667,6.664113185177339,5.932105901693629,56.94020219166674,0.9270639568012554
51845.0,-0.3025,0.0741,0.8319,-2.884587999999999,-6.1274679999999995,-3.4316416666666667,6.563480169388672,5.897099257139334,56.91103323750008,0.8882874928760395
51860.0,-0.2605,0.1021,0.818,12.031412000000001,-18.249668,-4.172141666666667,6.695283112710243,5.713040859868405,56.879742175000075,0.8645279983898728
51876.0,-0.16,0.184,0.8568,22.680312,-26.394668,-6.782841666666666,7.018654513568509,5.388004681716378,56.825479441666744,0.8908211043750591
51892.0,-0.0692,0.2637,0.9338,25.932212000000003,-33.509167999999995,-6.653041666666667,7.409912546556043,4.945318763226903,56.77225510833341,0.9727840305021459
51908.0,0.0061,0.2998,0.9277,23.909312000000003,-38.951967999999994,-1.6912416666666668,7.787180953612543,4.405412998505913,56.75872517500008,0.9749587375884171
51923.0,0.0494,0.3203,0.8741,18.420712,-41.035868,5.598858333333333,8.079180881387744,3.860668879119239,56.80071661250008,0.9322463515616459
51940.0,0.0718,0.3073,0.8405,13.878812,-37.280167999999996,13.339358333333333,8.348568932424621,3.285568821787081,56.914101158333416,0.8977910558699056
51955.0,0.0657,0.2957,0.8632,7.573412,-35.593168,20.331658333333333,8.511173538167256,2.7990836069235043,57.066588595833416,0.9148055640407966
51971.0,0.0507,0.2679,0.8799,-2.9608879999999997,-38.058768,26.415658333333333,8.525363647926856,2.231829122272942,57.277913862500085,0.9211758301214813
51987.0,0.0319,0.2264,0.8518,-13.586888,-37.554967999999995,29.667558333333336,8.37938917249133,1.671262525013642,57.51525432916675,0.8819511381023328
52002.0,-0.0212,0.1727,0.8464,-21.228087999999996,-35.585567999999995,29.316458333333333,8.136656490108983,1.183344248681961,57.73512776666675,0.8640993519266174
52019.0,-0.0865,0.1205,0.8636,-25.487688,-40.547368,25.438558333333333,7.778424588684315,0.5573529990630113,57.951355512500086,0.8762462325168652
52034.0,-0.1217,0.0924,0.844,-25.983787999999997,-45.738167999999995,19.232458333333334,7.459839861521437,-0.044004333009344046,58.09559895000009,0.8577206130203471
52050.0,-0.1344,0.069,0.834,-24.731887999999998,-46.348867999999996,11.163758333333332,7.1297628780628335,-0.6778675501341577,58.18490901666676,0.847573218076173
52067.0,-0.1431,0.0607,0.7788,-23.021987999999997,-38.028268,0,6.799739480958423,-1.1951178396060762,58.18490901666676,0.7941609030920623
52082.0,-0.1107,0.0803,0.743,-18.594488,-27.570268000000002,-13.721741666666667,6.580022703655294,-1.4678264430848915,58.08199595416676,0.7554810255724494
52099.0,-0.0436,0.1102,0.7557,-10.983787999999999,-20.913768,-24.912541666666666,6.452898266709272,-1.6820791244603237,57.87023935000009,0.7649362653188827
52114.0,-0.0134,0.1449,0.8265,-6.854087999999999,-20.074068,-28.950741666666666,6.41172635122231,-1.8472399958536285,57.65310878750009,0.8392126190662292
52130.0,-0.0056,0.1628,0.8702,-9.212788,-20.417568,-30.156841666666665,6.330152966956744,-2.0433758299122213,57.41185405416675,0.8853153336523658
52146.0,-0.0004,0.1838,0.8849,-15.571588,-18.158068,-34.225541666666665,6.155157311298337,-2.2092384284111133,57.13804972083342,0.9037868166774728
52162.0,0.0724,0.1885,0.8564,-20.792987999999998,-4.402268,-38.59964166666666,5.9072951648684295,-2.1738165949194963,56.829252587500086,0.8798834979700438
52177.0,0.098,0.1771,0.8986,-21.403688,2.017532,-38.21794166666667,5.678215849279633,-2.0600132695241067,56.54261802500009,0.921113657482072
52194.0,0.1172,0.1528,0.9347,-22.319688,0.7045320000000002,-32.019441666666665,5.394625797806895,-1.986506843575698,56.27045277083342,0.9543310589098523
52209.0,0.0387,0.1245,0.9973,-27.716687999999998,-2.005368,-26.561441666666667,5.07436826480987,-1.9631341929891364,56.071241958333424,1.0057858768147423
52225.0,-0.0342,0.1047,0.9814,-36.693788,-5.325968,-26.996541666666666,4.584498349892963,-1.991277911468338,55.85526962500009,0.9875614866933603
52241.0,-0.0802,0.1212,0.0868,-36.510588,19.223632,-29.767541666666666,4.122093725551444,-1.622644932599731,55.61712929166676,0.16928000472589785
52256.0,-0.0659,0.0559,0.7677,-21.342588,8.903032,-36.96604166666666,3.916416537345648,-1.4251204083189313,55.33988397916676,0.7725483221132514
52273.0,-0.0139,-0.0176,0.868,-17.373188,6.529032,-32.67594166666667,3.7165084238981763,-1.2553539433844827,55.06213847500009,0.8682896809245173
52288.0,-0.0032,0.0007,0.9929,-17.350288,9.101531999999999,-32.53094166666666,3.535118365231914,-1.0674304426907977,54.81815641250009,0.9929054033491811
52304.0,0.024,-0.0071,1.0192,-22.953287999999997,18.353431999999998,-33.75224166666666,3.2338555423539868,-0.7360371792719792,54.54813847916675,1.0195072584341909
52320.0,0.0414,-0.0175,1.0358,-23.686087999999998,24.048032,-32.01184166666667,2.9094267019545392,-0.3301465928843635,54.29204374583342,1.0367747344529572
52336.0,0.0508,-0.0347,0.9713,-22.067787999999997,15.582432,-23.340041666666664,2.6000081758507614,-0.07334129376643096,54.105323412500084,0.9732463305864555
52353.0,0.0398,-0.0562,0.9846,-19.854087999999997,6.490832,-10.210241666666667,2.294286804082958,0.03632640504999025,54.01853635833342,0.9870053900562044
52368.0,-0.0045,-0.0826,0.8826,-14.052488,7.414432,0,2.100547014979555,0.14523210618098353,54.01853635833342,0.8864681438156704
52384.0,-0.2938,-0.1515,0.9122,-5.105987999999999,4.048032,-0.8591416666666665,2.011614165799964,0.24429404630793966,54.011663225000085,0.9702471489264991
52400.0,-0.0978,-0.1129,0.9146,17.657412,6.567132,-25.927841666666666,2.2634640787198985,0.3894948773113552,53.804240491666754,0.9267170064264495
52415.0,-0.1133,-0.0585,0.9883,22.275712000000002,17.025132,-30.775141666666666,2.5517478243849343,0.6883184620425022,53.57342692916675,0.9964918614820695
52431.0,-0.0365,-0.0515,0.9468,21.031412000000003,7.544232,-32.89734166666666,2.8294319501139364,0.8479145557572634,53.31024819583342,0.9489018600466541
52448.0,-0.0471,-0.0243,0.9264,16.313912000000002,9.658732,-33.33244166666667,3.040620365408421,1.0472606025420337,53.02692244166675,0.9279147913467055
52463.0,-0.0577,-0.0228,0.9709,10.405512,13.292332000000002,-34.65304166666667,3.126325856613574,1.2784460330348355,52.76702462916675,0.9728802290107451
52478.0,-0.0247,-0.0105,0.9647,6.382612000000001,13.078631999999999,-34.89734166666666,3.150548081191369,1.4989908244535664,52.50529456666675,0.9650732770106112
52495.0,0.0597,-0.0013,0.9338,2.7872120000000007,7.941232,-28.309541666666664,3.127449827752186,1.6422848725711414,52.26466346250008,0.9357073367244696
52510.0,0.0814,-0.0239,0.9021,2.6803120000000007,7.261832,-15.958341666666668,3.0954359553889756,1.7429873710072419,52.144975900000084,0.9060803386013847
52527.0,0.0638,-0.0204,0.8599,7.023812,1.3457320000000002,-3.4240416666666667,3.1399508238164553,1.746810944173464,52.115871545833414,0.8625048463631958
52542.0,0.0441,-0.0186,0.8164,13.084912000000001,3.093832,6.117958333333334,3.257503455207269,1.7665496515190473,52.16175623333341,0.8178017669337723
52558.0,0.0045,0.0137,0.8555,19.855912000000004,1.620632,10.575958333333332,3.494588190133396,1.7643755985872185,52.24636390000008,0.8556215226371997
52574.0,0.0051,0.0264,0.9104,23.161212000000003,0,14.721058333333334,3.7830440356512405,1.735399544434861,52.364132366666745,0.9107969751816263
52589.0,-0.0012,0.046,0.9669,23.191712000000003,9.284732,18.766858333333335,4.049813343615749,1.8429668029523647,52.504883804166745,0.9679943439917404
52603.0,-0.0001,-0.0001,-0.0001,1.2223120000000007,2.009932,0.9729583333333334,3.987085185183661,1.8394875467119662,52.51169451250008,0.00017320508075688773
52620.0,-0.006,0.0326,1.0223,20.092512000000003,11.712232,24.804958333333335,4.247867414317164,2.0037400805310055,52.72253665833341,1.022837254894443
52635.0,-0.0364,-0.0204,0.9559,10.871112,7.002232,45.026358333333334,4.325089918621259,2.0767658021511157,53.06023434583341,0.9568102894513625
52652.0,-0.104,-0.0182,0.8818,11.474212000000001,12.513732000000001,49.614158333333336,4.4294278258044155,2.266817712334002,53.48195469166674,0.888098237809309
52667.0,-0.1718,-0.017,0.8401,17.191712000000003,11.597732,44.22485833333334,4.590979326630863,2.4359268962981098,53.81364112916674,0.8576550880161558
52683.0,-0.2039,-0.0205,0.8074,24.810112000000004,4.223632,31.163758333333334,4.88308070405555,2.5207580953157454,54.062951195833406,0.8330007322925953
52699.0,-0.1656,-0.0133,0.7832,28.886412000000004,1.070932,13.415658333333333,5.231926509725446,2.57069898983442,54.17027646250007,0.8006263110840163
52715.0,-0.0815,0.0258,0.7472,29.008512000000003,-1.219068,-3.2866416666666662,5.579839508165367,2.5874270132390773,54.14398332916674,0.7520742848947835
52730.0,0.085,0.0638,0.7864,24.336812000000002,8.864832,-8.691241666666667,5.832743423963865,2.7332266872680457,54.078799016666736,0.7935492423284141
52746.0,0.1382,0.0828,-0.0002,1.2223120000000007,2.009932,0.9729583333333334,5.754760570183508,2.7560661063100578,54.086582683333404,0.16110592788597197
52762.0,0.0852,0.074,0.8293,-1.594487999999999,20.681632,-3.4240416666666667,5.643295838451521,3.0531838230716835,54.05919035000007,0.8369429669935701
52777.0,0.0234,0.0547,0.8164,-10.983787999999999,28.109132,-2.7141416666666665,5.402779786378456,3.4267340123145917,54.03883428750007,0.8185649699321368
52794.0,0.0094,0.0344,0.8596,-15.037287999999998,30.528931999999998,0,5.079360580529558,3.8844258215593612,54.03883428750007,0.8603393981447089
52809.0,0.0062,0.0228,0.9044,-17.838787999999997,28.040432,6.339358333333333,4.749976172941963,4.233601517838415,54.08637947500007,0.9047085939682457
52826.0,-0.0157,-0.0011,0.9553,-21.098287999999997,26.780932,16.179058333333334,4.33364210033119,4.610266913651655,54.223901470833404,0.9554296363416827
52841.0,-0.1099,-0.0541,0.9916,-25.418988,26.559532,24.972958333333334,3.8922481982256976,4.937194105285392,54.411198658333404,0.9991373178897884
52857.0,-0.1688,-0.1139,0.983,-27.556388,20.933532,28.133258333333334,3.3834049933065566,5.215154623944605,54.63626472500007,1.0038703352525165
52873.0,-0.2173,-0.1013,0.9338,-24.854087999999997,14.139631999999999,25.927158333333335,2.9132800962672865,5.405068967875759,54.843681991666735,0.9640868321888854
52889.0,-0.2263,-0.0331,0.9294,-17.044887999999997,11.551932,17.789758333333335,2.5719814355146715,5.5729683254923295,54.9860000583334,0.9571267732124099
52904.0,-0.2156,0.0703,1.0006,-8.831188,2.521332,5.629458333333334,2.3860247188955332,5.610795285934424,55.0282209958334,1.0259755406441227
52921.0,-0.092,0.1262,1.031,-6.098287999999999,-24.005368,-4.233141666666667,2.2488293373133357,5.209680068638604,54.992239291666735,1.04276144922988
52936.0,0.0392,0.1392,1.0724,-10.113588,-41.348867999999996,-0.9507416666666666,2.0834779684140936,4.590635230681718,54.98510872916673,1.0821067599825815
52953.0,0.0945,0.1487,1.0571,-17.487688,-56.394667999999996,11.820258333333333,1.7940357159938758,3.629868513838541,55.085580925000066,1.0716820190709555
52968.0,0.0565,0.1527,0.9712,-20.342588,-59.295468,21.789758333333335,1.5170244904565995,2.7418162930628664,55.24900411250007,0.9847532584358378
52984.0,-0.0646,0.1339,0.9017,-16.189887999999996,-56.310668,19.499658333333336,1.30164899074284,1.8627411213889555,55.405001379166734,0.9138737658998642
53000.0,-0.1135,0.0845,0.8319,-8.541088,-53.562667999999995,5.385158333333334,1.214781335774157,1.053203262668943,55.4480826458334,0.843848392781547
53016.0,-0.1205,0.0507,0.8375,0,-47.409968,-12.691241666666667,1.2631766308108383,0.36528989321190436,55.34655271250007,0.8476420175994109
53031.0,-0.077,0.0437,0.8347,9.665012,-45.974868,-26.324741666666664,1.451471461468425,-0.23861947634661795,55.14911715000007,0.8393823800866921
53048.0,0.0205,0.078,0.8519,18.512312,-37.486267999999995,-31.668341666666663,1.805525081770529,-0.7892936901536606,54.879936245833406,0.8557089809041389
53063.0,0.073,0.1284,0.9094,23.497112,-30.906167999999997,-30.874441666666666,2.198322527482939,-1.175079474201758,54.64837793333341,0.9213164060191265
53080.0,0.0786,0.1274,0.9371,23.390212000000002,-33.829767999999994,-27.424041666666664,2.6350422912965326,-1.6779248197931629,54.41527357916674,0.9489811009709309
53095.0,0.1041,0.1509,0.9075,20.161212000000003,-33.959568,-23.263741666666665,2.979689968842758,-2.1233143846453433,54.240795516666736,0.9258314479428748
53111.0,0.0743,0.1737,0.8829,17.481812,-23.982468,-24.019441666666665,3.307300521346255,-2.4481018540792805,54.0486399833334,0.9028868090740942
53127.0,0.0718,0.1754,0.8916,14.222312,-17.142768,-30.027041666666666,3.588255040469288,-2.6691852605776307,53.808423650000066,0.9115212339819626
53143.0,0.0813,0.168,0.9006,8.817712,-14.463368,-35.744641666666666,3.7876715213323577,-2.8540830868365816,53.52246651666673,0.9197358588203463
53158.0,0.1221,0.1925,0.9348,1.8330120000000008,-10.707667999999998,-40.50794166666667,3.8822212751020726,-2.980221536364723,53.21865695416673,0.9621931718735068
53174.0,0.1556,0.2025,0.9613,-5.067787999999999,-3.6465680000000003,-42.904941666666666,3.878529680538559,-3.020507258039507,52.8754174208334,0.9946433028980792
53190.0,0.1833,0.2,0.9181,-9.441887999999999,-1.936668,-41.25604166666667,3.815634594273771,-3.051934726250219,52.54536908750007,0.9573434597885965
53206.0,0.2034,0.1958,0.8815,-10.220488,-1.822168,-37.82864166666666,3.750213067556889,-3.1006017684581817,52.24273995416674,0.9256086916186559
53222.0,0.1965,0.182,0.8639,-8.785388,0,-34.34764166666667,3.714798240294079,-3.136803045956732,51.9679588208334,0.904466395174525
53237.0,0.1583,0.1372,0.8661,-6.876987999999999,1.7122320000000002,-31.05764166666667,3.716804657378069,-3.1577255448319614,51.735026508333405,0.8910734762072093
53254.0,0.0781,0.0804,0.877,-5.2433879999999995,3.681632,-27.874441666666666,3.725416934855728,-3.1413738806682834,51.49809375416674,0.8841339095408568
53269.0,0.004,0.0522,0.8949,-2.6937879999999996,0.9488320000000001,-25.553841666666667,3.771466919899356,-3.1624989784902597,51.30643994166674,0.8964300586214186
53285.0,-0.0441,0.0491,0.9103,0,0,-27.462141666666664,3.8464314733538507,-3.1816595298475994,51.086742808333405,0.9126892735208407
53301.0,-0.0645,0.0389,0.9172,-0.8845879999999993,4.109132000000001,-33.75994166666666,3.895841282905153,-3.119438449816028,50.816663275000074,0.9202876180846942
53317.0,-0.032,0.0354,0.8862,-6.189888,13.567132,-41.385841666666664,3.8518743682876044,-2.899602219911317,50.48557654166674,0.8874838590081512
53332.0,0.0299,0.0428,0.8684,-7.487687999999999,22.658732,-46.05764166666667,3.78858009107665,-2.5622755049703505,50.14014422916674,0.8699680511375115
53348.0,0.1016,0.0424,0.9142,0,21.994632,-45.39344166666667,3.8294050529459733,-2.227381390741974,49.776996695833404,0.9208050608027738
53364.0,0.1334,0.0397,0.9353,11.481812,15.811432,-39.248441666666665,4.042354100217261,-2.00670825781999,49.46300916250007,0.9455991434006272
53380.0,0.0917,0.0482,0.8964,23.695512,10.666432,-30.988941666666665,4.4377577872533545,-1.8756165972919572,49.215097629166735,0.9023663834607315
53396.0,0.1069,0.0818,0.849,35.359712,10.055731999999999,-23.981241666666666,5.008593179393144,-1.763128964450579,49.023247695833405,0.8596044729990648
53411.0,0.1132,0.12,0.9226,44.542912,17.727432,-21.691241666666667,5.6727111733903905,-1.555872700607186,48.86056338333341,0.9372326285400012
53428.0,0.1737,0.1705,1.1343,43.840612,28.414431999999998,-21.332441666666664,6.406605082541029,-1.1505698814619238,48.67923762916674,1.1601200067234425
53443.0,0.2174,0.1799,1.325,28.092512000000003,27.132032,-12.973641666666667,6.813405803273623,-0.8400134856296324,48.581935316666744,1.354714645229762
53459.0,0.1433,0.0936,1.4031,1.7795120000000009,10.032831999999999,4.835558333333333,6.82061077355115,-0.7779383710318828,48.62061978333341,1.4135011354788507
53475.0,0.0383,-0.0316,1.298,-21.083087999999996,-7.539768,27.354558333333333,6.451399348986702,-0.9828760821840056,48.839456250000076,1.2989493639091558
53491.0,-0.08,-0.1554,1.0673,-31.777687999999994,-21.638968000000002,37.92715833333333,5.894970831648602,-1.3855502699162159,49.14287351666674,1.0815167358853028
53507.0,-0.1814,-0.2343,0.7927,-30.533488,-19.929068,30.217158333333334,5.337351267389269,-1.7264550643699925,49.38461078333341,0.8462716703281518
53523.0,-0.2443,-0.2493,0.6205,-17.365488,0.9183320000000001,3.5683583333333333,4.9656150119236715,-1.7013936721509948,49.41315765000007,0.7119362541688687
53538.0,-0.1387,-0.1812,0.6509,1.5429120000000007,16.254132,-30.759941666666666,4.873745225124569,-1.4337824122151857,49.18245808750007,0.6897404874298739
53555.0,-0.0051,-0.1001,0.7463,13.596312000000001,15.956432,-54.996541666666666,4.976350158826326,-1.143558570019164,48.71498748333341,0.7530004714473955
53570.0,0.0679,-0.047,0.838,16.321512000000002,12.994632,-60.23314166666667,5.086850393883044,-0.942070503917809,48.26323892083341,0.8420590299973036
53586.0,0.0483,-0.0007,0.8068,18.031412000000003,15.208331999999999,-52.92024166666666,5.2405288854927585,-0.7021845439002449,47.83987698750008,0.8082447772797545
53602.0,0.0201,0.0637,0.7789,27.817712000000004,14.506032000000001,-45.477441666666664,5.555159792294752,-0.4791700913896411,47.47605745416674,0.7817588566815218
53618.0,-0.0588,0.1527,0.891,35.596312,20.383931999999998,-40.96604166666666,6.006777120913429,-0.15904060893643598,47.14832912083341,0.9059005077821737
53634.0,-0.061,0.2375,0.9901,32.978012,17.261832000000002,-40.927841666666666,6.438004956801185,0.11448810289516628,46.820906387500074,1.0200123822777838
53650.0,-0.019,0.3024,1.0419,26.207012000000002,6.559532,-40.340041666666664,6.7883378110310035,0.21714990544874388,46.49818605416674,1.0850633023008383
53665.0,0.0518,0.3136,0.9664,23.199412000000002,-2.1274679999999995,-32.69884166666667,7.093483283288465,0.176959712215649,46.25294474166674,1.0173284425395763
53682.0,0.0575,0.2906,0.9335,27.787212000000004,-8.463368,-20.958341666666666,7.540166628754164,0.021160392294273446,46.07479883750007,0.9793757501592532
53697.0,0.0481,0.2352,0.9376,30.000912000000003,-18.287768,-9.141541666666667,7.972151218171534,-0.2641801422999767,46.00623727500007,0.967846273950569
53713.0,0.0746,0.1974,0.8425,29.405512,-13.577867999999999,0,8.426949862391762,-0.4957434175843358,46.00623727500007,0.8685264359822331
53729.0,0.0127,0.1781,0.848,31.168812000000003,-6.463368,4.7439583333333335,8.90823080578006,-0.6104866382173365,46.04418894166673,0.8665938495050608
53745.0,0.0369,0.1846,0.8705,31.680312,-9.478667999999999,5.7744583333333335,9.395514238037384,-0.7726446553022868,46.0903846083334,0.890622827014893
53761.0,0.01,0.1826,0.933,29.474212,-14.707668000000002,10.095058333333332,9.843922518391715,-1.0121664212840054,46.17114507500007,0.9507532592634117
53776.0,0.0193,0.1843,0.9137,24.626812,-14.638968000000002,15.728658333333334,10.188680884235993,-1.2314585534353863,46.28911001250007,0.9323018127194648
53792.0,-0.0007,0.2159,0.9353,18.985612000000003,-14.470968,18.972958333333334,10.470574086385474,-1.4554894762446546,46.440893679166734,0.9598955099384516
53808.0,0.014,0.2529,0.9766,5.2833120000000005,-15.470968,16.904258333333335,10.543050339026571,-1.6901524626855027,46.5761277458334,1.0089112795484052
53824.0,0.0039,0.2346,0.9576,-18.449488,-12.028268,10.682858333333332,10.249969746846647,-1.864423841660354,46.66159061250007,0.9859260266368872
53839.0,-0.0271,0.1562,0.9012,-39.617388,0,4.140858333333333,9.668655403752167,-1.841320909180773,46.69264705000007,0.9150378626046028
53856.0,-0.0417,0.0973,0.8281,-45.243388,6.788532,1.0568583333333335,8.921103380087274,-1.6990432231951162,46.7016303458334,0.8348387808433433
53871.0,-0.0978,0.1156,0.8473,-38.105988,11.406832000000001,2.9271583333333338,8.377981710215234,-1.4919128205827241,46.7235840333334,0.8607238174931608
53888.0,-0.1118,0.1292,0.8402,-23.067787999999997,8.254132,1.9805583333333334,8.019621616063093,-1.3053316739096816,46.74041877916674,0.8573960111873625
53903.0,-0.1112,0.1414,0.8561,-5.266287999999999,-7.486268,-4.454541666666667,7.974707437739934,-1.357630213400238,46.70700971666674,0.8747951817425608
53918.0,-0.1316,0.0928,0.9156,6.7566120000000005,-36.005368,-20.088141666666665,8.09953351940659,-1.814527009797405,46.55634865416674,0.9296524942149083
53935.0,-0.0166,0.0803,0.858,10.825312,-50.554967999999995,-33.55384166666666,8.295449044099936,-2.5774700587138013,46.27114100000007,0.8619093049735569
53950.0,-0.0198,0.0193,0.9316,8.947512000000001,-45.348867999999996,-36.00414166666666,8.422839863738664,-3.1514765285963002,46.00110993750007,0.93201024136004
53966.0,0.0173,-0.0042,0.8645,2.344412000000001,-29.532068000000002,-29.469841666666664,8.436923067917936,-3.5166304223970766,45.765351204166734,0.8646832830580223
53982.0,0.016,-0.017,0.8718,3.565812000000001,-18.684768000000002,-20.202641666666665,8.453597172896608,-3.709865235989438,45.6037300708334,0.8721125156767331
53998.0,-0.0762,-0.0477,0.8087,12.749012,-21.570268000000002,-14.187341666666667,8.595999123817004,-3.9372864879066496,45.49023133750007,0.8136813995661938
54013.0,-0.0198,-0.0347,0.7789,22.924612000000003,-1.432868,-17.675941666666667,8.858208761576819,-3.8436686241484526,45.35766177500007,0.7799239321882616
54030.0,0.0404,0.0565,0.7987,29.428412,6.109132,-25.233141666666665,9.26698021896868,-3.637749076371109,45.1431800708334,0.8017144753589023
54045.0,0.1163,0.1512,0.9393,22.153612000000003,11.635832,-29.874441666666666,9.51244404644386,-3.3848914926719185,44.919121758333404,0.958473588577171
54062.0,0.1337,0.1722,0.9774,2.802412000000001,15.383932000000001,-27.912541666666666,9.484608249755592,-3.0702005010450453,44.681865154166736,1.001418638732074
54077.0,-0.0096,0.1782,1.019,-10.945687999999999,15.658732,-24.790441666666666,9.259215597590092,-2.785631441537482,44.49593684166673,1.0345087723166004
54093.0,-0.0452,0.1897,1.0032,-20.113587999999996,13.101531999999999,-26.233141666666665,8.893787303588022,-2.525018461277605,44.2860717083334,1.021978165128786
54109.0,-0.0752,0.1895,0.892,-14.655588,2.1091320000000002,-26.141541666666665,8.631692913706804,-2.432410018291663,44.076939375000066,0.915002344259292
54125.0,-0.0343,0.1998,0.8152,-1.922787999999999,-2.241968,-25.057641666666665,8.586501703496463,-2.406316765533041,43.87647824166673,0.8400283149989648
54140.0,0.0139,0.1544,0.7838,11.703212,2.070932,-18.080541666666665,8.750232513727143,-2.3180632980581413,43.74087417916673,0.7989837357543644
54157.0,-0.0201,0.1653,0.8464,16.787212,0,-17.546141666666667,9.023895057021454,-2.2603344171443283,43.591731975000066,0.8626245185479022
54172.0,-0.0463,0.1313,0.886,3.313912000000001,1.8801320000000001,-26.034741666666665,9.061074231512652,-2.17124835837403,43.39647141250006,0.89687199755595
54188.0,-0.0436,0.1206,0.8616,-10.609788,8.658732,-36.82094166666666,8.881485536824712,-1.971725887309164,43.10190387916673,0.8710912007361802
54204.0,-0.0409,0.1619,0.9033,-21.365488,4.971732,-51.86674166666666,8.540450535394204,-1.8307760549910024,42.6869699458334,0.918605089252177
54219.0,0.0127,0.139,0.8888,-26.754787999999998,-0.715268,-58.25604166666667,8.148580307201126,-1.7851357001368335,42.2500496333334,0.8996931310174597
54236.0,0.1008,0.1398,0.8407,-28.060187999999997,-6.318368,-54.927841666666666,7.691972030472168,-1.8501726650135304,41.78316297916673,0.8581848110984021
54251.0,0.0845,0.1876,0.8549,-29.014387999999997,-3.951968,-47.49274166666667,7.292729208426929,-1.8782309491933638,41.426967416666734,0.8793111053546406
54267.0,0.0669,0.2161,0.9126,-30.571588,3.9259320000000004,-44.431641666666664,6.857569784454185,-1.794064985570697,41.0715142833334,0.9402199636255336
54283.0,0.0524,0.2582,0.9956,-34.144088,-9.066468,-41.87444166666666,6.386507967141415,-1.9203672664343996,40.736518750000066,1.0298700694747858
54299.0,0.0714,0.2744,0.9781,-40.876988000000004,-23.554968000000002,-37.431641666666664,5.831660846377182,-2.278234313208788,40.437065616666736,1.0183677773771123
54315.0,0.0665,0.2418,0.9456,-47.357888,-20.867968,-35.271341666666665,5.193982976998664,-2.592415906721825,40.154894883333405,0.9782887354968368
54331.0,0.0072,0.168,0.8926,-49.999088,-16.608468000000002,-37.950741666666666,4.526824934508425,-2.8312244138780605,39.851288950000075,0.9083009413184596
54346.0,0.0292,0.1005,0.839,-45.266288,-16.661868000000002,-43.02704166666666,3.983794030341626,-3.050666323244069,39.52858613750008,0.8455021525697022
54363.0,0.059,0.0901,0.8221,-37.586888,-21.264868,-44.294241666666665,3.482784334233934,-3.3797808561296954,39.15208508333341,0.8291244900495944
54378.0,0.0922,0.1084,0.8065,-28.617388,-18.173268,-44.61484166666666,3.1925523059796115,-3.6238836625532556,38.81747377083341,0.8189588817517031
54394.0,0.0726,0.1154,0.8236,-20.731887999999998,-10.074068,-47.03474166666667,2.9998793705714357,-3.7592193014510826,38.441195837500075,0.8348082893694815
54410.0,0.0472,0.1268,0.8876,-15.640288,-8.608467999999998,-50.340041666666664,2.8874801578022296,-3.86998455074383,38.03847550416674,0.897852905547451
54426.0,0.085,0.139,0.9653,-14.541088,-13.020668,-49.836241666666666,2.7913605897352047,-4.05314555833783,37.63978557083341,0.9789535688683095
54443.0,0.1432,0.1548,0.991,-18.884587999999997,-13.761068000000002,-43.10344166666667,2.6090883803605114,-4.269773297431163,37.273406316666744,1.0131881760068067
54458.0,0.1467,0.1422,1.0131,-27.770087999999998,-9.310668,-33.72174166666667,2.3335608401542687,-4.400502961405364,37.020493254166745,1.033495689395945
54474.0,0.105,0.1171,0.9877,-37.380788,-8.997768,-27.599641666666667,1.8802246349824416,-4.53738984195103,36.79969612083341,1.0001443395830425
54490.0,0.0376,0.0593,0.9119,-42.182288,-8.173268,-25.943141666666666,1.3503271119248197,-4.654972224728101,36.59215098750008,0.9145992893065247
54506.0,0.0424,0.0128,0.8918,-41.289188,-4.936668,-28.538541666666667,0.8303144623523205,-4.716942778646765,36.363842654166746,0.8928991208417668
54521.0,0.0664,0.0005,0.9174,-39.113588,-3.990068,-30.996541666666666,0.37785695686678167,-4.759436542326597,36.13136859166674,0.9197999619482489
54538.0,0.036,-0.0302,0.9053,-39.235688,3.338132,-35.59964166666666,-0.1616486172715264,-4.683580786088161,35.828771637500076,0.9065186870660747
54553.0,0.0219,-0.0967,0.9082,-42.373188,14.727432,-42.66834166666666,-0.6836211132793598,-4.443659792806408,35.50875907500008,0.9135960485904041
54569.0,-0.0151,-0.1521,0.8235,-43.716688,20.292332,-53.17214166666667,-1.285750257524523,-4.0985472646394445,35.083381941666744,0.8375647258570528
54585.0,-0.0266,-0.1517,0.7974,-34.243388,36.742732000000004,-67.91254166666667,-1.7528889075473968,-3.493464582980379,34.54008160833341,0.8121374329508522
54601.0,0.005,-0.1355,0.8776,-16.617388,40.368632000000005,-79.43924166666666,-1.9560328883132516,-2.8390571952089245,33.904567675000074,0.8880129559865667
54617.0,0.0302,-0.1299,1.009,-4.426588,36.895432,-81.45454166666667,-1.9829275601010707,-2.250616803945146,33.25293134166674,1.0177755400873023
54633.0,0.0276,-0.1244,1.0557,-1.8311879999999994,23.750332,-76.85914166666666,-1.9844899133122302,-1.8781172851105468,32.638058208333405,1.063362407648493
54648.0,0.0032,-0.1187,1.014,-0.7624879999999992,19.994632,-73.37054166666667,-1.981798046577386,-1.5870419374827933,32.0877791458334,1.0209289544331672
54665.0,0.0112,-0.0909,0.9694,6.955112000000001,14.651132,-73.20264166666666,-1.8605628253152358,-1.3487969644069466,31.465556691666734,0.9737169044439971
54680.0,0.0624,-0.054,0.9836,16.443612,5.002232,-70.04234166666667,-1.6188974547296984,-1.2895515292150177,30.940239129166734,0.9870555810084861
54696.0,0.132,-0.0031,1.0245,18.390212000000002,0.895432,-62.21024166666667,-1.3317551239401457,-1.3024841019125,30.442557195833402,1.0329733104006125
54712.0,0.1561,0.0293,1.0583,10.329112,-1.0358679999999998,-53.33244166666667,-1.1695236778043636,-1.3582570659498636,30.01589766250007,1.07015166682111
54728.0,0.1204,0.0067,1.0667,-4.586887999999999,-1.654268,-46.72934166666666,-1.24071585198991,-1.429603249494404,29.642062929166737,1.0734942664029463
54744.0,0.0519,-0.0443,1.0085,-18.090687999999997,0,-43.67594166666667,-1.5250848380801478,-1.4721681420936792,29.292655395833403,1.0108057924250335
54760.0,0.0048,-0.0792,0.9453,-22.708987999999998,-0.6313679999999997,-44.86674166666666,-1.8830423059653638,-1.5174240259682008,28.93372146250007,0.9486241458027516
54775.0,0.028,-0.0929,0.8718,-20.052487999999997,-8.600767999999999,-47.23314166666667,-2.180664569543319,-1.6757645991802865,28.57947290000007,0.8771827916688745
54792.0,0.0594,-0.0793,0.8489,-14.823488,-9.761068000000002,-48.82864166666666,-2.4304484610039427,-1.8687202600371398,28.164429445833402,0.8546625415917092
54807.0,0.1051,-0.076,0.8748,-13.166988,-15.738168000000002,-47.92024166666666,-2.626725171080524,-2.133379819646227,27.805027633333403,0.884362510512516
54823.0,0.1211,-0.0613,0.8854,-14.441887999999999,-19.913768,-44.019441666666665,-2.854572656685503,-2.481742748910525,27.452872100000068,0.8957433002819501
54840.0,0.1204,-0.0486,0.8872,-16.678487999999998,-15.035868,-41.569041666666664,-3.1300757496665237,-2.7686518402446287,27.0995352458334,0.8966504112529029
54855.0,0.0902,-0.0419,0.9283,-19.518188,-11.470968,-43.156841666666665,-3.408795409607016,-2.9704414755832422,26.775858933333403,0.9336126284492943
54872.0,0.0544,-0.1171,0.926,-24.854087999999997,-10.303068,-46.96604166666666,-3.818041344750076,-3.169103349388445,26.376647579166736,0.934958699622609
54887.0,-0.0918,-0.1917,0.7811,-24.464788,-15.791668000000001,-60.65304166666667,-4.183203117122867,-3.40548179331189,25.921749766666736,0.8095019085832967
54903.0,0.0496,-0.0791,0.7943,-7.090688,-5.967168,-71.17214166666666,-4.295399518833791,-3.498898214018011,25.352372633333403,0.7997683789698116
54919.0,0.1216,-0.0824,0.8605,7.229912000000001,8.620632,-73.78284166666667,-4.183113981827441,-3.37066237833512,24.76210990000007,0.8729470602505057
54935.0,0.1598,-0.0647,0.9373,8.611612000000001,4.223632,-67.45454166666667,-4.05049272027445,-3.3261591770194174,24.222473566666736,0.9530233050665655
54950.0,0.1825,-0.0342,0.8651,11.878812,10.811432,-57.01184166666667,-3.8769166520671163,-3.2044094482589403,23.794884754166734,0.8848016161829724
54967.0,0.1617,0.0059,0.9111,22.023812000000003,9.551932,-46.95834166666666,-3.505427877363825,-3.09485711631827,23.39573885000007,0.9253566393558756
54982.0,0.2061,0.0073,0.8865,34.405512,4.6587320000000005,-33.88964166666666,-2.994332194295748,-3.0930085434077585,23.14156653750007,0.9101718244375618
54999.0,0.1842,0.0111,0.9641,37.260412,7.467932,-22.049941666666665,-2.3701284717585764,-3.044705576936881,22.9541420333334,0.9816015790533347
55014.0,0.1305,0.0082,0.9795,28.161212000000003,12.292332000000002,-12.103441666666667,-1.9581208688576799,-2.9425706182963283,22.863366220833402,0.9881891215754199
55029.0,0.0197,-0.0115,1.0226,11.611612000000001,20.895432,-9.248441666666666,-1.7936466829388167,-2.7031169847322745,22.794002908333404,1.022854388463969
55046.0,0.0221,-0.051,0.9742,-9.441887999999999,15.674032,-12.378241666666668,-1.961989346084348,-2.5040016812083294,22.688787854166737,0.9757843255556014
55062.0,0.0278,-0.1038,0.925,-24.174687999999996,20.063332,-13.141541666666667,-2.356814015965355,-2.2473093180214625,22.583655520833403,0.9312208545774735
55077.0,-0.0352,-0.1381,0.8855,-24.701387999999998,13.605332,-13.187341666666667,-2.7396091536432405,-2.0957164963800703,22.484750458333405,0.8968951443730755
55094.0,-0.0366,-0.1377,0.8442,-14.701388,0,-15.240841666666666,-3.007589173847152,-2.134030056134354,22.35520330416674,0.8561392935731895
55109.0,0.0171,-0.1539,0.8293,-5.625088,-2.8526679999999995,-17.301841666666665,-3.120196558642474,-2.2083507300412637,22.22543949166674,0.8436326866593068
55126.0,0.0455,-0.1565,0.8718,-4.403688,4.574832000000001,-21.614841666666667,-3.2322527386157005,-2.1615579928608666,22.041713337500074,0.8869034558507481
55141.0,0.0543,-0.1713,0.9552,-10.334988,8.765632,-26.179741666666665,-3.4314374704893074,-2.0621681429568453,21.845365275000074,0.9719563879104864
55157.0,0.0831,-0.1628,0.9709,-17.686087999999998,11.544232000000001,-25.958341666666666,-3.7603614180143192,-1.915278653070414,21.63769854166674,0.9879555961681679
55173.0,-0.0259,-0.1802,1.0417,-23.647987999999998,10.475532000000001,-23.782841666666666,-4.184824906968458,-1.7764546598556592,21.447435808333406,1.0574884112840197
55189.0,-0.1038,-0.2009,1.0134,-29.075387999999997,0,-26.668341666666667,-4.696409271827548,-1.7850998411535561,21.23408907500007,1.038323075925793
55204.0,-0.1278,-0.187,0.9506,-34.731888,0.506032,-36.85154166666666,-5.2609945535554425,-1.7660561066865548,20.95770251250007,0.9772114407844394
55221.0,-0.0299,-0.1672,0.8695,-42.319688,7.063332,-49.53094166666666,-6.01535409491502,-1.6312276784171322,20.536689508333403,0.8859345912650662
55236.0,0.0929,-0.1565,0.7507,-47.876988000000004,16.628232,-57.55384166666666,-6.760070619460537,-1.3824981721229992,20.105035695833404,0.7724462117196251
55252.0,0.1416,-0.1713,0.6798,-43.037288000000004,27.490831999999997,-58.25604166666667,-7.470305484511974,-0.9681793504533974,19.63898736250007,0.7152078648896417
55269.0,0.156,-0.1938,0.699,-30.021987999999997,31.544232,-53.767541666666666,-8.002969996895326,-0.4846079718141375,19.181963258333404,0.7419537991007257
55284.0,0.135,-0.1934,0.7848,-18.250987999999996,31.620632,-45.225541666666665,-8.301722218197218,-0.08372711421142119,18.842771695833402,0.819475197916325
55301.0,0.0682,-0.1753,0.9016,-11.609788,31.574832,-38.23314166666667,-8.5226556848026,0.3690074466847561,18.517789991666735,0.9210124266262644
55316.0,0.0763,-0.1777,0.9513,-13.044888,39.345732000000005,-31.07284166666667,-8.73941281142198,0.8632105657749224,18.284743679166734,0.970757781323436
55332.0,0.0103,-0.1748,1.0029,-16.098287999999997,44.719832000000004,-27.072841666666665,-9.012784279917689,1.47768733934337,18.0681609458334,1.0180714807910098
55348.0,-0.0363,-0.1729,0.9802,-17.334988,45.406832,-27.981241666666666,-9.300627917039598,2.1028519495809794,17.844311012500068,0.9959940461669436
55364.0,-0.099,-0.1775,0.9845,-17.205187999999996,45.811432,-32.39344166666667,-9.581668229651745,2.74058544849547,17.585163479166734,1.0052599166384781
55379.0,-0.1317,-0.1785,0.96,-16.098287999999997,38.681632,-40.79804166666666,-9.825442818560663,3.2364790829574916,17.279178166666735,0.9852954582256025
55396.0,-0.1161,-0.1792,0.8721,-12.930387999999999,34.918332,-52.08054166666667,-10.046372620819998,3.7519638631991716,16.83649356250007,0.8978587082609379
55412.0,-0.0862,-0.1744,0.8098,-8.312088,39.925932,-64.50804166666667,-10.181518708324719,4.312584253989181,16.320429229166738,0.8328396244175705
55428.0,-0.0198,-0.1593,0.801,-4.083087999999999,35.154932,-72.27894166666667,-10.249387123547073,4.788870707507927,15.742197695833404,0.8169268816730173
55444.0,0.0664,-0.1686,0.7979,-2.113587999999999,25.124432,-69.50804166666667,-10.28786749928879,5.088667060514476,15.18613336250007,0.8182171655495869
55459.0,0.0621,-0.1882,0.7677,0,25.299932,-61.62254166666666,-10.298261852517507,5.352079538766331,14.723964300000072,0.7928675425315379
55476.0,-0.0054,-0.1963,0.7961,4.237512000000001,25.322832,-55.202641666666665,-10.243542673774346,5.661534345054158,14.254741845833404,0.8199622308374942
55491.0,-0.0292,-0.1658,0.8597,6.115412000000001,18.070932,-52.75994166666666,-10.170268358489677,5.8129913137486655,13.859042283333405,0.8760287495282333
55507.0,0.0187,-0.1196,0.8938,6.497112,20.154932,-51.42404166666667,-10.079399967433664,6.009423587135954,13.447649950000072,0.9019602485697471
55523.0,0.0184,-0.1014,0.9077,8.405512000000002,31.238932,-50.111041666666665,-9.951432886222502,6.3736444596016515,13.046761616666739,0.913531504656517
55539.0,0.005,-0.129,0.9865,10.298612,31.780932,-46.01184166666667,-9.79006074531187,6.739035658951924,12.678666883333406,0.9949111769399317
55555.0,-0.0162,-0.1598,1.0117,8.939812000000002,23.933532,-39.69884166666667,-9.65100636873954,6.976768922198366,12.361076150000073,1.0243707190270523
55571.0,-0.0206,-0.1814,0.9521,6.520012,28.910632,-34.62254166666666,-9.554674252290035,7.290706896902968,12.084095816666741,0.9694455786685501
55586.0,-0.0872,-0.2239,0.9513,5.855912000000001,39.681632,-32.790441666666666,-9.483421557999003,7.739401334170232,11.83816750416674,0.9811762023204599
55603.0,-0.1469,-0.2598,0.9052,7.649712000000001,43.933532,-36.58434166666667,-9.383849064396573,8.345223118016017,11.527200600000073,0.9531330914410642
55618.0,-0.1869,-0.2679,0.8375,13.298612,51.429732,-44.065241666666665,-9.231210116540495,8.984170370626464,11.196711287500074,0.8989484245494844
55634.0,-0.1844,-0.2716,0.8816,21.451312,54.529032,-51.79804166666666,-8.951778501266881,9.72796258789006,10.782326954166741,0.940738263280494
55650.0,-0.1823,-0.2445,0.9125,25.397812000000002,46.048032000000006,-55.042341666666665,-8.62177907415663,10.340127452257667,10.341988220833407,0.9621173473126862
55666.0,-0.1409,-0.2146,0.8562,27.947512000000003,35.696932000000004,-54.57674166666666,-8.261456961153849,10.787622628895235,9.905374287500074,0.8938592786339469
55682.0,-0.1005,-0.1624,0.8469,32.008512,30.567132,-52.25604166666667,-7.841379709982195,11.149630129883342,9.48732595416674,0.868166815767569
55698.0,-0.0952,-0.1428,0.9352,31.535212,19.078632,-46.248441666666665,-7.429429315706839,11.326121377674404,9.117338420833407,0.950817500890681
55713.0,-0.1176,-0.1541,0.96,23.283312000000002,6.376332,-39.32474166666667,-7.171755548999823,11.297871255816354,8.822402858333408,0.9793756021057498
55730.0,-0.1791,-0.1619,0.8999,13.764312,0,-37.317141666666664,-7.028966961136929,11.188659360228657,8.505207154166742,0.9317233655973215
55745.0,-0.1764,-0.1672,0.8247,11.886412,1.3610320000000002,-38.89734166666666,-6.943196895811034,11.113326300977155,8.213477091666743,0.8597690910936494
55761.0,-0.1326,-0.161,0.8076,17.069612000000003,4.750332,-39.16444166666667,-6.765606179557073,11.099312967945565,7.9001615583334095,0.8340992267110671
55777.0,-0.1167,-0.1584,0.8782,20.649712,3.132032,-37.24084166666667,-6.5328371575645985,11.061959425345583,7.602234825000076,0.8999692716976508
55793.0,-0.1254,-0.1687,0.8944,19.833012000000004,-4.860368,-34.82094166666666,-6.316044937044531,10.902474781596682,7.323667291666743,0.9187688555888255
55809.0,-0.1343,-0.1891,0.8658,18.084912000000003,-9.547367999999999,-31.737041666666663,-6.132861120733419,10.676467353661836,7.069770958333409,0.8963285893019368
55825.0,-0.1415,-0.2084,0.8638,17.161212000000003,-1.791668,-27.362941666666664,-5.971921731147485,10.580956538167367,6.850867425000076,0.8997795563358839
55840.0,-0.1665,-0.2368,0.928,16.871112,7.696932,-23.469841666666664,-5.840758304051063,10.63464090887594,6.6748436125000765,0.9721010698481923
55857.0,-0.193,-0.2207,0.9104,20.535212,-2.188568,-22.584341666666667,-5.621354720003597,10.546687243085337,6.48287670833341,0.9564442743829877
55872.0,-0.1774,-0.2341,0.9309,20.787212000000004,-6.3259680000000005,-24.912541666666666,-5.446927517951582,10.409696158711935,6.29603264583341,0.9761395289608961
55888.0,-0.1575,-0.2173,0.8989,18.084912000000003,2.353432,-27.309541666666664,-5.300463984207905,10.408555038512223,6.077556312500077,0.9381080694674788
55904.0,-0.1206,-0.2146,0.8553,17.848212000000004,1.696932,-27.011841666666665,-5.163832005053699,10.39621742471007,5.861461579166743,0.8900200053931372
55920.0,-0.0951,-0.2026,0.8154,22.390212000000002,-4.028268,-24.179741666666665,-4.961319308984005,10.291023183218869,5.66802364583341,0.845557762663202
55937.0,-0.0953,-0.1874,0.8296,29.718412,-17.394668,-20.614841666666667,-4.618942688973765,9.958016712092046,5.492797491666743,0.8558253384891101
55952.0,-0.0867,-0.1558,0.829,36.374912,-32.463367999999996,-17.614841666666667,-4.24004379625754,9.440164416210258,5.360686179166743,0.8479572689705537
55968.0,-0.0601,-0.1427,0.828,42.665012,-32.074068,-15.103441666666667,-3.7294942633278256,8.89980283256927,5.23985864583341,0.8423534293869765
55984.0,-0.0887,-0.1115,0.8516,50.955112,-20.745868,-14.080541666666667,-3.0900017138241505,8.54469437150077,5.127214312500077,0.8634364481535396
56000.0,-0.0912,-0.0879,0.8898,59.008511999999996,-9.646567999999998,-15.439241666666666,-2.3247764576158136,8.367543086424217,5.003700379166744,0.8987702097866841
56015.0,-0.0969,-0.0695,0.9443,62.191711999999995,7.208332,-18.225541666666665,-1.5712850457545584,8.448163581727707,4.867008816666743,0.9517995324646887
56032.0,-0.1124,-0.0828,0.9913,58.100111999999996,17.605332,-21.737041666666666,-0.766758850778909,8.71310480738913,4.682243962500077,1.0010820595735397
56047.0,-0.1208,-0.0861,0.9731,49.344412,28.177832,-22.996541666666666,-0.21075078618515694,9.093757467014854,4.509769900000077,0.9843421458009405
56064.0,-0.1881,-0.0891,0.8831,48.100111999999996,44.956432,-30.240841666666665,0.41720462232759714,9.811527862608877,4.25272274583341,0.9072959991094417
56079.0,-0.1766,-0.0626,0.8219,56.313912,45.597732,-40.94314166666666,1.0676119904711825,10.444864457520959,3.9456491833334097,0.8429863166149258
56095.0,-0.0897,0.0044,0.7766,70.939812,51.704532,-45.32474166666667,2.00484112173192,11.20354402740297,3.5830512500000764,0.781775549630455
56111.0,-0.1538,0.0852,0.8821,76.291012,62.704532,-41.95834166666666,3.033485987219577,12.123670305784378,3.247384516666743,0.8994519942720679
56127.0,-0.26,0.0308,1.0398,69.871112,69.765632,-34.37054166666667,3.959708643164623,13.150293068568526,2.9724201833334094,1.0722558836397216
56142.0,-0.3365,0.0244,1.0439,60.466512,69.093832,-35.18734166666667,4.676422370563822,14.09972157978638,2.7085151208334093,1.097066461067879
56159.0,-0.3173,0.0259,0.954,52.573412,75.445032,-39.927841666666666,5.378915592500525,15.289851040657023,2.3691284666667425,1.0057167096155855
56174.0,-0.3445,0.0303,0.8932,44.474212,99.987032,-42.950741666666666,5.857046589955731,16.690214253520377,2.0469979041667425,0.9578123929037461
56190.0,-0.4121,0.0557,0.7664,43.458912,119.758032,-54.64544166666666,6.36636641291745,18.50121810580289,1.6098343708334093,0.8719506063992386
56207.0,-0.4323,0.0461,0.7074,49.970411999999996,140.086232,-68.59194166666667,7.027162097275773,20.764492899215774,1.0268028666667426,0.8303151570337616
56222.0,-0.4484,0.0714,0.7191,56.756612,146.551832,-78.50034166666667,7.689665166384102,22.83451712139158,0.4380503041667426,0.8504500749603119
56239.0,-0.4331,0.1085,0.7908,63.436012,123.307632,-80.29424166666666,8.57836769559802,24.787384775798948,-0.2444507499999241,0.908136828897496
56254.0,-0.3208,0.1379,0.9017,62.397812,85.139632,-72.16444166666666,9.32871270317347,25.902301741673984,-0.7856840624999241,0.9669498125549225
56270.0,-0.2361,0.167,0.9719,47.504712,48.582432000000004,-56.53094166666666,9.912129406020407,26.495722100797543,-1.2379315958332575,1.0140127316754952
56286.0,-0.1465,0.1903,0.9736,23.306212000000002,2.490832,-36.09574166666667,10.125494315292906,26.335502485276525,-1.526697529166591,1.002782778073098
56302.0,-0.1222,0.1718,0.9769,-1.5257879999999993,-37.669467999999995,-7.820941666666667,9.9616282960001,25.528832458210147,-1.5892650624999243,0.9993906593519873
56317.0,-0.1737,0.1464,0.8934,-21.228087999999996,-75.310768,24.148458333333334,9.524891011537697,24.21295155437766,-1.4081516249999242,0.9218287313812691
56334.0,-0.2314,0.1338,0.8466,-29.136487999999996,-112.944268,51.90425833333333,8.933045571517342,22.149185492065055,-0.9669654291665908,0.8877949988595341
56349.0,-0.2953,0.1451,0.8541,-33.701388,-153.241968,76.49965833333333,8.35283758885114,19.763503523192316,-0.3932179916665909,0.9152829671746328
56366.0,-0.3608,0.1731,0.8777,-38.228088,-182.623668,94.92715833333334,7.654604884394813,16.649790483485454,0.41366285416674253,0.9646230040798323
56381.0,-0.417,0.1932,0.8628,-41.449488,-198.745768,100.50725833333334,7.010918822785199,13.739149494941813,1.1674672916667426,0.9775679413728746
56397.0,-0.4949,0.149,0.848,-41.411288,-180.70006800000002,87.10265833333334,6.346118516497742,11.00240514459698,1.8642885583334092,0.9930916422969231
56413.0,-0.4487,0.1145,0.9742,-46.563988,-152.425168,57.17135833333334,5.613563698132155,8.777779710209359,2.321659425000076,1.078660085476421
56429.0,-0.282,0.1129,1.0625,-66.625088,-127.48626800000001,28.484358333333333,4.580309663280136,6.978554024487363,2.5495342916667427,1.1050686223036106
56445.0,-0.2418,0.0898,0.9651,-95.88458800000001,-52.890868,6.011058333333334,3.106841628455745,6.375227220419984,2.5976227583334093,0.9989741187838651
56461.0,-0.2129,0.0237,0.7805,-101.548688,-15.280168,-22.775141666666666,1.5665379994690325,6.368526510498641,2.415421625000076,0.8093629284814076
56475.0,-0.0001,-0.0001,-0.0001,1.2223120000000007,2.009932,0.9729583333333334,1.6660814920076819,6.6291461162201495,2.4222323333334095,0.00017320508075688773
56489.0,-0.0001,-0.0001,-0.0001,1.2223120000000007,2.009932,0.9729583333333334,1.7636202260413856,6.884572219199978,2.429043041666743,0.00017320508075688773
56504.0,-0.0001,-0.0001,-0.0001,1.2223120000000007,2.009932,0.9729583333333334,1.8603906189675044,7.1368805220439615,2.436340229166743,0.00017320508075688773
56518.0,-0.0001,-0.0001,-0.0001,1.2223120000000007,2.009932,0.9729583333333334,1.9540105909699736,7.382196246556475,2.4431509375000764,0.00017320508075688773
56532.0,-0.0001,-0.0001,-0.0001,1.2223120000000007,2.009932,0.9729583333333334,2.045739110439325,7.622631569462545,2.44996164583341,0.00017320508075688773
56547.0,-0.0001,-0.0001,-0.0001,1.2223120000000007,2.009932,0.9729583333333334,2.1368097545193345,7.860256712063214,2.4572588333334098,0.00017320508075688773
56561.0,-0.0001,-0.0001,-0.0001,1.2223120000000007,2.009932,0.9729583333333334,2.2248375960806026,8.09119161130748,2.4640695416667433,0.00017320508075688773
56576.0,-0.0001,-0.0001,-0.0001,1.2223120000000007,2.009932,0.9729583333333334,2.3122766079287644,8.319513094610487,2.471366729166743,0.00017320508075688773
56590.0,-0.0001,-0.0001,-0.0001,1.2223120000000007,2.009932,0.9729583333333334,2.3967399296092595,8.541337914741174,2.4781774375000767,0.00017320508075688773
56604.0,-0.0001,-0.0001,-0.0001,1.2223120000000007,2.009932,0.9729583333333334,2.479481712030392,8.758770128820759,2.48498814583341,0.00017320508075688773
56619.0,-0.0001,-0.0001,-0.0001,1.2223120000000007,2.009932,0.9729583333333334,2.561730663985228,8.973872201042289,2.49228533333341,0.00017320508075688773
56633.0,-0.0001,-0.0001,-0.0001,1.2223120000000007,2.009932,0.9729583333333334,2.6410969237303723,9.182756688784636,2.4990960416667436,0.00017320508075688773
56647.0,-0.0001,-0.0001,-0.0001,1.2223120000000007,2.009932,0.9729583333333334,2.7188315805108987,9.387523701302436,2.505906750000077,0.00017320508075688773
56662.0,-0.0001,-0.0001,-0.0001,1.2223120000000007,2.009932,0.9729583333333334,2.796160208852095,9.590232015738525,2.513203937500077,0.00017320508075688773
56677.0,-0.0614,-0.0276,0.6643,-86.396088,22.987032,-42.72934166666666,1.5432888985608026,10.032193964320818,2.192733875000077,0.667702186607173
56693.0,-0.171,-0.0991,0.8663,31.023812000000003,51.177832,-44.89734166666666,2.0167404328981258,10.90999555058505,1.8335551416667435,0.8885592270636774
56709.0,-0.2103,-0.0737,0.8789,41.886412,62.460232000000005,-51.66834166666666,2.624587101752062,11.945521541771885,1.42020840833341,0.9067099811957515
56725.0,-0.2289,-0.0037,0.9935,48.901711999999996,73.63583200000001,-56.56144166666667,3.3312956644183283,13.132158579482217,0.9677168750000767,1.0195347713540721
56740.0,-0.2533,0.0447,1.0046,48.039111999999996,94.422132,-62.362941666666664,3.9750039941683055,14.530948065306779,0.49999481250007677,1.0370053712493488
56757.0,-0.3002,0.0538,0.9243,49.016211999999996,110.612932,-70.58434166666666,4.726750354920689,16.37182924352429,-0.09997209166658988,0.9733164798769206
56772.0,-0.2992,0.0612,0.8253,58.741412,112.521332,-76.01944166666667,5.520192192394678,18.003680581827876,-0.6701179041665899,0.8799921420103705
56788.0,-0.3173,0.061,0.7584,73.611612,118.193132,-79.79044166666667,6.596732808852223,19.822245350149714,-1.3084414374999231,0.8243608736469726
56804.0,-0.2538,0.0913,0.8292,85.016212,117.277032,-76.74464166666667,7.842619852450534,21.592132091045347,-1.9223985708332565,0.8719648903482297
56820.0,-0.4274,0.1141,0.9277,86.565812,114.376332,-73.95834166666667,9.100611353878445,23.306557173303094,-2.51406530416659,1.0277727667145107
56836.0,-0.4753,0.1132,1.0508,79.336812,101.101532,-73.90494166666666,10.228948553581006,24.800020666914744,-3.1053048374999235,1.1588377669026841
56852.0,-0.5216,0.0879,1.0979,62.779512,85.857232,-74.03474166666666,11.077758987980788,26.045768368470778,-3.697582770833257,1.2186785384177405
56867.0,-0.5114,0.0382,1.0183,43.855912,82.147332,-73.93544166666666,11.565616137044037,27.147430413800144,-4.2520985833332565,1.1401421358760493
56884.0,-0.4661,0.011,0.8666,29.092512000000003,80.59003200000001,-71.77514166666667,11.87755798195822,28.380114588307766,-4.862187287499923,0.984055775858259
56899.0,-0.4575,-0.0022,0.7252,23.665012,87.437332,-68.11104166666667,12.040149132318845,29.552800058262058,-5.373020099999923,0.8574532815261715
56914.0,-0.0001,-0.0001,-0.0001,1.2223120000000007,2.009932,0.9729583333333334,11.869565707540708,29.446269289579465,-5.3657229124999235,0.00017320508075688773
56929.0,-0.0001,-0.0001,-0.0001,1.2223120000000007,2.009932,0.9729583333333334,11.702377215260654,29.34189163746087,-5.358425724999924,0.00017320508075688773
56943.0,-0.0001,-0.0001,-0.0001,1.2223120000000007,2.009932,0.9729583333333334,11.537316031148334,29.237656806771255,-5.351615016666591,0.00017320508075688773
56956.0,-0.0001,-0.0001,-0.0001,1.2223120000000007,2.009932,0.9729583333333334,11.374337542376573,29.133564719577343,-5.345290787499924,0.00017320508075688773
56971.0,-0.0001,-0.0001,-0.0001,1.2223120000000007,2.009932,0.9729583333333334,11.216991395919738,29.035524808428978,-5.337993599999924,0.00017320508075688773
56985.0,-0.0001,-0.0001,-0.0001,1.2223120000000007,2.009932,0.9729583333333334,11.061568795966819,28.93751026025432,-5.331182891666591,0.00017320508075688773
56999.0,-0.0001,-0.0001,-0.0001,1.2223120000000007,2.009932,0.9729583333333334,10.90922630198146,28.841494113039957,-5.324372183333258,0.00017320508075688773
57014.0,-0.0001,-0.0001,-0.0001,1.2223120000000007,2.009932,0.9729583333333334,10.761097026998547,28.749410367786606,-5.317074995833258,0.00017320508075688773
57028.0,-0.0001,-0.0001,-0.0001,1.2223120000000007,2.009932,0.9729583333333334,10.614697474199566,28.65724561630898,-5.310264287499925,0.00017320508075688773
57042.0,-0.0001,-0.0001,-0.0001,1.2223120000000007,2.009932,0.9729583333333334,10.471187024688552,28.566976441970144,-5.303453579166592,0.00017320508075688773
57057.0,-0.0001,-0.0001,-0.0001,1.2223120000000007,2.009932,0.9729583333333334,10.331701439327777,28.48054047799804,-5.296156391666592,0.00017320508075688773
57071.0,-0.0001,-0.0001,-0.0001,1.2223120000000007,2.009932,0.9729583333333334,10.193759685706128,28.39392805112474,-5.289345683333259,0.00017320508075688773
57085.0,-0.0001,-0.0001,-0.0001,1.2223120000000007,2.009932,0.9729583333333334,10.05852341503691,28.309119599807524,-5.282534974999926,0.00017320508075688773
57100.0,-0.0001,-0.0001,-0.0001,1.2223120000000007,2.009932,0.9729583333333334,9.927130451704837,28.228056751867385,-5.275237787499926,0.00017320508075688773
57114.0,-0.0001,-0.0001,-0.0001,1.2223120000000007,2.009932,0.9729583333333334,9.797101606379695,28.14673398949477,-5.268427079166593,0.00017320508075688773
57128.0,-0.0001,-0.0001,-0.0001,1.2223120000000007,2.009932,0.9729583333333334,9.669600137320003,28.067136091114918,-5.26161637083326,0.00017320508075688773
57143.0,-0.0001,-0.0001,-0.0001,1.2223120000000007,2.009932,0.9729583333333334,9.545765222393,27.991209235208256,-5.25431918333326,0.00017320508075688773
57157.0,-0.0001,-0.0001,-0.0001,1.2223120000000007,2.009932,0.9729583333333334,9.423118752512444,27.914952694325567,-5.247508474999927,0.00017320508075688773
57171.0,-0.0001,-0.0001,-0.0001,1.2223120000000007,2.009932,0.9729583333333334,9.30282477087649,27.84035630911351,-5.240697766666594,0.00017320508075688773
57186.0,-0.0001,-0.0001,-0.0001,1.2223120000000007,2.009932,0.9729583333333334,9.186022920262568,27.769371627806763,-5.233400579166594,0.00017320508075688773
57200.0,-0.0001,-0.0001,-0.0001,1.2223120000000007,2.009932,0.9729583333333334,9.070235208779792,27.698003639829302,-5.226589870833261,0.00017320508075688773
57214.0,-0.0001,-0.0001,-0.0001,1.2223120000000007,2.009932,0.9729583333333334,8.95662541812451,27.628248293770366,-5.219779162499928,0.00017320508075688773
57229.0,-0.0001,-0.0001,-0.0001,1.2223120000000007,2.009932,0.9729583333333334,8.846332516219341,27.562063685694273,-5.212481974999928,0.00017320508075688773
57243.0,-0.0001,-0.0001,-0.0001,1.2223120000000007,2.009932,0.9729583333333334,8.736877384214589,27.495461846989173,-5.205671266666595,0.00017320508075688773
57257.0,-0.0001,-0.0001,-0.0001,1.2223120000000007,2.009932,0.9729583333333334,8.629422181425218,27.430446322649757,-5.198860558333262,0.00017320508075688773
57272.0,-0.0001,-0.0001,-0.0001,1.2223120000000007,2.009932,0.9729583333333334,8.52510370955415,27.368983426658243,-5.191563370833262,0.00017320508075688773
57286.0,-0.0001,-0.0001,-0.0001,1.2223120000000007,2.009932,0.9729583333333334,8.421440085586376,27.307094104459004,-5.184752662499929,0.00017320508075688773
57299.0,-0.0001,-0.0001,-0.0001,1.2223120000000007,2.009932,0.9729583333333334,8.318392180499616,27.244821860948605,-5.178428433333263,0.00017320508075688773
57314.0,-0.0001,-0.0001,-0.0001,1.2223120000000007,2.009932,0.9729583333333334,8.219512336267048,27.188122436468397,-5.171131245833263,0.00017320508075688773
57328.0,-0.0001,-0.0001,-0.0001,1.2223120000000007,2.009932,0.9729583333333334,8.12109141756988,27.13101840028498,-5.16432053749993,0.00017320508075688773
57345.0,-0.469,-0.0128,0.6809,26.458912,88.64353200000001,-65.67594166666666,8.400149945770867,28.692707172273966,-5.722566041666597,0.826891558791115
57360.0,0.0665,-0.0939,0.8596,10.619212000000001,-18.669468000000002,-7.958341666666667,8.328699826372747,28.145332532347794,-5.782253604166597,0.867266752504672
57376.0,0.084,-0.0862,0.8364,13.077212000000001,-4.890868,-4.614841666666666,8.286688958839934,27.66499817246553,-5.81917233749993,0.8450156211573843
57392.0,0.0763,-0.0859,0.8679,14.916912,13.903032,-2.141541666666667,8.264695997055144,27.414910757345293,-5.836304670833264,0.8754718213626296
57408.0,0.0702,-0.0785,0.9812,14.749012,26.223632,0.6981583333333334,8.240033558690332,27.318802315315754,-5.830719404166597,0.9868352091408169
57423.0,0.0206,-0.0876,1.0706,10.817712,26.269432,4.766858333333333,8.142888928057877,27.184267509212397,-5.794967966666597,1.0743753906340185
57440.0,-0.0701,-0.1077,1.0748,7.352012,22.651132,5.209558333333334,8.006249814868061,27.054089068198547,-5.750686720833264,1.082454775036814
57455.0,-0.076,-0.1045,1.0859,4.932212000000001,9.704532,3.690458333333334,7.819754740696181,26.700304203638023,-5.7230082833332645,1.0935607253371897
57470.0,-0.0529,-0.1028,1.0009,2.848212000000001,6.719832,1.3316583333333334,7.603333607258277,26.31234273558414,-5.713020845833264,1.0075549910550787
57485.0,-0.0001,-0.0001,-0.0001,1.2223120000000007,2.009932,0.9729583333333334,7.3673175548435275,25.862926812982764,-5.705723658333264,0.00017320508075688773
57499.0,-0.0001,-0.0001,-0.0001,1.2223120000000007,2.009932,0.9729583333333334,7.134798832871947,25.42055374980783,-5.698912949999931,0.00017320508075688773
57513.0,-0.0001,-0.0001,-0.0001,1.2223120000000007,2.009932,0.9729583333333334,6.906902567864419,24.9870551204896,-5.692102241666598,0.00017320508075688773
57530.0,-0.0343,-0.1094,0.0,-61.312088,2.009932,0.9729583333333334,5.614206178931421,24.57800366323271,-5.683832095833265,0.11465099214572894
57545.0,-0.0343,-0.1027,0.9656,0.9398120000000008,17.643532,0.9729583333333334,5.38513078954152,24.399498908150893,-5.676534908333265,0.9716517586049026
57560.0,-0.0001,-0.0001,-0.0001,1.2223120000000007,2.009932,0.9729583333333334,5.1647590114294974,23.994779605848777,-5.669237720833265,0.00017320508075688773
57574.0,-0.0001,-0.0001,-0.0001,1.2223120000000007,2.009932,0.9729583333333334,4.947562750089197,23.596217488583562,-5.662427012499932,0.00017320508075688773
57588.0,-0.0001,-0.0001,-0.0001,1.2223120000000007,2.009932,0.9729583333333334,4.734672575605028,23.205662762692413,-5.655616304166599,0.00017320508075688773
57603.0,-0.0001,-0.0001,-0.0001,1.2223120000000007,2.009932,0.9729583333333334,4.527196025674698,22.824929032701608,-5.648319116666599,0.00017320508075688773
57617.0,-0.0001,-0.0001,-0.0001,1.2223120000000007,2.009932,0.9729583333333334,4.32262442210899,22.44988487809311,-5.641508408333266,0.00017320508075688773
57631.0,-0.0001,-0.0001,-0.0001,1.2223120000000007,2.009932,0.9729583333333334,4.122092337612471,22.082391203780222,-5.634697699999933,0.00017320508075688773
57646.0,-0.0001,-0.0001,-0.0001,1.2223120000000007,2.009932,0.9729583333333334,3.9267110755734453,21.724272248900196,-5.627400512499933,0.00017320508075688773
57660.0,-0.0001,-0.0001,-0.0001,1.2223120000000007,2.009932,0.9729583333333334,3.7339754737906246,21.371407181623297,-5.6205898041666,0.00017320508075688773
57674.0,-0.0001,-0.0001,-0.0001,1.2223120000000007,2.009932,0.9729583333333334,3.5450233567714697,21.025667469195227,-5.613779095833267,0.00017320508075688773
57689.0,-0.0001,-0.0001,-0.0001,1.2223120000000007,2.009932,0.9729583333333334,3.360968999141993,20.688887908004947,-5.606481908333267,0.00017320508075688773
57703.0,-0.0001,-0.0001,-0.0001,1.2223120000000007,2.009932,0.9729583333333334,3.1793099108848932,20.356958241583175,-5.599671199999934,0.00017320508075688773
57717.0,-0.0001,-0.0001,-0.0001,1.2223120000000007,2.009932,0.9729583333333334,3.001186268805749,20.031760555978135,-5.592860491666601,0.00017320508075688773
57731.0,-0.0001,-0.0001,-0.0001,1.2223120000000007,2.009932,0.9729583333333334,2.8265164907440723,19.713170604197476,-5.586049783333268,0.00017320508075688773
57745.0,-0.0001,-0.0001,-0.0001,1.2223120000000007,2.009932,0.9729583333333334,2.6552194148272465,19.401067782736206,-5.5792390749999345,0.00017320508075688773
57759.0,-0.0001,-0.0001,-0.0001,1.2223120000000007,2.009932,0.9729583333333334,2.487214155715687,19.095335188329592,-5.5724283666666015,0.00017320508075688773
57776.0,-0.0836,-0.0645,0.9496,2.771912000000001,18.009932,-12.324741666666668,2.3807080220236734,19.092564321389577,-5.677188670833268,0.9554524425632078
57791.0,0.0298,-0.077,0.8206,2.848212000000001,12.780932,-19.767541666666666,2.2704763838201467,18.937028044443775,-5.8254452333332685,0.8247432327700543
57807.0,0.006,-0.0723,0.889,2.894012000000001,5.964132,-18.095741666666665,2.1692597542250405,18.676911828142227,-5.970211166666601,0.8919553183876422
57823.0,0.0129,-0.0662,0.8708,-1.6631879999999992,-7.219067999999999,-18.843841666666666,2.0020030084924527,18.2052229344723,-6.1209618999999345,0.8734079745456874
57839.0,0.0692,-0.0602,0.8485,-5.861687999999999,-8.547367999999999,-19.370541666666664,1.7756709006706093,17.699824846563363,-6.2759262333332675,0.8534429857934273
57854.0,0.0576,-0.0706,0.9318,-10.121188,-8.348868,-18.133941666666665,1.4985566136630306,17.203078832516397,-6.411930795833268,0.9362442843617257
57869.0,-0.0001,-0.0001,-0.0001,1.2223120000000007,2.009932,0.9729583333333334,1.3937045837083897,16.868569025160383,-6.404633608333268,0.00017320508075688773
57883.0,-0.0001,-0.0001,-0.0001,1.2223120000000007,2.009932,0.9729583333333334,1.289718973017658,16.538809600361763,-6.397822899999935,0.00017320508075688773
57897.0,-0.0001,-0.0001,-0.0001,1.2223120000000007,2.009932,0.9729583333333334,1.187776677632178,16.215678610145858,-6.391012191666602,0.00017320508075688773
57912.0,-0.0001,-0.0001,-0.0001,1.2223120000000007,2.009932,0.9729583333333334,1.089030650651792,15.901016915533445,-6.383715004166602,0.00017320508075688773
57926.0,-0.0001,-0.0001,-0.0001,1.2223120000000007,2.009932,0.9729583333333334,0.9910167387109667,15.590719771500465,-6.376904295833269,0.00017320508075688773
57940.0,-0.0001,-0.0001,-0.0001,1.2223120000000007,2.009932,0.9729583333333334,0.8949131685304359,15.286674185082994,-6.370093587499936,0.00017320508075688773
57955.0,-0.0001,-0.0001,-0.0001,1.2223120000000007,2.009932,0.9729583333333334,0.8018740462978841,14.990729931202003,-6.362796399999936,0.00017320508075688773
57969.0,-0.0001,-0.0001,-0.0001,1.2223120000000007,2.009932,0.9729583333333334,0.7094361808320592,14.698791153869672,-6.355985691666603,0.00017320508075688773
57984.0,-0.0001,-0.0001,-0.0001,1.2223120000000007,2.009932,0.9729583333333334,0.6199764209541228,14.414723475311568,-6.348688504166603,0.00017320508075688773
57998.0,-0.0001,-0.0001,-0.0001,1.2223120000000007,2.009932,0.9729583333333334,0.5310318520017575,14.134436969561655,-6.34187779583327,0.00017320508075688773
58012.0,-0.0001,-0.0001,-0.0001,1.2223120000000007,2.009932,0.9729583333333334,0.4437815662337049,13.859833484838,-6.335067087499937,0.00017320508075688773
58028.0,0.0092,-0.0873,0.9636,-17.815887999999998,-18.845068,-16.904941666666666,0.05785953493395682,13.271277020722572,-6.47030662083327,0.9675902490207309
58044.0,0.009,-0.1082,0.8699,-24.350288,-15.188568,8.629458333333334,-0.43599077374099504,12.75302250123383,-6.401270954166604,0.8766494453314848
58059.0,0.0447,-0.0726,0.9156,-18.586888,4.903032,10.713358333333332,-0.8061408368676125,12.544696439919663,-6.320920766666604,0.9195608788981836
58076.0,0.0526,-0.0507,1.0598,-15.396088,21.826732,17.728658333333335,-1.139477603197892,12.624232450495981,-6.170227170833271,1.062315061551892
58091.0,-0.0342,-0.0902,1.1859,-15.151787999999998,24.834332,27.606558333333336,-1.4309859636990143,12.719291514254872,-5.963177983333271,1.189816998533808
58107.0,-0.2408,-0.1547,1.1868,-61.312088,2.009932,0.9729583333333334,-2.467188486331104,12.531001758245235,-5.955394316666604,1.2208238898383337
58123.0,-0.4017,-0.2037,1.075,-11.640288,1.9488320000000001,17.721058333333335,-2.7228361739760527,12.413506586619555,-5.813625849999937,1.1655391799506354
58139.0,-0.3298,-0.181,0.9417,0,-10.944268000000001,-2.126341666666667,-2.8040557805584703,12.138791909352753,-5.830636583333271,1.0140650521539534
58155.0,-0.1108,-0.1044,0.8857,11.420712,-14.997768,-13.576741666666667,-2.7042787464066413,11.80567840044548,-5.939250516666604,0.8986882051078672
58171.0,0.0286,-0.0408,0.8801,17.504712,-19.341268,-13.530941666666667,-2.500988563172013,11.388311773217739,-6.047498049999938,0.8815092795881391
58186.0,0.0804,-0.0447,0.8329,19.565812,-21.707668,-6.904941666666667,-2.2813842465752896,10.936348315022961,-6.099285112499937,0.8379645935240939
58203.0,0.0146,-0.0751,0.7839,20.810112000000004,-20.753468,-2.1568416666666668,-2.0062139056987394,10.454118145158224,-6.117618266666604,0.7876245171399885
58218.0,-0.0443,-0.1064,0.7498,21.642112,-13.532067999999999,-3.912541666666666,-1.7697108274173317,10.126842850524742,-6.146962329166604,0.7586062812816672
58234.0,-0.0426,-0.1024,0.7642,22.405512,-8.234368,-8.668341666666667,-1.5079974545469912,9.8741373822078,-6.216309062499937,0.7722060346824544
58250.0,0.0338,-0.0836,0.7635,22.588712,-6.005368,-10.920241666666668,-1.248704882210738,9.64788907744588,-6.30367099583327,0.7688066401898463
58266.0,0.0916,-0.0726,0.7549,22.863512000000004,-4.356468,-8.431641666666668,-0.9888125780971505,9.430956033072219,-6.371124129166604,0.7638948422394276
58281.0,0.1061,-0.0798,0.749,23.894012000000004,-1.158068,-3.1797416666666667,-0.7412338273376262,9.24854747234587,-6.394972191666604,0.7606748648404258
58298.0,0.0914,-0.0995,0.7411,26.672612,-1.539768,1.6752583333333333,-0.4084904780121506,9.044541695804247,-6.3807324958332705,0.753314954053084
58313.0,0.0565,-0.1046,0.7611,30.329112000000002,0,5.888958333333334,-0.08404613295381012,8.860794600177417,-6.33656530833327,0.7703289037807163
58330.0,0.0251,-0.1027,0.793,34.397812,0,6.7744583333333335,0.3592119698344586,8.6771523559482,-6.2789824124999365,0.8000164373311339
58345.0,0.0187,-0.0892,0.8561,37.336812,0,7.2477583333333335,0.7708113636883862,8.495069554059503,-6.224624224999936,0.8609375935571637
58361.0,0.0228,-0.064,0.931,35.871112,-3.1274679999999995,9.728658333333334,1.1939714785959534,8.26523339165958,-6.1467949583332695,0.9334756772407089
58377.0,0.0359,-0.0481,0.9238,30.611612,-6.264868000000001,11.820258333333333,1.5337200535620523,7.986849690469058,-6.052232891666603,0.9257477302159589
58393.0,0.073,-0.0309,0.886,26.168812000000003,-4.509168,14.110358333333332,1.8054859527517135,7.732714840359838,-5.9393500249999365,0.8895390997589707
58408.0,0.1111,-0.0139,0.8756,24.603912,-2.501568,18.759158333333335,2.03291628464483,7.504355860125234,-5.798656337499937,0.8827297321377592
58425.0,0.1196,0.0031,0.897,23.558112,-2.8068679999999997,25.392758333333333,2.2978430956343154,7.257822421070509,-5.582817891666603,0.9049435175744396
58440.0,0.1068,0.0186,0.9021,21.833012000000004,-3.654268,32.69815833333333,2.49804426556657,6.999859029376366,-5.337581704166603,0.9085904522941015
58456.0,0.0942,0.0277,0.9172,20.436012,-2.654268,38.40805833333334,2.7057749008293004,6.752718345669385,-5.030317237499936,0.9224406593380411
58472.0,0.0922,0.03,0.9591,18.115412000000003,-3.180968,44.27825833333333,2.884143983979366,6.497219853560184,-4.67609117083327,0.9639884076066474
58487.0,0.0565,0.0189,1.0061,12.184112,-8.043568,50.98815833333333,2.9625279972822005,6.179202494589363,-4.29367998333327,1.0078624261276932
58504.0,-0.0115,0.0026,1.0214,5.855912000000001,-11.585567999999999,53.71335833333333,2.963127454435269,5.802386173568516,-3.8371164374999367,1.0214680464899528
58519.0,-0.026,-0.0095,1.0027,3.031412000000001,-11.035868,52.78975833333333,2.913729702629479,5.4740149405812355,-3.4411932499999365,1.003082020574589
58535.0,0.0178,-0.0107,0.9998,1.1230120000000008,-6.2954680000000005,51.08745833333334,2.8408540839190035,5.219020001918159,-3.03249358333327,1.0000156848769923
58551.0,0.074,-0.0059,0.9882,-2.9761879999999996,-1.1961679999999997,52.01875833333334,2.707921711152301,5.044853100519398,-2.616343516666603,0.9909843843371094
58567.0,0.098,-0.0139,0.9504,-8.861688,1.124432,55.91945833333333,2.4866933802203417,4.903590881664931,-2.168987849999936,0.955540354982457
58583.0,0.0652,-0.0431,0.8901,-14.647988,4.4526319999999995,59.08745833333334,2.1764993284373864,4.81481714626097,-1.6962881833332695,0.8935248513611694
58599.0,0.057,-0.074,0.8192,-19.518188,13.765632,57.24005833333334,1.7895605190244206,4.872111594850709,-1.2383677166666027,0.8245081200327866
58614.0,0.0706,-0.1028,0.7729,-21.808287999999997,26.872532,54.33165833333334,1.3858640190482303,5.103770134665451,-0.8308802791666028,0.7828962958144584
58631.0,0.0391,-0.1309,0.7469,-19.541088,37.437332000000005,51.591258333333336,0.9722200719838611,5.559986692910959,-0.3923545833332694,0.759291268223203
58646.0,0.0056,-0.1333,0.7644,-8.945687999999999,42.254132000000006,48.76685833333333,0.7486176921737366,6.0095459464504275,-0.026603145833269393,0.7759559330271274
58662.0,0.004,-0.1176,0.8361,7.207012000000001,41.551932,45.81265833333333,0.7654494270837311,6.485835351173953,0.33989812083339727,0.8443393689743479
58678.0,0.0131,-0.0833,0.9552,17.634512,36.452632,43.10265833333334,0.9434158499749126,6.876954524886561,0.6847193875000639,0.958914772020955
58694.0,0.036,-0.0245,0.9661,16.535212,34.529032,40.140858333333334,1.1065209498071655,7.2309740011441015,1.0058462541667306,0.9670808963059916
58710.0,0.021,0.0015,0.9731,9.313912,36.834332,39.69045833333333,1.1617563079486792,7.616808277937743,1.323369920833397,0.9733277248696864
58726.0,-0.0126,0.0052,0.9341,4.596312000000001,33.475532,40.04165833333334,1.149729012276529,7.948792038522674,1.6437031875000638,0.9341994487260202
58741.0,-0.0179,0.0031,0.899,5.115412000000001,29.246532,39.40805833333334,1.1475633845030633,8.185531414225904,1.9392636250000639,0.8991835296534296
58758.0,-0.0123,0.0088,0.8672,8.100112000000001,27.574832,37.33165833333334,1.2115965097830306,8.451914132725664,2.2565827208333973,0.8673318684333003
58773.0,-0.016,0.015,0.8866,10.153612,27.498431999999998,33.30875833333334,1.2953482248458121,8.662770541489431,2.506398408333397,0.8868712195127317
58788.0,-0.0221,0.042,0.9066,10.245212,22.445031999999998,30.041658333333334,1.3883432771554942,8.800431702839441,2.731710845833397,0.9078413793168936
58803.0,-0.0001,-0.0001,-0.0001,1.2223120000000007,2.009932,0.9729583333333334,1.3468271463505141,8.634957694342033,2.739008033333397,0.00017320508075688773
58817.0,-0.0001,-0.0001,-0.0001,1.2223120000000007,2.009932,0.9729583333333334,1.3049271919084913,8.47083901460359,2.7458187416667306,0.00017320508075688773
58831.0,-0.0001,-0.0001,-0.0001,1.2223120000000007,2.009932,0.9729583333333334,1.2638471466035843,8.310020022250372,2.752629450000064,0.00017320508075688773
58846.0,-0.0001,-0.0001,-0.0001,1.2223120000000007,2.009932,0.9729583333333334,1.2247664673827323,8.154406381283486,2.759926637500064,0.00017320508075688773
58860.0,-0.0001,-0.0001,-0.0001,1.2223120000000007,2.009932,0.9729583333333334,1.185247201221452,7.999956656313807,2.7667373458333975,0.00017320508075688773
58874.0,-0.0001,-0.0001,-0.0001,1.2223120000000007,2.009932,0.9729583333333334,1.1464935030091215,7.848619678519128,2.773548054166731,0.00017320508075688773
58889.0,-0.0001,-0.0001,-0.0001,1.2223120000000007,2.009932,0.9729583333333334,1.1096851684645581,7.7023055666958395,2.780845241666731,0.00017320508075688773
58903.0,-0.0001,-0.0001,-0.0001,1.2223120000000007,2.009932,0.9729583333333334,1.0723844933113633,7.556977330840028,2.7876559500000644,0.00017320508075688773
58917.0,-0.0001,-0.0001,-0.0001,1.2223120000000007,2.009932,0.9729583333333334,1.0357957836830196,7.414588247177606,2.794466658333398,0.00017320508075688773
58932.0,-0.0001,-0.0001,-0.0001,1.2223120000000007,2.009932,0.9729583333333334,1.0010988806694678,7.277052889101953,2.8017638458333978,0.00017320508075688773
58946.0,-0.0001,-0.0001,-0.0001,1.2223120000000007,2.009932,0.9729583333333334,0.96585601013533,7.140338741549877,2.8085745541667313,0.00017320508075688773
58960.0,-0.0001,-0.0001,-0.0001,1.2223120000000007,2.009932,0.9729583333333334,0.9312712826690455,7.00640358784239,2.815385262500065,0.00017320508075688773
58975.0,-0.0001,-0.0001,-0.0001,1.2223120000000007,2.009932,0.9729583333333334,0.8985242064511483,6.877166553567896,2.8226824500000647,0.00017320508075688773
58989.0,-0.0001,-0.0001,-0.0001,1.2223120000000007,2.009932,0.9729583333333334,0.865176524034051,6.7485997351714735,2.829493158333398,0.00017320508075688773
59003.0,-0.0001,-0.0001,-0.0001,1.2223120000000007,2.009932,0.9729583333333334,0.8324316977387849,6.622665602424944,2.8363038666667317,0.00017320508075688773
59018.0,-0.0001,-0.0001,-0.0001,1.2223120000000007,2.009932,0.9729583333333334,0.8014684062851364,6.50128805952084,2.8436010541667316,0.00017320508075688773
59032.0,-0.0001,-0.0001,-0.0001,1.2223120000000007,2.009932,0.9729583333333334,0.769847363455607,6.380444092638772,2.850411762500065,0.00017320508075688773
59046.0,-0.0001,-0.0001,-0.0001,1.2223120000000007,2.009932,0.9729583333333334,0.7387707832840547,6.262101193365559,2.8572224708333986,0.00017320508075688773
59061.0,-0.0001,-0.0001,-0.0001,1.2223120000000007,2.009932,0.9729583333333334,0.709415854145403,6.14818844294335,2.8645196583333985,0.00017320508075688773
59076.0,-0.0515,0.0458,0.9598,8.779512,14.910632,29.148458333333334,0.8326855655621138,6.263613182867295,3.0831330958333987,0.9622712351515035
59091.0,-0.038,0.0774,0.8945,-4.2738879999999995,-31.035868000000004,4.881358333333333,0.791269230113201,5.710954471909021,3.1197432833333987,0.8986462095841722
59106.0,-0.0001,-0.0001,-0.0001,1.2223120000000007,2.009932,0.9729583333333334,0.8314303663059215,5.655169904058812,3.1270404708333985,0.00017320508075688773
59120.0,-0.0001,-0.0001,-0.0001,1.2223120000000007,2.009932,0.9729583333333334,0.8695404151023227,5.598584308512569,3.133851179166732,0.00017320508075688773
59134.0,-0.0001,-0.0001,-0.0001,1.2223120000000007,2.009932,0.9729583333333334,0.906832703151766,5.543189335132862,3.1406618875000656,0.00017320508075688773
59149.0,-0.0001,-0.0001,-0.0001,1.2223120000000007,2.009932,0.9729583333333334,0.9445152714249813,5.49093745717415,3.1479590750000654,0.00017320508075688773
59163.0,-0.0001,-0.0001,-0.0001,1.2223120000000007,2.009932,0.9729583333333334,0.9801777145551211,5.437833627968429,3.154769783333399,0.00017320508075688773
59177.0,-0.0001,-0.0001,-0.0001,1.2223120000000007,2.009932,0.9729583333333334,1.0150506674849873,5.385872712924992,3.1615804916667325,0.00017320508075688773
59192.0,-0.0001,-0.0001,-0.0001,1.2223120000000007,2.009932,0.9729583333333334,1.0503393019170808,5.337010581786641,3.1688776791667324,0.00017320508075688773
59206.0,-0.0001,-0.0001,-0.0001,1.2223120000000007,2.009932,0.9729583333333334,1.0836301432318682,5.287255789212924,3.175688387500066,0.00017320508075688773
59220.0,-0.0001,-0.0001,-0.0001,1.2223120000000007,2.009932,0.9729583333333334,1.116150532212849,5.2386070333194805,3.1824990958333994,0.00017320508075688773
59235.0,-0.0001,-0.0001,-0.0001,1.2223120000000007,2.009932,0.9729583333333334,1.1491020937830088,5.19302427742438,3.1897962833333993,0.00017320508075688773
59249.0,-0.0001,-0.0001,-0.0001,1.2223120000000007,2.009932,0.9729583333333334,1.1800675230904083,5.146520463418031,3.196606991666733,0.00017320508075688773
59264.0,-0.0001,-0.0001,-0.0001,1.2223120000000007,2.009932,0.9729583333333334,1.2114678786735789,5.103068740134129,3.2039041791667326,0.00017320508075688773
59278.0,-0.0001,-0.0001,-0.0001,1.2223120000000007,2.009932,0.9729583333333334,1.240882726862543,5.0586855642217134,3.210714887500066,0.00017320508075688773
59292.0,-0.0001,-0.0001,-0.0001,1.2223120000000007,2.009932,0.9729583333333334,1.2695318512852833,5.015378158882412,3.2175255958333997,0.00017320508075688773
59307.0,-0.0001,-0.0001,-0.0001,1.2223120000000007,2.009932,0.9729583333333334,1.29860865004344,4.975115711570663,3.2248227833333996,0.00017320508075688773
59322.0,-0.0282,0.0737,0.8906,-4.563987999999999,-29.448068,3.400358333333333,1.279117187045477,4.476907662946834,3.2503254708333995,0.8940890839284416
59338.0,-0.0698,-0.0964,0.9896,-5.953288,15.735132,26.751558333333335,1.1522616433199604,4.688788609487058,3.464337937500066,0.9967312375961737
59354.0,-0.0558,-0.1003,0.9518,-11.754788,19.635832,19.797358333333335,0.9009343771017592,4.961568976142152,3.622716804166733,0.9586954521640331
59370.0,-0.0262,-0.1145,0.8721,-13.762488,19.849632,15.148458333333332,0.5970840184511882,5.2262900107390955,3.7439044708333995,0.8799744882665633
59385.0,-0.0487,-0.1279,0.7925,-7.602188,14.139631999999999,13.408058333333333,0.38069500283224833,5.38583224992203,3.8444649083333995,0.8042302841848222
59402.0,-0.1143,-0.1361,0.7595,5.016212000000001,9.689332,9.201958333333332,0.34462309499817806,5.515988052799925,3.922681554166733,0.7800179164608977
59417.0,-0.1422,-0.1082,0.8002,16.886412,6.177832,1.2553583333333334,0.467005745624067,5.594383152611505,3.932096741666733,0.8199073850136979
59432.0,-0.067,-0.0377,0.8168,27.878812000000003,2.933532,-6.553841666666666,0.7591870806486957,5.622854921211385,3.882942929166733,0.8204099767799024
59449.0,0.0095,0.0525,0.8986,35.138312,0,-6.2560416666666665,1.2497232729411956,5.589675844743121,3.829766575000066,0.9001824592825611
59464.0,0.0723,0.1283,0.9496,36.130711999999995,-5.898468,0,1.7139920325081284,5.44351606490121,3.829766575000066,0.9609517885929554
59481.0,0.1149,0.1687,0.9882,32.214612,-8.478667999999999,9.507258333333333,2.2119986870213917,5.216455101195161,3.9105782708333994,1.0090594333338347
59496.0,0.1083,0.1887,1.0148,25.252812000000002,-6.783968000000001,19.667558333333336,2.567763524521708,5.0132765905736845,4.058084958333399,1.0378610793357654
59512.0,0.0927,0.1708,1.0443,17.145912000000003,-8.096968,30.537858333333336,2.837585213738411,4.771678480943785,4.302387825000066,1.062228045195569
59528.0,0.0414,0.142,1.0474,8.695512,-11.570267999999999,40.38515833333334,2.9840970245829572,4.476058304689892,4.625469091666733,1.0577923803847333
59544.0,-0.0242,0.099,1.0323,-0.9608879999999991,-12.295468,45.44615833333334,2.982024954631672,4.181122335296204,4.989038358333399,1.0373186251099513
59559.0,-0.0164,0.0553,1.0028,-10.189888,-12.669467999999998,47.72105833333333,2.844060412219879,3.9026162675067124,5.3469462958333995,1.0044575103009583
59576.0,-0.0081,-0.004,0.9232,-18.960887999999997,-11.119868,50.03395833333334,2.5339971661790397,3.6328124467109393,5.772234941666733,0.9232441984653897
59591.0,-0.0356,-0.0247,0.8601,-24.602187999999998,-9.081668,51.24005833333334,2.1742287133564417,3.425892681282851,6.156535379166733,0.8611907221980506
59608.0,-0.0402,0.0107,0.8474,-25.266288,-9.554967999999999,53.637058333333336,1.7584044163462635,3.2031714891893373,6.6124503750000665,0.848420467692759
59623.0,0.0074,0.0426,0.913,-23.075387999999997,-7.745868000000001,56.90425833333333,1.4331610966458,3.02864322252112,7.039232312500067,0.9140232600979037
59637.0,-0.0001,-0.0001,-0.0001,1.2223120000000007,2.009932,0.9729583333333334,1.4703861862042216,2.999061563971294,7.0460430208334,0.00017320508075688773
59652.0,-0.0001,-0.0001,-0.0001,1.2223120000000007,2.009932,0.9729583333333334,1.5080482154849042,2.972058512603505,7.0533402083334,0.00017320508075688773
59666.0,-0.0001,-0.0001,-0.0001,1.2223120000000007,2.009932,0.9729583333333334,1.5437408886442285,2.943644945786839,7.060150916666733,0.00017320508075688773
59680.0,-0.0001,-0.0001,-0.0001,1.2223120000000007,2.009932,0.9729583333333334,1.5786994300550978,2.9158209364796455,7.066961625000066,0.00017320508075688773
59695.0,-0.0001,-0.0001,-0.0001,1.2223120000000007,2.009932,0.9729583333333334,1.6141341340355055,2.8905467929440087,7.074258812500066,0.00017320508075688773
59709.0,-0.0001,-0.0001,-0.0001,1.2223120000000007,2.009932,0.9729583333333334,1.6476372410649405,2.863834680307769,7.081069520833399,0.00017320508075688773
59723.0,-0.0001,-0.0001,-0.0001,1.2223120000000007,2.009932,0.9729583333333334,1.6804424655172845,2.8376860128725174,7.087880229166732,0.00017320508075688773
59739.0,0.0419,0.058,1.001,-24.365488,-10.402268,64.06455833333334,1.317590957293438,2.6100262636526357,7.600396695833399,1.003553989579036
59755.0,-0.0999,-0.0459,0.9088,-31.205187999999996,25.605332,105.43855833333333,0.8346427697492899,2.9758408980819016,8.443905162500066,0.9154257260968801
59770.0,-0.1465,-0.1328,0.8113,-43.525788,42.429732,98.33935833333334,0.17717401223076537,3.585635627930826,9.181450350000066,0.8350483698565012
59787.0,-0.1882,-0.2161,0.7544,-45.029588000000004,55.933532,87.71335833333333,-0.6220075703970405,4.524030619140407,9.927013895833399,0.8069930668847162
59803.0,-0.2579,-0.2733,0.7583,-38.991488000000004,60.544232,71.57595833333333,-1.3143718448465767,5.501977383617234,10.499621562500066,0.8463002954034696
59819.0,-0.2577,-0.2566,0.775,-25.289188,56.063332,51.003458333333334,-1.8142572951666778,6.423749410961533,10.907649229166733,0.8560828522987715
59835.0,-0.1957,-0.1896,0.9095,-7.304487999999999,42.948832,37.40035833333334,-2.037188189279423,7.134702588169005,11.2068520958334,0.9494403088135661
59850.0,-0.1318,-0.1399,0.9612,10.046712000000001,21.093832,30.606558333333336,-1.9962758653484165,7.4666452715946035,11.4364012833334,0.9802288967378997
59867.0,-0.0939,-0.076,1.0388,21.352012000000002,4.086232000000001,26.782058333333335,-1.7387048607540128,7.5408683839676725,11.664048779166732,1.045800482883805
59882.0,-0.0243,0.0002,1.1107,19.710812,0.5671320000000002,22.415658333333333,-1.5318713494571445,7.534424637483417,11.832166216666732,1.110965805054323
59898.0,0.0687,0.0718,1.1486,9.771912,5.841932,21.743958333333335,-1.438291185006005,7.581469740108284,12.006117883333399,1.1528906669758412
59914.0,0.0839,0.1001,1.2129,-3.7089879999999997,10.735132,26.392758333333333,-1.530988804911966,7.677102512726872,12.217259950000066,1.219912140278963
59929.0,0.0171,0.052,1.1748,-12.617388,1.803832,32.797358333333335,-1.7336162206182795,7.615954876407402,12.463240137500067,1.1760745937226942
59945.0,-0.0435,-0.0164,1.0408,-11.945687999999999,-12.249668,36.095058333333334,-1.9304978355228142,7.335301059586279,12.752000604166733,1.0418377272877
59961.0,-0.1233,-0.0503,0.9486,-5.655588,-21.348868,35.28585833333334,-2.0265495439522967,6.926694094227504,13.0342874708334,0.9579013205962293
59977.0,-0.1564,-0.0662,0.9075,0,-26.333568,30.041658333333334,-2.035788696331582,6.460796255311443,13.274620737500067,0.92325492145994
59993.0,-0.1532,-0.0541,0.8785,3.695512000000001,-27.814568,23.079758333333334,-1.9888944919049274,5.992249835334826,13.459258804166733,0.8933976158463822
60009.0,-0.0951,-0.046,0.8866,5.352012,-26.165668,18.133258333333334,-1.9176976867945241,5.561502211805108,13.6043248708334,0.8928715305126489
60024.0,-0.0453,-0.0233,0.8635,4.145912000000001,-28.761068,15.201958333333332,-1.8687930462484141,5.123024212922049,13.7183395583334,0.8650012890163806
60041.0,0.0057,-0.0281,0.8059,3.313912000000001,-29.745868,14.156158333333332,-1.8256592197388604,4.611035103867645,13.838666904166733,0.8064098895722944
60056.0,0.0682,-0.0392,0.7695,4.924612000000001,-27.883268,15.308758333333333,-1.76703071282767,4.178337948653429,13.953482591666733,0.7735102649609764
60072.0,0.0562,-0.0692,0.7598,7.680312000000001,-29.692368000000002,19.003458333333334,-1.6663557824996988,3.6849245277090406,14.1055102583334,0.7650118430455832
60088.0,0.007,-0.0992,0.7644,12.733712,-31.936668,19.270658333333333,-1.4968956336850243,3.160208998735212,14.259675525000066,0.7708417477018223
60104.0,-0.0045,-0.0936,0.825,16.932212,-27.593168000000002,15.079758333333332,-1.271466290846564,2.7098424998259008,14.380313591666733,0.8303048897844694
60120.0,-0.0078,-0.0762,0.9371,15.374912,-23.028268,10.881358333333333,-1.077492949160071,2.336111877328243,14.4673644583334,0.9402253400116379
60136.0,-0.022,-0.0737,0.9696,8.687912,-26.883268,8.171358333333334,-0.9938654105539044,1.9076654070110555,14.532735325000067,0.9726457988394337
60151.0,-0.0172,-0.0809,0.9083,1.863512000000001,-29.929068,4.461458333333334,-1.023636265141238,1.46746770354591,14.566196262500066,0.9120578600066993
60168.0,-0.0129,-0.0956,0.8879,-0.9456879999999994,-31.593168000000002,1.4309583333333333,-1.1006497408552705,0.9475213823340756,14.5783594083334,0.8931249520643795
60183.0,0.0099,-0.106,0.8716,0,-35.257267999999996,0,-1.166095171598198,0.44115648146451764,14.5783594083334,0.8780777699042381
60198.0,0.0183,-0.1251,0.849,1.4436120000000008,-37.898467999999994,0.7820583333333334,-1.2169043313999013,-0.09933565720935245,14.5842248458334,0.8583623360795836
60215.0,0.0319,-0.1177,0.8232,3.9627120000000007,-38.722967999999995,0.6141583333333334,-1.228363266152275,-0.7236872727350744,14.589445191666734,0.8321833571996018
60230.0,0.0497,-0.1024,0.8534,7.481812000000001,-37.906167999999994,2.0187583333333334,-1.1991107904796878,-1.2561038803520324,14.604585879166734,0.8609572637477426
60247.0,0.0081,-0.0889,0.8975,9.046712000000001,-40.722967999999995,4.255358333333334,-1.1305214631069596,-1.901237376296275,14.640756425000067,0.9019285282105228
60262.0,0.0029,-0.0906,0.8801,7.703212000000001,-43.104568,3.2324583333333337,-1.1019464560318848,-2.4898741225614662,14.664999862500066,0.8847557742111661
60278.0,0.0612,-0.0737,0.8405,5.527612,-37.158068,0.8355583333333334,-1.0998243935670804,-3.0245240401931794,14.671684329166732,0.845941711940013
60294.0,0.1464,-0.0387,0.8483,5.229912000000001,-29.005368,2.6752583333333337,-1.0970732349287606,-3.4398971069801547,14.693086395833399,0.8617096610808075
60310.0,0.1492,-0.022,0.9175,6.558112,-27.646568000000002,10.499658333333333,-1.0657512062590178,-3.8430992540961193,14.777083662500067,0.9298122875075377
60325.0,0.0775,-0.0391,0.9685,7.5352120000000005,-38.012968,18.705758333333335,-1.0219093583692946,-4.369383185928475,14.917376850000066,0.9723822859349095
60341.0,0.0179,-0.0507,0.9552,6.153612000000001,-37.524468,19.278258333333333,-0.9902689390101025,-4.912269880116,15.071602916666732,0.9567120465427411
60357.0,-0.0167,-0.0525,0.9655,2.527612000000001,-28.967168,11.293558333333333,-1.0136445743266635,-5.303463652911136,15.161951383333399,0.967070519662346
60372.0,0.0502,-0.0215,0.9766,0,-25.700068,4.163758333333333,-1.0699623852551374,-5.61297667905067,15.193179570833399,0.9781256821083885
60389.0,0.111,0.0084,0.965,-1.3273879999999993,-28.593168000000002,3.5530583333333334,-1.1380791516940667,-6.024838523088041,15.223380566666732,0.971399279390303
60404.0,0.1777,0.0039,0.8779,-3.2356879999999997,-29.967168,4.560758333333333,-1.2232256517803368,-6.410425286783621,15.257586254166732,0.8957125152636867
60421.0,0.2146,-0.0144,0.822,-6.403688,-20.799268,4.064558333333333,-1.3620327502854153,-6.715595764119755,15.292135000000066,0.8496731842302663
60436.0,0.2924,0.0131,0.7985,-6.999087999999999,-7.180967999999999,4.835558333333333,-1.4873826501103724,-6.8033956829792,15.328401687500065,0.8504537729941586
60452.0,0.3405,0.0179,0.842,-3.105987999999999,1.796132,13.461458333333333,-1.5488570654905964,-6.788311149338274,15.436093354166731,0.9084187690707408
60468.0,0.2861,0.0059,0.9137,1.749012000000001,9.643532,22.957658333333335,-1.5277417229663885,-6.671599754492676,15.619754620833397,0.957463163782294
60483.0,0.1553,-0.0402,1.0112,2.268112000000001,15.177831999999999,25.507258333333336,-1.5020012253513275,-6.485809948319748,15.811059058333397,1.0238454815058766
60499.0,0.0808,-0.0619,1.0383,1.1994120000000008,14.872532,19.957658333333335,-1.494698863376368,-6.284417502341566,15.970720325000064,1.0432771156313168
60515.0,0.0767,-0.0571,1.0547,4.634512000000001,17.078632,12.056858333333333,-1.4359840464573663,-6.043607973627221,16.06717519166673,1.059025679575335
60531.0,0.1052,-0.0171,1.124,7.191712000000001,14.292332000000002,6.148458333333334,-1.3352182402568264,-5.845895280973094,16.1163628583334,1.1290418282774117
60547.0,0.1451,0.0024,1.1034,3.588712000000001,6.643532,5.804958333333333,-1.2880118073555156,-5.772364601664465,16.162802525000068,1.1129022104389943
60562.0,0.1746,-0.0057,1.0001,-1.5563879999999994,6.139632,6.927158333333334,-1.3178483161730126,-5.719481746088328,16.214756212500067,1.0152426606481821
60578.0,0.1901,-0.0118,0.9202,-2.5410879999999993,9.773232,6.423258333333334,-1.3622872909683594,-5.612461837331898,16.266142279166733,0.9397048951665624
60594.0,0.2534,0.0049,0.9115,2.161212000000001,8.208332,8.942358333333333,-1.3285240712068744,-5.546754194290874,16.3376811458334,0.946080239725997
60609.0,0.2889,-0.0016,0.9031,7.046712,2.093832,14.835558333333333,-1.223267569392157,-5.597863706493067,16.4489478333334,0.9481853088927291
60625.0,0.2782,-0.002,0.8806,9.390212,-0.8755679999999999,19.942358333333335,-1.0743282143369408,-5.7075978859687435,16.608486700000064,0.9235018137502492
60641.0,0.1858,-0.0044,0.9154,9.275712,1.536632,23.614158333333336,-0.928468961749416,-5.779412852309252,16.79739996666673,0.9340760996835322
60657.0,0.1187,-0.0275,0.9355,4.787212000000001,3.780932,23.438558333333333,-0.8571273497226022,-5.808147211926665,16.9849084333334,0.9434013938933946
60673.0,0.084,-0.0699,0.9058,-1.6326879999999993,7.223632,19.698158333333335,-0.8941723788877167,-5.772993728277113,17.142493700000067,0.9123681548585527
60688.0,0.0688,-0.0826,0.8523,-2.915087999999999,3.345732,14.316458333333333,-0.9551928079205871,-5.793372025301969,17.24986713750007,0.859052670096543
60704.0,0.0864,-0.0782,0.7825,5.092512000000001,-6.852668,10.743958333333333,-0.8989017544564852,-5.964957451150217,17.335818804166735,0.791129856597512
60720.0,0.1218,-0.0436,0.7573,15.130712,-14.089368,7.7515583333333336,-0.688228315433053,-6.246813251818206,17.3978312708334,0.7682704536815144
60736.0,0.1919,0.0083,0.7852,18.031412000000003,-13.272568,6.156158333333334,-0.43123967008673264,-6.518704475553704,17.447080537500067,0.808352361288071
60751.0,0.2504,0.0447,0.8672,11.817712,-7.524468,7.079758333333333,-0.2787697745349541,-6.701018142196429,17.50017872500007,0.9037334175518795
60768.0,0.28,0.0461,0.8784,1.2299120000000008,-5.035868,11.484358333333333,-0.27368252632692414,-6.868441384950887,17.597795770833404,0.9230990033577113
60783.0,0.2472,0.0302,0.8147,-6.2433879999999995,0,16.858458333333335,-0.3751154512088657,-6.960013687126973,17.724234208333403,0.8519131235049734
60798.0,0.1862,0.0281,0.7775,-4.159388,2.7045320000000004,20.385158333333333,-0.4388844663000424,-7.013645786243134,17.877122895833402,0.7999789372227245
60815.0,0.1843,0.0405,0.8042,5.420712000000001,-3.0511679999999997,23.698158333333335,-0.34369970348074474,-7.159192264274309,18.078557241666736,0.8260413912147502
60830.0,0.1926,0.0435,0.8357,14.222312,-9.967168000000001,27.988158333333335,-0.1255965640247525,-7.399914827249645,18.288468429166738,0.8587092057268281
60847.0,0.1649,0.0483,0.8872,14.771912,-10.554967999999999,30.194258333333334,0.13124577147912933,-7.662402174745818,18.545119625000073,0.9036861955347111
60862.0,0.1289,0.0504,0.9064,8.084912000000001,-6.493968,28.789758333333335,0.2613863923218016,-7.831717782210534,18.761042812500072,0.9169058457660743
60877.0,0.1106,0.0594,0.8687,2.5429120000000007,-0.791668,24.324058333333333,0.31379223692961933,-7.905692060652866,18.94347325000007,0.8777245638581617
60894.0,0.1556,0.064,0.8782,2.894012000000001,0,23.026358333333334,0.3822392961513211,-7.964729458043765,19.139197295833405,0.8941714600679224
60909.0,0.1913,0.0596,0.8801,6.771912,-5.623668,26.301158333333333,0.5056670930977664,-8.108114870931214,19.336455983333405,0.9026205515054485
60925.0,0.1881,0.0448,0.8372,13.077212000000001,-8.081668,30.056858333333334,0.7348808855919902,-8.295918181298788,19.576910850000072,0.8592394834968887
60941.0,0.177,0.0485,0.897,19.756612000000004,-4.990068,30.072158333333334,1.0669771617365524,-8.431489551823764,19.817488116666738,0.9155819187817112
60956.0,0.2361,0.0629,0.9615,23.084912000000003,-5.646568,31.553058333333336,1.4259496794017898,-8.57493006965878,20.054136054166737,0.9920594085033416
60973.0,0.2507,0.066,0.9723,25.130712000000003,-8.303068,35.67525833333333,1.860876189273578,-8.77748056540296,20.35737575000007,1.0062672507838064
60988.0,0.2329,0.0662,1.017,27.955112000000003,-9.409968,40.73625833333333,2.2825278842206767,-8.97850060570034,20.66289768750007,1.0454252005763012
61004.0,0.1553,0.042,1.0734,27.695512,-14.066468,44.15615833333334,2.718668012451199,-9.249217820333756,21.016146954166736,1.0853891698372524
61020.0,0.0836,0.0345,1.088,25.626812,-20.524468000000002,42.69045833333333,3.112388212971335,-9.599549607478318,21.357670620833403,1.0917523574510843
61036.0,0.1117,0.0408,1.0255,26.283312000000002,-27.104568,38.59885833333333,3.5084374376481304,-10.036468029663052,21.66646148750007,1.0323719194166414
61051.0,0.2205,0.0653,0.9674,25.878812000000003,-26.127468,37.89655833333333,3.867874107359613,-10.429174819041062,21.95068567500007,0.994357631840778
61068.0,0.2738,0.0845,0.9391,24.535212,-22.417568,44.29355833333334,4.253526715072285,-10.815162031293228,22.327180920833403,0.981842910042131
61083.0,0.2633,0.0809,0.9111,25.077212000000003,-24.654268000000002,53.591258333333336,4.595639503308711,-11.192348007227219,22.729115358333402,0.9518271429203939
61100.0,0.2747,0.0687,0.8693,24.329112000000002,-18.509168000000003,59.73625833333333,4.970264705867012,-11.519325358531932,23.236873554166735,0.9142550355343961
61115.0,0.2642,0.0574,0.8571,18.939812000000003,-4.516868,62.81265833333333,5.211645419555143,-11.607245786004324,23.707968491666733,0.8987306659951022
61131.0,0.2296,0.0612,0.8676,11.504712000000001,4.1473320000000005,65.03395833333333,5.35166939662596,-11.566211474636178,24.2282401583334,0.8995506433770141
61147.0,0.2125,0.0734,0.8634,9.695512,6.490832,68.65995833333334,5.463419937448483,-11.491183040792501,24.777519825000066,0.8921902095405441
61163.0,0.2208,0.105,0.9276,14.718412,10.063331999999999,73.99585833333333,5.65769035794706,-11.362622991261915,25.369486691666733,0.9592806680007682
61178.0,0.1365,0.1,1.0261,18.703212,3.9259320000000004,79.83555833333334,5.896367675321833,-11.325012466476126,25.968253379166732,1.0399583933985053
61194.0,0.0172,0.0771,1.0569,17.130712000000003,-5.867968,78.55305833333334,6.124814976911455,-11.412815170049967,26.596677845833398,1.0598480362768994
61210.0,0.0128,0.0835,1.0363,10.046712000000001,-3.5931679999999995,65.30115833333333,6.239282753689309,-11.440952758625079,27.119087112500065,1.039737361067688
61225.0,0.1437,0.1078,0.9712,1.9322120000000007,0,51.95005833333333,6.227011428160235,-11.408964123761951,27.508712550000066,0.987674020109874
61242.0,0.2924,0.1398,0.8524,-2.7471879999999995,1.422132,49.499658333333336,6.149639891904402,-11.370942607272442,27.9294596458334,0.9119361600463051
61257.0,0.3367,0.1422,0.7639,-1.4112879999999992,1.284732,54.82785833333333,6.107987613682282,-11.361437527501257,28.3406685833334,0.8468358400540213
61273.0,0.319,0.1354,0.7421,3.5123120000000005,2.9717320000000003,60.10265833333334,6.150879617637173,-11.344136031315454,28.821489850000066,0.8190278200403207
61289.0,0.2845,0.125,0.8071,6.886412000000001,6.674032,63.78975833333333,6.251129176042588,-11.281344960089495,29.331807916666733,0.8648558608230623
61304.0,0.2222,0.0983,0.8873,5.023812,4.330532,66.11035833333334,6.315979947449661,-11.262035538690855,29.827635604166733,0.9199657711023818
61321.0,0.1481,0.0692,0.8757,0,2.200732,63.27825833333333,6.3031059054695,-11.262561289828987,30.365500800000067,0.8908269977947458
61336.0,0.1189,0.0364,0.8193,-1.678487999999999,0,56.08745833333334,6.260119737413161,-11.290882095170758,30.786156737500068,0.8286824844293501
61351.0,0.1542,0.0474,0.7682,3.123012000000001,-1.158068,48.453858333333336,6.285216983432418,-11.333335788646263,31.149560675000068,0.7849558204128433
61368.0,0.2548,0.0803,0.7604,11.458912,-3.3412679999999995,44.62945833333333,6.4557588450387495,-11.424359450759194,31.528911070833402,0.8059648193314644
61383.0,0.3181,0.1149,0.8153,17.123012000000003,-7.852668,47.24005833333334,6.68818579128814,-11.589537815834351,31.883211508333403,0.8826685164884946
61400.0,0.314,0.1343,0.868,16.138312000000003,-8.081668,49.62175833333333,6.939001154651475,-11.783028614443115,32.304996454166734,0.9327681866358865
61415.0,0.3075,0.1466,0.9106,9.672612,-5.051168,50.40805833333334,7.064388540463048,-11.92112207993329,32.68305689166673,0.9722346270319732
61430.0,0.2887,0.123,0.8998,3.367312000000001,-7.005368,51.797358333333335,7.097367718471105,-12.091089902640102,33.07153707916673,0.9529515884870543
61447.0,0.2933,0.0891,0.8441,1.3597120000000007,-9.272568,52.30115833333333,7.101784738167406,-12.31689067220103,33.51609692500006,0.8980359179899209
61462.0,0.2968,0.0562,0.7927,2.390212000000001,-10.188568,52.38515833333334,7.114126755826914,-12.542684525420723,33.90898561250006,0.8483053518633488
61478.0,0.275,0.0321,0.8102,2.9398120000000008,-7.722968000000001,51.232458333333334,7.1298908871470035,-12.740345825184434,34.31884527916673,0.8562005898152606
61494.0,0.2739,0.0198,0.8092,2.5734120000000007,-6.669467999999999,48.38515833333334,7.131405840184182,-12.922026294428665,34.7059265458334,0.8545278754961713
61509.0,0.288,0.0211,0.8184,3.565812000000001,-4.509168,45.96525833333333,7.137547331739127,-13.067259087394799,35.0506659833334,0.8678523895225501
61526.0,0.3038,0.0359,0.8501,6.199412000000001,-3.929068,45.62175833333333,7.189276675150796,-13.214458082894069,35.438450929166734,0.9034673541418085
61541.0,0.2684,0.0336,0.8723,7.275712,-4.364168,46.568358333333336,7.2386176167828635,-13.357302144798023,35.787713616666736,0.9132769623723134
61557.0,0.2539,0.0273,0.8781,6.405512000000001,-3.0587679999999997,45.17135833333334,7.275140334018904,-13.479000727568414,36.149084483333404,0.9144780533178476
61573.0,0.2533,0.0283,0.8855,5.275712,-1.2877679999999998,42.751558333333335,7.288524008468829,-13.568269066639731,36.49109695000007,0.9214510459053155
61588.0,0.2628,0.041,0.8806,5.848212,-6.196167999999999,42.42325833333334,7.302318331273691,-13.72599567093232,36.80927138750007,0.9198919501767586
61604.0,0.2869,0.0552,0.8774,9.749012,-10.318368,44.42325833333334,7.382204946078782,-13.953753908597731,37.164657454166736,0.9247645159714986
61620.0,0.2872,0.0532,0.899,12.497112000000001,-14.417568,47.072158333333334,7.502692757614767,-14.242679274006447,37.5412347208334,0.9452592660217619
61636.0,0.3235,0.0386,0.8729,9.222312,-11.860368000000001,48.30875833333334,7.566898810603999,-14.492379231130462,37.92770478750007,0.9317170278577075
61651.0,0.2957,0.0295,0.8602,4.642112000000001,-4.501568,50.22485833333334,7.550198830979469,-14.620381238324482,38.30439122500007,0.9100839411834493
61667.0,0.2769,0.0276,0.8513,5.2223120000000005,1.3610320000000002,51.32405833333333,7.544410197390549,-14.6591678076209,38.71498369166673,0.8956266297961444
61683.0,0.2798,0.0618,0.9447,8.336812000000002,6.063332,52.90425833333333,7.588486138288784,-14.621011730783861,39.1382177583334,0.9872007749186585
61699.0,0.298,0.0898,1.0566,7.848212,8.422132000000001,56.82785833333333,7.6274778915536015,-14.542498595501273,39.592840625000065,1.1014860870660146
61715.0,0.3031,0.0774,1.1021,2.2986120000000008,13.460232000000001,61.57595833333333,7.579849455186289,-14.381950178508813,40.08544829166673,1.145637281167124
61730.0,0.2098,0.0479,1.1309,-2.5334879999999993,20.101532,65.56075833333334,7.457431014310671,-14.1246871708837,40.57715397916673,1.1511929725289327
61746.0,0.0911,-0.0106,1.1073,0.6116120000000008,13.941232,65.72105833333333,7.375710158313987,-13.923460276621876,41.1029224458334,1.111091742386739
61762.0,-0.0054,-0.0354,1.0963,12.565812000000001,0.651132,61.14845833333334,7.472797809095193,-13.901262697811452,41.592110112500066,1.0968846840028355
61777.0,0.0364,0.0045,1.1095,23.436012,-13.852668000000001,52.81265833333333,7.71076069187678,-14.068146378311654,41.98820505000007,1.1101060579962618
61794.0,0.151,0.0458,1.0771,25.451312,-22.096968,45.67525833333333,8.02405694079584,-14.387405068544274,42.3764447458334,1.0885968261941608
61809.0,0.2706,0.0731,1.0166,22.062012000000003,-25.623668000000002,44.03395833333334,8.23512770055663,-14.715616251561924,42.706699433333405,1.0545347457528367
61826.0,0.3364,0.0826,0.926,16.955112,-25.638968000000002,47.40035833333334,8.404929231326186,-15.103296400842485,43.10960247916674,0.9886676489093795
61841.0,0.3214,0.0704,0.8414,15.168812,-23.539768000000002,52.55305833333333,8.515262896997548,-15.416792612259433,43.50375041666674,0.9034423501253415
61857.0,0.2676,0.0547,0.8007,15.062012000000001,-18.753468,56.28585833333334,8.638204469653854,-15.680625283334933,43.954037283333406,0.8460037470366192
61873.0,0.1708,0.0184,0.7889,16.123012000000003,-15.875568000000001,56.62175833333333,8.772738969302415,-15.891230150787592,44.407011350000076,0.8073873977218123
61889.0,0.123,-0.0051,0.7478,18.054312000000003,-11.425168,52.06455833333334,8.929891819716978,-16.02074579370108,44.82352781666674,0.7578653244475565
61904.0,0.1093,0.0099,0.7405,19.168812000000003,-2.8068679999999997,45.049258333333334,9.079825563877002,-16.00167625386393,45.16139725416674,0.748588505121472
61921.0,0.1298,0.045,0.7776,15.978012000000001,7.1244320000000005,37.957658333333335,9.212790211105016,-15.816929908276096,45.48403735000007,0.7896421974540114
61936.0,0.1815,0.0555,0.7738,11.252812,13.223631999999998,33.38515833333334,9.24510870432931,-15.561070801941204,45.73442603750007,0.7967364306971284
61953.0,0.2224,0.0363,0.7681,8.993312000000001,15.658732,31.675258333333336,9.261274672079113,-15.249963736603188,46.003665733333406,0.8004730226559793
61968.0,0.2133,-0.0077,0.7269,10.489412,16.139632,30.553058333333336,9.27605638708282,-14.974414438799316,46.23281367083341,0.7575881400866832
61984.0,0.1985,-0.0022,0.7469,19.260412000000002,16.773232,28.049258333333334,9.433974291930127,-14.681389073055742,46.45720773750008,0.7728303177282838
62000.0,0.2234,0.0299,0.8273,27.787212000000004,14.574832,25.667558333333336,9.722289985927683,-14.431942156732529,46.66254820416675,0.8574537072052345
62016.0,0.2738,0.0875,0.8977,33.069612,11.124431999999999,25.667558333333336,10.094717608078454,-14.248744050510648,46.867888670833416,0.9425964035577475
62031.0,0.3035,0.1368,0.9894,32.825312000000004,11.139631999999999,27.927158333333335,10.43569391483135,-14.087017633015291,47.07734235833342,1.043905575231783
62047.0,0.3167,0.1687,1.0398,27.184112000000002,9.040432,32.17905833333333,10.72758759855823,-13.95672374843391,47.33477482500008,1.0999739178726011
62063.0,0.3033,0.157,1.0294,19.367312000000002,7.223632,36.96525833333333,10.90184634864589,-13.861602515088405,47.63049689166675,1.0845756082449947
62078.0,0.2782,0.1219,0.9589,12.229912,6.826732,40.89655833333333,10.954541125070905,-13.784115030694428,47.937221079166754,1.0058548901307782
62095.0,0.2317,0.0828,0.882,9.145912000000001,8.819032,42.957658333333335,10.980030804043185,-13.661044226825826,48.30236117500009,0.9156771974882852
62110.0,0.1964,0.0659,0.8655,10.955112,6.322832,43.51495833333333,11.01298812222716,-13.590211321064096,48.62872336250009,0.8899472006810292
62126.0,0.1904,0.0565,0.8643,14.207012,1.368632,44.06455833333334,11.105247150681258,-13.587779884706537,48.98123982916675,0.8868251800665111
62142.0,0.1896,0.0553,0.8771,15.680312,0,45.07975833333334,11.216893452185406,-13.602280288302417,49.34187789583342,0.8990609879201744
62157.0,0.0881,0.0306,0.9005,16.222312000000002,-5.142768,45.04165833333334,11.314157442266715,-13.674927562177233,49.67969033333342,0.9053166407395813
62174.0,0.0316,-0.0038,0.8705,19.596312,-12.203868,40.33935833333334,11.489217257635577,-13.852212283328516,50.022574879166754,0.8710816551850924
62189.0,0.0858,0.0133,0.8363,23.634512,-13.066468,32.499658333333336,11.676497629447233,-14.002604944300455,50.26632231666675,0.8407949928490298
62205.0,0.2019,0.0677,0.8173,27.497112,-14.303068,29.087458333333334,11.94586118230254,-14.186142033948396,50.49902198333342,0.8445864017375605
62221.0,0.2839,0.1194,0.7831,31.771912000000004,-15.249668,31.965258333333335,12.285540279801841,-14.395711767279487,50.754744050000085,0.8414874805961168
62237.0,0.3363,0.162,0.8214,35.130711999999995,-9.012968,37.476758333333336,12.683967514349382,-14.522307434091811,51.054558116666755,0.9022414588124401
62253.0,0.3297,0.1903,0.9384,33.710812,0,43.76685833333333,13.06602072268559,-14.517644785614346,51.40469298333342,1.0126750416594654
62269.0,0.3142,0.2218,1.0627,27.222312000000002,6.193132,49.41565833333333,13.353246757580315,-14.421225133821974,51.800018250000086,1.1301540470219091
62284.0,0.285,0.2548,1.1313,14.672612,6.841932,53.85845833333333,13.439198805835744,-14.322247101810733,52.20395668750009,1.1941472815360759
62301.0,0.2902,0.24,1.0509,-0.9914879999999993,10.048032,56.80495833333333,13.304018393704595,-14.160553553849658,52.68679883333342,1.1163363516431775
62316.0,0.2719,0.1927,0.9738,-13.014388,17.803832,58.69815833333333,13.003695241164952,-13.909860608451082,53.12703502083342,1.0292469771634016
62331.0,0.2395,0.1149,0.863,-17.747187999999998,20.345731999999998,59.17905833333334,12.638792985329681,-13.628310279936333,53.57087795833342,0.9029569535697701
62348.0,0.152,0.0669,0.8553,-13.411287999999999,21.109132,56.69045833333333,12.312492946608879,-13.29117402435535,54.052746854166756,0.8712736080015278
62363.0,0.101,0.0353,0.9006,-9.586888,17.216032,48.95005833333333,12.06531105956781,-13.044139455811502,54.419872291666756,0.9069329909094718
62380.0,0.1155,0.0308,0.8593,-8.907487999999999,14.559532,38.57595833333333,11.806521192041519,-12.801566806630134,54.74776793750009,0.8675744233205587
62395.0,0.2124,0.0542,0.79,-7.067788,16.903032,29.545458333333336,11.59255418920974,-12.561485326953871,54.96935887500009,0.819848400620505
62411.0,0.3259,0.1,0.7606,-2.8082879999999992,19.483131999999998,26.835558333333335,11.443951909896253,-12.287180127755922,55.18404334166676,0.8335005518894394
62427.0,0.3695,0.1326,0.7734,2.665012000000001,19.361031999999998,29.927158333333335,11.388979919673707,-12.041746283499208,55.42346060833342,0.8673295625078162
62443.0,0.3145,0.1417,0.8586,7.405512000000001,18.597732,34.32405833333333,11.41394853862754,-11.823113832567072,55.69805307500009,0.9253016264980842
62458.0,0.2187,0.1375,0.9794,6.0085120000000005,17.170232,34.117958333333334,11.412774991465271,-11.641265796269073,55.95393776250009,1.0128969839031017
62475.0,0.1816,0.1123,0.969,1.9017120000000007,16.696932,28.751558333333335,11.354086293827159,-11.427173514667246,56.198326008333424,0.9922453577618794
62490.0,0.1915,0.1138,0.9932,1.6345120000000009,16.811432,24.721058333333335,11.287916104535988,-11.239869842079585,56.38373394583343,1.0178747123295675
62505.0,0.1621,0.1069,0.9973,3.413112000000001,5.590032,22.575958333333336,11.247538127931557,-11.210116560864979,56.55305363333343,1.0160272191235822
62522.0,0.1896,0.0985,0.9086,6.130712000000001,-2.631368,18.766858333333335,11.258550925627976,-11.302864893439182,56.712571929166764,0.9333832921153025
62537.0,0.262,0.1329,0.8491,9.558112000000001,-2.1503680000000003,15.965258333333333,11.311202890262477,-11.38818236069107,56.832311366666765,0.8984860711218622
62553.0,0.2957,0.1669,0.8711,11.138312,-1.158068,17.194258333333334,11.40379362422621,-11.467741595314594,56.96986543333343,0.9349381316429446
62569.0,0.3015,0.172,0.8715,8.581012000000001,-0.6923680000000001,19.033958333333334,11.461186400328794,-11.547571857056214,57.122137100000096,0.9380823524616589
62584.0,0.2877,0.165,0.8337,2.7948120000000007,10.223631999999998,17.560758333333336,11.429859742521417,-11.472517830569853,57.2538427875001,0.8972468891002074
62601.0,0.2581,0.1332,0.8049,-3.876988,24.261832,13.056858333333333,11.295557719076681,-11.149602934950977,57.36482608333343,0.8556996318802527
62616.0,0.2345,0.0653,0.7946,-8.854087999999999,28.177832,12.575958333333332,11.092145476193968,-10.824786464820479,57.45914577083343,0.8310496375066895
62632.0,0.2075,0.0089,0.7776,-9.625088,22.429731999999998,15.301158333333333,10.859609205334609,-10.567765724614448,57.581555037500095,0.8048585093045858
62648.0,0.1685,-0.0269,0.7747,-3.7089879999999997,12.681632,16.827858333333335,10.708648987693502,-10.462861767380366,57.71617790416676,0.7932691535664298
62663.0,0.1481,-0.0283,0.8124,4.268112,6.864832,16.140858333333334,10.666411863591337,-10.448749785843468,57.837234341666765,0.826273719780558
62680.0,0.1322,-0.0208,0.8779,7.619212000000001,4.330532,11.896558333333333,10.675637756871836,-10.451134381181387,57.9383550875001,0.8880416037551394
62695.0,0.162,-0.0093,0.8912,6.5352120000000005,2.299932,7.476758333333334,10.642862736938033,-10.483871084815187,57.9944307750001,0.9058520464181775
62711.0,0.198,0.0078,0.8674,5.863512000000001,1.170232,4.652358333333334,10.59912631718375,-10.529560802881537,58.03164964166677,0.8897458063964111
62727.0,0.2341,0.026,0.839,7.886412000000001,1.063332,3.629458333333333,10.583752323210991,-10.579771758890336,58.06068530833343,0.8714354881458523
62742.0,0.2424,0.0432,0.8524,11.916912,-1.295468,4.568358333333333,10.618490979548836,-10.6687105685424,58.09494799583343,0.8872484206804767
62758.0,0.2347,0.0692,0.8824,15.512312000000001,-5.219068,6.5225583333333335,10.722183293842665,-10.82035276474094,58.1471284625001,0.9156978158759581
62774.0,0.2263,0.0966,0.9149,16.497112,-7.806868000000001,8.125558333333332,10.84393031094809,-11.008976726816638,58.21213292916676,0.9474097635131274
62789.0,0.2485,0.1178,0.9178,14.023812000000001,-7.112267999999999,7.980558333333334,10.917501140371341,-11.178126025480795,58.271987116666764,0.9581158228523313
62806.0,0.275,0.1365,0.9292,11.886412,-5.5702679999999996,10.209558333333332,10.989680606848514,-11.33695681553995,58.3587683625001,0.9786060954234855
62821.0,0.272,0.1254,0.9481,10.405512,-6.860368,16.072158333333334,11.021039562845997,-11.503960042117727,58.4793095500001,0.9942850547001097
62837.0,0.2189,0.1086,0.9028,8.000912000000001,-10.707667999999998,20.446158333333333,11.02784868926516,-11.732608763022354,58.64287881666677,0.9352855232494514
62853.0,0.2059,0.101,0.8575,8.229912,-9.554967999999999,18.293558333333333,11.040917146784338,-11.936597759177872,58.78922728333344,0.8876384737042441
62868.0,0.2592,0.1267,0.8839,10.436012,-6.234367999999999,16.637058333333332,11.083374928119934,-12.082172846429634,58.91400522083344,0.9297939234045359
62884.0,0.3021,0.153,0.9592,9.756612,-7.005368,19.179058333333334,11.13150381341079,-12.249252275989004,59.0674376875001,1.0172207479205289
62900.0,0.3027,0.1576,0.9978,5.077212000000001,-10.860368000000001,23.301158333333333,11.111489454614267,-12.477752798927455,59.25384695416677,1.0545472440815538
62916.0,0.2981,0.1385,0.9744,-3.854087999999999,-10.715267999999998,25.980558333333335,10.955289145434875,-12.703412125073438,59.46169142083343,1.0283487832442844
62931.0,0.301,0.106,0.8878,-11.571588,-4.707668,26.408058333333333,10.69281743267624,-12.83245188103267,59.65975185833343,0.9434118082788662
62948.0,0.2712,0.0743,0.8413,-10.907487999999999,-3.257268,28.652358333333336,10.421098312714777,-12.948077657813363,59.903296904166766,0.887048826164603
62963.0,0.2074,0.0503,0.8423,-3.4189879999999997,-8.532067999999999,30.270658333333333,10.280932186587881,-13.128684170335445,60.130326841666765,0.8689154964667163
62979.0,0.1858,0.062,0.8884,2.123012000000001,-13.211468,28.957658333333335,10.223198460301921,-13.37978666130402,60.361988108333435,0.9097363354291176
62995.0,0.2045,0.0929,0.8905,1.0467120000000008,-11.402268,25.888958333333335,10.149901806005623,-13.592773754707142,60.569099775000105,0.9183903908469425
63010.0,0.2496,0.111,0.8689,-2.0677879999999993,-1.1351679999999997,22.201958333333334,10.0337415355887,-13.641237061464082,60.7356144625001,0.9108283976688474
63027.0,0.265,0.1146,0.8984,-1.5486879999999992,6.3992320000000005,23.705758333333335,9.926763960527625,-13.567972045487776,60.93711340833344,0.9436528599013516
63042.0,0.2452,0.0953,0.9518,2.145912000000001,7.162532,28.033958333333334,9.878350694272537,-13.495671956409819,61.147368095833436,0.9874858834434039
63058.0,0.2178,0.1002,1.0526,1.5887120000000008,10.223631999999998,31.240058333333334,9.822922394175489,-13.361776883240196,61.3972885625001,1.0795571499462175
63074.0,0.1821,0.0798,1.1237,-5.0295879999999995,13.223631999999998,32.21715833333333,9.660521401725363,-13.17027884909347,61.65502582916677,1.1411529871143482
63089.0,0.1108,0.0187,1.1035,-12.815888,12.277031999999998,28.262958333333334,9.38138618845989,-12.990432352540378,61.86699801666677,1.1092062837903507
63106.0,0.0715,-0.0453,1.0283,-13.930387999999999,9.338132,19.789758333333335,9.048293949430526,-12.819780861653266,62.0352109625001,1.0317777037715052
63121.0,0.0565,-0.0724,1.0059,-7.708988,0.6206320000000001,9.995858333333333,8.823458721725752,-12.780566813964837,62.110179900000105,1.0100835707999611
63137.0,0.1023,-0.0581,1.0035,-0.8769879999999992,-10.096968,0,8.688878208931778,-12.898341774712327,62.110179900000105,1.0103727777409681
63153.0,0.1809,-0.0172,1.0031,0,-15.074068,-6.637741666666666,8.56301853665142,-13.09070802360334,62.057077966666775,1.0194264367770733
63169.0,0.2466,0.012,0.9567,-1.4952879999999993,-16.196168,-8.088141666666667,8.41284205103931,-13.304326824077913,61.99237283333344,0.9880437490313878
63184.0,0.2526,0.016,0.9441,-4.228088,-11.875568000000001,-6.584341666666666,8.224420562023514,-13.44201807737874,61.94299027083344,0.9774392922325151
63201.0,0.2346,0.0104,0.9491,-8.510588,-5.799268,-4.813341666666666,7.957183730271822,-13.50380698134772,61.902076866666775,0.9777198627418797
63216.0,0.1597,-0.001,0.9515,-12.968587999999999,-2.5778679999999996,-3.6530416666666667,7.642499111378241,-13.501377025139508,61.874679054166776,0.9648094837842339
63232.0,0.0675,-0.0265,0.917,-17.228087999999996,0,-6.5003416666666665,7.248223510751921,-13.447432067761572,61.822676320833445,0.9198627615030408
63248.0,0.0225,-0.0389,0.8434,-18.953287999999997,0,-12.966041666666667,6.827665125088504,-13.378369436342338,61.71894798750011,0.8445963651354416
63263.0,0.0121,-0.0452,0.7568,-16.258587999999996,0,-20.996541666666666,6.466483166711689,-13.296141359842292,61.56147392500011,0.7582451384611708
63280.0,0.0452,-0.0018,0.728,-12.006687999999999,3.4755320000000003,-27.515641666666667,6.150135331057482,-13.148603151094017,61.32759097083344,0.7294040581186808
63295.0,0.0736,0.0465,0.7532,-10.121188,8.361032,-30.714141666666666,5.896175528260953,-12.933593973145747,61.09723490833344,0.7582146463897937
63311.0,0.09,0.0889,0.8082,-10.724288,12.040432,-30.866741666666666,5.637691029071898,-12.653016002453347,60.85030097500011,0.8180406163510465
63327.0,0.0674,0.0892,0.858,-14.602188,14.261832000000002,-29.546141666666667,5.332380839221314,-12.335775852996743,60.613931841666776,0.8652533732959381
63343.0,0.02,0.0698,0.8468,-21.258587999999996,16.811432,-31.16444166666667,4.934367590094554,-11.972268267521356,60.364616308333446,0.8499072184656393
63358.0,0.009,0.0404,0.8091,-25.243387999999996,20.467931999999998,-35.790441666666666,4.507997673143243,-11.566420265424565,60.096187995833446,0.8101579907647644
63375.0,0.0438,0.0287,0.7892,-24.182287999999996,23.284731999999998,-41.40114166666667,4.058198644444443,-11.07519246384847,59.74427829166678,0.7909353766269404
63390.0,0.1877,0.0703,0.8074,-20.838787999999997,23.742732,-41.33244166666667,3.7191323932588642,-10.64549359950507,59.43428497916678,0.8319063288616093
63407.0,0.3129,0.0999,0.8704,-17.609787999999998,24.040432,-32.28664166666667,3.407918607931098,-10.199801744827086,59.159848525000115,0.9303131623276111
63423.0,0.3384,0.0973,0.9388,-19.228087999999996,20.826732,-17.798041666666666,3.1011643772883786,-9.862758762087209,59.01746419166678,1.0026601069155987
63438.0,0.2672,0.0518,0.9651,-25.212787999999996,19.941232,-3.813341666666666,2.7310324496438674,-9.578896299401578,58.988864129166785,1.0027447780966001
63454.0,0.146,-0.0171,0.9531,-31.953287999999997,22.841932,3.171358333333333,2.229031167277707,-9.232214555633227,59.014234995833455,0.9643692342666267
63470.0,0.0474,-0.0922,0.9061,-34.823488000000005,23.536632,2.3087583333333335,1.674952828677487,-8.8671558188898,59.03270506250012,0.9120114089198665
63486.0,-0.0013,-0.1483,0.8428,-31.250987999999996,19.620632,-2.5079416666666665,1.1655236369321214,-8.55289302921626,59.012641529166785,0.8557490403149746
63502.0,-0.0205,-0.172,0.7944,-20.518188,12.070931999999999,-9.347641666666668,0.8109542899533433,-8.34532291627351,58.937860395833454,0.8130655631620367
63518.0,0.0042,-0.1543,0.835,-8.701388,7.070932,-15.866741666666668,0.6294861373097937,-8.20632962392811,58.81092646250012,0.8491472958209312
63534.0,0.0869,-0.1143,0.8477,0.9017120000000007,2.4679320000000002,-19.859141666666666,0.5900522925127685,-8.140172264937588,58.65205332916679,0.8597740342671439
63549.0,0.1741,-0.0729,0.8923,12.245212,0,-18.477441666666664,0.7119945323323369,-8.122751125392055,58.51347251666679,0.9120441381863051
63565.0,0.2067,-0.0378,0.9895,21.382612,-3.7992679999999996,-12.538541666666667,0.9871477751514259,-8.17553040372993,58.41316418333346,1.0115651140682937
63582.0,0.177,0.0095,1.1267,24.344412000000002,-9.875568000000001,-5.485041666666667,1.3339980921149437,-8.335062336862682,58.36654132916679,1.1405578196654478
63597.0,0.1309,0.035,1.1841,18.092512000000003,-15.165668,-1.9431416666666668,1.5434670950145224,-8.545724162186602,58.351967766666796,1.191827428783211
63612.0,0.1232,0.0591,1.1654,8.336812000000002,-15.707668000000002,-2.0118416666666663,1.6159650723303955,-8.756046015530677,58.3368789541668,1.1733832323669875
63629.0,0.1947,0.073,1.1061,-2.4418879999999996,-12.867968000000001,-0.5538416666666666,1.5344984291785433,-8.951283856777518,58.332171300000134,1.1254751441058128
63644.0,0.2705,0.077,1.03,-11.716688,-5.5702679999999996,5.4996583333333335,1.3329362371510278,-9.024979606670367,58.37341873750013,1.067707473983394
63661.0,0.3047,0.0367,0.9841,-21.373188,4.933532,16.545458333333332,0.9556628224466641,-8.951049820621343,58.514055133333464,1.0308451823625118
63676.0,0.1917,-0.0575,0.9358,-30.144087999999996,14.002232,25.942358333333335,0.49169878736650774,-8.75909244829818,58.70862282083346,0.9569622667587264
63692.0,-0.0062,-0.1548,0.8856,-33.380788,22.582432,24.430958333333333,-0.06128346266617176,-8.404588904627312,58.90407048750013,0.8990488529551662
63708.0,-0.1349,-0.225,0.823,-29.235687999999996,25.269432,11.530158333333333,-0.5634441099473362,-7.98415671701189,58.9963117541668,0.8638009087747014
63724.0,-0.1324,-0.2427,0.7427,-17.999087999999997,26.513732,-5.767541666666666,-0.9055657004795445,-7.525125155817843,58.95017142083346,0.7924874383862498
63739.0,0.0045,-0.1906,0.7224,0.8406120000000008,25.032832,-20.164441666666665,-0.9644691006825642,-7.114400688312229,58.798938108333466,0.7471347736519831
63756.0,0.114,-0.0658,0.7869,20.749012000000004,18.872532,-25.057641666666665,-0.6893443296529342,-6.77049078178296,58.5859481541668,0.7978328459019471
63771.0,0.2095,0.0872,0.9579,33.306212,16.872532,-23.798041666666666,-0.25525215589969696,-6.514266508495019,58.4074628416668,0.9844117532821315
63788.0,0.286,0.2119,1.1669,31.016212000000003,12.238931999999998,-14.660641666666667,0.23194828168607398,-6.326239007954421,58.282847387500134,1.2199808277182065
63803.0,0.2938,0.2472,1.2642,14.474212000000001,5.895432,-1.5919416666666664,0.43915698225270045,-6.27459540732296,58.27090782500014,1.3212221312103427
63819.0,0.234,0.1951,1.173,-9.319688,6.1854320000000005,7.095058333333333,0.3058966227524717,-6.2213609711850495,58.327668291666804,1.2119195559112
63835.0,0.1443,0.106,0.9194,-26.052487999999997,10.475532000000001,10.812658333333333,-0.07682559573662615,-6.102784014775092,58.41416955833347,0.9366722212172196
63851.0,0.1066,0.0397,0.7512,-24.479988,12.658732,10.553058333333333,-0.42503392689283964,-5.95167238861784,58.49859402500014,0.7597638383076677
63866.0,0.1233,0.0186,0.6921,-14.518188,11.910632,11.430958333333333,-0.5961319062277143,-5.8294250156188845,58.58432621250014,0.7032433860335979
63883.0,0.1604,0.026,0.6954,-3.350287999999999,7.796132,14.430958333333333,-0.6055830998792455,-5.761663225933995,58.70698935833347,0.7141325647245055
63898.0,0.1499,0.0466,0.7854,5.2223120000000005,7.529032,18.866058333333335,-0.4794054569424342,-5.71776788592533,58.84848479583347,0.8009336614227174
63913.0,0.0939,0.0701,0.8953,6.367312000000001,7.391532,21.110358333333334,-0.3337518596420981,-5.670575370743708,59.00681248333347,0.9029359390344367
63930.0,0.0731,0.0808,0.9337,2.2146120000000007,9.078631999999999,20.339358333333333,-0.24189322786347683,-5.572832572000801,59.1796970291668,0.9400361376032306
63945.0,0.1079,0.0837,0.9132,-3.602187999999999,13.452632000000001,18.705758333333335,-0.2360614101867778,-5.427287196726318,59.3199902166668,0.9233538541642635
63961.0,0.1699,0.0881,0.8472,-6.067787999999999,15.284732000000002,20.278258333333333,-0.2665362355313573,-5.248774167240066,59.48221628333347,0.8685479031118548
63977.0,0.1473,0.084,0.8239,-2.670887999999999,14.170231999999999,24.507258333333336,-0.2380196255428029,-5.094388027893208,59.67827435000014,0.8411685324594591
63992.0,0.0822,0.0564,0.8594,0.9704120000000007,12.246531999999998,25.453858333333333,-0.15298350454070503,-4.979122646147169,59.86917828750014,0.8651625049665526
64009.0,0.0582,0.0339,0.8562,2.810112000000001,10.246531999999998,22.560758333333336,-0.039080630452705475,-4.866916909665046,60.06094473333347,0.8588450908050881
64024.0,0.1113,0.0347,0.8304,5.817712,10.674032,18.079758333333334,0.10967763081203859,-4.770242370493795,60.19654292083347,0.8385439404109961
64039.0,0.2179,0.0573,0.8286,9.810112,11.788532,18.247758333333334,0.3155566024077016,-4.672415258550579,60.333401108333476,0.8586860078049484
64056.0,0.2036,0.0562,0.8666,13.168812,9.582432,23.117958333333334,0.5933676509355993,-4.5996259445365775,60.52990375416681,0.8919680263327829
64071.0,0.1085,0.022,0.9231,14.542912000000001,4.299932,23.545458333333336,0.8560780783820059,-4.619881841321268,60.70649469166681,0.9297149348052876
64088.0,0.0656,-0.0144,0.9375,12.802412,1.826732,17.514958333333336,1.1048170214062378,-4.662464058964558,60.855371837500144,0.9399026385748686
64103.0,0.0553,-0.0404,0.918,10.504712000000001,0.8190320000000002,8.637058333333334,1.279158925931906,-4.712677822782388,60.92014977500014,0.9205510577909299
64118.0,0.0857,-0.0544,0.8528,10.489412,-1.1351679999999997,0,1.4387549574461487,-4.786693975651933,60.92014977500014,0.8588199403833146
64135.0,0.1941,-0.0358,0.8057,15.771912,-2.6084680000000002,-4.599641666666666,1.6961955553150843,-4.897168024128942,60.881052820833474,0.8295233209500502
64150.0,0.2114,-0.0211,0.8527,22.718412,-6.860368,-2.385841666666667,2.0146274792489014,-5.074319003764326,60.863159008333476,0.8787675801939896
64166.0,0.1841,-0.0186,0.9237,27.229912000000002,-17.745868,1.7668583333333334,2.4153496800232737,-5.430758025172247,60.87729387500014,0.9420511981840477
64182.0,0.1444,-0.0203,0.9536,29.840612000000004,-27.929068,3.934758333333334,2.8448863374192594,-5.938938421492901,60.90877194166681,0.9646846168567217
64198.0,0.1404,-0.036,0.95,26.909312000000003,-28.806868,2.369858333333333,3.214241880168485,-6.449577550021153,60.92773080833347,0.9609933194356763
64214.0,0.1234,-0.0442,0.943,18.245212000000002,-22.677168,-1.2637416666666665,3.4343238478346905,-6.8508911406942525,60.91762087500014,0.9520662792053923
64230.0,0.1289,-0.0527,0.916,10.833012,-18.348868,-5.011841666666666,3.5273139773452584,-7.174833005790842,60.877526141666806,0.9265249591889039
64245.0,0.111,-0.0665,0.9353,6.451312000000001,-16.852668,-5.874441666666667,3.535910787886974,-7.448409877434094,60.83346782916681,0.9442083138799404
64262.0,0.0834,-0.0629,0.9342,5.4742120000000005,-21.180968,-8.278941666666666,3.5344310852465246,-7.81475925780249,60.76309682500014,0.9400221327181612
64277.0,0.0802,-0.0498,0.9441,5.955112000000001,-21.791668,-11.034741666666667,3.5253697202889094,-8.134504573392366,60.68033626250014,0.9488081418284732
64293.0,0.0956,-0.0276,0.9628,4.4742120000000005,-23.356468,-13.904941666666668,3.49839391040815,-8.489313970089688,60.56909672916681,0.9679281791538048
64309.0,0.1276,0.0033,0.969,1.390212000000001,-25.173268,-15.492741666666666,3.426809869156244,-8.865384402533499,60.445154795833474,0.9773707842983644
64324.0,0.1622,0.0251,0.9547,-3.7853879999999993,-23.303068,-15.775141666666668,3.2847282292062276,-9.186102821703944,60.326841233333475,0.9687058067339124
64340.0,0.1863,0.017,0.9315,-12.792988,-16.203868,-15.424041666666666,3.004442459308552,-9.419118371544437,60.20344890000014,0.9500994369012119
64356.0,0.1794,-0.0107,0.8972,-21.250987999999996,-8.791668000000001,-14.477441666666667,2.5971976660983516,-9.537480877870053,60.0876293666668,0.9150227811371693
64372.0,0.1808,-0.0364,0.8597,-23.708987999999998,-2.7458679999999998,-11.912541666666668,2.156374226561764,-9.565183382160702,59.99232903333347,0.8792597397811411
64387.0,-0.0001,-0.0001,-0.0001,1.2223120000000007,2.009932,0.9729583333333334,2.114078198464346,-9.519719137552128,59.99962622083347,0.00017320508075688773
64402.0,0.1316,-0.0599,0.8918,-21.823487999999998,5.971732,-9.111041666666667,1.7275282828013883,-9.416121540358775,59.93129340833347,0.9034455213237819
64418.0,0.0298,-0.0732,1.0201,-21.105987999999996,21.849632,-16.072841666666665,1.3315714112197885,-9.04303174832343,59.802710675000135,1.0231570211849206
64435.0,0.0522,-0.0704,1.0895,-21.365488,25.987032,-19.576741666666667,0.9131317955711635,-8.574326035367847,59.63630837083347,1.093019327368002
64450.0,0.0339,-0.0757,1.158,-21.525788,23.521331999999997,-19.660641666666667,0.5375909449080509,-8.187963412428942,59.48885355833347,1.1609667092556961
64464.0,-0.0001,-0.0001,-0.0001,1.2223120000000007,2.009932,0.9729583333333334,0.5027455580152171,-8.127503022625564,59.4956642666668,0.00017320508075688773
64479.0,-0.0001,-0.0001,-0.0001,1.2223120000000007,2.009932,0.9729583333333334,0.46977876919741957,-8.066268403884834,59.5029614541668,0.00017320508075688773
64493.0,-0.0001,-0.0001,-0.0001,1.2223120000000007,2.009932,0.9729583333333334,0.43625547715860435,-8.008212984424448,59.509772162500134,0.00017320508075688773
64509.0,-0.0371,-0.0895,1.1868,-20.426588,15.689332,-21.133941666666665,0.058729276329992676,-7.705243872992725,59.340700629166804,1.1907480421986847
64525.0,0.0425,-0.0105,0.957,1.2223120000000007,2.009932,0.9729583333333334,0.03286679626836608,-7.616032649589022,59.34848429583347,0.9580007828806821
64540.0,0.0425,-0.0105,0.957,-13.838788,-10.058768,-50.179741666666665,-0.21113511684842978,-7.702243025600874,58.97213623333347,0.9580007828806821
64557.0,0.0901,0.004,0.7958,-16.403688,-4.249668,-50.431641666666664,-0.5153325368883978,-7.713703256165589,58.543467279166805,0.8008942814129715
64573.0,0.0326,-0.0039,0.7625,-12.579288,0,-49.51564166666667,-0.7344817632629885,-7.649564717244452,58.14734214583347,0.763206538231952
64588.0,0.0151,0.0032,0.7765,-5.182288,3.132032,-49.79804166666666,-0.8244410324018354,-7.533782110700918,57.77385683333347,0.776653397597667
64604.0,0.0022,0.0295,0.8029,3.2452120000000004,2.437332,-48.14924166666667,-0.7781727495577563,-7.4197757684142145,57.388662900000135,0.8034447709706
64620.0,0.0056,0.0499,0.816,10.291012,-1.081668,-46.248441666666665,-0.6127330735096967,-7.356157328368059,57.0186753666668,0.8175434973137514
64635.0,0.0536,0.0817,0.8296,14.413112,0,-43.50794166666667,-0.38684791824946313,-7.277503612756588,56.6923658041668,0.8353346694588942
64652.0,0.0918,0.0968,0.8667,13.077212000000001,4.819032,-39.59964166666666,-0.14560748630350862,-7.125936536954374,56.35576885000013,0.8769072755998778
64667.0,0.1096,0.0958,0.8621,5.359712000000001,10.574832,-36.12634166666667,-0.03618901777068738,-6.90994216189779,56.084821287500134,0.8743032711822597
64684.0,0.0974,0.0721,0.8257,-2.4799879999999996,13.750332,-31.324741666666668,-0.04161550729695543,-6.630102716576111,55.81856098333347,0.8345451815210486
64699.0,0.0146,0.033,0.7911,-4.205188,12.925932,-28.034741666666665,-0.06617916957368403,-6.3883645537902805,55.60830042083347,0.7919225782865394
64714.0,-0.0554,-0.0073,0.7554,-1.0524879999999992,11.582432,-29.927841666666666,-0.04840079740087424,-6.155541782837944,55.38384160833347,0.7574639331347731
64731.0,-0.0096,-0.0044,0.7402,5.245212,13.154931999999999,-32.950741666666666,0.06824921713444403,-5.870962734535977,55.103760304166805,0.7402753271587538
64746.0,0.0592,0.0234,0.7616,13.504712000000001,12.368632000000002,-30.988941666666665,0.29436179781972954,-5.632450433726421,54.87134324166681,0.764255690197986
64762.0,0.0532,0.0391,0.807,22.504712,10.452632000000001,-25.149241666666665,0.6730180445613579,-5.418139291365384,54.67014930833347,0.8096962702149493
64778.0,0.0532,0.0566,0.8673,25.718412,9.345732,-21.904941666666666,1.0991770941438823,-5.226340094430402,54.49490977500014,0.8707715486854172
64794.0,0.0815,0.0868,0.9343,22.588712,12.918332,-18.500341666666664,1.475797289913913,-4.986594283731752,54.3469070416668,0.9418561355111512
64809.0,0.0885,0.0936,0.9974,17.291012000000002,14.223631999999998,-13.340041666666668,1.7524285212638988,-4.749228537689383,54.2468567291668,1.0056838320267458
64826.0,0.0679,0.0779,1.0258,10.321512,11.177831999999999,-7.065241666666666,1.9455123440169015,-4.5399937542579645,54.18680217500013,1.03099197863029
64841.0,0.0092,0.053,1.0245,7.7566120000000005,5.383932,-1.8438416666666664,2.0771693822338784,-4.434733743143879,54.17297336250013,1.025911248598045
64857.0,-0.0306,0.0408,1.0226,7.5123120000000005,0,0,2.2087252911507274,-4.399256765398149,54.17297336250013,1.0238709684330345
64873.0,-0.0283,0.0494,1.0002,9.260412,-4.585568,0.6294583333333335,2.3652124786801307,-4.426810689349711,54.178009029166795,1.001818990636532
64888.0,0.0018,0.0654,1.0095,11.581012000000001,-8.822168000000001,2.8126583333333333,2.545695805320802,-4.506959415931984,54.1991039666668,1.0116178379210206
64905.0,0.0349,0.0895,0.9799,13.062012000000001,-12.722968000000002,6.339358333333333,2.7749776955543255,-4.667976958013596,54.25298851250013,0.9845975167549429
64920.0,0.0588,0.126,1.0037,12.619212000000001,-10.287768,10.873658333333333,2.976364742911879,-4.768078166850239,54.33454095000013,1.013285315200018
64935.0,0.0724,0.166,1.0394,8.894012000000002,-10.898468000000001,16.950058333333335,3.131305626167158,-4.879333498216585,54.46166638750013,1.0550592969117898
64952.0,0.1191,0.1799,1.0277,1.1688120000000009,-9.516867999999999,24.972958333333334,3.184473180903225,-4.996105429050354,54.67393653333347,1.0501029044812704
64967.0,0.1583,0.1603,1.0063,-8.792988,2.406832,33.21715833333334,3.0968085430187666,-4.92976483749128,54.923065220833465,1.0312102937810501
64984.0,0.1439,0.0997,1.0217,-19.449488,11.727432,42.64465833333333,2.8167072626701404,-4.714579157519083,55.2855448166668,1.0365896922119187
64999.0,0.084,0.0391,1.0103,-30.052487999999997,18.322832,48.33935833333334,2.4180008948532206,-4.431441412616525,55.6480900041668,1.0145397478659968
65015.0,0.0044,-0.0428,0.9644,-41.495288,26.490831999999997,47.28585833333334,1.8034507844440792,-4.000409516829599,56.02637687083347,0.9653592906270702
65031.0,-0.0592,-0.1283,1.6561,-0.7395879999999992,0,-0.9889416666666666,1.8125843737765364,-3.9751195846890326,56.01846533750013,1.6621169453440994
65047.0,-0.0907,-0.1823,0.6927,-44.876988000000004,41.009932000000006,27.369858333333333,1.1046479908281424,-3.2931013686396517,56.2374242041668,0.7220062811361131
65062.0,-0.0994,-0.1815,0.6646,-29.724287999999998,43.658732,15.545458333333332,0.653842169915255,-2.611380277634235,56.3540151416668,0.6960716701604799
65079.0,-0.0852,-0.1376,0.6832,-6.197588,36.948832,7.095058333333333,0.5283047829131855,-1.9571906652570505,56.41432313750013,0.702107570105892
65094.0,-0.0873,-0.0374,0.8253,18.504712,25.849632,1.4156583333333335,0.7767373656585245,-1.5396343032124895,56.424940575000136,0.8307467363763761
65111.0,-0.0437,0.0917,1.0297,32.031412,17.918332,-3.553841666666666,1.2944911553669456,-1.2063725067161999,56.39473292083347,1.0346983473457374
65126.0,0.0465,0.1947,1.1604,27.008512000000003,15.193131999999999,-6.584341666666666,1.6886018519499366,-0.9609971458896324,56.34535035833347,1.1775391713229757
65142.0,0.147,0.2388,1.1564,8.039112000000001,16.429732,-4.088141666666666,1.8290947550733885,-0.7032285545107269,56.31264522500014,1.1899140305080869
65158.0,0.1979,0.2141,0.996,-10.838788,22.322832,2.2019583333333337,1.6908235894450432,-0.3794072320115153,56.3302608916668,1.0377953651852565
65174.0,0.193,0.1566,0.8297,-17.670887999999998,28.315231999999998,9.736258333333332,1.4607901649605177,0.01247347545749243,56.40815095833347,0.8661262321394035
65189.0,0.1729,0.1088,0.7181,-12.609788,32.559532000000004,18.087458333333334,1.3340181961519066,0.4147031394749645,56.54380689583347,0.7465918965539339
65206.0,0.1207,0.0878,0.7445,-3.388387999999999,37.009932000000006,25.224858333333334,1.342412902264411,0.9380335967833827,56.758218191666806,0.7593138876643835
65221.0,-0.0397,0.0641,0.9169,2.0085120000000005,28.925932,30.392758333333333,1.435515652332049,1.2728873037418575,56.9861638791668,0.9199948423768473
65236.0,-0.16,0.0292,1.011,1.8024120000000008,14.758032,28.064558333333334,1.517599332118554,1.420237140720736,57.1966480666668,1.0239988476556015
65253.0,-0.2213,0.0195,1.007,-0.8998879999999991,7.162532,18.850758333333335,1.5499467220590553,1.4988148526044314,57.356879512500136,1.031214303624615
65268.0,-0.207,0.0144,0.9624,-1.6250879999999992,4.490832,6.942358333333334,1.5665610049407974,1.5490200642800487,57.408947200000135,0.9845151700202491
65284.0,-0.116,0.0322,0.9504,0,3.284732,-2.4927416666666664,1.6034190136942206,1.5964071562133397,57.3890052666668,0.9579942588554485
65300.0,-0.0219,0.0513,0.9318,0,-1.1427679999999998,-5.294241666666666,1.6390261285164347,1.5734297004607516,57.34665133333347,0.9334680176631656
65315.0,0.0203,0.0542,0.8921,0,-4.455768,-5.187341666666667,1.674103086359344,1.4982805588641581,57.30774627083347,0.89397546946211
65332.0,0.0289,0.0425,0.866,0.9398120000000008,-4.822168,-5.866741666666666,1.7230522492836988,1.4041936988473156,57.2578789666668,0.8675237518362249
65347.0,0.0435,0.0209,0.8337,4.161212000000001,-5.272568,-6.698841666666667,1.8130902255493744,1.3079218635719605,57.2076376541668,0.835095653203871
65362.0,0.0437,0.0084,0.8116,9.550512000000001,-7.158067999999999,-7.072841666666666,1.9759582424319153,1.1795102168896694,57.1545913416668,0.812819051203895
65379.0,0.0529,0.0151,0.8168,16.077212000000003,-8.791668000000001,-6.927841666666667,2.2596136564564966,1.0054068886273644,57.09570468750014,0.8186505115126966
65394.0,0.0537,0.0289,0.8477,18.764312000000004,-8.425168,-8.637741666666667,2.544040002865211,0.8509031576020559,57.03092162500014,0.8498906929717491
65411.0,0.0835,0.0353,0.8628,17.336812000000002,-6.783968000000001,-10.317141666666668,2.8350966528168975,0.7005983243579723,56.94322592083347,0.8675495259637919
65426.0,0.1189,0.0258,0.8633,14.237512,-3.5549679999999997,-10.095741666666667,3.0389440368265563,0.6006951229830084,56.86750785833347,0.8718312566087545
65442.0,0.0787,0.0098,0.9335,11.634512,-2.8450679999999995,-7.607241666666666,3.2077436358944214,0.5038579635554516,56.80664992500014,0.9368628394807854
65458.0,0.0118,-0.0386,0.9193,9.283312,-7.432868,-8.256041666666667,3.326533220469793,0.3396387849716297,56.7406015916668,0.9201856823489485
65473.0,0.0007,-0.0604,0.9132,8.855912000000002,-5.8755679999999995,-13.332441666666668,3.4160581749357597,0.21261647655202698,56.640608279166806,0.9151955474104975
65489.0,0.0177,-0.0573,0.9486,7.100112,-4.929068,-18.271341666666665,3.474947647745845,0.09852962640826121,56.49443754583347,0.9504938400642058
65505.0,0.0266,-0.0494,0.9492,3.054312000000001,-5.913768,-21.782841666666666,3.461319577435808,-0.028669268923813027,56.320174812500134,0.9508567505150289
65521.0,0.0382,-0.0466,0.9102,0,-6.142767999999999,-23.691241666666667,3.3933877208443657,-0.15847718935787486,56.1306448791668,0.9121923262119672
65537.0,0.0313,-0.0383,0.9169,0,-7.0664679999999995,-23.607241666666667,3.3218530989693913,-0.3006814986185611,55.94178694583347,0.9182331893370006
65553.0,0.009,-0.0366,0.9231,0.5658120000000008,-14.142768,-22.782841666666666,3.256384183195686,-0.54862445662433,55.75952421250014,0.9238691303426043
65568.0,0.0135,-0.0276,0.9207,1.8177120000000007,-17.303068,-23.164441666666665,3.207400530310671,-0.8226489381303627,55.58579090000014,0.9212125161980811
65585.0,0.0044,-0.0157,0.9565,0,-16.799268,-24.897341666666666,3.131815994282518,-1.114063369374891,55.37416349583347,0.9566389601098212
65600.0,-0.0331,0.0048,0.9684,-4.586887999999999,-20.272568,-26.225541666666665,2.9921148218530864,-1.4107186041871165,55.17747193333347,0.9689774042773134
65616.0,-0.0286,0.0118,0.9238,-8.075388,-22.921368,-29.049941666666665,2.7984469590132277,-1.7571840396543805,54.945072400000136,0.9243179323154993
65632.0,0.0424,0.0096,0.871,-9.090688,-18.119868,-32.10344166666667,2.5946187070749667,-2.025283935178086,54.6882448666668,0.8720842390503339
65648.0,0.1169,0.0181,0.8729,-8.922787999999999,-9.272568,-30.683541666666667,2.4002842669772946,-2.1621525187325035,54.442776533333465,0.8808788963302504
65664.0,0.1349,0.0181,0.9331,-8.113588,-3.440468,-24.546141666666667,2.225052320560685,-2.2184710475447083,54.24640740000013,0.9429746709217592
65680.0,0.1001,0.0087,1.0188,-9.098288,1.5748320000000002,-17.347641666666664,2.0389629537829395,-2.2023892838641146,54.1076262666668,1.023742711817769
65695.0,0.0255,-0.0237,1.0702,-13.136488,8.017532,-14.309541666666668,1.80313810694728,-2.0905395698525373,54.0003047041668,1.0707660715581158
65712.0,-0.0604,-0.0458,1.08,-15.983787999999999,15.361032000000002,-17.332441666666664,1.4935610390118392,-1.8299495439483273,53.852978950000136,1.0826568246679094
65727.0,-0.1281,-0.0652,1.0737,-13.121188,14.803832,-21.317141666666664,1.2566448204508054,-1.5935376490634974,53.69310038750014,1.083278514510465
65743.0,-0.1692,-0.0587,1.0735,-4.159388,8.834332,-26.927841666666666,1.1467944085262958,-1.4191232624784245,53.477677654166804,1.088336611531561
65759.0,-0.2064,-0.0127,1.0896,7.4742120000000005,0,-32.43924166666667,1.2222390441532993,-1.3632119868473491,53.21816372083347,1.109049327126616
65775.0,-0.14,0.0927,1.0875,15.871112,-9.448068,-36.43924166666667,1.4405388672994088,-1.4434924764228139,52.92664978750014,1.1003860867895412
65790.0,-0.1084,0.1068,1.0635,16.741412,-20.829768,-37.477441666666664,1.6645411667271455,-1.6721611094359887,52.64556897500014,1.0743319086762713
65807.0,-0.0179,0.1726,0.9814,13.603912000000001,-24.791668,-39.904941666666666,1.8836740709780502,-2.005805888244898,52.30637697083347,0.9966228624710554
65822.0,0.0499,0.1766,0.9047,8.558112000000001,-18.631368000000002,-37.78284166666666,2.015616487633573,-2.203573525738933,52.02300565833347,0.9231249427894362
65839.0,0.1021,0.1686,0.8428,2.665012000000001,-13.753468000000002,-33.111041666666665,2.079484676117468,-2.3677086967704883,51.7415618041668,0.8655415703477217
65854.0,0.11,0.1372,0.7665,-0.922787999999999,-6.783968000000001,-26.912541666666666,2.0957294639221984,-2.4140137277194604,51.5397177416668,0.7864134345241057
65870.0,0.0696,0.0885,0.7072,1.0925120000000008,-3.180968,-20.698841666666667,2.147784421564338,-2.418572106294316,51.37412700833347,0.7161063119397846
65886.0,0.0251,0.0432,0.675,9.153612,-3.4022680000000003,-15.981241666666667,2.324927221620434,-2.4294649271285205,51.24627707500014,0.6768465483401684
65901.0,0.0066,0.0284,0.6975,19.207012000000002,-1.791668,-14.614841666666667,2.634984413502946,-2.4135182283352505,51.13666576250014,0.6981091390319998
65917.0,0.0282,0.0433,0.7684,25.054312000000003,-0.6694679999999997,-13.981241666666667,3.0484935682098637,-2.385196399857434,51.024815829166805,0.7701355010645854
65933.0,0.0452,0.0632,0.8352,25.046712000000003,-0.9442680000000001,-11.576741666666667,3.4548778270548746,-2.3667996030761786,50.93220189583347,0.8388064854303405
65949.0,0.0361,0.0785,0.8698,22.779512000000004,-1.738168,-8.500341666666667,3.82043886149739,-2.3645259981039084,50.86419916250014,0.8740809459083295
65965.0,0.0266,0.0775,0.903,20.382612,0,-5.591941666666666,4.1432395894624685,-2.336692942740834,50.81946362916681,0.9067098819357822
65981.0,0.0101,0.0806,0.9204,18.176512000000002,-2.409968,-2.9736416666666665,4.427143131575998,-2.346482903196624,50.79567449583348,0.9239775592513056
65996.0,0.0101,0.0916,0.912,16.535212,-3.257268,0,4.666846008681373,-2.365544770808737,50.79567449583348,0.9166441894213916
66013.0,0.0295,0.0967,0.9138,15.245212,-2.5168679999999997,2.5759583333333333,4.916359973407424,-2.380225435570636,50.81757014166681,0.9193756468386575
66028.0,0.04,0.1018,0.9012,13.428412,-1.2648679999999999,7.217158333333334,5.1083731017576826,-2.3744069741362135,50.87169882916681,0.9078131305505556
66043.0,0.0278,0.1051,0.9177,9.344412,0.9870320000000001,12.820258333333333,5.240410945213785,-2.3367902718258375,50.96785076666681,0.9241169514731347
66060.0,-0.002,0.0853,0.8932,3.382612000000001,2.399232,16.530158333333333,5.290033886031715,-2.2717589232032114,51.10835711250014,0.8972660307846274
66075.0,-0.0278,0.0593,0.8677,-1.0219879999999992,4.498432,18.285858333333334,5.265351212796468,-2.1761639412714455,51.245501050000136,0.8701681561629339
66091.0,-0.0455,0.054,0.8489,-1.8311879999999994,4.872532,19.278258333333333,5.225238171541181,-2.064771496038291,51.3997271166668,0.8518318261253215
66107.0,-0.0549,0.0642,0.8586,0.6574120000000008,4.979332,20.247758333333334,5.224134426870018,-1.94595998618931,51.56170918333347,0.862745391178649
66122.0,-0.0707,0.0787,0.9052,4.672612000000001,1.536632,21.583658333333336,5.282073603015808,-1.8757841146580694,51.72358662083347,0.9113611907471153
66139.0,-0.0676,0.1235,0.9421,7.405512000000001,-3.211468,22.377458333333333,5.399453875935892,-1.875311751547478,51.9137950166668,0.9525620294762961
66154.0,-0.0087,0.1709,0.9556,7.489412000000001,-3.173268,23.835558333333335,5.512313064820868,-1.8686356708205787,52.092561704166805,0.9708006283475511
66169.0,0.0636,0.218,0.9496,4.092512000000001,0.643532,28.018758333333334,5.588828387057355,-1.815738080239406,52.302702391666806,0.9763755015361661
66186.0,0.1282,0.2572,0.9363,-2.4876879999999995,9.796132,36.28585833333334,5.581350203246397,-1.6270186852763568,52.61113218750014,0.9794104195892548
66201.0,0.177,0.2706,0.973,-11.686088,23.895432,47.53015833333333,5.4616655300529775,-1.2751032574594456,52.96760837500014,1.0253206132717707
66217.0,0.1339,0.2413,1.0454,-23.731887999999998,31.559532,63.01875833333334,5.154985812038039,-0.7996041832189976,53.47175844166681,1.0812104605487316
66232.0,-0.0001,-0.0001,-0.0001,1.2223120000000007,2.009932,0.9729583333333334,5.244512384565153,-0.798909346035891,53.47905562916681,0.00017320508075688773
66246.0,-0.0001,-0.0001,-0.0001,1.2223120000000007,2.009932,0.9729583333333334,5.33103801053103,-0.800183465473177,53.48586633750014,0.00017320508075688773
66262.0,-0.0072,0.1676,1.0652,-36.892188000000004,35.445032000000005,72.39275833333333,4.821185570728974,-0.2660642296588005,54.06500840416681,1.07832863265333
66278.0,-0.2141,-0.0814,0.8025,-50.632688,31.513732,50.38515833333334,4.076735005732733,0.2309117847072863,54.46808967083348,0.8345483928448967
66293.0,-0.1681,-0.1027,0.6912,-37.640288,31.643532,38.37745833333334,3.5598228370836664,0.7140851249186944,54.755920608333476,0.7187227142646878
66310.0,-0.1283,-0.0681,0.6875,-16.670887999999998,28.864832,31.117958333333334,3.308137962140586,1.220490433378076,55.02042325416681,0.702676846067949
66325.0,-0.1079,0.0016,0.7662,7.497112,19.032832,29.919458333333335,3.4399355985132196,1.5278130432170878,55.24481919166681,0.7737618561288737
66341.0,-0.0907,0.0996,0.9465,23.680312,13.231231999999999,30.438558333333333,3.8340770649706215,1.763642184851081,55.488327658333475,0.9560381268547818
66357.0,-0.0793,0.1685,1.1066,21.642112,11.964132,30.469058333333333,4.19946366469159,1.9780178054105242,55.73208012500014,1.122160550010559
66372.0,-0.042,0.1869,1.1223,5.573412,9.383932,30.858458333333335,4.311643027799019,2.1359096767217025,55.96351856250014,1.1385310272451956
66388.0,-0.0422,0.1428,1.0002,-10.121188,10.009932,32.94235833333333,4.1865572815177385,2.308357523922505,56.227057429166805,1.0112233778943205
66404.0,-0.0913,0.106,0.8339,-15.502888,9.712232,28.950058333333335,3.981969232899104,2.479193619934037,56.458657895833475,0.8455536056336109
66420.0,-0.1011,0.095,0.7793,-11.770088,13.735132,24.659958333333336,3.841472694283821,2.717345563471039,56.65593756250014,0.7915520829357977
66436.0,-0.0604,0.1096,0.7985,-4.258588,12.269431999999998,23.194258333333334,3.824616125488842,2.929088812253378,56.84149162916681,0.8082466022198918
66452.0,-0.0389,0.1295,0.8503,-0.6097879999999991,11.674032,23.873658333333335,3.8699778520662704,3.1251212837730917,57.03248089583348,0.860984059085881
66467.0,-0.0375,0.1317,0.9054,-2.105987999999999,13.635832,24.209558333333334,3.896656454625087,3.3320697197647124,57.21405258333348,0.9156966200658382
66483.0,-0.0403,0.1161,0.9155,-5.418988,15.322832000000002,24.133258333333334,3.8697912988228964,3.572713105572406,57.40711865000015,0.9237118327703722
66499.0,-0.054,0.0864,0.8969,-6.304487999999999,14.216031999999998,23.698158333333335,3.826861024313615,3.7913852464681614,57.59670391666682,0.9026685825927476
66514.0,-0.0524,0.0576,0.8667,-3.334987999999999,12.796132,21.988158333333335,3.828876728388523,3.971078417632045,57.76161510416682,0.8701910192595647
66531.0,-0.0231,0.0404,0.8566,2.1994120000000006,12.712232,19.545458333333336,3.9092582261652673,4.167236404224525,57.927751500000156,0.8578632350205947
66546.0,0.0045,0.046,0.8973,6.382612000000001,12.078631999999999,18.522558333333336,4.038880972736468,4.318046104251868,58.06667068750016,0.8984895881422332
66563.0,-0.0133,0.0443,0.9465,6.840612,7.345732,19.003458333333334,4.179546616303242,4.406281630953217,58.22820008333349,0.9476294792797446
66578.0,-0.0847,0.0419,0.9528,5.107812000000001,2.841932,16.484358333333333,4.272338834505581,4.417498536134987,58.35183277083349,0.9574745636308047
66593.0,-0.0972,0.0343,0.9385,4.084912000000001,2.590032,9.102658333333332,4.341938597394748,4.431228905520293,58.42010270833349,0.9441433048007066
66610.0,-0.0582,0.05,0.9243,5.344412,1.338132,3.8431583333333332,4.435698235130341,4.429740092420859,58.45276955416682,0.9274792342688865
66625.0,-0.0186,0.0698,0.892,7.466512000000001,-2.5549679999999997,2.4385583333333334,4.548098506326764,4.3643363168303,58.47105874166682,0.8949201081660866
66640.0,-0.0017,0.0807,0.8817,9.810112,-4.012968,1.4767583333333334,4.694022797947312,4.273018972855018,58.48213442916683,0.8853870735446729
66657.0,0.0223,0.0956,0.892,11.306212,-3.7839679999999998,0.9347583333333335,4.884176829167039,4.171113785835236,58.49007987500016,0.8973854523001807
66672.0,0.0321,0.0959,0.9167,10.184112,-3.501568,0.7439583333333334,5.034334954185834,4.073921558406573,58.495659562500165,0.9222614108808846
66688.0,0.0165,0.092,0.9268,6.5123120000000005,-3.8068679999999997,0.9805583333333334,5.13548381191842,3.9644510359980356,58.503504029166834,0.931501202361006
66704.0,-0.0198,0.0718,0.9152,1.5658120000000006,-2.0587679999999997,-0.5690416666666667,5.156027947048753,3.883875990752851,58.4989516958335,0.918225636758199
66719.0,-0.0599,0.0499,0.8989,-2.304487999999999,-1.654268,-3.584341666666666,5.114209644513143,3.8174110096405425,58.4720691333335,0.9022744759772383
66735.0,-0.0249,0.0515,0.8657,-1.9150879999999992,-1.234368,-5.561441666666666,5.074456738212788,3.7569886981779668,58.42757760000016,0.8675878918011708
66751.0,-0.0313,0.0444,0.8943,0.6421120000000008,-0.7305679999999999,-4.653041666666667,5.072030194512058,3.7061550319758196,58.39035326666683,0.8959484025321993
66766.0,-0.0691,0.0444,0.9426,2.138312000000001,-3.387068,-3.9736416666666665,5.087335787302283,3.6230506816786554,58.360550954166825,0.9461717233145366
66783.0,-0.0771,0.0541,0.9861,3.367312000000001,-4.089368,-3.637741666666666,5.124542240357103,3.528556043209545,58.329630150000156,0.9905879213881017
66798.0,-0.0983,0.037,1.0327,2.352012000000001,-5.051168,-3.576741666666666,5.134774600556423,3.43687537926336,58.302804587500155,1.038027542987179
66813.0,-0.1343,0.0315,1.0363,-0.808287999999999,-9.295468,-6.072841666666666,5.093500372217937,3.2952046831456516,58.257258275000154,1.045440782636683
66830.0,-0.186,-0.0042,0.9923,-4.541087999999999,-9.493967999999999,-11.691241666666667,4.980978269286199,3.150748640456614,58.157882720833484,1.009590476381389
66845.0,-0.1101,0.0284,0.993,-7.029587999999999,-10.692367999999998,-16.439241666666664,4.839611012100549,3.015125295580218,58.034588408333484,0.9994886542627685
66862.0,-0.0851,0.0273,0.9648,-7.281587999999999,-16.768768,-15.653041666666669,4.680107172311091,2.761683142472676,57.901537554166815,0.9689305135044515
66877.0,-0.1007,0.0161,0.9125,-6.113587999999999,-21.249668,-15.759941666666668,4.5515036930187405,2.484163392011572,57.78333799166681,0.9181807828527017
66893.0,-0.1141,0.0188,0.8777,-1.8616879999999993,-23.539768000000002,-17.042341666666665,4.483282613722424,2.160928191484905,57.64699925833348,0.8852850049560311
66909.0,-0.0914,0.0406,0.8812,3.9780120000000005,-26.539768000000002,-19.126341666666665,4.508038650872033,1.79928796966561,57.49398852500015,0.8868572376656798
66925.0,-0.0437,0.0747,0.9175,6.581012,-24.722968,-20.095741666666665,4.5771587034994825,1.4691147369685416,57.33322259166682,0.921572585312736
66940.0,0.0286,0.1198,0.9574,3.2681120000000004,-17.646568000000002,-18.759941666666666,4.598691868526513,1.2607342134821817,57.19252302916682,0.9652899875167048
66957.0,0.0825,0.1387,0.9762,-2.426587999999999,-9.974868,-12.935441666666668,4.541506330929379,1.1313263511176945,57.082571775000154,0.989449533831817
66972.0,0.09,0.1346,0.9706,-5.922788,-5.493968,-3.332441666666666,4.447451643399314,1.0725846777576808,57.05757846250015,0.984012967394231
66988.0,0.0139,0.0908,0.9839,-6.930387999999999,-5.3183679999999995,5.797358333333333,4.335938310980729,1.0060546203155223,57.10395732916682,0.9881786579359018
67004.0,-0.1166,0.0313,1.0052,-7.983787999999999,-6.012968,9.362258333333333,4.204787487632409,0.939954320555198,57.17885539583349,1.012423967515586
67019.0,-0.197,-0.01,1.0031,-7.502887999999999,-7.455768,6.438558333333334,4.081449849224255,0.878360848450406,57.22714458333349,1.0223104274142958
67036.0,-0.2104,-0.0267,0.9916,-6.083087999999999,-6.539768,0,3.9589604941568037,0.8367866269102664,57.22714458333349,1.0140274207337787
67051.0,-0.21,-0.0313,0.9869,-3.403688,-7.730568000000001,-5.859141666666666,3.8802677843951274,0.8075335476583054,57.18320102083349,1.0094807080870838
67067.0,-0.184,-0.0197,0.96,1.0009120000000007,-11.249668,-10.500341666666667,3.8614649558033953,0.727809807528558,57.09919828750016,0.9776727929118207
67083.0,-0.1283,0.0055,0.9135,7.069612,-11.684767999999998,-13.927841666666668,3.9347227427697766,0.6473707867273747,56.987775554166824,0.9224821895299659
67099.0,-0.1038,0.0363,0.9255,11.871112,-11.074068,-15.546141666666669,4.082289368446462,0.5791507554152633,56.86340642083349,0.93200986046286
67115.0,-0.0618,0.0505,0.9198,12.275712,-12.051168,-16.317141666666664,4.235432748889317,0.49297060754571576,56.73286928750016,0.9232559395963829
67131.0,-0.0242,0.0753,0.9187,10.130712,-11.318368,-15.454541666666666,4.356863297826127,0.41187904759376415,56.60923295416683,0.9220983786993663
67146.0,-0.0078,0.0883,0.9115,7.268112,-7.6007679999999995,-13.828641666666668,4.429989383767606,0.38887941344880583,56.505518141666826,0.9158001856300314
67162.0,-0.0043,0.0938,0.9049,4.451312000000001,-5.028268,-11.820941666666668,4.470878654436705,0.39045064439056043,56.41095060833349,0.9097587262565828
67178.0,0.0045,0.0892,0.8679,3.2833120000000005,-5.028268,-9.278941666666666,4.498023824258165,0.38326102695138337,56.33671907500016,0.8724834095843886
67193.0,0.0055,0.0906,0.8354,5.703212000000001,-6.012968,-5.523241666666666,4.56231908832638,0.3588147146348405,56.29529476250016,0.8403164701468132
67210.0,0.0217,0.0938,0.828,9.306212,-5.8145679999999995,-2.0118416666666663,4.701899692583116,0.3171866061251143,56.278194108333494,0.8335786285648162
67224.0,-0.0001,-0.0001,-0.0001,1.2223120000000007,2.009932,0.9729583333333334,4.700404321847571,0.40085268578071853,56.28500481666683,0.00017320508075688773
67237.0,-0.0001,-0.0001,-0.0001,1.2223120000000007,2.009932,0.9729583333333334,4.697726557238631,0.48089199540536415,56.29132904583349,0.00017320508075688773
67252.0,-0.0001,-0.0001,-0.0001,1.2223120000000007,2.009932,0.9729583333333334,4.697482039488626,0.5632880804021734,56.29862623333349,0.00017320508075688773
67268.0,0.012,0.097,0.8523,10.588712000000001,-4.432868,1.5530583333333334,4.852078364084347,0.5352127718367313,56.31105070000016,0.8578859423023553
67283.0,0.0211,0.0878,0.8429,7.558112,0,10.285858333333334,4.953065412461779,0.5674239495342912,56.388194637500156,0.847723103377512
67299.0,0.0099,0.0723,0.8268,8.443612000000002,-1.8984679999999998,12.858458333333333,5.074845502473227,0.5626606814548414,56.491062304166825,0.8300141806017532
67315.0,-0.0103,0.0731,0.8562,9.260412,0,13.804958333333333,5.208076084202108,0.5851049448735626,56.60150197083349,0.8593765996348748
67331.0,-0.0311,0.075,0.9102,5.833012000000001,2.1931320000000003,12.484358333333333,5.285466115990221,0.6421529795948744,56.701376837500156,0.9138141222371211
67347.0,-0.0017,0.0831,0.9226,0,3.132032,11.262958333333334,5.271403987831572,0.7088857506990232,56.79148050416682,0.9263364723468465
67362.0,0.0319,0.0786,0.8955,-5.052487999999999,5.170232,12.774458333333333,5.18436368593038,0.7929586416141146,56.88728894166682,0.8995086547665897
67378.0,0.0529,0.0542,0.8367,-3.7471879999999995,5.834332,15.957658333333333,5.112610951555679,0.8807066993454299,57.01495020833348,0.8401207889345437
67394.0,0.0564,0.0338,0.8184,2.7032120000000006,6.132032,21.026358333333334,5.138932573170278,0.9618844959139287,57.18316107500015,0.8210371246173951
67409.0,0.0172,0.0247,0.8616,6.665012000000001,8.506032000000001,25.026358333333334,5.214540029123162,1.0675569939277687,57.37085876250015,0.8621255651005834
67425.0,-0.0321,0.0198,0.9104,6.4742120000000005,11.521332000000001,25.011058333333335,5.285915673059447,1.2313138557386567,57.57094722916681,0.9111808876397705
67441.0,-0.0419,0.0336,0.951,4.2604120000000005,16.078632,23.446158333333333,5.317248191094927,1.4685932859282935,57.758516495833476,0.9525153909517682
67457.0,-0.0514,0.0219,0.9694,3.5505120000000012,18.109132,22.911858333333335,5.331675856703161,1.7388826184102115,57.94181136250014,0.9710087177775492
67473.0,-0.0828,0.0155,0.9863,5.955112000000001,15.338132000000002,23.003458333333334,5.378053988541203,1.9696534145718312,58.125839029166805,0.9898907919563652
67488.0,-0.1124,0.0143,1.014,9.596312000000001,10.727432,21.827858333333335,5.46609657530213,2.124925693309025,58.2895479666668,1.0203108594933212
67504.0,-0.1211,0.0205,1.0261,12.069612000000001,7.964132,18.232458333333334,5.5968669463658545,2.2556869909242834,58.43540763333347,1.0334247287538654
67520.0,-0.1104,0.033,1.0109,13.466512,4.773232,13.362258333333333,5.745386662287089,2.3424463171100975,58.542305700000135,1.0174458069106185
67535.0,-0.0802,0.0537,0.9884,15.573412000000001,0,9.888958333333333,5.910102585836131,2.3565391714321176,58.61647288750014,0.9931013493093239
67552.0,-0.0532,0.0874,0.9691,17.115412000000003,-3.188568,7.7744583333333335,6.133307052011536,2.3174309369831088,58.68255578333347,0.9744864339743268
67567.0,-0.0503,0.1101,0.9515,15.878812,-5.012968,5.2858583333333335,6.308214543302426,2.2584710147582054,58.72219972083347,0.9591685722541163
67582.0,-0.0076,0.1163,0.9237,11.367312,-6.058768,3.873658333333333,6.421346055329647,2.1801157534411666,58.75125215833347,0.9310237053910067
67599.0,0.0299,0.115,0.87,4.596312000000001,-3.2725679999999997,5.438558333333334,6.449226883280058,2.1287904330427048,58.797479904166806,0.8780768815997834
67614.0,0.0599,0.1156,0.8131,-1.281587999999999,1.7809320000000002,8.117958333333334,6.388607378522509,2.147370192368794,58.858364591666806,0.8234579406381362
67631.0,0.022,0.0746,0.8,-4.174688,5.6511320000000005,13.545458333333332,6.2802361081705325,2.22758275190467,58.97350098750014,0.8037718332959921
67646.0,-0.0447,0.0598,0.7882,-3.0677879999999993,7.223632,15.751558333333334,6.198282161641587,2.3214461243800883,59.091637675000136,0.7917280909504222
67661.0,-0.1001,0.045,0.8102,0.8864120000000008,10.185431999999999,13.621758333333332,6.173737129401193,2.467096440058281,59.19380086250013,0.8175995658022331
67678.0,-0.116,0.0652,0.8488,4.313912000000001,13.994632,9.102658333333332,6.208623957504904,2.7043654433434625,59.271173458333465,0.8591673178141729
67693.0,-0.119,0.0885,0.907,4.9704120000000005,15.964132,3.3011583333333334,6.246548530069118,2.9484240327299207,59.29593214583346,0.9190442045951871
67708.0,-0.0868,0.1129,0.9193,2.771912000000001,17.696932,-0.8515416666666666,6.256703438193851,3.217726613643686,59.289545583333464,0.9302650912508756
67725.0,-0.0634,0.1206,0.9216,-0.6021879999999993,20.162532,-2.370541666666667,6.221579146650928,3.558510181827908,59.269395979166795,0.9316171316587087
67740.0,-0.0594,0.1211,0.9034,-3.869287999999999,20.612932,-3.0270416666666664,6.145674133870929,3.8601933558726005,59.246693166666795,0.9134139970462463
67757.0,-0.0447,0.1224,0.89,-5.533487999999999,17.498432,-2.385841666666667,6.041122069284748,4.14311800347012,59.22641351250013,0.8994886602953925
67772.0,-0.0441,0.1315,0.8706,-4.770087999999999,13.658732,0,5.966766126781317,4.328599998553045,59.22641351250013,0.8815789357737628
67788.0,-0.0471,0.1398,0.8894,-3.4570879999999997,12.002232,1.8049583333333334,5.916059051042048,4.497087426233739,59.2408531791668,0.9015513351994994
67804.0,-0.0299,0.1361,0.8887,-4.670888,9.353432,3.2324583333333337,5.852497563149311,4.6178318762399,59.26671284583347,0.8995581748836481
67819.0,-0.0135,0.1373,0.8497,-4.953288,13.727432,4.255358333333334,5.796019662583899,4.786884294843282,59.298628033333465,0.86082729394461
67835.0,-0.0237,0.1433,0.8766,-4.327387999999999,15.193131999999999,5.972958333333334,5.750854436704348,4.986144482835955,59.34641170000013,0.8885517092437559
67851.0,-0.0425,0.1489,0.8983,-4.510587999999999,16.704532,6.797358333333333,5.708773846814586,5.2048542566321405,59.4007905666668,0.9115483256525679
67866.0,-0.0497,0.1403,0.9238,-6.762487999999999,18.910632,7.224858333333334,5.641862048817741,5.435778701206146,59.4549770041668,0.9357139627044153
67883.0,-0.0813,0.1343,0.9319,-8.663188,21.002232,4.911858333333333,5.533133586185934,5.738466534192734,59.49672780000013,0.9450311053081797
67898.0,-0.1158,0.121,0.9453,-10.182288,25.521331999999997,1.5301583333333335,5.420877331830684,6.068645831140286,59.50820398750013,0.9600222549503735
67914.0,-0.1161,0.1066,0.9647,-13.136488,32.704532,-1.9736416666666667,5.252141981506213,6.537098238176894,59.492414854166796,0.9774911048188623
67930.0,-0.1448,0.0959,0.9631,-16.556388,42.529032,-5.2560416666666665,5.029671016237334,7.160252501203396,59.45036652083346,0.9786344874364483
67946.0,-0.1533,0.0773,0.9591,-17.884587999999997,41.765632000000004,-9.920241666666668,4.78547742683258,7.76897085493406,59.37100458750013,0.9743454161641034
67961.0,-0.131,0.0499,0.9379,-18.327388,31.101532,-7.782841666666667,4.549379132434447,8.174195239753411,59.31263327500013,0.9483182060890742
67978.0,-0.1245,0.0192,0.8812,-16.098287999999997,20.620632,0,4.309180481247454,8.463230104681216,59.31263327500013,0.890158598228428
67993.0,-0.1757,0.0115,0.8344,-11.021987999999999,15.788532,2.4538583333333337,4.17038399014736,8.647076763427341,59.33103721250013,0.8527755273224016
68009.0,-0.1886,0.0216,0.8533,-5.892187999999999,13.040432,-0.6759416666666667,4.096272584203987,8.81196877572488,59.325629679166795,0.8741609748781971
68025.0,-0.1337,0.041,0.8684,-3.9914879999999995,11.032831999999999,-2.309541666666666,4.048773157358189,8.946137209921892,59.30715334583346,0.8795881138351063
68040.0,-0.1349,0.0571,0.8884,-4.037287999999999,16.200732,-2.7064416666666666,4.003052295062245,9.146287459914346,59.28685503333346,0.9003960128743351
68057.0,-0.1432,0.0463,0.9095,-4.312087999999999,15.551932,-3.4698416666666665,3.941999117340255,9.367248780568234,59.257361379166795,0.9218677670902699
68072.0,-0.1471,0.0403,0.8943,-5.502888,14.032831999999999,-3.4240416666666667,3.8691285341597506,9.535186525815798,59.231681066666795,0.9072127589490792
68088.0,-0.1736,0.0269,0.9071,-7.083088,12.612932,-4.042341666666666,3.762122412743389,9.698145022588333,59.19934233333346,0.9239539923610915
68104.0,-0.2039,0.0173,0.9156,-8.594488,8.536632,-6.889641666666666,3.627378279837902,9.803736432970496,59.14422520000013,0.9381886057717819
68119.0,-0.2158,0.0288,0.9719,-9.571588,2.8267320000000002,-8.141541666666667,3.4848469452952533,9.824091556860164,59.08316363750013,0.995986290066284
68135.0,-0.2047,0.0459,1.0579,-13.502887999999999,-16.921368,-4.851541666666666,3.2716196314620167,9.542253082781615,59.044351304166796,1.0784995642094624
68151.0,-0.126,0.0825,1.1824,-25.166987999999996,-53.486267999999995,5.591258333333333,2.881160453222772,8.685486613475616,59.08908137083346,1.1919530234031874
68167.0,0.0079,0.1112,1.2056,-40.899888000000004,-108.325968,26.262958333333334,2.2563132547189673,6.963938766828389,59.29918503750013,1.2107432469355341
68183.0,-0.0487,0.0889,0.7845,-32.266288,-139.180968,45.843158333333335,1.7838560830099282,4.786515555157789,59.6659303041668,0.7910215863046974
68199.0,-0.099,0.0996,0.8765,24.848212000000004,-129.86796800000002,46.05685833333334,2.2210623238407576,2.797252193298902,60.03438517083347,0.8876786637066365
68215.0,-0.054,0.0759,0.9316,26.313912000000002,-156.23436800000002,57.072158333333334,2.6734776144783536,0.4268627623432055,60.49096243750013,0.9362453577989052
68231.0,-0.0577,0.048,0.7657,33.359712,-132.88326800000002,43.85075833333333,3.2262852522981027,-1.5340120123540464,60.841768504166794,0.7693697290639917
68247.0,0.0054,0.0558,0.7694,33.970411999999996,-103.425268,28.224858333333334,3.777639622190704,-3.0054313660930627,61.06756737083346,0.7714396671159709
68262.0,0.2024,0.1136,0.7854,45.367312,-103.524468,25.827858333333335,4.45953756295751,-4.383516603269462,61.26127630833346,0.8189773379038031
68279.0,0.2841,0.1388,0.8689,56.390212,-116.127468,39.08745833333334,5.409406852531316,-6.1912316660513635,61.59351970416679,0.9246434231637621
68294.0,0.179,0.1373,0.9452,57.023812,-117.936668,45.003458333333334,6.246044364305481,-7.788651727908392,61.931045641666785,0.9717485940303696
68311.0,0.157,0.1324,0.9365,44.825312,-87.440468,37.78205833333333,6.980146005295628,-9.09838681504309,62.252193137500115,0.9587549269756062
68326.0,0.1614,0.1285,0.9639,30.863512000000004,-53.692367999999995,27.972958333333334,7.41064812269085,-9.733827791575766,62.461990325000116,0.985730906485132
68342.0,0.2142,0.1356,0.9431,27.947512000000003,-58.112268,25.919458333333335,7.821866101096782,-10.502410065258537,62.66934599166678,0.97657903418003
68358.0,0.2394,0.1155,0.8337,33.894012,-64.539768,27.392758333333333,8.321305383598204,-11.381813870902462,62.88848805833345,0.8750475987053504
68374.0,0.2255,0.1063,0.8458,38.474212,-55.616068,25.339358333333333,8.884138632603582,-12.125004537382285,63.09120292500012,0.8817752434719405
68389.0,0.2268,0.1222,0.8862,35.962711999999996,-40.944267999999994,19.927158333333335,9.363904300253363,-12.60214267771755,63.24065661250012,0.9228875987897984
68406.0,0.2491,0.1375,0.8867,28.115412000000003,-17.730568,12.782058333333334,9.778193966060515,-12.78313441615844,63.34930410833345,0.9312324897682641
68421.0,0.2631,0.1343,0.8292,18.222312000000002,9.269432,6.621758333333334,9.987980856797014,-12.549484972572102,63.39896729583345,0.8802447046134387
68438.0,0.2551,0.1078,0.7346,10.619212000000001,48.735132,0,10.104621379395592,-11.664452118035708,63.39896729583345,0.7850694300506167
68453.0,0.1887,0.0813,0.6379,9.672612,109.009932,-10.088141666666667,10.184276561124122,-10.018261270868924,63.323306233333454,0.670174447438874
68469.0,0.0524,0.0802,0.7397,13.512312000000001,155.070932,-27.187341666666665,10.33067124387132,-7.566481538636803,63.10580750000012,0.7458779323723151
68485.0,0.1143,0.0663,0.9109,7.542912,186.567132,-38.75224166666666,10.374617268184686,-4.665909132435462,62.795789566666784,0.9204341312663281
68501.0,0.002,0.1206,0.9515,-5.731888,209.269432,-34.569041666666664,10.211023469979157,-1.4483535776033454,62.51923723333345,0.9591144926441264
68516.0,-0.1066,0.155,0.9417,-7.396087999999999,186.361032,-40.32474166666667,10.037941162411645,1.1938343504586444,62.21680167083345,0.9603059148000703
68533.0,-0.0863,0.1631,0.9231,-3.083087999999999,161.292332,-47.75224166666666,9.932314613219308,3.755329462575338,61.81090761666678,0.9413622628935154
68548.0,-0.0552,0.1931,0.9526,-2.411287999999999,153.03283199999998,-46.92024166666666,9.853861896011857,5.846164885805818,61.45900580416678,0.9735406565726981
68564.0,-0.0767,0.2078,0.9746,-7.067788,148.536632,-43.69884166666667,9.71113346841634,7.993642213118583,61.10941507083344,0.9994542961036288
68580.0,-0.1451,0.2085,0.9281,-11.892187999999999,144.20833199999998,-44.836241666666666,9.505004669212594,10.055591445872768,60.75072513750011,0.962234831005405
68596.0,-0.2063,0.1646,0.8966,-13.228088,145.109132,-49.08054166666667,9.285512627426627,12.120821312271472,60.358080804166775,0.9346359772660155
68612.0,-0.2316,0.1403,0.9962,-13.113588,123.72743200000001,-46.85154166666666,9.070234056172245,13.839833400804821,59.983268470833444,1.0323454315295824
68628.0,-0.2218,0.1548,0.9725,-14.533488,89.109132,-37.340041666666664,8.837394381778735,15.0072535535366,59.68454813750011,1.0094129630631856
68643.0,-0.2588,0.1453,0.871,-11.785388,77.147332,-29.446941666666664,8.664855476219834,15.916271526199777,59.46369607500011,0.9201796183354639
68660.0,-0.2976,0.14,0.8787,-7.586888,73.490832,-25.576741666666667,8.542564108551225,16.927629091340584,59.24629377083344,0.9382320874922153
68675.0,-0.2487,0.1528,0.9658,-4.006688,38.536632000000004,-16.920241666666666,8.490087464051468,17.280793581694166,59.11939195833344,1.0089445822244154
68691.0,-0.2053,0.1537,1.0007,-3.5028879999999996,-12.234368,0.7515583333333334,8.44203009347449,16.880322985416207,59.125404425000106,1.0330403041508107
68707.0,-0.1969,0.1503,1.0692,-9.731888,-94.82216799999999,17.988158333333335,8.2950807417621,15.201158616483498,59.26930969166677,1.0975191752311209
68723.0,-0.0367,0.1891,1.0223,-18.846387999999997,-185.97486800000001,43.42325833333334,8.012008701003692,12.115098724133464,59.616695758333435,1.0402898586451759
68739.0,0.262,0.1807,1.041,-16.479988,-216.471068,84.70575833333334,7.774286953055287,8.56679399028217,60.2943418250001,1.0885667136193353
68755.0,-0.1221,0.1766,0.9877,-6.876987999999999,-213.379368,117.02635833333333,7.694025612637697,5.143395664408919,61.23055269166677,1.0107656800663545
68771.0,-0.2162,0.156,1.0659,-2.2509879999999995,-212.59316800000002,116.85075833333333,7.685818640978139,1.8159362373465013,62.16535875833344,1.0987362058292245
68787.0,-0.2847,0.1091,0.9827,-9.250988,-186.333568,95.35455833333333,7.562133288806856,-1.0108720483953038,62.92819522500011,1.0289101953037496
68803.0,-0.2793,0.0675,0.8477,-14.930387999999999,-142.15806800000001,61.01875833333334,7.34404884669053,-3.06702855648774,63.41634529166678,0.895075432575378
68818.0,-0.2059,0.0393,0.7388,-4.205188,-92.837468,24.705758333333335,7.294005734291161,-4.204883616543874,63.60163847916678,0.7679614183017269
68835.0,-0.0089,0.0552,0.8368,1.894012000000001,-72.59316799999999,5.140858333333334,7.331045234257442,-5.178381398618973,63.64533577500011,0.838665898913268
68850.0,0.1207,0.0895,0.7305,4.520012,-58.791667999999994,2.4538583333333337,7.401624490083896,-5.814434154500409,63.66373971250011,0.7457942008355926
68866.0,0.1512,0.1146,0.7349,10.092512000000001,-32.677167999999995,-1.3400416666666668,7.56508725409088,-6.115478836301841,63.65301937916678,0.7589944729706535
68882.0,0.175,0.1333,0.7565,8.077212000000001,4.4526319999999995,-5.408741666666667,7.6979659294217715,-5.859298255363821,63.609749445833444,0.7878363662588824
68897.0,0.1324,0.1166,0.7235,4.924612000000001,49.780932,-10.897341666666668,7.776206980470356,-4.969261747211161,63.528019383333444,0.7446996508660388
68914.0,0.022,0.0963,0.7046,4.611612000000001,99.002232,-24.645441666666667,7.856995101997834,-3.185834136809482,63.318533129166774,0.7114905832124555
68929.0,-0.0436,0.0792,0.7178,10.886412,136.376332,-40.836241666666666,8.016465296602501,-1.0797094593719905,63.01226131666677,0.7234711051590105
68945.0,-0.0811,0.1001,0.8214,19.520012,149.40683199999998,-49.65304166666667,8.317007807967366,1.329709190377375,62.61503698333344,0.8314416275361729
68961.0,-0.1051,0.1318,0.9276,23.749012000000004,145.162532,-51.111041666666665,8.67854850821956,3.633717064496605,62.20614865000011,0.9427931957751922
68977.0,-0.0609,0.1278,1.0105,21.687912,139.23893199999998,-47.790441666666666,8.99917622378336,5.800475228030778,61.823825116666775,1.0203685118622585
68993.0,-0.1813,0.168,1.0575,15.497112000000001,136.925932,-42.05764166666667,9.219356350536586,7.904477434543796,61.487363983333445,1.086001813994802
69009.0,-0.2478,0.1598,1.062,8.848212,116.193132,-43.09574166666667,9.332265136222038,9.664210220807501,61.14259805000011,1.1021727995192043
69024.0,-0.2118,0.1555,1.0138,2.413112000000001,99.261832,-42.248441666666665,9.341155408848733,11.041857454161912,60.82573473750011,1.0472964861967216
69041.0,-0.1731,0.1621,0.9785,-0.9303879999999991,86.803832,-37.96604166666666,9.301674442583725,12.388542834865461,60.50302338333345,1.0068278254001526
69056.0,-0.1616,0.1829,0.9659,-2.205187999999999,66.41453200000001,-29.004141666666666,9.251280812047199,13.24568756066094,60.28549232083345,0.9962578883000124
69072.0,-0.1633,0.1824,0.9421,-1.1288879999999992,36.269432,-17.347641666666664,9.221604637210126,13.685103126338435,60.14671118750012,0.9733904971798318
69088.0,-0.1559,0.1677,0.9061,0,6.1854320000000005,-6.019441666666666,9.213597261502363,13.649920434513184,60.09855565416678,0.9345829604695348
69103.0,-0.1716,0.163,0.8829,0.7108120000000008,-14.257268,2.4920583333333335,9.21906797829231,13.316496924379155,60.11724609166678,0.9140721908033304
69120.0,-0.2032,0.1586,0.8621,0,-25.371768,6.0568583333333335,9.21635136139251,12.787784668070381,60.168729387500115,0.8998114302452486
69135.0,-0.1868,0.1559,0.8527,-2.4647879999999995,-21.058768,6.423258333333334,9.179495263525727,12.39104811839419,60.21690382500012,0.8867335225421445
69151.0,-0.1952,0.1547,0.8628,-2.7776879999999995,-14.852668000000001,6.721058333333334,9.1375268237814,12.087290342867977,60.270672291666784,0.8980306063826556
69167.0,-0.2054,0.1565,0.9034,-3.6708879999999997,-11.814568000000001,6.980558333333334,9.083100666683496,11.845276158570906,60.326516758333455,0.9395812737597531
69183.0,-0.2299,0.1531,0.9652,-7.930387999999999,-15.722968000000002,7.324058333333333,8.961895808176768,11.555749542142939,60.38510922500012,1.0039445502616167
69198.0,-0.2312,0.1439,0.9742,-15.602188,-19.364168,7.934758333333334,8.735863549951265,11.241771075190854,60.44461991250012,1.0115464843495825
69214.0,-0.2479,0.1326,0.9275,-20.197587999999996,-19.829768,6.629458333333334,8.424468342148309,10.917829617751073,60.49765557916679,0.9691715121690277
69230.0,-0.219,0.1235,0.9364,-22.831187999999997,-25.272568,4.789758333333333,8.074572360301957,10.520315894234386,60.53597364583346,0.9695659905339089
69245.0,-0.199,0.1161,0.9338,-26.365488,-32.730568,6.163758333333334,7.698248169792923,10.048281275996704,60.58220183333346,0.961801772716187
69262.0,-0.1812,0.1244,0.986,-30.968588,-48.028268,8.133258333333334,7.197774982220195,9.265480289624067,60.65133452916679,1.010200376163066
69277.0,-0.1276,0.1455,1.0111,-41.296788,-59.432868,14.156158333333332,6.615477124351701,8.416845140779666,60.75750571666679,1.029453845492842
69294.0,-0.2023,0.1481,1.0604,-52.754788,-55.219068,13.278258333333333,5.771596166569791,7.539532737434793,60.87037091250013,1.089636205345619
69309.0,-0.1937,0.1459,1.0146,-69.502888,-57.012968,4.736258333333334,4.801101031471552,6.762178543845234,60.90589285000013,1.0431776742242904
69325.0,-0.1354,0.1,0.9271,-79.052488,-54.738167999999995,-0.9507416666666666,3.627857180309052,5.975775102510723,60.8982869166668,0.9422566370156276
69341.0,-0.1025,0.0829,0.9232,-84.892188,-52.906167999999994,-1.1797416666666665,2.380761478594739,5.226073829501924,60.88884898333347,0.932564689445188
69357.0,-0.1215,0.0282,0.7972,-89.06778800000001,-39.783967999999994,-5.988941666666666,1.0833107198998364,4.694903611879983,60.84093745000013,0.806898587184288
69372.0,-0.1384,-0.0416,0.7758,-92.777688,-7.554968,-18.256041666666665,-0.1727887463655315,4.687545897757854,60.70401713750013,0.789145588595666
69389.0,-0.1698,-0.0914,0.7622,-103.434188,21.948832,-29.408741666666664,-1.785403966818216,5.161625992903411,60.45404283333347,0.786215517526842
69405.0,-0.1846,-0.1487,0.6855,-102.823488,44.009932000000006,-38.813341666666666,-3.282163548773305,5.958494129021061,60.143536100000134,0.7253268918218874
69421.0,-0.1569,-0.1736,0.7289,-92.518188,55.429732,-43.950741666666666,-4.6166684325804646,6.921276173981802,59.7919301666668,0.7655388820954818
69437.0,-0.1115,-0.1757,0.7819,-77.258688,46.956432,-38.39344166666667,-5.712874508723882,7.727364724846564,59.48478263333347,0.8091170187309127
69452.0,-0.0844,-0.1501,0.9221,-64.365488,24.979332,-27.790441666666666,-6.543945329031098,8.137314792907645,59.27635432083347,0.9380414596381123
