tempo_ms,ax,ay,az,gx,gy,gz,pitch,roll,yaw,magnitude
4653.0,0.0238,0.0277,0.9192,0,0,0,0.003200024998973295,-0.0027494897483055945,0.0,0.919925198046015
4665.0,0.0229,0.027,0.9177,0,0,0,0.009180347773520305,-0.007853132665664241,0.0,0.9183826544529247
4677.0,0.0264,0.0308,0.9159,0,0,0,0.018084658210943863,-0.01546574274071818,0.0,0.9167979112105351
4689.0,0.0248,0.0302,0.9142,0,0,0,0.02951795194405677,-0.02512052083184871,0.0,0.9150348190096375
4701.0,0.0273,0.0323,0.9156,0,0,0,0.04343614934683215,-0.03687665081207854,0.0,0.9165762052333674
4713.0,0.0258,0.0326,0.9205,0,0,0,0.05957193960759086,-0.0502992110066712,0.0,0.9214383593057107
4725.0,0.025,0.0294,0.9169,0,0,0,0.077275426927374,-0.06509019454020161,0.0,0.9177118120630245
4737.0,0.0215,0.0316,0.9193,0,0,0,0.0966003974818013,-0.08064640706360901,0.0,0.9200941799620297
4749.0,0.0234,0.0289,0.916,0,0,0,0.11701208252729758,-0.09708905760269297,0.0,0.9167544764003064
4761.0,0.0229,0.0298,0.9177,0,0,0,0.13845586747513916,-0.11422466429886519,0.0,0.9184692373727059
4773.0,0.0273,0.0295,0.9155,0,0,0,0.16074442898672414,-0.13248214242005307,0.0,0.9163819018291446
4785.0,0.024,0.0306,0.9203,0,0,0,0.18386116570987246,-0.15128775235166106,0.0,0.9211213003725406
4797.0,0.0259,0.0277,0.9198,0,0,0,0.20731491767529128,-0.1707760084953522,0.0,0.9205814141074107
4809.0,0.0249,0.0293,0.9172,0,0,0,0.23122540343901027,-0.19071562195469804,0.0,0.9180056317910038
4821.0,0.0234,0.0295,0.9188,0,0,0,0.2555141353621971,-0.21082881793479818,0.0,0.9195712316074269
4833.0,0.0249,0.0311,0.9141,0,0,0,0.2803018788610557,-0.23125325603045097,0.0,0.9149677753888384
4845.0,0.0265,0.0276,0.917,0,0,0,0.3050438348712939,-0.25210299081629045,0.0,0.9177979134864058
4857.0,0.0275,0.031,0.9154,0,0,0,0.3301211145877907,-0.2734162464394601,0.0,0.9163374978685528
4869.0,0.024,0.0291,0.9158,0,0,0,0.35521091974687363,-0.29466519984018585,0.0,0.9165764834425985
4881.0,0.0249,0.03,0.9149,0,0,0,0.3803770748395815,-0.3159296887423097,0.0,0.9157303205638656
4893.0,0.0232,0.0306,0.9193,0,0,0,0.4056203712907991,-0.3369431110573922,0.0,0.9201016737295938
4905.0,0.0272,0.0312,0.9163,0,0,0,0.43096670757158817,-0.3581973914726503,0.0,0.9172344138768453
4917.0,0.0234,0.0282,0.9187,0,0,0,0.45597440267531125,-0.37914463623191536,0.0,0.9194305248358898
4929.0,0.0249,0.0303,0.9154,0,0,0,0.4809057649697362,-0.3999753962228827,0.0,0.9162397393695604
4941.0,0.0262,0.0323,0.9158,0,0,0,0.505967077621971,-0.4208223480981637,0.0,0.9167438955346252
4953.0,0.0247,0.0295,0.918,0,0,0,0.5307380641215834,-0.4414492896972818,0.0,0.9188059316308314
4965.0,0.0248,0.0311,0.9154,0,0,0,0.5554121840579421,-0.4618617675879415,0.0,0.9162638320920454
4977.0,0.0248,0.0278,0.9169,0,0,0,0.5795362304555054,-0.4820397278504068,0.0,0.9176565207091377
4989.0,0.0237,0.0282,0.9161,0,0,0,0.6031796989324986,-0.5018363831398782,0.0,0.9168403023427799
5001.0,0.0212,0.0293,0.9175,0,0,0,0.6264836915976877,-0.5209416022092457,0.0,0.9182124917468723
5013.0,0.0239,0.0295,0.9158,0,0,0,0.649472903975745,-0.5397400509610963,0.0,0.9165866571143177
5025.0,0.0234,0.0326,0.917,0,0,0,0.6725198219978079,-0.5581643098271856,0.0,0.917877617114613
5037.0,0.0242,0.0286,0.9186,0,0,0,0.695067545634508,-0.5763162379463831,0.0,0.9193636712422347
5049.0,0.0209,0.0282,0.9182,0,0,0,0.7170819764828139,-0.593781910158252,0.0,0.9188706601040214
5061.0,0.0255,0.0295,0.9202,0,0,0,0.7387355596419777,-0.6111739866173397,0.0,0.9210258085417585
5073.0,0.0247,0.0288,0.9181,0,0,0,0.759948721786261,-0.6283734076777793,0.0,0.9188836378998159
5085.0,0.0204,0.0291,0.9199,0,0,0,0.7807617416801406,-0.6448271533364538,0.0,0.9205862154084212
5097.0,0.0248,0.0314,0.9165,0,0,0,0.8014794668020346,-0.6611491840294942,0.0,0.917373015735693
5109.0,0.0256,0.0314,0.9117,0,0,0,0.8220909037280352,-0.67743761847368,0.0,0.9125996986631104
5121.0,0.0232,0.0303,0.9192,0,0,0,0.842400868383588,-0.6933406945446021,0.0,0.9199918314854757
5133.0,0.0234,0.0302,0.9147,0,0,0,0.8624098499541314,-0.7089114388076707,0.0,0.9154975095542314
5145.0,0.0228,0.0299,0.9186,0,0,0,0.8820604130903731,-0.7240705832448249,0.0,0.919369245733182
5157.0,0.0238,0.0297,0.9224,0,0,0,0.9013152662602134,-0.7389489661085413,0.0,0.9231848623109025
5169.0,0.024,0.0283,0.915,0,0,0,0.9200377841050537,-0.7535985545206746,0.0,0.9157520898147052
5181.0,0.0226,0.0308,0.9167,0,0,0,0.938558243344966,-0.7678369975774928,0.0,0.9174956621150859
5193.0,0.026,0.0298,0.9166,0,0,0,0.9567388741107778,-0.7821088006311938,0.0,0.9174527780763432
5205.0,0.0228,0.0321,0.9142,0,0,0,0.9748802688803888,-0.795990000676686,0.0,0.91504747964245
5217.0,0.0264,0.0299,0.9172,0,0,0,0.9926639600905375,-0.80993856170134,0.0,0.9180668875414253
5229.0,0.0223,0.0291,0.9224,0,0,0,1.009976204107244,-0.8233901138807831,0.0,0.9231283009419654
5241.0,0.0215,0.0302,0.9215,0,0,0,1.0269788911973872,-0.8362797241204883,0.0,0.9222453794950669
5253.0,0.0211,0.0316,0.9175,0,0,0,1.043865226248261,-0.8486108938628613,0.0,0.9182864585737938
5265.0,0.0239,0.0304,0.9167,0,0,0,1.0604686153865528,-0.8607765707131735,0.0,0.9175152641782043
5277.0,0.0258,0.0303,0.9224,0,0,0,1.0767533406216394,-0.872990736438537,0.0,0.9232580841779833
5289.0,0.0259,0.0304,0.9141,0,0,0,1.092770735954795,-0.8852623085633659,0.0,0.9149720105008677
5301.0,0.0243,0.0303,0.9164,0,0,0,1.1084986517176465,-0.8973530946316949,0.0,0.9172227319468266
5313.0,0.0228,0.0291,0.921,0,0,0,1.1237715979172562,-0.909058247405666,0.0,0.9217416395064292
5325.0,0.0225,0.0297,0.9194,0,0,0,1.1386940817358417,-0.9203676750292287,0.0,0.9201547152517342
5337.0,0.0249,0.0295,0.9188,0,0,0,1.1532548877803817,-0.9316066659384353,0.0,0.9196106241230578
5349.0,0.0234,0.0281,0.9165,0,0,0,1.1673025817122868,-0.9425814224714353,0.0,0.9172292079954716
5361.0,0.0255,0.0291,0.9185,0,0,0,1.1809859112256724,-0.9535566190007237,0.0,0.9193145870701716
5373.0,0.0253,0.028,0.9165,0,0,0,1.1941914565962022,-0.9644918301114626,0.0,0.9172765886034593
5385.0,0.0215,0.0297,0.9177,0,0,0,1.2071566433769787,-0.9748920084414299,0.0,0.9184321586268634
5397.0,0.0231,0.0293,0.9207,0,0,0,1.2198218615937084,-0.984989389200035,0.0,0.921455690741557
5409.0,0.0205,0.0302,0.917,0,0,0,1.2323244344878117,-0.9944871594374972,0.0,0.9177261519647352
5421.0,0.0233,0.0293,0.9216,0,0,0,1.244527656988097,-1.0037716404725605,0.0,0.9223599839542043
5433.0,0.0105,0.0154,0.8857,0,0.7211879999999986,0,1.254849803198748,-1.00288093118815,0.0,0.8858961000027036
5445.0,0.0278,0.027,0.8892,0,0,0,1.2649221847028902,-1.011283272851951,0.0,0.8900440887956056
5457.0,0.0288,0.0171,0.8754,0,0,0,1.2735604539658443,-1.0204063634201495,0.0,0.8760405298843199
5469.0,0.0333,0.0271,0.8879,0,0,0,1.2821244046413658,-1.0306798380759836,0.0,0.888937404995425
5481.0,0.0234,0.0265,0.8962,0,0,0,1.2904999940851956,-1.040671827209598,0.0,0.8968970119250036
5493.0,0.0236,0.0276,0.9084,0,0,0,1.2987858717377827,-1.0503795868818198,0.0,0.9091255578851581
5505.0,0.0239,0.0287,0.9154,0,0,0,1.307088457894834,-1.0598316733962327,0.0,0.916161590550488
5517.0,0.0247,0.0304,0.9164,0,0,0,1.315599281308756,-1.069137016047085,0.0,0.9172367251696805
5529.0,0.0212,0.028,0.9171,0,0,0,1.3239715091172588,-1.077850888921487,0.0,0.9177722211965234
5541.0,0.0261,0.0286,0.9136,0,0,0,1.3322930649672005,-1.0866548810774501,0.0,0.9144201058594457
5553.0,0.0237,0.0283,0.915,0,0,0,1.3405103219689545,-1.0952137513407236,0.0,0.9157442765313907
5565.0,0.0255,0.0299,0.9132,0,0,0,1.3488269771543775,-1.1037718128664973,0.0,0.914045130176842
5577.0,0.0249,0.033,0.9127,0,0,0,1.3576061606426986,-1.1122381533813213,0.0,0.9136357589324096
5589.0,0.0254,0.0289,0.9167,0,0,0,1.366244451342312,-1.1206560349674886,0.0,0.9175070898908629
5601.0,0.0232,0.0287,0.9124,0,0,0,1.3747331508336504,-1.128752241020141,0.0,0.9131460397986731
5613.0,0.0227,0.0281,0.9156,0,0,0,1.3829850990076171,-1.1364751134633642,0.0,0.9163123157526587
5625.0,0.0237,0.0284,0.9148,0,0,0,1.3910524520161418,-1.143981639530063,0.0,0.9155475356310014
5637.0,0.0233,0.0312,0.9164,0,0,0,1.3992858509853723,-1.1512268790165212,0.0,0.9172269566470449
5649.0,0.0237,0.032,0.9193,0,0,0,1.407737651832796,-1.158267898452002,0.0,0.9201620400777245
5661.0,0.0225,0.031,0.9166,0,0,0,1.4162503836781575,-1.1649732199913994,0.0,0.9174000272509261
5673.0,0.0251,0.0298,0.9156,0,0,0,1.42465313805663,-1.1716982922816201,0.0,0.916428616969156
5685.0,0.0226,0.0302,0.9202,0,0,0,1.432973907956079,-1.1780989910432305,0.0,0.9209727683270553
5697.0,0.0245,0.0288,0.9196,0,0,0,1.4410327163471346,-1.1844407963669745,0.0,0.920377015141078
5709.0,0.0248,0.0292,0.9158,0,0,0,1.4489096430586748,-1.190767893466129,0.0,0.9166009600693203
5721.0,0.024,0.03,0.9174,0,0,0,1.4567041120861708,-1.1969639800271201,0.0,0.9182040949592852
5733.0,0.0236,0.0269,0.9169,0,0,0,1.464024727785175,-1.2029837226048952,0.0,0.9175980492568628
5745.0,0.0226,0.0265,0.9167,0,0,0,1.4708637507379883,-1.208711475436818,0.0,0.9173613791739872
5757.0,0.0248,0.031,0.9171,0,0,0,1.4778250349447033,-1.2144441248352302,0.0,0.9179588498402312
5769.0,0.0223,0.0326,0.9175,0,0,0,1.485078734871629,-1.2198556873219857,0.0,0.9183497699678483
5781.0,0.0245,0.0289,0.9138,0,0,0,1.4921280453420207,-1.225260364977691,0.0,0.9145850971888838
5793.0,0.0237,0.0289,0.9158,0,0,0,1.4989750416264198,-1.2305416221357122,0.0,0.9165623492158076
5805.0,0.0244,0.0298,0.9159,0,0,0,1.505741908580024,-1.2357906772065577,0.0,0.9167094468805261
5817.0,0.025,0.0323,0.9117,0,0,0,1.5127539280604116,-1.2410896222716996,0.0,0.9126144750112174
5829.0,0.0232,0.0309,0.9177,0,0,0,1.5197691054456768,-1.246177189964676,0.0,0.9185131136788413
5841.0,0.0248,0.0315,0.918,0,0,0,1.5268465515667786,-1.251267293086664,0.0,0.9188750132635015
5853.0,0.0245,0.0312,0.916,0,0,0,1.5339354260260878,-1.2563184629969224,0.0,0.916858598694477
5865.0,0.0254,0.03,0.917,0,0,0,1.5408660594885384,-1.2614344228767316,0.0,0.9178421215002067
5877.0,0.0251,0.0294,0.9197,0,0,0,1.5475573073211426,-1.2665508141416342,0.0,0.9205120640165451
5889.0,0.024,0.0272,0.9172,0,0,0,1.5537596999424936,-1.2715281238176186,0.0,0.9179170332878674
5901.0,0.0248,0.0305,0.9141,0,0,0,1.5599431168315414,-1.2764830477373965,0.0,0.9149448617266507
5913.0,0.0226,0.031,0.9153,0,0,0,1.5661552820352245,-1.2811293556475667,0.0,0.9161036240513406
5925.0,0.022,0.0302,0.916,0,0,0,1.5722776691055003,-1.2854168423921981,0.0,0.9167617138602594
5937.0,0.0261,0.0273,0.9171,0,0,0,1.5779414803731762,-1.2898881747907023,0.0,0.9178773937732643
5949.0,0.024,0.0291,0.9143,0,0,0,1.5834258936939374,-1.2942594240389962,0.0,0.9150777562589968
5961.0,0.0227,0.0297,0.9159,0,0,0,1.5888097306205595,-1.2983658647990084,0.0,0.9166625278694445
5973.0,0.0233,0.0289,0.9175,0,0,0,1.593987635933472,-1.3023003188829432,0.0,0.9182507010615347
5985.0,0.0238,0.0264,0.9164,0,0,0,1.5986656775859875,-1.306141313264789,0.0,0.9170890687386913
5997.0,0.0226,0.0326,0.9174,0,0,0,1.6036640091185483,-1.3097389628136809,0.0,0.918257197085871
6009.0,0.0261,0.0293,0.9174,0,0,0,1.6085222863817286,-1.313552193182464,0.0,0.9182387815813489
6021.0,0.0208,0.0315,0.917,0,0,0,1.6135241969111989,-1.3168869440119058,0.0,0.9177766013578686
6033.0,0.0286,0.0297,0.9149,0,0,0,1.6184256987562615,-1.3207745543647837,0.0,0.9158286193387931
6045.0,0.025,0.0311,0.9175,0,0,0,1.6233934997987958,-1.3246836103422175,0.0,0.9183672794693852
6057.0,0.0244,0.0302,0.9209,0,0,0,1.6282836616477498,-1.3285175308871602,0.0,0.9217180751184172
6069.0,0.0242,0.0294,0.9126,0,0,0,1.633029482299793,-1.332279977838205,0.0,0.9133940880036392
6081.0,0.0194,0.0312,0.9233,0,0,0,1.637820143553898,-1.335337153264017,0.0,0.9240306758977215
6093.0,0.0146,0.0271,0.9304,0,0,0,1.6421012298550017,-1.3371459425107037,0.0,0.9309090879350143
6105.0,0.019,0.0291,0.9403,0,0,0,1.6461340781885172,-1.3383707575291774,0.0,0.9409420279698426
6117.0,0.0298,0.0317,0.9152,0,0.9348879999999986,0,1.650362941258582,-1.3295051641663929,0.0,0.9162335782975868
6129.0,0.0248,0.0286,0.9102,-0.5032470000000011,1.3852879999999987,0.8294726666666662,1.6484731649010103,-1.3157498093119746,0.0049768359999999975,0.9109868495208918
6141.0,0.0195,0.0282,0.9088,-0.739847000000001,1.2859879999999986,1.043172666666666,1.6436905677159113,-1.3029877803739174,0.011235871999999994,0.9094464965021307
6153.0,0.0231,0.03,0.9165,0,0.8966879999999986,0.5393726666666662,1.6477638084614448,-1.2950791316828012,0.01447210799999999,0.9172817778632693
6165.0,0.0176,0.0281,0.9281,0,0.7134879999999986,0.9363726666666662,1.6515265135198933,-1.2887794030683866,0.02009034399999999,0.9286920802935708
6177.0,0.0074,0.0195,0.9167,0,0,0,1.653983064280938,-1.289126662690222,0.02009034399999999,0.9169372388555282
6189.0,0.0223,0.0289,0.9089,0,0,0,1.6564822037975144,-1.2896637455132416,0.02009034399999999,0.9096327335798773
6201.0,0.0231,0.0303,0.9138,0,0,0,1.659169643780056,-1.2904532690161057,0.02009034399999999,0.914593975488577
6213.0,0.0222,0.033,0.9169,0.7715529999999988,0,0,1.6714162075595131,-1.2913426261419043,0.02009034399999999,0.9177621968680122
6225.0,0.0682,0.0763,0.9009,1.8784529999999988,0,1.974472666666666,1.702390179226663,-1.298117973388003,0.03193717999999998,0.906693851308147
6237.0,0.1733,0.3091,0.9564,5.504352999999999,-12.912412000000002,25.722572666666668,1.8093417514395251,-1.4747841269389694,0.186272616,1.019939537423665
6249.0,0.1042,0.162,0.9838,2.542552999999999,-4.194912000000002,45.630972666666665,1.8911460257731192,-1.5528773828094966,0.460058452,1.0024789673604129
6261.0,0.0972,0.0685,0.8265,-4.938347000000001,8.224987999999998,49.14247266666667,1.8839008512634048,-1.4902281769905432,0.754913288,0.835010383168976
6273.0,0.0353,0.0643,0.9424,-9.205547000000001,7.431087999999999,49.04317266666667,1.8255298101181325,-1.4358899722029146,1.0491723240000002,0.9452504112667711
6285.0,-0.0095,-0.0023,0.8439,-5.396347000000001,0.8661879999999986,46.98217266666667,1.804778553823668,-1.4528395034472217,1.3310653600000002,0.8439566043346067
6297.0,0.0126,0.0475,0.9635,-1.457447000000001,0.5073879999999986,45.08897266666667,1.8283788233299445,-1.4693780398929077,1.6015991960000002,0.9647524345654693
6309.0,0.0376,0.063,0.9009,-2.579547000000001,0,45.66917266666667,1.8386163704768839,-1.4911821246253787,1.8756142320000002,0.9038824978944996
6321.0,0.0079,0.035,0.9386,0,0.6676879999999985,43.776072666666664,1.8754744882773096,-1.5004514071425004,2.138270668,0.9392855636067233
6333.0,-0.0161,-0.0045,0.9147,-1.0070470000000014,0,38.89057266666667,1.8918803987490647,-1.510700234546056,2.3716141040000003,0.9148527477140788
6345.0,-0.0264,-0.0249,0.9156,0,0,33.23407266666667,1.9101563444676208,-1.5134305835535422,2.5710185400000003,0.9163189019113378
6357.0,-0.067,-0.1132,0.9321,0,0,25.34097266666667,1.908290929531874,-1.5044091263097208,2.7230643760000004,0.9413360983198297
6369.0,-0.0652,-0.1289,0.9159,0,0,15.890572666666666,1.8867656759685152,-1.4853133830935763,2.8184078120000002,0.9272211494568058
6381.0,-0.0417,-0.0823,0.9132,0,0,6.379072666666666,1.8537398412700528,-1.4602988617448875,2.8566822480000003,0.9178488001844313
6393.0,0.0115,0.0134,0.9144,1.2830529999999989,0,0,1.8376675933858566,-1.4367534692546975,2.8566822480000003,0.9145704838884754
6405.0,-0.0011,0.0181,0.9337,1.1685529999999988,0.6218879999999987,-1.3842273333333337,1.8222262936018077,-1.4056533107259093,2.8483768840000003,0.9338760677948653
6417.0,-0.0044,-0.0209,0.9011,0,0,-4.628527333333334,1.7899968912797437,-1.3814527066322437,2.8206057200000005,0.9013530828704143
6429.0,-0.0797,-0.0632,0.9233,0,1.7134879999999986,-16.40712733333333,1.7500974457472918,-1.3272411946042162,2.7221629560000005,0.9288860102294576
6441.0,-0.0585,-0.0514,0.928,0,1.2783879999999987,-28.208727333333332,1.7050005408331959,-1.272584989322713,2.5529105920000004,0.9312616227462613
6453.0,-0.0366,-0.0345,0.903,1.4585529999999989,1.2096879999999985,-38.15522733333333,1.6746430421649159,-1.2165454268172013,2.3239792280000002,0.9043996959309528
6465.0,-0.0693,-0.0916,0.9327,2.199052999999999,0,-48.04842733333333,1.6435443181732505,-1.1688726944083687,2.0356886640000003,0.9397458911854842
6477.0,-0.0541,-0.0909,0.9205,2.344052999999999,0,-61.93392733333333,1.6057992931149734,-1.1177479349872306,1.6640851000000003,0.9265580769708934
6489.0,0.0472,0.0214,0.9205,2.122752999999999,0,-69.52932733333333,1.5721157054987063,-1.0763061584981406,1.2469091360000004,0.9219577267966249
6501.0,0.0662,0.0188,0.9156,2.1150529999999987,1.5684879999999986,-68.01782733333333,1.5439996279342545,-1.0274051918169944,0.8388021720000005,0.9181825744371322
6513.0,0.0287,-0.0095,0.9338,2.8631529999999987,1.3928879999999986,-68.55222733333333,1.526246437968266,-0.9860269485974008,0.4274888080000005,0.9342892378701576
6525.0,0.0289,-0.0591,0.91,3.283052999999999,0,-71.84992733333333,1.5084550112824213,-0.9658997567426895,-0.003610755999999493,0.9123749338950518
6537.0,0.0428,-0.0117,0.897,4.1227529999999994,0,-77.32322733333334,1.501963417319204,-0.9515631926867936,-0.4675501199999995,0.8980967264164813
6549.0,0.0658,0.0508,0.901,5.076952999999999,0,-79.06362733333333,1.5156220480734532,-0.9452593979082919,-0.9419318839999995,0.9048266574322399
6561.0,0.0632,0.0895,0.9302,5.069252999999999,0,-79.09422733333334,1.5417250592547942,-0.9456877052408135,-1.4164972479999995,0.9366304127028975
6573.0,0.0365,0.0635,0.9178,2.901352999999999,-1.5842120000000013,-80.30792733333334,1.5500656255083043,-0.967362919024564,-1.8983448119999995,0.9207178395143649
6585.0,0.009,0.0172,0.9351,3.954752999999999,-2.0193120000000016,-81.81942733333334,1.5722577303659788,-0.9926091637400394,-2.3892613759999994,0.9353014754612547
6597.0,-0.0182,-0.0416,0.8833,4.618852999999999,-2.6147120000000013,-82.48352733333333,1.595963131683779,-1.0200627446683033,-2.8841625399999993,0.8844663306197699
6609.0,0.0131,0.0288,0.9382,3.1914529999999988,-4.790312000000002,-79.75072733333333,1.605919472474949,-1.0724953074799979,-3.3626669039999992,0.9387333433941718
6621.0,-0.0011,0.0067,0.9132,4.595952999999999,-3.401012000000001,-73.88812733333333,1.6325982084162018,-1.105760880053089,-3.805995667999999,0.9132252405622613
6633.0,0.011,-0.0109,0.9019,3.954752999999999,-5.607112000000001,-73.95682733333334,1.649371013103457,-1.1642315760485302,-4.249736631999999,0.9020329373143755
6645.0,0.0261,0.0439,0.9288,2.046352999999999,-0.8208120000000014,-75.17052733333333,1.648555806972781,-1.1670238137104465,-4.700759796,0.930203128354232
6657.0,0.0237,0.0942,0.9214,0,0.7516879999999986,-74.38422733333333,1.634641320099139,-1.1525780343985408,-5.1470651599999995,0.926505957886942
6669.0,0.0038,0.0729,0.9352,0.9242529999999989,0,-72.53692733333334,1.6390203714743412,-1.1459304890651372,-5.582286723999999,0.9380447164181461
6681.0,-0.0017,0.0479,0.8965,1.328852999999999,1.4921879999999987,-72.25452733333333,1.651492000696076,-1.1200515765950712,-6.015813887999999,0.897780346187195
6693.0,-0.0272,-0.0013,0.9055,0.7715529999999988,-0.5078120000000013,-75.29262733333333,1.6540707365597143,-1.1133645613251373,-6.467569651999999,0.9059093663275593
6705.0,-0.0226,0.0109,0.8951,1.435652999999999,5.003587999999999,-80.76592733333334,1.6631758982002907,-1.0382085214562458,-6.952165215999999,0.8954516067326028
6717.0,-0.016,0.054,0.9609,3.8860529999999986,4.171487999999998,-80.01782733333333,1.7050034067428441,-0.9717218683571331,-7.432272179999999,0.9625491208244906
6729.0,-0.0005,0.0642,0.8723,1.5272529999999989,4.698287999999998,-78.30792733333334,1.7234953524137673,-0.8999887975250822,-7.902119743999999,0.8746594651634428
6741.0,0.0608,0.1372,0.8772,0,9.392888,-73.78122733333333,1.7375721337330479,-0.7818521179117223,-8.344807108,0.8899439982380913
6753.0,0.015,0.0834,0.9275,-2.724647000000001,12.026487999999999,-68.80412733333333,1.724853401016523,-0.6359418945387643,-8.757631872,0.9313628777227488
6765.0,0.0203,0.0995,0.9247,-2.465047000000001,15.530287999999999,-65.14002733333334,1.7224292526386535,-0.4531625095337016,-9.148472036,0.9302593348093853
6777.0,0.0193,0.0956,0.9063,-2.8162470000000015,13.965387999999999,-61.231627333333336,1.7218386593398372,-0.29361644664858055,-9.5158618,0.911532522733007
6789.0,0.017,0.0881,0.9349,-2.6711470000000013,12.255488,-55.81172733333333,1.7271332378575541,-0.15809388628367704,-9.850732164,0.9391957303991537
6801.0,0.0162,0.0836,0.9324,-2.266647000000001,10.431087999999999,-50.42242733333333,1.7402702386859576,-0.04728953668613552,-10.153266728,0.9362804921603355
6813.0,-0.0089,0.0612,0.9226,-2.663547000000001,10.629587999999998,-48.575127333333334,1.7486359748977691,0.06625660309905171,-10.444717492,0.924670433181466
6825.0,-0.0161,0.0837,0.9534,-3.159747000000001,11.171487999999998,-45.99492733333333,1.7536812190535915,0.1871924890237647,-10.720687056000001,0.9572024132857168
6837.0,-0.0073,0.0427,0.9005,-1.6330470000000012,4.621887999999998,-42.51402733333333,1.7743399644101594,0.23049034455073797,-10.97577122,0.9015413634437413
6849.0,-0.0062,0.0333,0.9113,1.2448529999999989,0,-37.414827333333335,1.8251505222156188,0.22006863095036128,-11.200260184000001,0.9119292845391028
6861.0,-0.0015,0.0354,0.9031,1.7333529999999988,-0.9735120000000013,-36.15522733333333,1.8780555481721042,0.19916710142831281,-11.417191548000002,0.9037947886550354
6873.0,-0.024,-0.0139,0.9315,2.2524529999999987,-1.8895120000000012,-38.94912733333333,1.9272878038722112,0.17141995910779428,-11.650886312,0.9319127963495296
6885.0,0.0022,0.0411,0.9233,3.054052999999999,-1.7140120000000012,-39.70492733333333,1.9840248307861146,0.1461722905663456,-11.889115876,0.9242169334090347
6897.0,0.046,0.1224,0.9222,3.405152999999999,-2.8285120000000012,-33.11712733333333,2.0530264811846184,0.10275342204679573,-12.08781864,0.9314239636169986
6909.0,0.0532,0.1554,0.9128,3.420452999999999,-3.454412000000002,-19.788827333333334,2.133331664873658,0.04692287393149858,-12.206551604,0.9274606406743091
6921.0,0.0222,0.1506,0.9119,2.489152999999999,-3.2178120000000017,-5.8270273333333344,2.2117445462008636,-0.006473708985669973,-12.241513767999999,0.9245186909954823
6933.0,-0.0354,0.0508,0.9036,1.4891529999999988,-3.1185120000000013,3.302772666666666,2.274130109967291,-0.05176618915572347,-12.221697132,0.905718918870529
6945.0,0.0182,0.0485,0.9316,0.5730529999999988,0,3.5928726666666666,2.321503426168772,-0.060863432563886544,-12.200139896,0.9330391470886953
6957.0,0.0063,0.0354,0.9164,-2.8543470000000015,5.652487999999998,3.9134726666666664,2.323449851979437,-0.003080294228526676,-12.17665906,0.9171051248357519
6969.0,-0.0308,0.0132,0.9301,-5.029947000000001,5.629587999999998,3.501272666666666,2.293143177709832,0.058121543702855154,-12.155651424,0.9307034382659173
6981.0,0.0204,0.0441,0.9017,-4.0681470000000015,4.392887999999999,7.096672666666666,2.272855419740423,0.10150483796985724,-12.113071388,0.9030082280909737
6993.0,0.0459,0.0667,0.9128,-1.2513470000000013,0,13.630972666666667,2.2871091936718315,0.08733133679325233,-12.031285552,0.9163839479170289
7005.0,0.0896,0.1123,0.8976,1.718152999999999,-4.996412000000001,27.40967266666667,2.3427107827479867,0.004653826720796204,-11.866827516,0.9090243176065204
7017.0,0.0756,0.1116,0.9607,5.237252999999999,-15.530712,46.05847266666667,2.4439584457345593,-0.20735528202370024,-11.59047668,0.9701105143229817
7029.0,0.0408,0.0837,0.9091,9.496752999999998,-25.515512,60.01267266666667,2.5951178808562605,-0.5347362564999356,-11.230400644,0.913856192187808
7041.0,0.0172,0.0739,0.9269,11.008252999999998,-28.477312,66.76077266666667,2.7613116604960712,-0.8893716625699646,-10.829836008,0.930000354838642
7053.0,-0.0005,0.0668,0.9259,7.496752999999999,-22.065112000000003,67.97447266666667,2.8822747814187935,-1.158382291133165,-10.421989172,0.9283066842374883
7065.0,-0.0013,0.0767,0.9155,3.023452999999999,-13.568912000000001,67.38677266666667,2.948987281039435,-1.3192168344571338,-10.017668536,0.9187082398672606
7077.0,-0.0039,0.0465,0.9125,-0.8314470000000012,-5.759812000000002,65.81417266666666,2.9660147965024937,-1.382087508278468,-9.6227835,0.9136923497545549
7089.0,0.0001,0.0432,0.9071,-3.5795470000000007,0,62.12717266666667,2.947301249152043,-1.3738509336761227,-9.250020464,0.9081281077028724
7101.0,-0.0039,0.0199,0.9102,-4.724647000000001,2.8432879999999985,58.470672666666665,2.909788302300323,-1.3299285732344932,-8.899196428,0.9104258673829518
7113.0,-0.0278,-0.0044,0.9203,-5.0681470000000015,3.9043879999999986,52.287472666666666,2.8607365953202577,-1.2692286618593696,-8.585471592,0.9207303025316371
7125.0,-0.0453,-0.015,0.9132,-3.5643470000000015,2.0798879999999986,44.50887266666667,2.8216502419497362,-1.2243603206149736,-8.318418355999999,0.9144459142016
7137.0,-0.0353,-0.0115,0.9238,-0.7704470000000012,-2.0498120000000015,37.699672666666665,2.8087328808976384,-1.2240448342514554,-8.09222032,0.9245457154732803
7149.0,-0.0348,-0.037,0.9202,0.5120529999999989,-4.126212000000001,30.073772666666667,2.8012778886884293,-1.243802436504446,-7.911777683999999,0.9216008246524089
7161.0,-0.0422,-0.0469,0.9003,0,-3.156712000000001,19.005072666666667,2.7778949092401333,-1.2469058641105644,-7.7977472479999985,0.902507916862783
7173.0,-0.0482,-0.0474,0.9119,0,-1.3017120000000015,6.524172666666666,2.745800071419288,-1.2230112321710365,-7.758602211999999,0.9144023239253058
7185.0,-0.0018,0.0205,0.9431,0.6570529999999989,-2.202512000000002,-1.727827333333334,2.722222225603283,-1.2114280951211946,-7.768969175999999,0.9433244934803718
7197.0,-0.0164,0.0121,0.9014,0,-2.5766120000000012,-3.949127333333334,2.690579526662426,-1.2037067999571167,-7.792663939999999,0.9016303732683366
7209.0,-0.0073,0.0126,0.9053,-0.9459470000000012,0,-6.063627333333334,2.647767665840872,-1.1662892360650623,-7.8290457039999986,0.9054171082987111
7221.0,-0.046,-0.0767,0.896,-2.3887470000000013,5.675387999999998,-11.590327333333335,2.577056514640275,-1.0584171407670795,-7.8985876679999985,0.9004526028614721
7233.0,-0.0811,-0.0786,0.8982,-2.327647000000001,7.400487999999999,-26.048427333333333,2.4975861444835794,-0.9239822675955168,-8.054878231999998,0.9052725611659729
7245.0,-0.0682,-0.0297,0.9177,-1.335347000000001,7.3241879999999995,-41.231627333333336,2.427702803150379,-0.7872124528075036,-8.302267995999998,0.9207098457168794
7257.0,-0.0314,0.0269,0.9167,0,6.644787999999998,-51.89572733333333,2.3787201736443193,-0.6604569661877229,-8.613642359999998,0.9176319850571906
7269.0,0.0089,0.084,0.9196,0,6.637187999999998,-56.28502733333333,2.341291965639217,-0.5407481111420467,-8.951352523999999,0.9234713693450382
7281.0,0.0226,0.0745,0.9165,0,7.957787999999999,-56.53692733333333,2.312933497224567,-0.4135870652953106,-9.290574088,0.9198006631874104
7293.0,0.0049,0.061,0.918,-0.732247000000001,8.476887999999999,-57.529327333333335,2.282319127793976,-0.285763326042756,-9.635750051999999,0.920037504670326
7305.0,0.0089,0.0516,0.921,0,7.942487999999999,-58.60562733333333,2.2649467022026286,-0.16989394377968745,-9.987383816,0.9224872736249536
7317.0,0.0142,0.0448,0.913,0,6.507387999999999,-59.46822733333333,2.250709843729884,-0.07666867123774013,-10.34419318,0.9142087726553493
7329.0,0.0343,0.0364,0.9274,1.1150529999999987,4.362387999999999,-59.28502733333333,2.251278699698806,-0.016169732471236875,-10.699903343999999,0.928747656793814
7341.0,0.0016,0.0275,0.9276,1.7333529999999988,3.7745879999999987,-60.05602733333333,2.2592584050628295,0.03523178235494985,-11.060239507999999,0.9280089277587796
7353.0,0.016,0.0269,0.9158,1.9242529999999989,2.3852879999999987,-60.94912733333333,2.269426508259346,0.06659996725138549,-11.425934272,0.9163346823077253
7365.0,0.0157,0.0328,0.921,2.3746529999999986,1.7058879999999985,-61.53692733333333,2.2854982289157793,0.08698642728608191,-11.795155836,0.9217175977488984
7377.0,0.0096,0.0312,0.9215,3.8555529999999987,-1.9048120000000015,-61.636127333333334,2.3191909745594,0.06313845333152704,-12.164972599999999,0.9220780064614924
7389.0,-0.0099,0.0193,0.9124,6.206652999999998,-5.668212000000002,-61.86522733333333,2.378881711425002,-0.0032825329048025076,-12.536163963999998,0.9126578000543248
7401.0,-0.0079,0.0081,0.912,8.435652999999999,-10.317012,-62.35372733333333,2.461313806085656,-0.12220677239381735,-12.910286327999998,0.9120701837029868
7413.0,-0.0138,0.0126,0.9128,9.496752999999998,-12.546012000000001,-63.62092733333333,2.5530830049205737,-0.26347285035892887,-13.292011891999998,0.912991259541952
7425.0,-0.0107,0.0247,0.9312,8.817352999999999,-11.401012000000001,-64.67432733333334,2.6351359817525704,-0.38750124134038133,-13.680057855999998,0.9315889758901186
7437.0,-0.016,0.0146,0.9175,7.336452999999999,-9.172012,-66.84992733333333,2.69701401435979,-0.48131610728549484,-14.081157419999998,0.9177556374111793
7449.0,0.0006,0.0205,0.8955,6.809752999999999,-7.981112000000001,-70.09422733333334,2.7512575035317828,-0.5599407378148046,-14.501722783999998,0.8957348156681194
7461.0,0.0095,0.0203,0.9108,5.985352999999999,-7.9353120000000015,-72.62092733333333,2.794466046517618,-0.6382018672575746,-14.937448347999998,0.9110757268196755
7473.0,0.0038,0.0397,0.9327,4.947152999999998,-5.561312000000001,-74.20102733333333,2.8267283657523703,-0.6878470390035702,-15.382654511999998,0.9335522588478912
7485.0,0.0054,0.0154,0.9167,3.870852999999999,-3.156712000000001,-75.25452733333333,2.8446161717277656,-0.7091952372175188,-15.834181675999998,0.916845248665226
7497.0,0.0305,0.0603,0.9193,2.817352999999999,-2.8361120000000013,-75.63612733333333,2.854390376270625,-0.7303594075321368,-16.28799844,0.9217802503850904
7509.0,0.0355,0.0481,0.9167,2.428052999999999,-2.7979120000000015,-73.34612733333333,2.8620452223704644,-0.7548874188474363,-16.728075204,0.9186472391511336
7521.0,0.0842,0.0767,0.9166,2.7257529999999988,-4.065112000000001,-67.37662733333333,2.879003316757998,-0.8037249274074845,-17.132334968,0.9236493328098061
7533.0,0.0967,0.0956,0.9391,2.954752999999999,-2.599512000000001,-59.437727333333335,2.905903544804841,-0.8447532918663742,-17.488961332,0.9488935978285448
7545.0,0.0897,0.059,0.9016,1.0921529999999988,-1.3094120000000014,-54.620927333333334,2.9128230013023653,-0.8783789435559307,-17.816686896,0.9079700710926544
7557.0,0.0536,0.0375,0.927,-0.6101470000000011,0,-53.99492733333333,2.898986622588646,-0.8990717406596823,-18.14065646,0.9293052297281018
7569.0,0.0314,0.0228,0.9225,-2.289547000000001,1.5989879999999985,-54.16292733333333,2.863339905611966,-0.9006197935531224,-18.465634024,0.9233157910487614
7581.0,0.0216,0.021,0.9243,-3.701747000000001,2.3012879999999987,-55.346127333333335,2.809465077638233,-0.8927160070336104,-18.797710788,0.9247908141844836
7593.0,0.0261,0.0188,0.9258,-4.510847000000001,5.354687999999999,-56.77362733333333,2.744772932170535,-0.8485718213782122,-19.138352552,0.926358618462634
7605.0,0.0288,0.0383,0.9268,-6.487947000000001,7.308887999999998,-56.590327333333335,2.6584018316540226,-0.7822200341391847,-19.477894516,0.928038021850398
7617.0,0.041,0.0688,0.911,-6.961247000000002,7.240187999999998,-53.53692733333333,2.572308820089626,-0.7194861904299529,-19.799116079999997,0.9145137724496007
7629.0,0.0388,0.0662,0.916,-5.938347000000001,7.163887999999998,-48.391927333333335,2.503326617976415,-0.6599462727022667,-20.089467644,0.9192082897798518
7641.0,-0.0023,0.0427,0.9167,-5.862047000000001,6.316587999999999,-45.04842733333333,2.436728101537038,-0.6073779409068728,-20.359758208,0.917696829023616
7653.0,-0.0358,0.0192,0.924,-5.495647000000001,4.957787999999999,-45.636127333333334,2.372907419313427,-0.5638759189072251,-20.633574971999998,0.924892577546171
7665.0,-0.0477,0.0076,0.901,-3.190247000000001,1.0875879999999984,-48.208727333333336,2.3335698559799334,-0.5581585177991403,-20.922827335999997,0.9022937714514048
7677.0,-0.0492,0.0341,0.9073,0.8326529999999989,-2.8361120000000013,-51.11712733333333,2.3420754226798004,-0.5907327091414185,-21.229530099999998,0.9092726433804109
7689.0,-0.0406,0.0459,0.9061,2.840252999999999,-4.294112000000002,-52.20102733333333,2.3752704027389284,-0.6336929046440897,-21.542736264,0.9081697968992363
7701.0,-0.0255,0.0792,0.9159,1.7791529999999989,-0.6682120000000014,-49.94152733333333,2.400557885709861,-0.6295343326458267,-21.842385428,0.9196715174452236
7713.0,-0.015,0.0834,0.9076,-2.8849470000000013,4.1027879999999985,-44.460627333333335,2.375774854759157,-0.5674079118406208,-22.109149192,0.9115472121618277
7725.0,-0.012,0.058,0.9324,-7.495647000000002,8.919588,-39.567427333333335,2.2986940678681167,-0.44850915183647416,-22.346553756,0.9342792730227937
7737.0,-0.0177,0.0179,0.9279,-11.144447000000001,13.087587999999998,-38.246827333333336,2.176560389418154,-0.28103118029254076,-22.57603472,0.9282414071781111
7749.0,-0.0387,-0.0286,0.9277,-12.747547,13.660087999999998,-41.12472733333333,2.028918567620219,-0.10580759601346675,-22.822783083999997,0.9289472213209963
7761.0,-0.057,-0.0464,0.9049,-8.831447,6.545587999999999,-48.23922733333333,1.9199776432604598,-0.011519358357340692,-23.112218447999997,0.9078799314887405
7773.0,-0.0349,-0.0088,0.8862,-1.0528470000000012,0,-53.83462733333333,1.9001498460803046,0.0068077347774202785,-23.435226211999996,0.8869306004417707
7785.0,-0.0372,-0.0018,0.8954,6.618852999999999,-7.080412000000001,-56.96442733333333,1.9676741226169612,-0.05560205405494549,-23.777012775999996,0.8961742241327855
7797.0,-0.0377,-0.0046,0.9127,11.733353,-13.523112000000001,-60.60562733333333,2.090646967531515,-0.1898959963752756,-24.140646539999995,0.9134898685809273
7809.0,-0.03,-0.0039,0.9194,15.290652999999999,-17.675812000000004,-64.16292733333333,2.250054067121417,-0.3689547127225223,-24.525624103999995,0.9198975866910403
7821.0,-0.0276,-0.0054,0.9095,17.756252999999997,-20.431512,-68.30032733333333,2.4324583045883394,-0.5758672707449669,-24.935426067999995,0.9099347064487648
7833.0,-0.0131,0.0189,0.9415,18.038753,-22.355212,-72.20872733333333,2.6149897914575404,-0.8022965008165615,-25.368678431999996,0.9417807972134492
7845.0,-0.0079,0.0216,0.9357,18.122753,-22.797912000000004,-75.23162733333334,2.795613399546405,-1.0309607070893947,-25.820068195999998,0.9359826173599592
7857.0,-0.0027,0.0183,0.9177,15.924252999999998,-20.851412000000003,-78.69722733333333,2.947075227764829,-1.234162707359479,-26.292251559999997,0.9178864145415815
7869.0,-0.0062,0.0128,0.9038,12.107453,-15.912412000000002,-83.37662733333333,3.0502399683662555,-1.3765525160502328,-26.792511323999996,0.9039118983617818
7881.0,0.0198,0.0145,0.8895,6.8937529999999985,-10.179612,-88.23162733333334,3.0899275236476864,-1.4531123555472776,-27.321901087999997,0.8898384909633882
7893.0,0.0482,0.0566,0.8978,3.947152999999999,-1.4926120000000016,-89.81172733333334,3.099348349403191,-1.4335753067993307,-27.860771451999998,0.9008727102093836
7905.0,0.0372,0.0726,0.9244,0.8631529999999988,1.9577879999999985,-88.20872733333333,3.078908395774747,-1.3793326266735042,-28.390023816,0.9279924353139953
7917.0,0.0536,0.077,0.9058,0,4.911987999999999,-85.11712733333333,3.0552727107380595,-1.2984174471825471,-28.90072658,0.910645704980812
7929.0,0.033,0.0911,0.9487,-1.335347000000001,5.667687999999998,-81.07892733333333,3.02385987554617,-1.2139018063253029,-29.387200144,0.9536350979279233
7941.0,0.0464,0.0963,0.9205,-4.052847000000001,5.469287999999999,-76.36132733333334,2.9685796450668116,-1.1383964183065116,-29.845368108000002,0.9266859770170259
7953.0,0.0392,0.0862,0.9205,-4.510847000000001,7.637187999999998,-70.61322733333333,2.9144654329790116,-1.0424906195966177,-30.269047472000004,0.9253579469589052
7965.0,0.0504,0.0742,0.8997,-6.136847000000001,8.469287999999999,-64.79652733333333,2.8458505893358286,-0.9433871842732596,-30.657826636000003,0.904160323172832
7977.0,0.0454,0.0765,0.936,-8.648247000000001,10.217288,-59.78882733333333,2.7522984194927966,-0.8292011322193876,-31.016559600000004,0.9402177460567314
7989.0,0.0342,0.0747,0.9323,-12.007047000000002,11.637187999999998,-53.97202733333333,2.623811195372451,-0.7023446970837981,-31.340391764000003,0.9359129339847805
8001.0,0.0352,0.0704,0.906,-12.640647000000001,13.247888,-48.14002733333333,2.4925236642099073,-0.5608535810019196,-31.629231928000003,0.9094125576436692
8013.0,0.0221,0.053,0.9115,-12.655947000000001,12.140987999999998,-43.60562733333333,2.3633532801804615,-0.4351524900235505,-31.890865692000002,0.9133069911043055
8025.0,0.0173,0.0493,0.9087,-11.251347,10.965387999999999,-39.10942733333333,2.2525491748309774,-0.3251477334369327,-32.125522256,0.9102007855413001
8037.0,0.0253,0.0646,0.9054,-8.449847000000002,8.682987999999998,-33.254527333333336,2.1781754792269252,-0.24461567134326231,-32.325049420000006,0.908054188911653
8049.0,0.0309,0.0612,0.8953,-4.281847000000001,4.8432879999999985,-25.972027333333333,2.155101584209007,-0.21197225522003943,-32.48088158400001,0.8979211212573185
8061.0,0.0303,0.0803,0.9071,0,0.7974879999999986,-18.41482733333333,2.185859576200992,-0.22846088046251278,-32.59137054800001,0.9111512443057959
8073.0,0.0382,0.1003,0.8959,3.1074529999999987,-1.5078120000000013,-9.346127333333333,2.2578583860312236,-0.2735727261008031,-32.647447312000004,0.9023060123926916
8085.0,0.0195,0.0999,0.918,4.107452999999999,-3.4468120000000018,-1.2697273333333337,2.3447235075214996,-0.33981853023156905,-32.65506567600001,0.9236256059681326
8097.0,0.0187,0.0317,0.8899,5.168552999999999,-1.9582120000000014,2.333272666666666,2.438138331731449,-0.38653813774364265,-32.641066040000005,0.890660760334708
8109.0,0.0477,0.0514,0.9166,7.1456529999999985,-2.0498120000000015,6.348572666666666,2.5513844400132606,-0.43633305369588926,-32.602974604,0.919278418108464
8121.0,0.0774,0.0713,0.9135,8.450952999999998,-7.217812,15.783672666666666,2.678830996264114,-0.5522890196837851,-32.508272568,0.9195415705665514
8133.0,0.066,0.0675,0.9063,11.435652999999999,-9.431512000000001,25.951572666666667,2.8394200808064674,-0.6962985960826952,-32.352563132,0.9112035667182169
8145.0,0.0476,0.069,0.9047,14.450952999999998,-12.370412000000002,34.16537266666667,3.0329974338412238,-0.8735913721433413,-32.147570896,0.9085751757559745
8157.0,0.0087,0.0616,0.9293,15.992952999999998,-13.141412,39.501272666666665,3.2403742217534313,-1.0528380314630754,-31.910563259999996,0.9313800191114259
8169.0,-0.0229,0.0594,0.9214,15.176153,-14.011712000000001,42.218772666666666,3.4333848201637003,-1.2316058842315498,-31.657250623999996,0.9235966273216897
8181.0,0.0001,0.0673,0.9083,13.015852999999998,-9.439112000000002,44.05087266666667,3.5976715724632844,-1.3495487081906945,-31.392945387999998,0.9107898714851851
8193.0,-0.0388,0.0647,0.9855,9.405152999999999,-4.920112000000001,46.82187266666667,3.715710758542974,-1.4037730127184942,-31.112014151999997,0.9883834175055751
8205.0,-0.0709,0.0367,0.9022,-0.6406470000000011,-4.836112000000002,47.69207266666667,3.7100412773286795,-1.4447778731395502,-30.825861716,0.9057254219684905
8217.0,-0.019,0.0349,0.8154,-1.5337470000000013,2.4004879999999984,47.37147266666667,3.691546458737324,-1.3963642130043115,-30.541632879999998,0.8163676683945782
8229.0,0.0056,0.045,0.9747,-2.236047000000001,3.3012879999999987,47.99737266666667,3.6629387176704475,-1.3380985283730757,-30.253648644,0.9757542979664502
8241.0,0.0236,0.0273,0.9067,-3.3505470000000015,2.3775879999999985,46.722572666666665,3.6181254353943495,-1.2939791708629647,-29.973313207999997,0.9074178420110549
8253.0,0.0248,0.0287,0.9462,-4.678847000000001,2.1714879999999988,43.06607266666667,3.555174008949265,-1.2551713861048137,-29.714916771999995,0.9469599621948122
8265.0,0.0217,0.0104,0.9131,-6.961247000000002,2.8966879999999984,36.707372666666664,3.4615276997239186,-1.2100684290863877,-29.494672535999996,0.9134170241461455
8277.0,0.0282,-0.0018,0.9122,-8.075747000000002,4.583787999999998,28.104272666666667,3.350522809626596,-1.1481540698358301,-29.326046899999994,0.9126375622337709
8289.0,0.0238,-0.0106,0.9006,-7.831447000000001,6.537987999999999,18.53937266666667,3.2380512026661132,-1.065884000206351,-29.214810663999994,0.9009767810548727
8301.0,0.0188,0.0057,0.9294,-7.976547000000002,7.118087999999998,9.386772666666666,3.122106435783608,-0.9790053312812552,-29.158490027999996,0.9296076000119621
8313.0,-0.0265,0.0067,0.9341,-8.144447000000001,8.400488,0,3.003009259953611,-0.8736278835217908,-29.158490027999996,0.9344998394863426
8325.0,-0.0272,-0.0034,0.9146,-10.152047000000001,6.705887999999998,-3.4071273333333343,2.8583638875396127,-0.7855940485488098,-29.178932791999994,0.9150106884621622
8337.0,-0.0375,-0.0359,0.8883,-9.411647,8.461587999999999,-7.391927333333333,2.717444875075712,-0.6731687758096065,-29.223284355999994,0.8898156831614061
8349.0,-0.042,-0.0133,0.9269,-7.785647000000001,7.8203879999999995,-15.132327333333334,2.5940774816704213,-0.5649939036413041,-29.314078319999993,0.9279463885376137
8361.0,-0.0212,-0.0044,0.9158,-7.465047000000002,7.285987999999998,-22.071327333333333,2.474143402011102,-0.46288862065865743,-29.446506283999994,0.91605591532395
8373.0,-0.0175,0.0016,0.9255,-8.228447000000001,8.820388,-28.956827333333333,2.3458380190430925,-0.3431105350076168,-29.620247247999995,0.9256668191093381
8385.0,-0.0051,0.011,0.9221,-9.388747,10.140987999999998,-33.14762733333333,2.2060238871120927,-0.21024346758255352,-29.819133011999995,0.9221797113361365
8397.0,0.0266,0.0302,0.9026,-8.770447,10.118087999999998,-35.361327333333335,2.078329474905882,-0.08429637451610403,-30.031300975999994,0.9034967404479111
8409.0,-0.0173,0.0229,0.9443,-7.0986470000000015,7.660087999999998,-34.498727333333335,1.9736940001817647,0.012100644123385938,-30.238293339999995,0.9447360425007612
8421.0,0.0127,0.0205,0.8773,-2.228447000000001,3.5150879999999987,-32.58272733333333,1.9290351369539418,0.05578916031287185,-30.433789703999995,0.8776313747810068
8433.0,0.0106,0.0393,0.8976,1.3364529999999988,0,-28.819427333333334,1.930057846195851,0.05568080186005206,-30.606706267999996,0.8985224593742774
8445.0,0.0149,0.0367,0.9276,2.1074529999999987,0,-24.40712733333333,1.9423019754670263,0.05360493445369363,-30.753149031999996,0.9284452918723859
8457.0,0.0178,0.0312,0.9088,2.0769529999999987,0,-21.216327333333332,1.955261977455696,0.049434020032980086,-30.880446995999996,0.9095096041274111
8469.0,0.017,0.0328,0.9031,2.160852999999999,-0.9811120000000013,-18.46822733333333,1.970356744110159,0.031980863651373696,-30.991256359999998,0.90385532581271
8481.0,0.0188,0.0415,0.931,1.4433529999999988,0,-15.842327333333335,1.9789787015943063,0.024560535549564243,-31.086310324,0.932114097093269
8493.0,0.0179,0.0409,0.9104,0.5425529999999988,0,-12.598027333333334,1.9788663387464693,0.01572007455205477,-31.161898488,0.9114940372816489
8505.0,0.02,0.0433,0.9166,0,0,-8.765927333333334,1.974482232212776,0.005387011794312689,-31.214494052,0.9178401004532325
8517.0,0.0216,0.0571,0.9156,0.7333529999999988,-0.7063120000000014,-4.590327333333334,1.9824357884966757,-0.0147490051325046,-31.242036016,0.9176330039836187
8529.0,0.0138,0.0411,0.911,1.611252999999999,-1.8208120000000014,0,2.0018344261300864,-0.04815044041068601,-31.242036016,0.9120310575852119
8541.0,0.0051,0.0231,0.9125,2.489152999999999,-1.8437120000000013,0.8676726666666662,2.0300616921327714,-0.08056620110570399,-31.23682998,0.9128065895905879
8553.0,-0.0071,0.0149,0.9124,3.382252999999999,-3.149112000000001,1.0737726666666663,2.066203829972154,-0.12562708086620694,-31.230387344,0.9125492753818831
8565.0,-0.0118,0.0146,0.9106,5.4356529999999985,-4.187212000000001,0.6920726666666661,2.1239185107276697,-0.17955385238309,-31.226234908000002,0.9107934782375201
8577.0,0.0099,0.0287,0.923,5.084552999999999,-5.6453120000000006,0,2.1764007052969108,-0.25006340834368534,-31.226234908000002,0.9234991608009181
8589.0,0.0052,0.0325,0.9329,3.298252999999999,-3.3323120000000013,0,2.207308813412673,-0.29182704465176607,-31.226234908000002,0.9334804229334431
8601.0,0.0028,0.0229,0.9205,0,0,0,2.198093810243652,-0.293156608004808,-31.226234908000002,0.9207890637925713
8613.0,0.0044,0.0236,0.9119,-0.8849470000000013,0.8279879999999986,0,2.1781305133761224,-0.2845595152474591,-31.226234908000002,0.9122159448288547
8625.0,-0.0004,0.021,0.9106,-1.091047000000001,0.6982879999999987,0,2.1553490297355826,-0.2769131490536825,-31.226234908000002,0.9108422036774537
8637.0,0.0015,0.0225,0.9231,-1.2208470000000013,0.8890879999999985,0,2.1309240328971675,-0.2667332361283955,-31.226234908000002,0.9233753895355886
8649.0,0.0056,0.0254,0.9186,-1.602447000000001,1.6142879999999986,0,2.1023633964004795,-0.24834598807182548,-31.226234908000002,0.9189681604930608
8661.0,-0.0009,0.0203,0.9087,-1.5490470000000012,1.1180879999999986,0,2.0742770629003147,-0.23546067379055055,-31.226234908000002,0.9089271642986582
8673.0,-0.0131,0.0135,0.9174,0,0,0,2.0634358887701056,-0.23381914235468182,-31.226234908000002,0.9175928399895021
8685.0,-0.012,0.0146,0.9191,1.069252999999999,-0.8437120000000013,0,2.064138220587703,-0.24032408973168873,-31.226234908000002,0.919294278237388
8697.0,0.0081,0.0271,0.9094,0.6036529999999989,0,0,2.05982198423578,-0.2376655494789573,-31.226234908000002,0.9098397551217468
8709.0,0.0015,0.028,0.926,0,0,0,2.0489751847554176,-0.23503071165611988,-31.226234908000002,0.9264244437621452
8721.0,0.0078,0.0282,0.9202,0,0,0.6615726666666661,2.038822631959972,-0.23321069146377257,-31.222265472000004,0.9206650422384898
8733.0,-0.0115,0.014,0.9281,-0.732247000000001,0.6371879999999985,0,2.0188933167733936,-0.2222072174238243,-31.222265472000004,0.9282768229359172
8745.0,-0.0004,0.014,0.9237,-0.7780470000000013,0,-1.1552273333333338,1.9976084487688524,-0.21875121090508703,-31.229196836000003,0.923806175558488
8757.0,-0.0122,0.0181,0.9465,-4.1062470000000015,0,-2.972027333333334,1.9369593083803542,-0.21374564238336552,-31.247029000000005,0.9467516569829704
8769.0,0.0247,-0.0411,0.8549,-5.953647000000001,3.3775879999999985,-4.552227333333334,1.8480735986692205,-0.17227269343205312,-31.274342364000006,0.8562437211448618
8781.0,-0.0836,-0.1058,0.9375,-2.1444470000000013,4.186787999999998,-14.697227333333334,1.7905122555150126,-0.11140914322058693,-31.362525728000005,0.9471477445467523
8793.0,-0.0366,-0.0485,0.889,1.687552999999999,0,-27.60562733333333,1.7726387003078072,-0.09720798429494797,-31.528159492000004,0.8910739643823065
8805.0,-0.0056,0.0018,0.9166,1.7791529999999989,0,-33.20102733333333,1.756616694908588,-0.08378917993347976,-31.727365656000003,0.9166188739056161
8817.0,-0.0067,0.0134,0.9325,1.3364529999999988,1.0111879999999986,-36.39952733333333,1.737536535028885,-0.05907704482561849,-31.945762820000002,0.9326203407603761
8829.0,0.0157,0.0356,0.9102,1.397552999999999,1.0493879999999987,-37.42242733333333,1.72397811420857,-0.037482276506387344,-32.170297384,0.911031223394676
8841.0,0.0249,0.0588,0.9092,1.794452999999999,0,-35.231627333333336,1.7222489909918497,-0.032580457277630384,-32.381687148000005,0.9114395701306808
8853.0,0.0175,0.0555,0.9246,1.9166529999999988,0,-31.346127333333335,1.7277579724829277,-0.030385038666000615,-32.569763912000006,0.9264295224138747
8865.0,0.0239,0.0563,0.9293,1.496752999999999,0.5073879999999986,-27.43772733333333,1.7334857921901772,-0.025408609040297427,-32.734390276000006,0.9313105765532785
8877.0,0.0311,0.0386,0.9125,1.1685529999999988,0,-24.078927333333333,1.7378047988040934,-0.03022652720773324,-32.87886384000001,0.913845402680344
8889.0,0.0134,0.0339,0.9187,1.679952999999999,0,-21.315527333333332,1.7497568871699134,-0.03608893227812694,-33.00675700400001,0.9194228950814745
8901.0,0.0219,0.0427,0.918,2.557852999999999,-0.5002120000000012,-18.987327333333333,1.7744289447169477,-0.04980550141765406,-33.12068096800001,0.919253447097154
8913.0,0.0121,0.0403,0.9143,2.6341529999999986,-0.9430120000000013,-16.42242733333333,1.8015888359093826,-0.06911411688639563,-33.21921553200001,0.9152677149337237
8925.0,0.0128,0.0524,0.9148,3.0769529999999987,-1.5460120000000015,-13.063627333333335,1.8367987320059014,-0.09580829448903368,-33.297597296000006,0.9163889130713007
8937.0,0.0081,0.066,0.9095,3.7486529999999987,-2.4697120000000017,-7.5522273333333345,1.8839733105269423,-0.1328620719091536,-33.34291066000001,0.9119275519469734
8949.0,-0.0111,0.0713,0.9092,4.786852999999999,-3.9659120000000017,-1.170527333333334,1.9473762402273374,-0.18439440739110002,-33.34993382400001,0.9120589564277082
8961.0,-0.0081,0.0336,0.9139,7.199052999999999,-4.469712000000001,3.737872666666666,2.037611489084194,-0.2390525053626764,-33.32750658800001,0.9145533226663167
8973.0,0.0688,0.0848,0.9539,7.695252999999999,-6.836112000000002,8.753172666666666,2.1378142713825117,-0.32842433206712746,-33.27498755200001,0.9601300380677609
8985.0,0.1256,0.1163,0.918,5.298252999999999,-5.973512000000001,21.234072666666666,2.2172467226253425,-0.4201478993031283,-33.147583116000014,0.93382281509931
8997.0,0.1124,0.12,0.9347,1.8173529999999989,-2.927712000000001,37.16537266666667,2.2629560532185002,-0.4853533103801162,-32.92459088000001,0.9490510260254714
9009.0,0.0737,0.1094,0.9386,-2.121547000000001,0,49.722572666666665,2.2679780563556013,-0.5199861595153784,-32.62625544400001,0.9478238285673134
9021.0,0.0294,0.0765,0.9231,-5.213147000000001,1.9882879999999985,58.48597266666667,2.2384928849815076,-0.5297580635394749,-32.27533960800001,0.926730931824335
9033.0,-0.0071,0.0482,0.907,-6.533747000000001,2.2401879999999985,62.630972666666665,2.192466669175192,-0.5312032297903634,-31.89955377200001,0.9083075745583101
9045.0,-0.015,0.0337,0.9178,-5.3124470000000015,1.5837879999999986,64.30277266666667,2.1583946864281693,-0.5346484356083746,-31.51373713600001,0.9185409789443255
9057.0,0.0063,0.0242,0.8721,-2.6406470000000013,0,66.20347266666667,2.1525796918077003,-0.5543255646090877,-31.11651630000001,0.8724584460018712
9069.0,-0.0083,0.0096,0.8951,1.7257529999999988,-3.706312000000002,67.08897266666666,2.192747095473535,-0.6131807018014132,-30.71398246400001,0.8951899574950559
9081.0,-0.0302,0.0142,0.932,3.4738529999999987,-4.149112000000001,63.85237266666667,2.248052869253555,-0.6696048699590132,-30.33086822800001,0.9325972764275049
9093.0,-0.0428,0.0139,0.9211,2.290652999999999,-4.301712000000002,58.470672666666665,2.284223362704219,-0.7193418808355297,-29.980044192000012,0.9221986011700517
9105.0,-0.037,0.0081,0.9266,0,-2.935312000000001,51.60047266666667,2.288276085348214,-0.746125336617028,-29.670441356000012,0.9273738027354449
9117.0,-0.0348,-0.0077,0.9161,-1.3047470000000012,-1.6605120000000015,43.94397266666667,2.2709802707297424,-0.7523682908014078,-29.406777520000013,0.9167930737085659
9129.0,-0.0516,-0.0282,0.9271,-2.213147000000001,0,34.455472666666665,2.2354098394706585,-0.7323522842250426,-29.200044684000012,0.9289629755808355
9141.0,-0.0785,-0.059,0.9143,-3.1673470000000012,2.0722879999999986,21.974472666666667,2.178392050427151,-0.679059346056848,-29.06819784800001,0.9195584483870506
9153.0,-0.1182,-0.0836,0.9099,-3.984147000000001,3.9119879999999987,5.4172726666666655,2.099986890084789,-0.5918458185448747,-29.03569421200001,0.9213458688245149
9165.0,-0.0052,0.0231,0.9476,-6.190247000000001,2.1714879999999988,-3.140027333333334,1.9988453110388547,-0.5290423079113843,-29.05453437600001,0.947895780136192
9177.0,-0.0297,-0.005,0.8927,-7.610147000000001,3.7669879999999987,-6.307927333333334,1.8810748471316139,-0.4474972959638005,-29.09238194000001,0.8932079153254298
9189.0,-0.104,-0.0485,0.9355,-7.419247,8.988287999999999,-18.170527333333332,1.760667207652603,-0.29593593711478716,-29.20140510400001,0.9425118036396148
9201.0,-0.0746,-0.0359,0.9135,-9.022347000000002,8.629587999999998,-31.689627333333334,1.6188947395443039,-0.1459958292573214,-29.39154286800001,0.9172438170955419
9213.0,-0.0337,0.0001,0.9054,-9.098647000000001,13.186787999999998,-40.49112733333333,1.4791179647858888,0.05454754074924158,-29.634489632000008,0.9060269642786576
9225.0,-0.036,0.0013,0.8833,-6.5643470000000015,6.331787999999998,-44.506427333333335,1.3721415561239558,0.17086456917698437,-29.901528196000008,0.8840342640418413
9237.0,-0.0143,0.0231,0.9207,-2.098647000000001,3.8432879999999985,-45.659027333333334,1.3227339726852638,0.2530598960258316,-30.175482360000007,0.9211007491040271
9249.0,-0.0021,0.0208,0.9146,-0.739847000000001,2.7058879999999985,-45.10942733333333,1.2926277474846892,0.316459195515631,-30.446138924000007,0.9148388983859399
9261.0,0.0111,0.0182,0.902,0,0.9348879999999986,-43.87282733333333,1.2736089247512434,0.3527551416019911,-30.709375888000007,0.9022518772493632
9273.0,0.0122,0.0107,0.8958,1.8784529999999988,0,-42.51402733333333,1.2777348940220987,0.3726907691544082,-30.964460052000007,0.8959469682966733
9285.0,-0.0095,-0.0079,0.9207,2.6112529999999987,0,-43.00262733333333,1.2886468323202809,0.390697524431014,-31.222475816000006,0.9207829005797186
9297.0,-0.0162,-0.0088,0.9176,3.015852999999999,0,-46.15522733333333,1.3024156214556022,0.40781833433331727,-31.499407180000006,0.9177851818372313
9309.0,-0.0144,-0.0106,0.9128,3.519652999999999,0,-49.69722733333333,1.320096075067687,0.423911020841514,-31.797590544000006,0.9129751146663309
9321.0,-0.0165,-0.0172,0.8977,3.916652999999999,-0.7063120000000014,-53.315527333333335,1.3396992963583536,0.43106151962531036,-32.11748370800001,0.8980163584256136
9333.0,-0.0142,-0.0059,0.9236,4.992952999999998,-1.1720120000000014,-57.11712733333333,1.370832605994141,0.4319530026405899,-32.46018647200001,0.9237279956783815
9345.0,-0.0022,0.0107,0.9236,5.115052999999999,-1.1109120000000012,-59.35372733333333,1.4042006401685916,0.43146680768343315,-32.81630883600001,0.9236645982173399
9357.0,-0.0009,0.0299,0.9431,2.046352999999999,0.5455879999999986,-59.42242733333333,1.4044857001133035,0.44840075273813385,-33.17284340000001,0.943574284304103
9369.0,-0.0018,0.0278,0.9427,-1.9230470000000013,4.041787999999999,-57.86522733333333,1.361108599482796,0.504372433877784,-33.52003476400001,0.9431115363518782
9381.0,-0.0154,0.0031,0.9401,-4.220847000000001,4.171487999999998,-56.369027333333335,1.2912147384243229,0.5608888839630457,-33.85824892800001,0.9402312375155379
9393.0,-0.0115,-0.0005,0.892,-2.8391470000000014,2.9348879999999986,-55.369027333333335,1.2382286894519068,0.601463131530492,-34.19046309200001,0.8920742682086509
9405.0,-0.0172,0.0219,0.8976,0,1.5531879999999987,-54.15522733333333,1.2218190454711404,0.6254353535643135,-34.51539445600001,0.8980318535553179
9417.0,-0.0157,0.0311,0.9105,1.3822529999999988,0.5455879999999986,-52.87282733333333,1.2250531285393162,0.6372797406354757,-34.83263142000001,0.9111662581548989
9429.0,-0.0157,0.0321,0.9155,2.2524529999999987,0,-53.01782733333333,1.2413308442914914,0.6426423388207956,-35.150738384000014,0.9161971130711993
9441.0,-0.0095,0.0352,0.9065,2.710452999999999,-0.8056120000000013,-53.384227333333335,1.265661302782724,0.6378193029535318,-35.471043748000014,0.9072329028424839
9453.0,-0.0067,0.0333,0.913,4.4051529999999985,-1.9582120000000014,-53.81942733333333,1.3118807619647315,0.6186303702694087,-35.79396031200002,0.9136316434975313
9465.0,-0.0077,0.0366,0.9285,5.145652999999999,-2.7521120000000017,-53.03312733333333,1.368461671308623,0.5897700044785598,-36.11215907600002,0.9292529795486264
9477.0,0.0155,0.0375,0.9274,4.817352999999999,-3.210112000000001,-51.28502733333333,1.422479218014312,0.5525591203721352,-36.41986924000002,0.928287272346228
9489.0,0.0277,0.0483,0.9263,4.0998529999999995,-2.637612000000001,-47.300327333333335,1.470510085702109,0.51812327202564,-36.70367120400002,0.927971912290453
9501.0,0.027,0.0443,0.9358,2.8784529999999986,-1.4239120000000014,-41.58272733333333,1.505857887834024,0.4945091164263736,-36.95316756800002,0.9372369657669292
9513.0,0.0282,0.0432,0.9259,1.496752999999999,-0.6758120000000014,-35.72782733333333,1.5265167108597453,0.47630269413948256,-37.16753453200002,0.9273361256847485
9525.0,-0.0234,-0.0334,0.9124,0.8020529999999989,-0.8743120000000015,-34.01022733333333,1.5311435344176945,0.45907837330527906,-37.37159589600002,0.9133109437644991
9537.0,-0.0348,-0.0604,0.9128,1.0158529999999988,-0.9124120000000016,-41.13232733333333,1.5281078059295667,0.44583326056187883,-37.618389860000015,0.915457830814724
9549.0,-0.0316,-0.0271,0.923,0.5425529999999988,-0.9964120000000012,-48.77362733333333,1.5146190950921383,0.43513446241919806,-37.91103162400002,0.9239382933940989
9561.0,-0.0074,0.0162,0.915,0.8326529999999989,-1.5536120000000015,-52.08652733333333,1.5057669782928262,0.4180304178455587,-38.22355078800002,0.9151733169187135
9573.0,-0.0089,0.0226,0.9052,1.8784529999999988,-2.0422120000000015,-52.06362733333333,1.5110634882433647,0.39566036381604774,-38.53593255200002,0.9055258196208433
9585.0,-0.0267,-0.0062,0.8882,2.954752999999999,-1.8743120000000015,-52.91102733333333,1.5268408942483802,0.3780853925368384,-38.85339871600002,0.8886228502576332
9597.0,-0.0315,0.004,0.9199,3.786852999999999,-0.7979120000000015,-56.552227333333335,1.5514578830238712,0.376219833464441,-39.19271208000002,0.9204478583819945
9609.0,-0.0123,0.0322,0.9325,1.870852999999999,0,-58.338427333333335,1.5559938817513608,0.3837785451264541,-39.54274264400002,0.9331368495563767
9621.0,0.0038,0.0481,0.9052,1.1990529999999988,0.5455879999999986,-55.84232733333333,1.557216066655143,0.39563588343119066,-39.87779660800002,0.9064850191812328
9633.0,0.0132,0.0366,0.9139,1.6952529999999988,0,-51.33082733333333,1.5670085416950783,0.3978787002503053,-40.18578157200002,0.9147278338391153
9645.0,0.0016,0.0325,0.9177,1.5578529999999988,0,-47.12472733333333,1.5769507588243932,0.39885878479401454,-40.46852993600002,0.9182767012181023
9657.0,-0.019,-0.0084,0.9211,1.4585529999999989,0,-45.62852733333333,1.5821682429317918,0.4012968448883154,-40.74230110000002,0.9213342335982094
9669.0,-0.0247,-0.0194,0.8995,1.428052999999999,0,-47.67432733333333,1.5825646888789882,0.40575626897955014,-41.02834706400002,0.9000481653778313
9681.0,-0.0267,-0.0087,0.911,1.4585529999999989,0,-50.83462733333333,1.5807023333806616,0.41222863980686364,-41.333354828000026,0.9114327073349958
9693.0,-0.0319,0.0015,0.9205,1.1990529999999988,0,-53.269727333333336,1.5747416760283466,0.42109889145991675,-41.652973192000026,0.9210538040744417
9705.0,-0.0304,0.0138,0.9435,1.0921529999999988,0,-54.498727333333335,1.5681778898603231,0.4318274195114295,-41.979965556000025,0.9440904882478162
9717.0,-0.027,0.0203,0.9586,-0.671147000000001,-1.6224120000000015,-55.69722733333333,1.5422746770754843,0.4246261320266692,-42.31414892000002,0.9591950010295092
9729.0,-0.0309,0.0155,0.9591,-3.5872470000000014,-2.683412000000001,-56.460627333333335,1.483130699805795,0.4067905533683935,-42.65291268400002,0.9597228089401647
9741.0,-0.015,0.0424,0.951,-6.121547000000001,-3.5002120000000017,-56.58272733333333,1.3991766737007103,0.3792818233537879,-42.99240904800002,0.9520628970819102
9753.0,-0.0029,0.0363,0.9327,-7.991747000000002,-3.2865120000000014,-55.44532733333333,1.297609104931031,0.3530059213931935,-43.32508101200002,0.9334106223950958
9765.0,-0.02,-0.002,0.9108,-8.625347000000001,-3.103312000000001,-54.758327333333334,1.1883700597890945,0.3299210126884125,-43.65363097600002,0.9110217560519617
9777.0,-0.017,-0.0021,0.8856,-7.716947000000001,-2.2330120000000018,-55.93392733333333,1.08999624364064,0.3176788277649245,-43.98923454000002,0.8857656405618815
9789.0,-0.0009,0.0138,0.8809,-5.281847000000001,-1.2712120000000016,-56.97202733333333,1.0224000065827075,0.31512759393328826,-44.33106670400002,0.881008547064102
9801.0,0.019,0.0225,0.8658,-2.304747000000001,-0.7521120000000012,-56.92622733333333,0.9924427944078061,0.31457076489003494,-44.672624068000026,0.8663006926004388
9813.0,0.0312,0.03,0.8608,1.5272529999999989,0,-54.223927333333336,1.0102671240367636,0.31754955200356794,-44.99796763200003,0.8618875100614929
9825.0,0.0408,0.0189,0.8456,5.970052999999999,0,-50.78882733333333,1.0805356874039937,0.31441481703169427,-45.30270059600003,0.8467946681457081
9837.0,0.0509,0.0292,0.8483,10.702853,0,-46.827027333333334,1.2068706934991895,0.30453155998753506,-45.58366276000003,0.8503271958487509
9849.0,0.0266,0.0139,0.8523,15.992952999999998,0.8890879999999985,-43.74302733333333,1.3925660874199175,0.3022279556647641,-45.84612092400003,0.8528282711073782
9861.0,0.027,0.03,0.9063,18.626552999999998,1.6600879999999987,-41.55982733333333,1.6071582689424853,0.30625092916270025,-46.095479888000035,0.9071982638872277
9873.0,0.0216,0.046,0.9576,17.741052999999997,1.9653879999999986,-39.575127333333334,1.810410869335671,0.3120394395402893,-46.33293065200004,0.9589475063839522
9885.0,0.0132,0.045,0.9895,13.603653,0.9653879999999986,-37.28502733333333,1.963700378441442,0.30550725354025815,-46.55664081600004,0.990610665195969
9897.0,0.0076,0.0339,0.9937,8.366952999999999,0,-36.04072733333333,2.0533761074397825,0.2880647708914282,-46.77288518000004,0.9943071255904787
9909.0,0.0052,0.0349,0.9888,2.8555529999999987,-1.4239120000000014,-35.681927333333334,2.0775006128614795,0.2547934681242317,-46.98697674400004,0.9894293759536352
9921.0,0.0107,0.0309,0.9518,-0.991747000000001,-2.172012000000002,-35.04842733333333,2.0564708549555237,0.21317262257643596,-47.197267308000036,0.952361559493032
9933.0,0.0176,0.0311,0.9117,-2.152047000000001,-1.9582120000000014,-32.83462733333333,2.0228949356888775,0.17380145725506194,-47.394275072000035,0.9124000548005244
9945.0,0.0272,0.0428,0.903,-1.4956470000000013,-1.3552120000000012,-29.41482733333333,1.9998039045224165,0.1401150289070502,-47.570764036000035,0.9044228435858971
9957.0,0.0198,0.032,0.8955,0,-1.1643120000000016,-25.765927333333334,1.9953441042895423,0.10827133425751818,-47.72535960000003,0.8962902933759798
9969.0,0.0186,0.0262,0.894,0.8097529999999988,-0.6758120000000014,-23.193427333333332,2.0003043640770004,0.0819824394887933,-47.864520164000034,0.8945772185786983
9981.0,0.0104,0.0284,0.9178,1.6952529999999988,0,-21.53692733333333,2.015588977215489,0.06448598264955464,-47.99374172800003,0.9182981868652469
9993.0,0.0194,0.0437,0.9246,1.7028529999999988,-0.6529120000000015,-19.59802733333333,2.0325462386532727,0.03883742678277649,-48.11132989200003,0.9258354119388608
10005.0,0.0199,0.0369,0.9111,2.1379529999999987,-0.8514120000000016,-16.949127333333333,2.0551878902385234,0.010539086782214754,-48.21302465600003,0.9120640492860137
10017.0,0.0137,0.0282,0.9237,2.061652999999999,-0.8590120000000012,-15.307927333333334,2.0761595345746637,-0.01723092613931035,-48.30487222000003,0.9242319081269592
10029.0,0.0042,0.0195,0.9292,1.4204529999999989,-0.9964120000000012,-14.231627333333334,2.087778819039526,-0.044820767745620854,-48.39026198400003,0.9294140788690475
10041.0,-0.005,0.0114,0.9319,0,-1.7598120000000015,-14.452927333333333,2.0801936768813665,-0.07857307026031705,-48.476979548000024,0.9319831382594859
10053.0,-0.0076,0.0085,0.9156,0,-2.1109120000000012,-15.338427333333334,2.070420409494453,-0.11344476546701338,-48.56901011200002,0.915670994407926
10065.0,-0.016,-0.006,0.9097,0.7104529999999989,-2.3399120000000013,-16.61322733333333,2.0653018138739343,-0.14716766398305367,-48.668689476000026,0.9098604783152194
10077.0,0.0057,0.0204,0.9089,1.5196529999999988,-2.2330120000000018,-17.949127333333333,2.069582033144466,-0.1788314459521797,-48.77638424000003,0.9091467758288538
10089.0,0.0087,0.0326,0.9247,1.8173529999999989,-1.8590120000000012,-17.178127333333332,2.078552642137441,-0.20570868581897916,-48.87945300400003,0.9253153732647048
10101.0,0.0103,0.0188,0.9159,1.5654529999999989,-2.126212000000001,-16.65142733333333,2.083835744964664,-0.2356188729752746,-48.97936156800003,0.9161508281936988
10113.0,0.0154,0.024,0.9276,1.1990529999999988,-2.172012000000002,-16.109427333333333,2.0848248371755016,-0.2664787148970502,-49.07601813200003,0.928038210420239
10125.0,-0.0302,-0.0245,0.9302,0.8555529999999989,-2.851412000000001,-17.54452733333333,2.0758211264857747,-0.29993822514554674,-49.18128529600003,0.93101252945382
10137.0,0.0092,0.0287,0.8989,1.1379529999999989,-2.7827120000000014,-20.002627333333333,2.071683542809124,-0.33255408304817824,-49.30130106000003,0.8994051033877893
10149.0,0.0089,0.0089,0.8909,2.8708529999999985,-2.1949120000000018,-19.307927333333332,2.0867866604157483,-0.3581458514231245,-49.41714862400003,0.8909889056548348
10161.0,-0.0138,-0.0251,0.8561,5.221952999999999,-1.7674120000000015,-22.025527333333333,2.123932785449695,-0.3758547697509199,-49.54930178800003,0.8565790448055567
10173.0,0.0051,0.0068,0.8931,8.206653,-0.6987120000000013,-24.819427333333334,2.1945757648807116,-0.3808832262974903,-49.698218352000026,0.8931404480819353
10185.0,0.0114,0.0337,0.9451,8.122753,0,-26.49872733333333,2.2653321446393986,-0.37857837827276125,-49.857210716000026,0.945769348202827
10197.0,0.0105,0.0302,0.949,5.985352999999999,-0.5384120000000014,-26.880427333333333,2.3113345365605924,-0.3834149321200401,-50.01849328000002,0.9495384615696195
10209.0,-0.0177,-0.0233,0.9392,3.412752999999999,-1.5842120000000013,-31.391927333333335,2.3211143954268367,-0.397621693862265,-50.206844844000024,0.9396556922617987
10221.0,-0.0068,0.0048,0.9229,2.6570529999999986,-1.7979120000000015,-36.246827333333336,2.320815520910622,-0.4128828120681602,-50.42432580800003,0.9229375330974464
10233.0,0.0101,0.0204,0.8964,3.031152999999999,-0.8208120000000014,-39.72012733333333,2.326017796013076,-0.4174087897444228,-50.66264657200003,0.8966889817545435
10245.0,0.0316,0.0459,0.8827,5.092152999999999,0.5226879999999987,-41.04072733333333,2.35956967526928,-0.40970893846672685,-50.90889093600003,0.8844572686116611
10257.0,0.0105,-0.0013,0.9059,5.580752999999999,0.5455879999999986,-42.636127333333334,2.3960283213266544,-0.4025380230225437,-51.16470770000003,0.905961781754617
10269.0,0.0488,0.0684,0.9358,4.741052999999999,1.2707879999999987,-44.20102733333333,2.4286063289256106,-0.39233556830126215,-51.42991386400003,0.9395646012914705
10281.0,0.05,0.0665,0.9469,3.420452999999999,0,-41.384227333333335,2.4507470857600593,-0.40220407854067386,-51.678219228000025,0.9505481892045242
10293.0,0.0449,0.0465,0.9491,0.8402529999999988,0,-38.292627333333336,2.4447406958681244,-0.41563551494056206,-51.90797499200002,0.9512986229360368
10305.0,0.053,0.0613,0.9111,0,0,-33.643827333333334,2.433318859902726,-0.4332714646474531,-52.10983795600002,0.9146966163706959
10317.0,0.0342,0.0593,0.9106,0,0,-27.32322733333333,2.425797873911011,-0.45224673442611907,-52.27377732000002,0.9131694749606997
10329.0,0.0178,0.0438,0.911,0,0,-22.61322733333333,2.4198066325210603,-0.47032128484419483,-52.40945668400002,0.9122260026988925
10341.0,0.0011,0.0557,0.9135,0,0,-17.773627333333334,2.416651808651706,-0.4854729226158876,-52.51609844800002,0.9151972191828383
10353.0,0.0055,0.0735,0.9227,0,0,-12.223927333333334,2.4181758271661753,-0.4985404445603206,-52.58944201200002,0.9256391251454316
10365.0,0.0125,0.0651,0.9081,0,0,-7.223927333333334,2.42285602267129,-0.5106531722568679,-52.63278557600002,0.9105162656427397
10377.0,0.028,0.0734,0.9183,0,0,-3.3690273333333343,2.4312861963919006,-0.523809951995725,-52.65299974000002,0.9216541922000897
10389.0,0.011,0.0365,0.9192,0,-0.5842120000000013,0,2.4384052273892123,-0.5426065065786748,-52.65299974000002,0.9199901575560469
10401.0,0.0325,0.0485,0.9041,0,0,1.401972666666666,2.445938390444776,-0.5560100662110682,-52.64458790400002,0.9059830627555904
10413.0,0.0745,0.0937,0.8965,0,1.8050879999999987,5.325672666666666,2.4595119088172415,-0.5548731165072422,-52.61263386800002,0.9044568480585461
10425.0,0.1381,0.1224,0.835,3.741052999999999,4.629587999999998,14.234072666666666,2.526451949415121,-0.5351116913893433,-52.52722943200002,0.8551481567541381
10437.0,0.1146,0.0919,0.9364,5.000552999999998,5.682987999999998,27.203472666666666,2.6109530363123596,-0.5130638861427296,-52.36400859600002,0.9478521667433165
10449.0,0.0737,0.0768,0.8995,4.145652999999999,4.866187999999998,39.264572666666666,2.6858060259507455,-0.5048519435828521,-52.128421160000016,0.9057760098390771
10461.0,0.033,0.053,0.9178,4.786852999999999,6.316587999999999,49.493572666666665,2.7654671179500556,-0.4779225678168851,-51.83145972400002,0.9199211053128414
10473.0,0.025,0.0653,0.9482,3.7181529999999987,2.9577879999999985,57.05847266666667,2.831143489257293,-0.4882046838629855,-51.48910888800002,0.9507745947384165
10485.0,-0.0046,0.0555,0.9303,1.8402529999999988,2.2478879999999988,62.09667266666667,2.8725201498937616,-0.5005070090914312,-51.116528852000016,0.9319653963533195
10497.0,-0.0212,0.0461,0.9219,0.7333529999999988,1.9348879999999986,65.10427266666667,2.898144175752554,-0.5087156487758677,-50.72590321600001,0.9232953265342569
10509.0,-0.0442,0.0311,0.9611,-1.3276470000000011,1.0035879999999986,67.63867266666666,2.8951360707335674,-0.5179356530593766,-50.320071180000014,0.962618335582696
10521.0,-0.0421,0.0217,0.9235,-2.976547000000001,-1.4620120000000014,68.10427266666667,2.868435479258957,-0.5475994388470309,-49.91144554400001,0.9247137665245392
10533.0,-0.0276,0.0277,0.9363,-4.335347000000001,1.3623879999999986,68.75317266666667,2.8230166973583457,-0.5377080782356582,-49.49892650800001,0.9371161827649761
10545.0,-0.0255,0.0272,0.9501,-5.930747000000001,-2.0117120000000015,70.64627266666666,2.7566546313854046,-0.5627802231950816,-49.07504887200001,0.9508312678914171
10557.0,-0.02,0.0309,0.9139,-6.075747000000002,0,72.40197266666667,2.687828765864037,-0.5600085630273542,-48.64063703600001,0.9146409240789525
10569.0,-0.0037,0.0341,0.924,-7.320047000000001,1.1333879999999987,74.09667266666666,2.604198507118527,-0.5426561649202306,-48.19605700000001,0.924636415030254
10581.0,0.0056,0.0304,0.875,-7.358247,0,72.90577266666666,2.520229474033673,-0.5389944403555327,-47.75862236400001,0.8755458411756634
10593.0,0.0266,0.0476,0.9252,-6.8620470000000005,2.7898879999999986,69.05847266666667,2.444202350478013,-0.5051880290635321,-47.344271528000014,0.9268054596300132
10605.0,0.0278,0.0579,0.9735,-8.335347,2.9348879999999986,65.06607266666667,2.353737284563768,-0.47276688479475326,-46.95387509200001,0.9756164717756666
10617.0,0.0402,0.0475,0.8771,-8.251347,1.8356879999999987,59.62337266666667,2.2665962783018574,-0.4577638645561771,-46.59613485600001,0.8793046684739027
10629.0,0.0245,0.0458,0.9133,-7.663547000000001,5.217287999999998,55.25697266666667,2.188153450725055,-0.40475303437812404,-46.264593020000014,0.9147758086001181
10641.0,-0.0065,0.0265,0.89,-8.197947000000001,1.9272879999999986,52.562272666666665,2.1027739532140717,-0.38898114759779273,-45.94921938400002,0.890418160192165
10653.0,-0.0067,0.0219,0.8812,-4.716947000000001,2.728787999999999,50.340972666666666,2.0575014788037445,-0.3618117364581571,-45.64717354800002,0.88149755530007
10665.0,-0.0045,0.0248,0.9205,-3.0833470000000007,2.5226879999999987,49.95927266666667,2.0301929244534342,-0.3357657647886222,-45.34741791200002,0.9208450141038935
10677.0,0.0109,0.0275,0.8984,-2.304747000000001,1.9882879999999985,51.93637266666667,2.0111064154640017,-0.3168251842178201,-45.03579967600002,0.8988868783111699
10689.0,0.0013,0.0232,0.9137,0.5349529999999989,1.0417879999999986,54.172972666666666,2.0238418104429683,-0.3084402324563055,-44.71076184000002,0.9139954157434269
10701.0,-0.007,0.0225,0.9321,2.3669529999999988,-1.8132120000000014,55.80657266666667,2.0559302972958755,-0.3318804406110182,-44.375922404000015,0.9323978013702092
10713.0,-0.0079,0.0165,0.9169,1.7715529999999988,-1.7292120000000013,54.363872666666666,2.077959717459704,-0.3520435811364505,-44.049739168000016,0.9170824772069305
10725.0,-0.0248,0.0004,0.924,0,0,50.333272666666666,2.0744982791923574,-0.34771138446577243,-43.74773953200002,0.924332840485504
10737.0,-0.0398,-0.0076,0.9283,-3.3658470000000014,3.7669879999999987,42.27987266666667,2.026719488467676,-0.29391717350579266,-43.494060296000015,0.9291838838464644
10749.0,-0.0507,-0.0023,0.9065,-4.961247000000001,4.934887999999999,34.241672666666666,1.9575519367135632,-0.22137180188939964,-43.28861026000001,0.907919616485953
10761.0,-0.0549,-0.007,0.9138,-3.716947000000001,3.8279879999999986,27.59287266666667,1.9005594914333785,-0.15728555365559563,-43.123053024000015,0.9154744398398024
10773.0,-0.0403,-0.0092,0.8826,-1.152047000000001,0.7363879999999987,21.63097266666667,1.8712119378259795,-0.1271935135684446,-42.99326718800001,0.883567479030323
10785.0,-0.0459,-0.0085,0.9523,0,0.6447879999999986,16.142472666666666,1.8526277109717673,-0.0949420794636417,-42.89641235200001,0.9534434173038273
10797.0,-0.0343,-0.0001,0.9209,-0.5719470000000011,1.0569879999999987,11.615772666666667,1.8257837046263714,-0.056424385793777176,-42.82671771600001,0.9215385558944347
10809.0,-0.0236,0.004,0.8949,0,0.5455879999999986,8.043172666666667,1.8050466286947575,-0.024101591248769632,-42.778458680000014,0.8952200679162637
10821.0,-0.0154,0.0149,0.9189,0,0,5.111872666666666,1.7850053154054337,0.0005987598669363395,-42.74778744400001,0.9191498136865394
10833.0,-0.0282,0.0042,0.9272,0,0,2.1729726666666664,1.7642645797076466,0.025880362278854,-42.73474960800001,0.9276382484568001
10845.0,-0.0001,0.0273,0.9285,-0.7856470000000013,0,0,1.7365948478716058,0.04810968086364843,-42.73474960800001,0.9289012595534576
10857.0,-0.0044,0.0245,0.9249,-1.106247000000001,0,0,1.7070675889176503,0.06815255298009584,-42.73474960800001,0.9252348999038029
10869.0,0.0006,0.0232,0.9154,-1.3887470000000013,0,0,1.6758882333997969,0.08562531881465964,-42.73474960800001,0.9156941410755012
10881.0,0.0042,0.0244,0.9121,-1.1749470000000013,0,0,1.648976128506284,0.10035152214357193,-42.73474960800001,0.9124359758361131
10893.0,0.0033,0.024,0.9126,-0.701747000000001,0,0,1.62913354016478,0.11273477298705142,-42.73474960800001,0.9129214916957537
10905.0,0.0023,0.0344,0.9521,-1.426947000000001,-0.6453120000000014,0,1.6032287876808244,0.11550667340355328,-42.73474960800001,0.9527240209000715
10917.0,-0.0035,0.0287,0.97,-5.831447000000001,-2.7369120000000016,0,1.5271393990384072,0.0927369654330279,-42.73474960800001,0.9704308012424172
10929.0,0.0023,0.0162,0.889,-5.2895470000000016,-2.851412000000001,0,1.4585904198239472,0.06765923605929537,-42.73474960800001,0.8891505665521447
10941.0,0.0048,0.0292,0.973,-5.991747000000001,-2.9735120000000017,0,1.3842236236690995,0.03997148060145628,-42.73474960800001,0.9734498857157465
10953.0,0.0029,0.0421,1.0388,-12.106247000000002,-2.2330120000000018,0,1.2417807829495802,0.020235395200584903,-42.73474960800001,1.0396567991409473
10965.0,0.0032,0.0345,1.0203,-20.175047000000003,-2.5384120000000014,0,1.008497274987668,-0.0038746209247995725,-42.73474960800001,1.0208881329509125
10977.0,0.0011,0.0166,0.9489,-24.945947,-4.042212000000001,-0.6590273333333339,0.7228950378972384,-0.04593646873354244,-42.73870377200001,0.9490458260800687
10989.0,0.0115,0.0028,0.8701,-24.655947,-3.5918120000000013,-0.5751273333333338,0.44416929037893044,-0.08376410773484166,-42.74215453600001,0.8701804985174053
11001.0,0.0088,-0.0023,0.8804,-21.999447,-2.7445120000000016,0,0.19955319446666514,-0.11228134866163418,-42.74215453600001,0.8804469830716668
11013.0,0.0085,-0.0043,0.9163,-20.686447,-2.0575120000000013,0,-0.027518960181662572,-0.13339986166638645,-42.74215453600001,0.9163495130134571
11025.0,0.0038,-0.002,0.938,-21.678847,-1.9888120000000016,0,-0.26399786916036505,-0.153839052869069,-42.74215453600001,0.9380098293728055
11037.0,0.0072,-0.0032,0.9456,-23.800947,-2.0117120000000015,0,-0.5229104807825241,-0.17505120287157658,-42.74215453600001,0.9456328251493811
11049.0,0.0084,-0.0109,0.9368,-25.426947000000002,-1.9353120000000015,0,-0.7986797960683905,-0.19590821041780235,-42.74215453600001,0.9369010673491625
11061.0,0.0071,-0.0116,0.9751,-27.823847,-2.0498120000000015,0,-1.0998685280414255,-0.21839587735866534,-42.74215453600001,0.9751948420700347
11073.0,0.0002,-0.0198,0.9945,-32.617747,-2.484912000000002,0,-1.4548731906916605,-0.2453324270597943,-42.74215453600001,0.9946971046504559
11085.0,-0.0179,-0.0436,0.9702,-37.442147,-3.0651120000000014,-1.5827273333333338,-1.8654679117401494,-0.2761720922996453,-42.75165090000001,0.9713441254262054
11097.0,0.0026,-0.0441,0.9098,-39.625347,-3.0193120000000016,-3.3384273333333336,-2.2989471966878092,-0.306201352975339,-42.77168146400001,0.9108718954935431
11109.0,0.0361,-0.0454,0.8597,-37.655947,-2.431512000000001,-2.8346273333333336,-2.7057237505206566,-0.3331410868061656,-42.78868922800001,0.8616544899204089
11121.0,0.0361,-0.0538,0.8325,-33.274247,-1.5995120000000016,-0.8117273333333339,-3.058612486906836,-0.35383151325817536,-42.79355959200001,0.835017305209898
11133.0,0.0128,-0.0831,0.8156,-27.304747000000003,-1.1949120000000013,0,-3.3432639917739055,-0.37019312596270415,-42.79355959200001,0.8199224414540683
11145.0,0.0132,-0.097,0.7695,-19.289547000000002,-0.6911120000000013,0,-3.5382054888638987,-0.38118200847401956,-42.79355959200001,0.7757019337348593
11157.0,0.0211,-0.1078,0.6973,-7.587247000000001,0,0,-3.602896349357848,-0.3857604524055059,-42.79355959200001,0.7058989587752627
11169.0,0.0527,-0.0986,0.6251,9.481452999999998,1.1485879999999986,1.9057726666666661,-3.475393244408684,-0.3829217364638904,-42.78212495600001,0.6350191020748903
11181.0,0.0378,-0.1051,0.6034,29.992953,1.9348879999999986,4.539372666666666,-3.1196417166152766,-0.3747815359720223,-42.75488872000001,0.6136500712947078
11193.0,0.0446,-0.0719,0.6306,50.298252999999995,2.7440879999999988,5.943972666666666,-2.5371884142453616,-0.3618693085294908,-42.71922488400001,0.6362508388992505
11205.0,0.0676,-0.0352,0.7008,66.870853,3.4921879999999987,9.630972666666667,-1.7702535180987282,-0.3477627858086428,-42.66143904800001,0.7049322236924626
11217.0,-0.0112,-0.0248,0.9276,76.351753,5.682987999999998,11.653872666666667,-0.9026473736773879,-0.30268198102753713,-42.59151581200001,0.9279990517236534
11229.0,-0.0328,0.0051,1.1393,66.825053,4.163887999999998,9.837072666666666,-0.15488893469988696,-0.26803849045128453,-42.53249337600001,1.139783461890898
11241.0,-0.0619,-0.0107,1.1415,52.252452999999996,3.4386879999999986,6.043172666666666,0.4124632084230675,-0.2318334686641322,-42.496234340000015,1.143227164652765
11253.0,-0.0546,0.0098,1.1143,38.435653,2.8890879999999988,1.2187726666666663,0.8134609739379345,-0.19465361628323685,-42.48892170400001,1.1156799227377
11265.0,-0.0038,0.0342,1.0814,25.939553,2.4463879999999985,0,1.0688037422332555,-0.16277894587729955,-42.48892170400001,1.0819473369808716
11277.0,-0.001,0.0317,1.0502,15.450952999999998,1.8966879999999986,0,1.2033770440595213,-0.137793894436136,-42.48892170400001,1.0506787948750085
11289.0,-0.0002,0.038,1.0344,6.580752999999999,0.9043879999999986,0,1.238410775543516,-0.12489025730918062,-42.48892170400001,1.035097773159618
11301.0,0.0081,0.0381,1.0134,-1.2971470000000012,0,0,1.1866647854111843,-0.12380804187751948,-42.48892170400001,1.014148302764443
11313.0,-0.0046,0.0347,1.0299,-8.846747,-0.7674120000000015,0,1.05259545697522,-0.1310679564926642,-42.48892170400001,1.0304946676232731
11325.0,0.004,0.0385,1.0389,-17.129147,-1.2330120000000013,-0.5369273333333338,0.8290627875958759,-0.1440570348269819,-42.492143268000014,1.039620825108847
11337.0,0.0076,0.0342,1.0321,-25.281847000000003,-1.5918120000000013,0,0.5182733987459309,-0.16178500935104692,-42.492143268000014,1.032694441739666
11349.0,0.0051,0.024,1.0209,-32.732247,-1.9506120000000013,0,0.12857680857426004,-0.18377920515231286,-42.492143268000014,1.0211948002217794
11361.0,0.004,0.0166,1.0027,-39.518547,-2.141412000000001,0,-0.3317624464049945,-0.20781105826759397,-42.492143268000014,1.0028453769151056
11373.0,0.0121,0.0056,0.9883,-44.976547000000004,-2.2712120000000016,0,-0.8471291892661174,-0.23404974639627074,-42.492143268000014,0.9883899331741496
11385.0,-0.005,-0.0096,0.9668,-48.785647000000004,-2.202512000000002,0,-1.3987924808695964,-0.25800568371329324,-42.492143268000014,0.9668605897439403
11397.0,0.0028,-0.0099,1.0083,-53.602447,-2.2330120000000018,0,-1.9977498326397354,-0.2818870950823521,-42.492143268000014,1.008352487972336
11409.0,0.005,-0.0206,0.9962,-59.907847000000004,-2.2788120000000016,0,-2.6616297349778946,-0.3061305981982852,-42.492143268000014,0.996425511516039
11421.0,0.0061,-0.0481,0.9296,-63.274247,-2.2636120000000015,-0.5369273333333338,-3.3575253767125064,-0.33013251080137307,-42.495364832000014,0.9308635668023536
11433.0,0.0077,-0.0743,0.8564,-61.869647,-1.9964120000000012,-0.5903273333333339,-4.031359503089011,-0.35111531022001546,-42.498906796000014,0.8596515224205679
11445.0,0.0106,-0.097,0.8046,-56.236047,-1.9506120000000013,-0.6438273333333338,-4.6360376418390326,-0.37207134657995106,-42.502769760000014,0.8104952313246513
11457.0,0.0161,-0.1121,0.7798,-48.098647,-1.6147120000000013,-0.5064273333333338,-5.14469211643945,-0.3902155532275147,-42.505808324000014,0.7879807484957992
11469.0,0.0161,-0.1259,0.7773,-39.159747,-1.3628120000000012,0,-5.5507405395413185,-0.40648762368760083,-42.505808324000014,0.7875946355835596
11481.0,0.0143,-0.1329,0.7822,-30.465047000000002,-1.1033120000000012,0,-5.859052501798339,-0.42049950200360725,-42.505808324000014,0.7935387451158261
11493.0,0.0129,-0.1392,0.7776,-21.953647,-0.7292120000000013,0,-6.073632425719248,-0.4306909897831905,-42.505808324000014,0.7900663326582141
11505.0,0.0149,-0.1443,0.7759,-13.243747,0,0,-6.193735369998198,-0.43316017129791745,-42.505808324000014,0.7893448612615401
11517.0,0.0137,-0.1427,0.7828,-3.8314470000000007,0,0,-6.211739553022288,-0.43638750756225847,-42.505808324000014,0.7958183335410162
11529.0,0.011,-0.1388,0.8192,3.176152999999999,0,0,-6.1561021363496575,-0.4398815288165079,-42.505808324000014,0.8309483016409626
11541.0,0.0151,-0.132,0.8588,7.847952999999999,0,0,-6.053518120438881,-0.44409342640336746,-42.505808324000014,0.8690163692359311
11553.0,0.0101,-0.1213,0.8953,9.870852999999999,0,0,-5.933494495709253,-0.44821253187931814,-42.505808324000014,0.9035362693328918
11565.0,0.0128,-0.1141,0.9192,9.794452999999999,0,0,-5.819344005643094,-0.45256064968404275,-42.505808324000014,0.9263429656450142
11577.0,0.0111,-0.1093,0.9399,8.130353,0,0,-5.728432485374969,-0.4568453271927421,-42.505808324000014,0.9462989538195632
11589.0,0.0074,-0.1099,0.941,6.4051529999999985,0,0,-5.660918959989217,-0.46058463964225926,-42.505808324000014,0.9474248096814859
11601.0,0.0073,-0.1097,0.9456,3.702852999999999,0,0,-5.627592754672235,-0.46382163246548386,-42.505808324000014,0.9519699259955642
11613.0,0.01,-0.105,0.9501,0.9776529999999989,0,0,-5.627265722424392,-0.46695278317041816,-42.505808324000014,0.9559367186168758
11625.0,0.0116,-0.1069,0.9409,-1.5261470000000013,0,0,-5.6570065355061905,-0.470200742914829,-42.505808324000014,0.9470242763519845
11637.0,0.0084,-0.1062,0.944,-3.999447000000001,0,0,-5.715658914191721,-0.4731346083514637,-42.505808324000014,0.949992105230354
11649.0,0.0107,-0.1062,0.9569,-6.854347000000001,0,0,-5.806910696661218,-0.4760597103682748,-42.505808324000014,0.9628346379311454
11661.0,0.0112,-0.1053,0.9626,-10.510847000000002,0,0,-5.939326375465071,-0.4790255587005196,-42.505808324000014,0.9684070889868579
11673.0,0.0101,-0.1108,0.9418,-13.709347000000001,-0.5155120000000015,0,-6.107656438600461,-0.4879741560434396,-42.505808324000014,0.9483490338477706
11685.0,0.0112,-0.1166,0.9265,-15.518547000000002,-0.5002120000000012,0,-6.295667860635875,-0.49670342385562904,-42.505808324000014,0.9338753931869069
11697.0,0.0112,-0.123,0.911,-16.457447000000002,-0.5155120000000015,0,-6.493556346932656,-0.505584924964753,-42.505808324000014,0.9193342373696305
11709.0,0.0093,-0.1307,0.9022,-16.480347000000002,-0.5002120000000012,0,-6.691171213455584,-0.5140162518872812,-42.505808324000014,0.9116654101149171
11721.0,0.0143,-0.1332,0.9058,-16.381147000000002,0,0,-6.887003236187386,-0.5169334093851597,-42.505808324000014,0.915652974657976
11733.0,0.0105,-0.1356,0.9124,-16.373447000000002,0,0,-7.082032071691941,-0.5197911532187727,-42.505808324000014,0.9224810946572293
11745.0,0.009,-0.1321,0.9467,-18.029947,-0.6224120000000015,0,-7.294566193837377,-0.5296739855306651,-42.505808324000014,0.9559143790110074
11757.0,0.0095,-0.1345,0.9402,-21.144447,-0.6453120000000014,0,-7.541591563611656,-0.5394874647394985,-42.505808324000014,0.9498192143771361
11769.0,0.0149,-0.1511,0.8784,-22.205547000000003,-0.7750120000000016,0,-7.801063956067634,-0.5512642369998849,-42.505808324000014,0.891425700773766
11781.0,0.0128,-0.1742,0.7988,-17.594847,-0.5918120000000013,0,-8.009784028029392,-0.5610844051543808,-42.505808324000014,0.8176740915548198
11793.0,0.02,-0.1825,0.7549,-9.327647,-0.6453120000000014,0,-8.126930317792205,-0.5727346972572551,-42.505808324000014,0.7769042798183056
11805.0,0.0145,-0.1925,0.6859,2.321152999999999,-0.8285120000000012,0.8523726666666661,-8.116516833250312,-0.5870116617052318,-42.50069408800002,0.712548461509812
11817.0,0.0123,-0.1879,0.7129,15.916652999999998,0,0,-7.956280409552838,-0.5915755011942261,-42.50069408800002,0.7373493812298211
11829.0,0.0165,-0.1727,0.7649,26.824952999999997,0,0,-7.676922392166925,-0.5968096635615483,-42.50069408800002,0.7843274507500041
11841.0,0.0095,-0.1656,0.7787,35.947153,0.7058879999999985,0,-7.300070379688434,-0.593351191967806,-42.50069408800002,0.7961703963348549
11853.0,0.024,-0.1517,0.7578,44.366953,0,0,-6.834203871016336,-0.6000437303052637,-42.50069408800002,0.7732074301246723
11865.0,0.0314,-0.135,0.7775,54.657053,1.8585879999999986,0.7912726666666662,-6.256172821344078,-0.5873570433628799,-42.49594645200002,0.7897576906874665
11877.0,0.0144,-0.1033,0.8829,59.741053,2.2172879999999986,0.9363726666666662,-5.62274993502458,-0.5704418828864499,-42.49032821600002,0.8890391779893617
11889.0,0.0206,-0.0814,0.9105,62.275352999999996,2.3317879999999986,2.279872666666666,-4.96229269226245,-0.5530629310747956,-42.47664898000002,0.9143634780545425
11901.0,0.031,-0.0614,1.0178,59.649453,1.8661879999999986,4.295072666666666,-4.332368188160079,-0.5431042521010944,-42.45087854400002,1.0201214633562026
11913.0,0.004,-0.0505,1.0546,50.527253,1.1485879999999986,4.134772666666666,-3.808507284307222,-0.5395336557221865,-42.42606990800002,1.055815992491116
11925.0,0.0033,-0.032,1.0828,40.672353,1.4539879999999985,4.066072666666666,-3.3962940763203675,-0.530354295665486,-42.40167347200001,1.083277771395684
11937.0,0.0533,-0.0181,1.2021,21.206653,1.2249879999999986,5.638672666666666,-3.2051596387301777,-0.5282099201952039,-42.36784143600001,1.2034171803659777
11949.0,0.082,-0.0597,1.049,5.542552999999999,0.8661879999999986,12.569972666666667,-3.195253980879334,-0.5377701831763166,-42.29242160000001,1.0538923521878314
11961.0,0.0762,-0.0652,0.9285,0,0.9119879999999987,20.56227266666667,-3.246854222428001,-0.5528993058323358,-42.169047964000015,0.933900278402357
11973.0,0.0726,-0.033,0.9043,0,0,26.898172666666667,-3.290307650289831,-0.5837994061854724,-42.00765892800001,0.907809589065901
11985.0,0.043,-0.0273,0.8965,0.8784529999999988,0,29.47837266666667,-3.315508212045086,-0.6153298920680369,-41.83078869200001,0.8979457333269087
11997.0,0.0229,-0.0361,0.8917,2.244852999999999,0,30.172972666666666,-3.3188672179543177,-0.6449047710487142,-41.64975085600001,0.8927242071323036
12009.0,0.0159,-0.0471,0.8992,3.0998529999999986,-0.5078120000000013,29.791272666666668,-3.3086024194080323,-0.6777581783297736,-41.471003220000014,0.9005730731040097
12021.0,0.0106,-0.0554,0.8767,4.6646529999999995,-0.7369120000000016,29.55467266666667,-3.2782152469998067,-0.7101788446144447,-41.293675184000016,0.8785126123169775
12033.0,-0.0023,-0.0526,0.8798,6.970052999999999,-0.7521120000000012,28.936372666666667,-3.21919865521705,-0.7382599187904165,-41.12005694800001,0.8813739785130941
12045.0,-0.0168,-0.0505,0.8547,10.130353,0,27.55467266666667,-3.122244881236983,-0.7516790417870922,-40.954728912000014,0.8563554051910924
12057.0,-0.025,-0.0657,0.8251,15.290652999999999,0,25.921072666666667,-2.966963383708186,-0.759072673192787,-40.79920247600001,0.8280890652580796
12069.0,-0.0392,-0.061,0.8323,21.687552999999998,0,24.36387266666667,-2.739274551612426,-0.7592099204373562,-40.65301924000001,0.835452530069782
12081.0,-0.0397,-0.0637,0.8527,26.832653,0,23.53937266666667,-2.4555178138815887,-0.7527668479689159,-40.511783004000016,0.855997120322259
12093.0,-0.0475,-0.0579,0.9016,29.710452999999998,0,22.264572666666666,-2.1422720620184097,-0.7394615046985691,-40.37819556800002,0.9047050458574882
12105.0,-0.0422,-0.038,0.9617,28.473853,-0.5307120000000012,20.211172666666666,-1.845558856746668,-0.7270930099440541,-40.25692853200002,0.9633751761385593
12117.0,-0.0586,-0.047,0.9901,24.611252999999998,0,18.203472666666666,-1.5972994965524985,-0.7017483210587563,-40.14770769600002,0.9929456027396465
12129.0,-0.0437,-0.0397,0.9661,20.374653,-0.5231120000000016,16.050872666666667,-1.4005480947158373,-0.6787229132398264,-40.05140246000002,0.9679023659440036
12141.0,-0.0093,0.0236,0.9353,17.504353,-1.4162120000000016,16.180572666666666,-1.2309200091773569,-0.6670437793729856,-39.95431902400002,0.9356439173104264
12153.0,0.0083,0.0255,0.9258,16.496753,-1.2254120000000013,18.36387266666667,-1.0668787342490824,-0.655882605388596,-39.844135788000024,0.9261883069872994
12165.0,0.0062,0.0143,0.926,15.412752999999999,-1.8361120000000013,21.60047266666667,-0.9115830110331651,-0.6541350913222396,-39.71453295200003,0.9261311624170737
12177.0,0.0095,0.0228,0.9327,14.405152999999999,-1.5384120000000014,24.081372666666667,-0.7636088726862501,-0.651143430501131,-39.57004471600003,0.9330269985375557
12189.0,0.0115,0.0293,0.9301,13.107453,-0.9659120000000012,25.55467266666667,-0.6262035113052826,-0.6437198271620163,-39.41671668000003,0.9306324462428763
12201.0,-0.0017,0.0262,0.9139,11.962452999999998,0,24.234072666666666,-0.49856824619281326,-0.6254461765963683,-39.27131224400003,0.9142770586643855
12213.0,-0.0222,-0.0002,0.9109,11.985352999999998,0,21.104272666666667,-0.37070665217093907,-0.6053042596348469,-39.14468660800003,0.9111705054488979
12225.0,-0.038,-0.0101,0.9117,12.512052999999998,0,17.776072666666668,-0.23817850264687052,-0.58157993525936,-39.03803017200003,0.9125474782168871
12237.0,-0.0378,0.0057,0.9369,12.328852999999999,0,15.424872666666666,-0.1075017078661476,-0.5548050190619758,-38.945480936000024,0.9376795508061375
12249.0,-0.0209,0.0107,0.9579,11.130353,-0.8208120000000014,14.547072666666667,0.009772265504140391,-0.537196195365382,-38.85819850000002,0.9581877216913187
12261.0,0.0032,0.0378,0.974,7.733352999999999,-0.8514120000000016,13.821872666666666,0.09106863815884621,-0.5223894083804637,-38.77526726400002,0.9747384674875615
12273.0,0.0309,0.0331,0.9797,2.702852999999999,0.6753879999999985,12.211172666666666,0.11663333090828729,-0.49519179215739306,-38.702000228000024,0.9807458947148339
12285.0,0.0619,0.033,0.9609,-1.869647000000001,0,9.531772666666665,0.0924033074849672,-0.4849583347415632,-38.64480959200002,0.9634570151283346
12297.0,0.0541,0.0162,0.9395,-3.739847000000001,0.5837879999999986,6.760772666666666,0.04863691476739814,-0.4747147940437602,-38.604244956000024,0.9411957819709988
12309.0,0.0438,0.0338,0.8978,-3.510847000000001,0.6295879999999987,3.035572666666666,0.012391874372865444,-0.4689090050537268,-38.58603152000002,0.89950304057296
12321.0,0.0043,0.0193,0.8853,-1.7551470000000013,0.5837879999999986,0,-0.0006723033460778165,-0.4632308030944667,-38.58603152000002,0.8855207902697712
12333.0,0.0055,0.0157,0.9069,0,0.6524879999999986,0,0.008341751963278419,-0.45650413983612487,-38.58603152000002,0.9070525618727947
12345.0,0.0057,0.0173,0.9207,0,0,0,0.01842199660236405,-0.4572751866685992,-38.58603152000002,0.9208801604986394
12357.0,0.0037,0.0226,0.9301,-0.7551470000000013,0,0,0.021187435337671902,-0.4574941706035295,-38.58603152000002,0.930381889333622
12369.0,0.0021,0.0183,0.9307,-1.7780470000000013,0,0,0.012924659739922805,-0.4570277791416467,-38.58603152000002,0.930882264306287
12381.0,0.0044,0.0262,0.95,-3.037547000000001,0,0,-0.008089410032588928,-0.4562253954281265,-38.58603152000002,0.9503714010848601
12393.0,0.0033,0.0289,0.9922,-6.373447000000001,0,0,-0.06596038621726713,-0.4549587448443718,-38.58603152000002,0.9926262841573358
12405.0,0.0037,0.0256,0.9762,-10.869647,0,0,-0.1741848847324427,-0.453352137127208,-38.58603152000002,0.976542620677664
12417.0,0.0087,0.0245,0.9844,-15.388747000000002,0.8127879999999985,0,-0.3323223098946712,-0.44249408980830796,-38.58603152000002,0.9847432660343508
12429.0,0.0034,0.0195,0.9796,-20.274247000000003,1.4004879999999986,0,-0.544392969764121,-0.42454993348106523,-38.58603152000002,0.9797999642784235
12441.0,0.0034,0.0049,0.9264,-23.350547000000002,1.7669879999999987,0,-0.7897368018369731,-0.40234395895130026,-38.58603152000002,0.9264191977717214
12453.0,0.0013,-0.0133,0.8492,-21.518547,1.7134879999999986,0,-1.0119250797487298,-0.3807292755317163,-38.58603152000002,0.8493051395111182
12465.0,0.0029,-0.0204,0.8425,-16.350547000000002,1.4081879999999987,0,-1.172788118497603,-0.3628972480237333,-38.58603152000002,0.8427519326587154
12477.0,0.0024,-0.0171,0.8744,-12.152047000000001,1.0798879999999986,0,-1.2842479632530424,-0.3489791327208999,-38.58603152000002,0.8745704831515868
12489.0,0.0031,-0.0116,0.9056,-10.327647,0.9959879999999987,0,-1.3742561862688096,-0.33611759330446944,-38.58603152000002,0.9056795956628371
12501.0,-0.0044,-0.0153,0.9237,-10.602447000000002,1.2707879999999987,0,-1.4681798658031493,-0.31914816474039853,-38.58603152000002,0.9238371826247307
12513.0,-0.0006,-0.0184,0.9044,-10.449847000000002,0.8814879999999987,0,-1.5610488078887497,-0.3065588738249568,-38.58603152000002,0.9045873534380193
12525.0,0.0033,-0.0167,0.9178,-10.029947000000002,0.7058879999999985,0,-1.6492718417238186,-0.2962824484907027,-38.58603152000002,0.9179578530629824
12537.0,0.001,-0.0176,0.9237,-10.541447000000002,0.8279879999999986,0,-1.743790479636284,-0.2844825923353903,-38.58603152000002,0.9238681994743622
12549.0,-0.0021,-0.031,0.8962,-10.304747,1.0035879999999986,-0.567427333333334,-1.8371647111999172,-0.270213469675861,-38.58943608400002,0.8967384512777402
12561.0,0.0001,-0.0377,0.8577,-8.045247000000002,0.5989879999999985,-0.9262273333333337,-1.9061775058745012,-0.2606969044376205,-38.59499344800002,0.8585281532949284
12573.0,0.0128,-0.033,0.8362,-3.465047000000001,0,-0.8117273333333339,-1.9231011824065674,-0.2597671702813178,-38.59986381200002,0.8369487917429597
12585.0,0.0073,-0.0292,0.8875,0.5043529999999988,0,0,-1.895309219805131,-0.25936205677525004,-38.59986381200002,0.8880102364274862
12597.0,0.0031,-0.0192,0.9492,0.6570529999999989,0,0,-1.866965858904059,-0.25885532607828676,-38.59986381200002,0.9493992258265225
12609.0,0.0015,-0.0239,0.9196,-0.6406470000000011,0,0,-1.8557153558282677,-0.25807393217626945,-38.59986381200002,0.9199117457669513
12621.0,0.0007,-0.0258,0.9111,0,0,0,-1.838549339548344,-0.2569554780733823,-38.59986381200002,0.9114654902957106
12633.0,-0.0037,-0.0303,0.9133,0,0,0,-1.823542075482502,-0.25498638792496203,-38.59986381200002,0.9138099747759378
12645.0,-0.0017,-0.0276,0.9135,-0.5108470000000012,0,-0.6819273333333338,-1.8161338191463186,-0.2525238677567002,-38.603955376000016,0.9139184318088787
12657.0,-0.0044,-0.027,0.925,-0.8314470000000012,0,-0.8423273333333339,-1.8136988987790477,-0.2492890947798814,-38.609009340000014,0.9254044305059276
12669.0,-0.0326,-0.0425,0.9225,-1.3582470000000013,0,-1.7201273333333338,-1.8204077046104294,-0.24183864838058555,-38.619330104000014,0.92405371056016
12681.0,0.0144,-0.0133,0.9415,-2.6330470000000012,0,-2.3461273333333335,-1.840860365066076,-0.23659457733040037,-38.633406868000016,0.9417040405562673
12693.0,0.0286,-0.0015,0.957,-5.007047000000001,0,-1.1552273333333338,-1.8863133210102614,-0.23506374838800742,-38.64033823200002,0.9574284359679317
12705.0,0.012,-0.0074,1.0039,-8.984147000000002,0.6524879999999986,0,-1.97601107472707,-0.22702632537716796,-38.64033823200002,1.0039989890433156
12717.0,0.0083,-0.0122,1.0139,-15.205547000000003,0.8203879999999986,0,-2.136214041354732,-0.2177213680735326,-38.64033823200002,1.0140073668371448
12729.0,-0.0009,-0.0223,0.9753,-20.388747000000002,1.3928879999999986,0,-2.354716319294071,-0.20125358836541524,-38.64033823200002,0.9755553239053129
12741.0,-0.0026,-0.0288,0.9672,-24.381147000000002,1.6066879999999986,0,-2.617097908717376,-0.1818471250909304,-38.64033823200002,0.9676321821849456
12753.0,0.0051,-0.0391,0.9484,-27.762747,1.7669879999999987,0,-2.916460085327368,-0.161209961963406,-38.64033823200002,0.9492193529421953
12765.0,0.0011,-0.0472,0.924,-29.571947,1.8737879999999987,0,-3.2343794994968667,-0.13949250838642005,-38.64033823200002,0.9252054096253437
12777.0,0.0039,-0.0597,0.9001,-29.678847,1.8814879999999987,0,-3.5517573424058373,-0.1182554635661852,-38.64033823200002,0.9020860879095742
12789.0,-0.0001,-0.0671,0.8683,-27.808547,1.7516879999999986,0,-3.8459676750697454,-0.0986139365938141,-38.64033823200002,0.8708888046128507
12801.0,0.0,-0.0786,0.8441,-23.968847,1.6295879999999987,0,-4.095401122838891,-0.08049679602836014,-38.64033823200002,0.8477515968725745
12813.0,-0.0006,-0.0848,0.8397,-19.258947000000003,1.1562879999999987,0,-4.29099257043277,-0.06795524588717944,-38.64033823200002,0.8439712613590583
12825.0,0.0004,-0.0895,0.844,-14.472747000000002,0.7516879999999986,0,-4.432931947473166,-0.060224959973081846,-38.64033823200002,0.8487322369275248
12837.0,-0.0006,-0.0903,0.8595,-10.449847000000002,0.5837879999999986,0,-4.530689739969204,-0.05431228693431978,-38.64033823200002,0.8642306983670507
12849.0,-0.0026,-0.0884,0.8705,-7.190247000000001,0,0,-4.59325435355543,-0.054842777309853936,-38.64033823200002,0.8749808969343275
12861.0,-0.0016,-0.0859,0.8918,-5.174947000000001,0,0,-4.6349903690872996,-0.0549979520554718,-38.64033823200002,0.8959289090100844
12873.0,-0.0026,-0.0845,0.906,-4.510847000000001,0,0,-4.671497937436424,-0.054692359477264224,-38.64033823200002,0.909935717509759
12885.0,-0.0004,-0.0901,0.8912,-3.930747000000001,0,0,-4.7043627573981555,-0.05426301311497209,-38.64033823200002,0.8957430490938794
12897.0,-0.0015,-0.0909,0.8837,-2.190247000000001,0,0,-4.719795916346891,-0.05358506317153003,-38.64033823200002,0.8883640863970134
12909.0,-0.002,-0.0906,0.8865,-0.5032470000000011,0,0,-4.718349181338388,-0.05262446693673543,-38.64033823200002,0.8911198628691878
12921.0,-0.0032,-0.082,0.924,0,0,0,-4.712495161605176,-0.05126352571362941,-38.64033823200002,0.9276369117278592
12933.0,-0.0028,-0.0802,0.9453,-1.5032470000000013,0,0,-4.725323934369385,-0.04960682536487848,-38.64033823200002,0.9487001475703479
12945.0,-0.0006,-0.0819,0.9464,-3.762747000000001,0,0,-4.765461161382936,-0.04797334537879384,-38.64033823200002,0.9499373295117948
12957.0,0.001,-0.0813,0.9492,-6.480347000000001,0,0,-4.837537573092153,-0.046565007907477224,-38.64033823200002,0.9526758787751478
12969.0,-0.0015,-0.0842,0.9467,-8.907847,0,0,-4.937804104808348,-0.04504344825218123,-38.64033823200002,0.9504382041984634
12981.0,-0.0004,-0.0842,0.9507,-11.388747,0.5455879999999986,0,-5.066168888866939,-0.03714739381471026,-38.64033823200002,0.9544214425504071
12993.0,-0.0038,-0.0889,0.9357,-13.716947000000001,0.8966879999999986,0,-5.220908862022802,-0.024866090771964767,-38.64033823200002,0.9399213477733124
13005.0,-0.0013,-0.0994,0.9,-14.174947000000001,0.8432879999999987,0,-5.381014255037839,-0.01339353097270319,-38.64033823200002,0.9054733844790801
13017.0,-0.002,-0.1045,0.8774,-12.709347000000001,0.8279879999999986,0,-5.524340942974089,-0.002181227105674084,-38.64033823200002,0.8836034234881619
13029.0,-0.0017,-0.1047,0.8871,-10.854347,0.6829879999999986,0,-5.646219655759855,0.0071978471019501595,-38.64033823200002,0.8932588594578841
13041.0,-0.0013,-0.106,0.9041,-9.892547,0,0,-5.757237522686488,0.008391566780904651,-38.64033823200002,0.9102936339445641
13053.0,-0.0039,-0.1022,0.9312,-10.434547000000002,0,0,-5.874212689680561,0.00991452914357337,-38.64033823200002,0.9367995997010247
13065.0,-0.0002,-0.0991,0.9545,-12.762747000000001,0.5150879999999987,0,-6.017179938491026,0.017313468366067168,-38.64033823200002,0.9596307102213851
13077.0,-0.0033,-0.1002,0.9589,-16.197847,0.7134879999999986,0,-6.198616592244459,0.027147830217441254,-38.64033823200002,0.9641266203149874
13089.0,-0.0012,-0.1093,0.9364,-19.136847,0.8890879999999985,0,-6.413209456243833,0.03881793239903691,-38.64033823200002,0.9427581291084156
13101.0,0.0062,-0.1162,0.8977,-20.175047000000003,1.0264879999999987,0.5928726666666662,-6.639045756379523,0.05092695627268259,-38.63678099600002,0.9052105666639116
13113.0,-0.0078,-0.1313,0.8732,-18.793347,1.1180879999999986,0.5012726666666661,-6.8493109556023235,0.06476968230696119,-38.63377336000002,0.8830508309265102
13125.0,-0.0057,-0.1328,0.8583,-16.022347,0.9272879999999986,0,-7.027892834527588,0.07664811485887958,-38.63377336000002,0.8685316459404343
13137.0,-0.0056,-0.139,0.8503,-12.755147000000001,0.8050879999999987,0,-7.170020910964154,0.08734843395565263,-38.63377336000002,0.8616045786786418
13149.0,-0.0038,-0.1401,0.865,-9.526147000000002,0.6295879999999987,0,-7.276292084839327,0.09598891503391807,-38.63377336000002,0.8762804630938659
13161.0,-0.0033,-0.1334,0.899,-7.938347,0.5150879999999987,0,-7.364888524943608,0.10323223431141006,-38.63377336000002,0.9088495199976727
13173.0,-0.002,-0.1311,0.9197,-8.678847000000001,0,0,-7.462617209810763,0.10421066424913028,-38.63377336000002,0.9289990850372243
13185.0,-0.0045,-0.1365,0.9117,-9.602447000000002,0.6295879999999987,0,-7.572021382491285,0.11283734122781099,-38.63377336000002,0.9218727623701657
13197.0,-0.0042,-0.1383,0.9008,-9.816247,0.6676879999999985,0,-7.684638507909886,0.12194271723738834,-38.63377336000002,0.9113644550891812
13209.0,-0.0034,-0.1406,0.9006,-9.648247000000001,0.5302879999999985,0,-7.795915513679256,0.1293315964478134,-38.63377336000002,0.9115153756245694
13221.0,-0.0039,-0.1416,0.8948,-9.426947000000002,0,0,-7.905185766764857,0.13047573495997922,-38.63377336000002,0.9059430500864831
13233.0,-0.0015,-0.1422,0.8921,-9.037547000000002,0,0,-8.010354369829598,0.13141831547301186,-38.63377336000002,0.9033634373827624
13245.0,-0.006,-0.1497,0.8956,-8.320047,0,0.6462726666666662,-8.108256808965267,0.13275241961389309,-38.62989572400002,0.9080448502139087
13257.0,-0.0084,-0.1466,0.9099,-8.182647000000001,0,0,-8.204891817771069,0.134727879411767,-38.62989572400002,0.9216724635140187
13269.0,-0.0028,-0.1492,0.9172,-8.862047,0,0,-8.309846616022176,0.13654879029930114,-38.62989572400002,0.9292600927619781
13281.0,-0.0037,-0.1527,0.9122,-9.869647,0.6295879999999987,0,-8.427105580719983,0.14575061090375943,-38.62989572400002,0.9248998972861875
13293.0,-0.0062,-0.1519,0.9071,-10.457447000000002,0.7669879999999987,0,-8.551219356084756,0.15671567032364028,-38.62989572400002,0.9197513033423764
13305.0,-0.0015,-0.1548,0.9067,-11.442147,0.6753879999999985,0,-8.686854120188992,0.16608697889393628,-38.62989572400002,0.9198207325343346
13317.0,-0.0026,-0.1547,0.9194,-12.381147,0.6066879999999986,0,-8.832744122502914,0.1743287181941476,-38.62989572400002,0.9323278446984193
13329.0,-0.0045,-0.1539,0.9287,-14.052847000000002,0.8356879999999987,0,-8.996826047259672,0.18521357475428496,-38.62989572400002,0.9413762000390704
13341.0,-0.0038,-0.1608,0.9124,-15.281847000000003,1.0569879999999987,0,-9.17453986144902,0.19850619810392436,-38.62989572400002,0.9264690172909184
13353.0,-0.0076,-0.1678,0.8928,-15.526147000000002,1.0569879999999987,0.5012726666666661,-9.355028532940588,0.21204364781811497,-38.62688808800002,0.908463780235624
13365.0,-0.0076,-0.174,0.8743,-14.610147000000001,1.0417879999999986,0.5164726666666661,-9.52539018703632,0.22560406173118613,-38.62378925200002,0.8914786873504044
13377.0,-0.0092,-0.178,0.8656,-12.999447000000002,0.9119879999999987,0,-9.677929276754993,0.23800448311814562,-38.62378925200002,0.8837601484565821
13389.0,-0.0057,-0.1837,0.8654,-10.862047,0.6905879999999986,0,-9.807095737484074,0.24768452325828705,-38.62378925200002,0.8847007064538831
13401.0,-0.0056,-0.1851,0.8658,-8.831447,0.5226879999999987,0.5241726666666662,-9.914322827804517,0.2553023726943637,-38.620644216000024,0.8853829736334442
13413.0,-0.0048,-0.1874,0.8619,-6.8620470000000005,0,0.6157726666666662,-10.000712076238573,0.25661688275771133,-38.616949580000025,0.8820506844847409
13425.0,-0.0099,-0.188,0.869,-4.739847000000001,0,0.5241726666666662,-10.064369859651793,0.25855421848958005,-38.613804544000025,0.8891585966519134
13437.0,-0.0088,-0.1855,0.8859,-3.274247000000001,0,0,-10.1123837354345,0.2608831329604585,-38.613804544000025,0.9051555115006482
13449.0,-0.0079,-0.1803,0.9102,-3.3353470000000014,0,0,-10.161517324769086,0.26341555279213336,-38.613804544000025,0.9279194684885106
13461.0,-0.0078,-0.1809,0.9216,-4.640647000000001,0,0,-10.226045820941245,0.2660983251633579,-38.613804544000025,0.9392189361378953
13473.0,-0.009,-0.1816,0.918,-6.396347000000001,0,0,-10.311019140992075,0.2690639102823763,-38.613804544000025,0.9358330834075059
13485.0,-0.0057,-0.1853,0.9094,-7.709347000000001,0.5608879999999985,0,-10.41136605781955,0.27845419288295636,-38.613804544000025,0.9281039489195162
13497.0,-0.0031,-0.1841,0.9104,-8.571947000000002,0.5837879999999986,0,-10.521143370881516,0.28749293269956744,-38.613804544000025,0.9288329128535443
13509.0,-0.0068,-0.1887,0.9113,-9.381147,0.6524879999999986,0,-10.639944302422935,0.29724065346788564,-38.613804544000025,0.9306565531924224
13521.0,-0.0062,-0.1886,0.8999,-10.068147000000002,0.7058879999999985,0.5317726666666662,-10.766236273059123,0.30742845677849195,-38.610613908000026,0.9194718103346072
13533.0,-0.0066,-0.1912,0.892,-10.213147000000001,0.6829879999999986,0.7989726666666661,-10.89382522549914,0.31720742072879293,-38.60582007200003,0.9122855912487055
13545.0,-0.0028,-0.1974,0.8873,-10.045247000000002,0.7516879999999986,1.0508726666666661,-11.019671968167838,0.32717577879513476,-38.599514836000026,0.9089971892145762
13557.0,-0.0038,-0.1957,0.8815,-9.587247000000001,0.7440879999999985,1.401972666666666,-11.140059953060584,0.3366062589140728,-38.591103000000025,0.9029701988437935
13569.0,-0.005,-0.2017,0.8773,-8.938347,0.7592879999999986,1.8065726666666662,-11.253457872897492,0.34595893005368694,-38.58026356400003,0.9002017440551867
13581.0,-0.002,-0.2024,0.8776,-8.136847000000001,0.5989879999999985,1.9592726666666662,-11.357993240105055,0.35279266076874016,-38.56850792800003,0.9006395061288396
13593.0,-0.004,-0.2054,0.8633,-6.8772470000000006,0.5455879999999986,2.279872666666666,-11.448918657520029,0.35872594516098655,-38.55482869200003,0.8874074881360873
13605.0,-0.0056,-0.2074,0.8665,-4.915447000000001,0,2.852372666666666,-11.518097018233366,0.35820575908056035,-38.53771445600003,0.890992912429723
13617.0,-0.0145,-0.207,0.8767,-3.495647000000001,0,2.9286726666666665,-11.571711387586806,0.3589124328520486,-38.520142420000035,0.9009229378809267
13629.0,-0.0222,-0.2078,0.8899,-3.0833470000000007,0,2.1805726666666665,-11.621415617580379,0.3616840027754398,-38.50705898400003,0.9141092330788483
13641.0,-0.0262,-0.2076,0.9033,-3.6330470000000012,0,1.0202726666666662,-11.678010061362908,0.36676787450056925,-38.50093734800003,0.9272190086489815
13653.0,-0.0144,-0.2086,0.8904,-4.022347000000001,0,0,-11.739797614617261,0.37237273119373204,-38.50093734800003,0.9146220421573055
13665.0,-0.0088,-0.2059,0.8923,-4.144447000000001,0,0,-11.802973937423413,0.3777009288060911,-38.50093734800003,0.9157901178763614
13677.0,-0.0135,-0.2114,0.8923,-4.174947000000001,0,0,-11.866987738531446,0.3833801578183082,-38.50093734800003,0.9170995038707632
13689.0,-0.0114,-0.2103,0.9017,-4.495647000000001,0,0,-11.934666470764801,0.38907273614631355,-38.50093734800003,0.9259691895522225
13701.0,-0.0114,-0.2067,0.908,-5.709347000000001,0.5455879999999986,0,-12.015704689194642,0.4011720018249473,-38.50093734800003,0.9312995490173933
13713.0,-0.0122,-0.207,0.9072,-6.8696470000000005,0.6371879999999985,0,-12.109219954707415,0.4143039017101157,-38.50093734800003,0.9305964109107664
13725.0,-0.0103,-0.2103,0.9088,-8.152047000000001,0.7669879999999987,0,-12.216710798574182,0.4286310711220495,-38.50093734800003,0.9328717060775292
13737.0,-0.0117,-0.2124,0.8969,-9.174947000000001,0.8050879999999987,0,-12.335349442245736,0.44325538776778356,-38.50093734800003,0.9217810260577075
13749.0,-0.0111,-0.2191,0.8812,-9.236047000000001,0.7440879999999985,0,-12.454725843201857,0.4569393118291183,-38.50093734800003,0.9080977150064854
13761.0,-0.0126,-0.2223,0.8702,-8.381147,0.6600879999999987,0,-12.564517721770263,0.4696342684392011,-38.50093734800003,0.8982338726634617
13773.0,-0.0117,-0.2219,0.8707,-7.449847000000002,0.5913879999999987,0,-12.663680042679733,0.4813972264417318,-38.50093734800003,0.8986072501376784
13785.0,-0.0109,-0.2255,0.8739,-6.457447000000001,0,0,-12.751811167402801,0.48597917219829184,-38.50093734800003,0.9025908652318613
13797.0,-0.0103,-0.2236,0.8724,-5.678847000000001,0,0,-12.831200670415537,0.4904024301639412,-38.50093734800003,0.9006579872515427
13809.0,-0.012,-0.223,0.8789,-4.892547000000001,0.5150879999999987,0,-12.901455296624025,0.5009437017676203,-38.50093734800003,0.9068286552596362
13821.0,-0.0111,-0.2219,0.8955,-5.2895470000000016,0.5073879999999986,0,-12.975882299220531,0.5111746439513458,-38.50093734800003,0.9226500257410715
13833.0,-0.0112,-0.229,0.8867,-5.663547000000001,0.5760879999999986,0,-13.05516077964366,0.5220279281691785,-38.50093734800003,0.9158620693095659
13845.0,-0.011,-0.2281,0.8811,-5.770447000000001,0.5379879999999986,0,-13.135913846504694,0.5322164225146236,-38.50093734800003,0.9102130629693248
13857.0,-0.0128,-0.2302,0.8793,-5.579547000000001,0,0,-13.214739857188873,0.536110537333429,-38.50093734800003,0.9090238555725587
13869.0,-0.0128,-0.2339,0.8718,-4.8543470000000015,0,0,-13.285880097742202,0.5401521080460883,-38.50093734800003,0.9027227093631798
13881.0,-0.011,-0.2316,0.8708,-3.9230470000000013,0,0,-13.346577029194934,0.5440843107736111,-38.50093734800003,0.9011393898837183
13893.0,-0.0121,-0.2313,0.8801,-3.3734470000000014,0,0,-13.401016313995864,0.5480394292033056,-38.50093734800003,0.9100670909334102
13905.0,-0.0115,-0.2314,0.8947,-3.701747000000001,0,0,-13.459068927766664,0.5519044475274002,-38.50093734800003,0.9242111771667773
13917.0,-0.0122,-0.2305,0.9031,-4.6024470000000015,0,0,-13.526940024471036,0.5557588005187591,-38.50093734800003,0.9321312675798404
13929.0,-0.01,-0.2313,0.9041,-6.045247000000001,0,0,-13.610835438077116,0.5593100851462265,-38.50093734800003,0.9332719325041335
13941.0,-0.0103,-0.2294,0.8948,-7.312447000000001,0.5608879999999985,0,-13.708381162645397,0.5692376467005517,-38.50093734800003,0.9237951558651951
13953.0,-0.0128,-0.2366,0.8826,-7.732247000000001,0.6753879999999985,0,-13.8105422792387,0.5805219756105048,-38.50093734800003,0.9138523731982098
13965.0,-0.0131,-0.2391,0.8685,-7.014647000000002,0.6447879999999986,0,-13.904429511967699,0.5914714514259023,-38.50093734800003,0.9009065822825362
13977.0,-0.014,-0.241,0.8644,-5.930747000000001,0,0,-13.98604538054916,0.5949695304216551,-38.50093734800003,0.8974766626492301
13989.0,-0.0148,-0.2408,0.8787,-5.358247000000001,0,0,-14.06094426157552,0.5987928230567163,-38.50093734800003,0.9112175206831792
14001.0,-0.0111,-0.239,0.8888,-5.3200470000000015,0,0,-14.134842128485538,0.6023975956942174,-38.50093734800003,0.9204399219938257
14013.0,-0.0105,-0.2382,0.9059,-6.243747000000001,0,0,-14.218336451517974,0.6056951595233238,-38.50093734800003,0.9367519949271526
14025.0,-0.0162,-0.2432,0.9006,-7.785647000000001,0.6371879999999985,0,-14.319252410283248,0.6169544860716609,-38.50093734800003,0.933000021436227
14037.0,-0.0117,-0.2428,0.8955,-8.854347,0.6829879999999986,0,-14.431693228463898,0.6284355871980563,-38.50093734800003,0.9279056956393791
14049.0,-0.0123,-0.2512,0.8706,-9.075747000000002,0.7440879999999985,0,-14.547172654275808,0.6404449258337342,-38.50093734800003,0.9061992551310115
14061.0,-0.0142,-0.2542,0.8545,-8.052847000000002,0.7058879999999985,0,-14.651618724455515,0.652075742881079,-38.50093734800003,0.8916218537025661
14073.0,-0.0149,-0.2534,0.8528,-6.465047000000001,0.5150879999999987,0,-14.738252975169434,0.6616061538369795,-38.50093734800003,0.8897760448562323
14085.0,-0.016,-0.2539,0.8627,-5.121547000000001,0,0,-14.809754724909494,0.6653536347215233,-38.50093734800003,0.8994289855235932
14097.0,-0.0157,-0.2534,0.8718,-4.3429470000000014,0,0,-14.872470832693168,0.6693891581250969,-38.50093734800003,0.9080161287113793
14109.0,-0.012,-0.2576,0.8729,-3.930747000000001,0,0,-14.931181161703265,0.6731857328074679,-38.50093734800003,0.9101956767640681
14121.0,-0.0161,-0.2572,0.8679,-3.472747000000001,0,0,-14.985336391490879,0.6773095262311764,-38.50093734800003,0.9053515670721513
14133.0,-0.0129,-0.2579,0.868,-2.8696470000000014,0,0,-15.03320586915468,0.6812954785352475,-38.50093734800003,0.905595284881718
14145.0,-0.0164,-0.2549,0.8833,-2.8238470000000016,0,0,-15.080393097693483,0.685578854421509,-38.50093734800003,0.9194899999456221
14157.0,-0.0164,-0.2529,0.8933,-3.6024470000000015,0,0,-15.135940690763427,0.6900946349397226,-38.50093734800003,0.9285538541194043
14169.0,-0.0112,-0.2554,0.8929,-4.686447000000001,0,0,-15.203575749735526,0.6941287940714231,-38.50093734800003,0.9287760817333746
14181.0,-0.0098,-0.2566,0.8877,-5.465047000000001,0,0,-15.27974100545568,0.6975593511554274,-38.50093734800003,0.9240946325999302
14193.0,-0.0125,-0.2577,0.8789,-5.8467470000000015,0,0,-15.359955977455273,0.7008197794956844,-38.50093734800003,0.9159862171452144
14205.0,-0.0156,-0.2587,0.8768,-6.167347000000001,0.5684879999999986,0,-15.443503398789877,0.7110167710669338,-38.50093734800003,0.9143015312247924
14217.0,-0.0157,-0.2594,0.8789,-6.426947000000001,0.5531879999999987,0,-15.529494675349092,0.7211235882739134,-38.50093734800003,0.916515171723851
14229.0,-0.0131,-0.2606,0.8865,-6.892547,0.6905879999999986,0,-15.620080466490622,0.7325545336247957,-38.50093734800003,0.9241029271677479
14241.0,-0.015,-0.2621,0.8955,-7.961247000000002,0.6753879999999985,0,-15.722044494257798,0.743726426644274,-38.50093734800003,0.9331889733596298
14253.0,-0.0173,-0.2628,0.8888,-9.327647,0.8737879999999987,0,-15.83890984236916,0.757453330996539,-38.50093734800003,0.9269997680690109
14265.0,-0.0146,-0.2684,0.8711,-9.877247,1.0111879999999986,0,-15.961970709197976,0.7726083438576085,-38.50093734800003,0.9116287237686184
14277.0,-0.0149,-0.2726,0.8557,-9.510847000000002,1.1027879999999985,0,-16.08117099719884,0.7886873059251095,-38.50093734800003,0.8981955577712462
14289.0,-0.0031,-0.2761,0.8325,-7.823847000000001,1.2096879999999985,0,-16.182031826284454,0.8043407410344798,-38.50093734800003,0.8770958157464896
14301.0,-0.0247,-0.2804,0.8289,-4.999447000000001,0.7745879999999985,0,-16.25182241114971,0.8161788307809567,-38.50093734800003,0.8753910326248493
14313.0,-0.0183,-0.2797,0.8397,-2.4192470000000013,0,0,-16.293170301694676,0.8192672609354915,-38.50093734800003,0.8852474625775553
14325.0,-0.0172,-0.28,0.8508,-0.732247000000001,0,0,-16.316458299458965,0.8226628316794293,-38.50093734800003,0.8958551668657161
14337.0,-0.0165,-0.2766,0.8685,0,0,0,-16.331949119280516,0.8261898836407408,-38.50093734800003,0.9116315374097147
14349.0,-0.0134,-0.271,0.8741,0,0,0,-16.34739726005574,0.8294027601295894,-38.50093734800003,0.9152438855299717
14361.0,-0.0143,-0.2738,0.8806,0,0,0,-16.362872100542322,0.8324367205505552,-38.50093734800003,0.9222945787545322
14373.0,-0.0134,-0.2727,0.8961,-1.0757470000000011,0,0,-16.39028327700648,0.8351539559441964,-38.50093734800003,0.9367710819618633
14385.0,-0.0139,-0.2681,0.9161,-3.3124470000000015,0,0,-16.441801350217418,0.8376095512617764,-38.50093734800003,0.9546255967655591
14397.0,-0.0118,-0.2671,0.9187,-6.404047000000001,0.6066879999999986,0,-16.526963615547132,0.8466868042833411,-38.50093734800003,0.9568131165488901
14409.0,-0.0162,-0.2709,0.9,-9.022347000000002,0.9653879999999986,0,-16.640836253329766,0.8599978151595006,-38.50093734800003,0.9400261964434822
14421.0,-0.0144,-0.2742,0.8851,-10.587247000000001,1.1485879999999986,0.5775726666666662,-16.771427940649854,0.8751719341792743,-38.49747191200003,0.9267119347456361
14433.0,-0.0156,-0.2799,0.8684,-11.342947,1.2554879999999986,0.7531726666666662,-16.91011211624749,0.8914689922282181,-38.49295287600003,0.9125272215117749
14445.0,-0.0149,-0.2856,0.8655,-11.426947000000002,1.2707879999999987,0.8523726666666661,-17.04943440735745,0.9076879336070632,-38.487838640000035,0.9115259842703334
14457.0,-0.0225,-0.2874,0.8604,-11.045247000000002,1.1256879999999985,0.7683726666666661,-17.184065717463312,0.9229411108491663,-38.48322840400004,0.9074101443118212
14469.0,-0.019,-0.2883,0.8608,-10.678847000000001,0.7974879999999986,0,-17.31412203355259,0.9345330366721053,-38.48322840400004,0.9079947852273161
14481.0,-0.0234,-0.2917,0.8619,-9.862047,0.7287879999999987,0.6615726666666661,-17.43452116137744,0.9461138330428259,-38.47925896800004,0.9102241811773625
14493.0,-0.016,-0.2939,0.8586,-9.228447000000001,0.9272879999999986,0.5851726666666661,-17.547752004833274,0.9597630088624551,-38.47574793200004,0.9076492549437806
14505.0,-0.0066,-0.2957,0.8453,-8.373447,0.8356879999999987,0.9515726666666662,-17.651820923980512,0.9708261653910163,-38.47003849600004,0.8955524216928901
14517.0,-0.0099,-0.2961,0.8518,-7.091047000000001,0.5837879999999986,1.615772666666666,-17.74137498421131,0.9780078160212972,-38.460343860000044,0.9018516840367933
14529.0,-0.0179,-0.2979,0.8552,-6.3200470000000015,0,2.035572666666666,-17.822536882590015,0.9785996889459563,-38.44813042400004,0.9057769372201966
14541.0,-0.0311,-0.3022,0.8588,-5.892547000000001,0,1.5546726666666661,-17.899633129188274,0.98129560400676,-38.43880238800004,0.9109497735879845
14553.0,-0.0333,-0.3042,0.8365,-4.945947000000001,0,0.6462726666666662,-17.967502068770507,0.9861995273397575,-38.43492475200004,0.8907181260084472
14565.0,-0.0208,-0.3051,0.8318,-3.197947000000001,0,0,-18.016879746502607,0.9914038302445397,-38.43492475200004,0.8862335414550726
14577.0,-0.0208,-0.3058,0.8365,-1.1139470000000014,0,0,-18.043750867599336,0.9968512822725387,-38.43492475200004,0.890886373226126
14589.0,-0.0178,-0.301,0.847,0,0,0,-18.058682105773656,1.0020713924752818,-38.43492475200004,0.8990699861523573
14601.0,-0.0177,-0.301,0.8566,0.9395529999999989,0,0,-18.063402727618026,1.0070388563666584,-38.43492475200004,0.908117751175474
14613.0,-0.0184,-0.2975,0.8721,0.8250529999999989,0,0,-18.069345006087044,1.0118220696326665,-38.43492475200004,0.9216307395047107
14625.0,-0.0222,-0.299,0.8744,0,0,0,-18.08492572177312,1.0169330840498474,-38.43492475200004,0.9243750321162942
14637.0,-0.0189,-0.2999,0.8798,-1.0223470000000012,0,0,-18.112157273996846,1.0218668878952826,-38.43492475200004,0.929701704849464
14649.0,-0.015,-0.2939,0.8882,-2.2437470000000013,0,0,-18.152104367739206,1.0260935492609697,-38.43492475200004,0.9356823446020557
14661.0,-0.016,-0.2939,0.9104,-4.778047000000001,0,0,-18.21917640243182,1.0297614345547932,-38.43492475200004,0.9567974550551438
14673.0,-0.0131,-0.2937,0.9152,-8.190247000000001,0.8814879999999987,0,-18.323146468376873,1.0429064171973774,-38.43492475200004,0.9612608074815077
14685.0,-0.0125,-0.2961,0.9106,-11.640647000000001,1.1714879999999988,0.7302726666666661,-18.464392767789295,1.0584054985411595,-38.430543116000045,0.9576136068373298
14697.0,-0.0155,-0.2981,0.9066,-14.701747000000001,1.6447879999999986,1.1042726666666662,-18.638109958203348,1.0788525711161019,-38.42391748000004,0.9544775639060354
14709.0,-0.0194,-0.3052,0.8813,-16.862047,1.9195879999999985,1.363872666666666,-18.834945905476985,1.1024175290839837,-38.41573424400004,0.9328521265452526
14721.0,-0.0204,-0.3147,0.8531,-17.800947,1.8737879999999987,1.2645726666666661,-19.042179914441597,1.1254420462621517,-38.40814680800004,0.9095228749184926
14733.0,-0.0291,-0.3215,0.8353,-17.190247,2.003587999999999,0.8599726666666662,-19.242568578918746,1.151146312596999,-38.40298697200004,0.895508319336007
14745.0,-0.0302,-0.3273,0.8221,-15.167347,1.9119879999999987,0,-19.42044039788445,1.1769098256405668,-38.40298697200004,0.8853732207380117
14757.0,-0.0265,-0.3282,0.8265,-13.152047000000001,1.6982879999999987,0,-19.57577165656279,1.2006425608254647,-38.40298697200004,0.8896739515125752
14769.0,-0.0236,-0.3264,0.8336,-11.388747,1.3546879999999986,0,-19.71102315637633,1.2203570227205967,-38.40298697200004,0.8955349686081499
14781.0,-0.0212,-0.3267,0.8463,-10.610147000000001,1.2172879999999986,0,-19.837313611645953,1.2381503050705316,-38.40298697200004,0.9074172248750847
14793.0,-0.0239,-0.3284,0.8528,-10.266647,1.1714879999999988,0,-19.959572959484245,1.2554682750702477,-38.40298697200004,0.9141584162496127
14805.0,-0.0217,-0.3297,0.8566,-10.465047000000002,1.2936879999999986,0,-20.083993369737463,1.2739486532297088,-38.40298697200004,0.9181157552291541
14817.0,-0.0214,-0.334,0.8441,-10.503247000000002,1.4157879999999987,0,-20.209464754444465,1.2935612545239035,-38.40298697200004,0.9080301591907617
14829.0,-0.0234,-0.337,0.8394,-9.923047,1.2172879999999986,0,-20.328944353020848,1.310790182005399,-38.40298697200004,0.9048253533141078
14841.0,-0.0226,-0.3424,0.8271,-8.793347,1.0798879999999986,0,-20.436940379931798,1.326303070734082,-38.40298697200004,0.8954568275466998
14853.0,-0.026,-0.3456,0.8217,-7.236047000000001,0.8432879999999987,0,-20.52886320741613,1.3394215220798056,-38.40298697200004,0.8917994449426395
14865.0,-0.0236,-0.3429,0.8313,-5.770447000000001,0.5531879999999987,0,-20.6049398602711,1.3491401960409632,-38.40298697200004,0.899553811619961
14877.0,-0.0232,-0.3419,0.8302,-4.701747000000001,0,0,-20.669770450683185,1.3523565463807938,-38.40298697200004,0.8981458066483414
14889.0,-0.0255,-0.3434,0.8412,-3.732247000000001,0,0,-20.724138815215955,1.3559590658108212,-38.40298697200004,0.9089506312226203
14901.0,-0.0255,-0.3448,0.8459,-3.3276470000000016,0,0,-20.774622288757442,1.3598781496090615,-38.40298697200004,0.9138293604388075
14913.0,-0.0237,-0.3428,0.8523,-3.487947000000001,0,0,-20.827216663323828,1.3638012574686416,-38.40298697200004,0.9189607282142148
14925.0,-0.0214,-0.3434,0.8561,-3.747547000000001,0,0,-20.88281998420275,1.3673950914129165,-38.40298697200004,0.9226530929878249
14937.0,-0.0236,-0.3441,0.8561,-4.258947000000001,0,0,-20.944309020859492,1.3709888690005765,-38.40298697200004,0.9229674858845245
14949.0,-0.0277,-0.348,0.8448,-4.701747000000001,0.5226879999999987,0,-21.01162975017636,1.3813171964230564,-38.40298697200004,0.9140887976558951
14961.0,-0.0227,-0.3463,0.8347,-4.358247000000001,0,0,-21.075508045269952,1.3852482301742703,-38.40298697200004,0.9039707240834738
14973.0,-0.0255,-0.3511,0.8317,-3.487947000000001,0,0,-21.130323671562596,1.3894516253386553,-38.40298697200004,0.9031314134720373
14985.0,-0.0256,-0.3494,0.8359,-2.785647000000001,0,0,-21.1775963960771,1.3938854184253828,-38.40298697200004,0.9063468044849058
14997.0,-0.0255,-0.3502,0.8402,-2.4956470000000013,0,0,-21.222037139670828,1.3984839980706665,-38.40298697200004,0.9106186523457555
15009.0,-0.0251,-0.3529,0.8438,-2.342947000000001,0,0,-21.265310526608065,1.4031506851574689,-38.40298697200004,0.9149682289566125
15021.0,-0.0244,-0.3485,0.8597,-2.5261470000000013,0,0,-21.309975162479812,1.4077116582777887,-38.40298697200004,0.9279718206928484
15033.0,-0.0247,-0.3467,0.8562,-3.1444470000000013,0,0,-21.361064223192127,1.4122243731040605,-38.40298697200004,0.924061372420685
15045.0,-0.0226,-0.3511,0.8521,-3.930747000000001,0,0,-21.421126858371007,1.416417328860542,-38.40298697200004,0.921876553558013
15057.0,-0.024,-0.3501,0.8533,-4.472747000000001,0,0,-21.48686018531223,1.4205046997570563,-38.40298697200004,0.9226412628969073
15069.0,-0.0238,-0.3486,0.8575,-5.1291470000000015,0,0,-21.55907439430812,1.424447785551062,-38.40298697200004,0.9259560734721707
15081.0,-0.0251,-0.3527,0.8578,-6.220847000000001,0.6524879999999986,0,-21.64321001219555,1.436103190573952,-38.40298697200004,0.9278190233014195
15093.0,-0.026,-0.3561,0.842,-6.770447000000001,0.8050879999999987,0,-21.733735528504877,1.4496079977975822,-38.40298697200004,0.9145748793838588
15105.0,-0.024,-0.3573,0.838,-6.5948470000000015,0.6982879999999987,0,-21.822165659633892,1.4615917411905144,-38.40298697200004,0.9113085591609463
15117.0,-0.0276,-0.3583,0.8333,-5.938347000000001,0.7058879999999985,0,-21.903045333307414,1.473934969398088,-38.40298697200004,0.9074852836272332
15129.0,-0.026,-0.3596,0.8296,-5.075747000000002,0.5989879999999985,0,-21.974241056955698,1.485032335076597,-38.40298697200004,0.9045575271921626
15141.0,-0.0272,-0.3612,0.8286,-4.174947000000001,0,0,-22.035525574892535,1.4892638394451239,-38.40298697200004,0.9043136845143946
15153.0,-0.0259,-0.3596,0.8373,-3.8009470000000007,0,0,-22.092481554415315,1.4935600960285011,-38.40298697200004,0.9116217746412161
15165.0,-0.0243,-0.3584,0.8501,-4.281847000000001,0,0,-22.154364544282714,1.497635875828849,-38.40298697200004,0.9228819317767577
15177.0,-0.026,-0.3615,0.8422,-4.892547000000001,0,0,-22.223298280423446,1.5017717919511135,-38.40298697200004,0.9168746315609348
15189.0,-0.0272,-0.3643,0.8413,-5.1062470000000015,0.5302879999999985,0,-22.294727125317443,1.5123553344012424,-38.40298697200004,0.9171913758861888
15201.0,-0.0232,-0.3649,0.8297,-4.877247000000001,0.5226879999999987,0,-22.363898061372613,1.5224062444279507,-38.40298697200004,0.9066930792721427
15213.0,-0.0265,-0.3657,0.8296,-4.358247000000001,0.5073879999999986,0,-22.427354797723158,1.5323171364564245,-38.40298697200004,0.9070142777266519
15225.0,-0.0245,-0.3698,0.8295,-3.6330470000000012,0,0,-22.48309325748019,1.5360079414983683,-38.40298697200004,0.9085276770687837
15237.0,-0.0271,-0.3695,0.8264,-2.8391470000000014,0,0,-22.53036851772802,1.5399432075804091,-38.40298697200004,0.9056498329928626
15249.0,-0.0277,-0.3687,0.8278,-2.304747000000001,0,0,-22.572042623573353,1.5441632801327776,-38.40298697200004,0.9066199975734045
15261.0,-0.0269,-0.3662,0.8357,-1.930747000000001,0,0,-22.609272169521258,1.5484840768041945,-38.40298697200004,0.9128091476316393
15273.0,-0.0239,-0.3662,0.8535,-2.228447000000001,0,0,-22.649086727794504,1.5524004873594435,-38.40298697200004,0.9290510750222509
15285.0,-0.0261,-0.3635,0.8646,-3.678847000000001,0,0,-22.70414568077041,1.5562072788388077,-38.40298697200004,0.93826788285649
15297.0,-0.0267,-0.3644,0.8611,-5.526147000000001,0.6066879999999986,0,-22.77919241965429,1.5671405095810182,-38.40298697200004,0.935410850909909
15309.0,-0.0248,-0.3687,0.8506,-6.831447000000001,0.7058879999999985,0,-22.868530213506478,1.5788682600819175,-38.40298697200004,0.9274023344805641
15321.0,-0.0282,-0.3673,0.8363,-7.5719470000000015,0.8127879999999985,0,-22.965724694236464,1.5920011459064567,-38.40298697200004,0.9138392747086328
15333.0,-0.0277,-0.3698,0.8429,-8.098647000000001,0.9730879999999986,0,-23.067973150482086,1.6070057109099243,-38.40298697200004,0.9208690134867173
15345.0,-0.0266,-0.3756,0.8357,-8.594847000000001,1.0646879999999985,0,-23.1757571495604,1.6228926310343812,-38.40298697200004,0.9166119189711641
15357.0,-0.0278,-0.3802,0.8308,-8.648247000000001,0.9272879999999986,0,-23.284353280678694,1.6371248882803722,-38.40298697200004,0.9140861666166926
15369.0,-0.0276,-0.3798,0.8267,-8.373447,1.0188879999999987,0,-23.389813307856155,1.652391696430879,-38.40298697200004,0.9101882717328321
15381.0,-0.0272,-0.3809,0.823,-7.915447,0.8050879999999987,0,-23.490134869757263,1.6650187285132771,-38.40298697200004,0.9072781547022941
15393.0,-0.0293,-0.3818,0.8213,-7.236047000000001,0.6982879999999987,0,-23.582771514796573,1.6765945375297306,-38.40298697200004,0.906180677348618
15405.0,-0.0281,-0.3828,0.8203,-6.610147000000001,0.6142879999999986,0,-23.668446689027164,1.6872039941202943,-38.40298697200004,0.9056586222192112
15417.0,-0.0293,-0.3846,0.8207,-6.014647000000001,0.6676879999999985,0,-23.747619668011176,1.6986208287118867,-38.40298697200004,0.9068208974213154
15429.0,-0.0259,-0.3818,0.8451,-6.365847000000001,0.7898879999999986,0,-23.829769285317003,1.7110235571240873,-38.40298697200004,0.9277047267315177
15441.0,-0.0343,-0.3867,0.8265,-6.884947,0.7363879999999987,0,-23.918264740663044,1.723584550349832,-38.40298697200004,0.9131350557283407
15453.0,-0.0293,-0.3867,0.8307,-6.762747000000001,0.8356879999999987,0,-24.005041745609713,1.7372893380832057,-38.40298697200004,0.916764893525052
15465.0,-0.0278,-0.3887,0.8282,-6.640647000000001,0.7898879999999986,0,-24.090346252306727,1.7501915108332584,-38.40298697200004,0.9153009177314311
15477.0,-0.0311,-0.3912,0.826,-6.709347000000001,0.7287879999999987,0,-24.176674791045464,1.7625902011602685,-38.40298697200004,0.914483816149854
15489.0,-0.028,-0.3926,0.8127,-6.045247000000001,0.6371879999999985,0,-24.256054932973765,1.7737256348156425,-38.40298697200004,0.9029950442831899
15501.0,-0.0327,-0.3954,0.8131,-5.258947000000001,0.5684879999999986,0,-24.32722553057584,1.7845338181257904,-38.40298697200004,0.9047331429764249
15513.0,-0.0314,-0.3945,0.821,-4.671147000000001,0,0,-24.391910330854802,1.7888578224888025,-38.40298697200004,0.9114039773887318
15525.0,-0.0271,-0.396,0.8186,-4.434547000000001,0,0,-24.454490286346328,1.792888189011731,-38.40298697200004,0.9097562145981747
15537.0,-0.0287,-0.3966,0.8163,-4.014647000000001,0,0,-24.512843308260827,1.7968838854830056,-38.40298697200004,0.90799831497641
15549.0,-0.0322,-0.3972,0.8108,-3.3582470000000013,0,0,-24.56443314194365,1.8013536589441954,-38.40298697200004,0.903438608871682
15561.0,-0.0291,-0.3964,0.8125,-2.5032470000000013,0,0,-24.606674202122665,1.8057948834956667,-38.40298697200004,0.9045087174814845
15573.0,-0.032,-0.3981,0.8231,-2.014647000000001,0,0,-24.64350931817963,1.8105532654995675,-38.40298697200004,0.9148777076746378
15585.0,-0.0289,-0.3958,0.8202,-1.739847000000001,0,0,-24.677341680676964,1.8151652168875543,-38.40298697200004,0.9111645789866945
15597.0,-0.0314,-0.3971,0.8271,-1.6711470000000013,0,0,-24.710330107629122,1.81995214872952,-38.40298697200004,0.9180243896542182
15609.0,-0.0305,-0.3948,0.8362,-2.2513470000000013,0,0,-24.749309318092536,1.824713111800809,-38.40298697200004,0.9252176662818323
15621.0,-0.031,-0.395,0.8411,-3.182647000000001,0,0,-24.798065347556385,1.8294862923102442,-38.40298697200004,0.9297500793223951
15633.0,-0.0298,-0.3979,0.8335,-4.182647000000001,0,0,-24.85798808744482,1.8341322457369378,-38.40298697200004,0.9240858726330579
15645.0,-0.028,-0.3993,0.8287,-4.8543470000000015,0,0,-24.925373208540613,1.8384315768858444,-38.40298697200004,0.9203087416731409
15657.0,-0.0302,-0.3995,0.8198,-4.808547000000001,0,0,-24.99205277025304,1.8427652064763695,-38.40298697200004,0.912460590929822
15669.0,-0.0284,-0.4044,0.8019,-4.113947000000001,0.5760879999999986,0,-25.05181688572376,1.8537348318200164,-38.40298697200004,0.8985485685259311
15681.0,-0.0334,-0.4053,0.7935,-2.701747000000001,0,0,-25.096663942275175,1.8584020692551566,-38.40298697200004,0.8916422488868503
15693.0,-0.033,-0.4083,0.8037,-1.0223470000000012,0,0,-25.123255136510068,1.8634943698010502,-38.40298697200004,0.9020707178486618
15705.0,-0.0272,-0.4025,0.8191,0,0,0,-25.13795673187478,1.8680627390774094,-38.40298697200004,0.9130558033329617
15717.0,-0.0321,-0.4025,0.825,-0.5337470000000011,0,0,-25.15890595816687,1.8728140882328184,-38.40298697200004,0.9185105660796723
15729.0,-0.0291,-0.402,0.8145,-0.9612470000000011,0,0,-25.185226951952387,1.877352162525091,-38.40298697200004,0.9087689805445607
15741.0,-0.0322,-0.4092,0.8008,0,0,0,-25.20196757002898,1.8821970771221124,-38.40298697200004,0.8998678347401912
15753.0,-0.0317,-0.4102,0.7843,1.6952529999999988,0,0,-25.2014982590151,1.8873207481891197,-38.40298697200004,0.8856610073837506
15765.0,-0.0311,-0.4131,0.7628,4.786852999999999,0,0,-25.168988930913592,1.892712238500484,-38.40298697200004,0.8680337896648954
15777.0,-0.0327,-0.4098,0.7645,8.809752999999999,-0.9430120000000013,0,-25.093254450221835,1.887461763036678,-38.40298697200004,0.8680239512824516
15789.0,-0.0342,-0.4044,0.7882,12.214353,-1.2788120000000012,0,-24.980134697341217,1.8789560941967045,-38.40298697200004,0.886548498391374
15801.0,-0.0303,-0.3995,0.8037,14.008252999999998,-1.4239120000000014,0,-24.847772081441605,1.8688039540853945,-38.40298697200004,0.8980267423635
15813.0,-0.0304,-0.3948,0.8165,14.901352999999999,-1.5689120000000014,0,-24.70592096244655,1.8569946438956426,-38.40298697200004,0.9074488690829914
15825.0,-0.0269,-0.3912,0.8079,15.763952999999999,-1.5766120000000012,0,-24.555380249990783,1.8447410443849512,-38.40298697200004,0.8980331062939718
15837.0,-0.0302,-0.3939,0.7892,17.374653,-1.7369120000000016,0,-24.389025603873293,1.8308868587872875,-38.40298697200004,0.882556451452257
15849.0,-0.0286,-0.3947,0.7578,20.924253,-2.0804120000000013,0,-24.186249039287162,1.8132474767623306,-38.40298697200004,0.8549075330116117
15861.0,-0.0283,-0.3933,0.731,26.679952999999998,-2.8132120000000014,0,-23.923042686631444,1.7874259597010291,-38.40298697200004,0.8305701535692214
15873.0,-0.0312,-0.391,0.7158,33.786853,-3.5307120000000016,0,-23.58506399970656,1.754266371935416,-38.40298697200004,0.8162255080552188
15885.0,-0.0344,-0.3833,0.7052,41.863153,-4.202512000000002,0,-23.161827957708418,1.714936827448,-38.40298697200004,0.8033736926238001
15897.0,-0.0248,-0.3773,0.6851,51.886053,-5.454412000000001,-0.6209273333333338,-22.63242839933402,1.6613398840665927,-38.40671253600004,0.7825166707489368
15909.0,-0.0266,-0.3607,0.699,61.977653,-6.927712000000001,0,-21.995081347230627,1.5913730822192327,-38.40671253600004,0.7870279855252924
15921.0,-0.0247,-0.3359,0.7405,70.870853,-8.225412,-0.6438273333333338,-21.260510126816,1.5069080636022958,-38.41057550000004,0.8134980946505038
15933.0,-0.0497,-0.3275,0.8093,76.359353,-9.095612000000001,-1.422427333333334,-20.465976018683925,1.4166776600750806,-38.419110064000044,0.8744671691950476
15945.0,-0.0565,-0.3138,0.8376,78.855553,-9.881912000000002,-3.6514273333333342,-19.645598148172354,1.3223019924170423,-38.441018628000045,0.8962345954045738
15957.0,-0.0063,-0.257,0.8978,78.916653,-9.729212,-4.6132273333333345,-18.81976020883741,1.2267874480903158,-38.468697992000045,0.9338808971169718
15969.0,0.0077,-0.2278,0.9523,74.916653,-8.752112,-3.7965273333333345,-18.032345208133084,1.1381826374093933,-38.491477156000045,0.9791973345551959
15981.0,0.0057,-0.2159,0.9794,68.389853,-7.515512000000001,-2.8041273333333336,-17.31252385219301,1.060447586415294,-38.508301920000044,1.0029305359794367
15993.0,-0.0094,-0.2109,0.9845,61.321152999999995,-6.378112000000002,-2.3842273333333335,-16.667494590144674,0.9949946302688762,-38.522607284000046,1.0068800425075473
16005.0,-0.0142,-0.2106,0.9635,54.985352999999996,-5.668212000000002,-2.3842273333333335,-16.090760202907877,0.9376226756944506,-38.53691264800005,0.9863499632483392
16017.0,-0.0071,-0.2021,0.9321,50.557853,-4.943012000000001,-2.3995273333333342,-15.561022667037411,0.8877001941408139,-38.55130981200005,0.9537846874426115
16029.0,-0.0032,-0.1957,0.9093,48.267753,-4.4391120000000015,-2.2774273333333337,-15.054154131745669,0.8422829537389539,-38.56497437600005,0.9301264537685185
16041.0,-0.0056,-0.1874,0.9645,45.695253,-3.8666120000000013,-2.2545273333333338,-14.5714107574319,0.8025282484456236,-38.578501540000055,0.9825529858486005
16053.0,-0.0137,-0.1849,0.9242,41.710453,-3.7445120000000016,-2.3232273333333335,-14.131916682024974,0.7644169273758602,-38.59244090400006,0.9426140991943628
16065.0,-0.0022,-0.1735,0.9259,40.084553,-3.3628120000000012,-2.445327333333334,-13.707032638656631,0.729535921908689,-38.60711286800006,0.9420179934587236
16077.0,0.006,-0.1641,0.9197,37.725753,-3.2865120000000014,-1.888127333333334,-13.305551491698,0.6934022076978642,-38.61844163200006,0.9342445611294721
16089.0,-0.0028,-0.1677,0.8699,37.809753,-3.164312000000001,-1.888127333333334,-12.901648748077628,0.6581082238195617,-38.629770396000055,0.885921633103064
16101.0,0.011,-0.1494,0.8828,39.344053,-2.881912000000001,-1.3384273333333339,-12.47656999629038,0.6238391699074607,-38.63780096000006,0.8954201248576
16113.0,0.0035,-0.1512,0.8546,41.550153,-2.851412000000001,-1.0026273333333338,-12.024998250954527,0.5889190838927089,-38.643816724000054,0.8678795135270794
16125.0,0.0023,-0.1417,0.8843,43.863153,-2.5766120000000012,-0.5751273333333338,-11.544960786324626,0.5565175242484022,-38.647267488000054,0.8955839826615927
16137.0,-0.002,-0.127,0.9063,44.305953,-2.5842120000000013,-0.5293273333333339,-11.057569906686657,0.5239416186069916,-38.650443452000054,0.9151571941475409
16149.0,-0.0018,-0.1229,0.9105,43.954753,-2.5536120000000015,-0.5445273333333338,-10.572871971772122,0.4916911256526544,-38.653710616000055,0.9187588911134411
16161.0,-0.0087,-0.1168,0.9022,44.076952999999996,-2.378112000000001,-1.201027333333334,-10.085846846857937,0.4624330551607785,-38.66091678000006,0.9097707238639854
16173.0,0.0004,-0.0991,0.9327,43.473853,-2.5078120000000017,-1.4148273333333339,-9.603170358727521,0.4312909136951817,-38.66940574400006,0.9379500306519533
16185.0,-0.005,-0.0977,0.9109,42.809753,-2.7750120000000016,-1.8423273333333336,-9.12712764483641,0.39749608773857587,-38.68045970800006,0.9161381446048407
16197.0,-0.0005,-0.0864,0.9027,43.031152999999996,-2.897212000000001,-2.1171273333333342,-8.647049194068346,0.3622513655713281,-38.693162472000054,0.9068255069196057
16209.0,-0.0168,-0.067,1.0576,40.420453,-2.408612000000001,-2.6132273333333336,-8.19171889674594,0.3347832468323614,-38.708841836000055,1.0598532917342853
16221.0,-0.0009,-0.0319,1.1404,28.710452999999998,-1.5766120000000012,-3.2850273333333337,-7.863846652396811,0.31677033210579925,-38.72855200000006,1.1408464313832956
16233.0,-0.0018,-0.0353,1.1047,14.840252999999999,-1.1185120000000013,-3.5827273333333345,-7.689918887185118,0.3038829766034058,-38.75004836400006,1.105265316564308
16245.0,0.0177,-0.0387,1.0242,4.206652999999999,0,-3.3308273333333345,-7.632390185676637,0.3015861318929906,-38.77003332800006,1.0250837136546458
16257.0,0.0105,-0.0658,0.9088,0,0,-2.475827333333334,-7.6195192026059,0.2977133122875735,-38.78488829200006,0.9112394471268241
16269.0,0.0111,-0.075,0.8827,0.8860529999999989,0,-2.140027333333334,-7.592523721062412,0.29237290018998907,-38.797728456000065,0.885950055025677
16281.0,0.005,-0.0712,0.9084,1.8097529999999988,0,-1.895727333333334,-7.550772498143344,0.28647241201042734,-38.809102820000064,0.9111997585601085
16293.0,-0.0037,-0.0751,0.8973,2.1074529999999987,-0.6376120000000012,-2.040727333333334,-7.502951308103204,0.27364859321501966,-38.82134718400006,0.9004448844876626
16305.0,0.004,-0.0696,0.881,3.8555529999999987,-0.7292120000000013,-2.4071273333333334,-7.431983634246327,0.2594743270901305,-38.83578994800006,0.8837540155495759
16317.0,0.0137,-0.062,0.8939,5.672352999999998,-0.7140120000000012,-2.0255273333333337,-7.336744785979505,0.24408386857358333,-38.84794311200006,0.8961522750068763
16329.0,0.0181,-0.0613,0.8934,6.970052999999999,0,-1.1094273333333338,-7.224143504111099,0.23533025560362703,-38.854599676000056,0.8956834597110744
16341.0,0.0106,-0.0603,0.8954,8.153253,-0.5231120000000016,0,-7.096098356108693,0.2196586750960074,-38.854599676000056,0.897490729757138
16353.0,0.0045,-0.0612,0.907,8.825052999999999,0,0,-6.9592623313096995,0.21036640106514481,-38.854599676000056,0.9090735338794107
16365.0,0.0059,-0.0563,0.9175,9.023453,0,0,-6.8189871402170805,0.20101376361529427,-38.854599676000056,0.919244662753067
16377.0,0.0039,-0.0573,0.9034,9.267752999999999,0,0,-6.675460716398455,0.19186768949088276,-38.854599676000056,0.9052237623924816
16389.0,0.006,-0.0577,0.8772,10.473852999999998,-0.6071120000000012,0,-6.518076052301378,0.17550474618415035,-38.854599676000056,0.8791161072349886
16401.0,0.0049,-0.0554,0.8943,12.061653,-0.5842120000000013,0,-6.342387755717323,0.15965088017567425,-38.854599676000056,0.8960277116250367
16413.0,0.0027,-0.0559,0.8813,13.618853,-0.7750120000000016,0,-6.149584597274698,0.1420605038721633,-38.854599676000056,0.883075189324216
16425.0,0.0006,-0.0499,0.881,15.786852999999999,-0.8666120000000013,0,-5.932292704711858,0.12418232071410941,-38.854599676000056,0.8824122449286388
16437.0,0.0048,-0.0474,0.8923,18.168553,-0.9048120000000015,-0.5980273333333339,-5.688332188345932,0.10608247101705606,-38.858187840000056,0.8935709764758477
16449.0,0.0198,-0.0348,0.9252,18.534952999999998,-0.7140120000000012,0,-5.440334573439186,0.08859469949170211,-38.858187840000056,0.9260659371772617
16461.0,0.0084,-0.0298,0.9435,18.054053,-0.8895120000000012,0,-5.198035733592717,0.0690579210152033,-38.858187840000056,0.9440078654333343
16473.0,0.0048,-0.0261,0.9343,16.878453,-0.9888120000000016,0,-4.969626628192076,0.04888910873322551,-38.858187840000056,0.9346768104537525
16485.0,0.0048,-0.0262,0.9363,15.481452999999998,-0.8666120000000013,0,-4.7579273646780536,0.030692141192056505,-38.858187840000056,0.936678797667589
16497.0,0.0023,-0.0236,0.9198,14.893752999999998,-0.8819120000000016,0,-4.5533263094012755,0.013097212682753115,-38.858187840000056,0.9201055863323513
16509.0,0.0076,-0.0217,0.9083,15.176153,-0.7903120000000015,0,-4.345696133443295,-0.003364209602257528,-38.858187840000056,0.9085909640756945
16521.0,0.0054,-0.0205,0.8954,16.283053,-1.0880120000000013,0,-4.125707137007055,-0.02299787738514307,-38.858187840000056,0.8956509197226339
16533.0,0.0089,-0.0198,0.885,18.008253,-1.4926120000000016,0,-3.8866458463008984,-0.04744589524817359,-38.858187840000056,0.8852662029017035
16545.0,0.0067,-0.0188,0.8771,20.626552999999998,-1.6376120000000012,0,-3.6186111592711465,-0.0732453846423686,-38.858187840000056,0.8773270427839324
16557.0,0.0088,-0.0116,0.8857,23.038753,-1.5536120000000015,0,-3.323926150988781,-0.09792229764163761,-38.858187840000056,0.8858196712649816
16569.0,0.0055,-0.0026,0.9153,24.000553,-1.3552120000000012,0,-3.019244832094845,-0.11967290052790062,-38.858187840000056,0.915320217191776
16581.0,0.0061,0.0112,0.9645,22.542552999999998,-0.7521120000000012,0,-2.731742040540054,-0.13384055363632755,-38.858187840000056,0.9645843146143317
16593.0,-0.0002,0.0229,1.0254,17.428053,0,-0.7812273333333339,-2.5030792075001833,-0.13799810144190924,-38.862875204000055,1.0256556975905706
16605.0,0.0031,0.0288,1.0406,9.763952999999999,0,-1.2239273333333338,-2.3621502993757097,-0.14169175804565606,-38.87021876800006,1.0410030787658602
16617.0,0.0096,0.027,0.9962,2.901352999999999,0,-1.3384273333333339,-2.2989216570679747,-0.14579734568475713,-38.87824933200006,0.996612060934444
16629.0,0.0247,0.0181,0.9163,0,0,-0.5827273333333338,-2.267097595532802,-0.15215895743227997,-38.88174569600006,0.9168115346133032
16641.0,0.005,0.0026,0.8715,1.908952999999999,0,0,-2.2118173952713795,-0.15814051981067706,-38.88174569600006,0.8715182212667731
16653.0,0.0002,0.0028,0.8777,4.534952999999999,0,-0.5216273333333339,-2.1252295783993604,-0.16317220736569799,-38.88487546000006,0.8777044889938754
16665.0,-0.001,0.0056,0.8945,6.886052999999999,0,-1.0026273333333338,-2.010965890091856,-0.1671852199985692,-38.89089122400006,0.8945180881346111
16677.0,-0.0171,0.0076,0.9359,7.000552999999999,0,-2.1094273333333335,-1.8957656631652842,-0.1682618700408118,-38.903547788000054,0.9360870579171575
16689.0,-0.0112,0.0105,0.9419,5.832652999999999,0,-4.307927333333334,-1.7945580208590064,-0.1674818587169111,-38.92939535200006,0.942025105822557
16701.0,0.0194,0.011,0.9385,4.084552999999999,-0.7750120000000016,-4.414827333333334,-1.7140368305555083,-0.177966908770695,-38.95588431600006,0.938764938629474
16713.0,-0.0033,0.0087,0.9189,3.313552999999999,-0.6987120000000013,-4.6132273333333345,-1.642779535590141,-0.1864687472532449,-38.98356368000006,0.9189471094682218
16725.0,-0.0057,0.0134,0.9288,3.0998529999999986,-0.5231120000000016,-5.369027333333334,-1.5736042460515733,-0.19164550956469598,-39.01577784400006,0.9289141456560988
16737.0,0.0,0.0159,0.9297,2.321152999999999,-0.5231120000000016,-6.185827333333334,-1.5129912409279906,-0.19644253522326488,-39.05289280800006,0.9298359532734792
16749.0,0.0034,0.0154,0.9213,1.328852999999999,-0.7521120000000012,-6.506427333333334,-1.4635386951811336,-0.20401074947546302,-39.09193137200006,0.9214349732889456
16761.0,-0.0122,0.0026,0.9109,1.542552999999999,-0.8895120000000012,-7.239227333333334,-1.4125910935319506,-0.21127081892887317,-39.13536673600006,0.9109854060301955
16773.0,-0.0109,-0.0005,0.896,2.802052999999999,-1.2941120000000015,-8.590327333333335,-1.3482565000395839,-0.22170369849607408,-39.18690870000006,0.896066437269023
16785.0,-0.0233,-0.0146,0.8959,4.595952999999999,-1.2636120000000015,-10.223927333333334,-1.2662369703367853,-0.2287199850608806,-39.24825226400006,0.8963218506764187
16797.0,-0.0149,0.0033,0.9174,5.672352999999998,-1.5842120000000013,-12.491127333333335,-1.1728884020860284,-0.23784910873705511,-39.32319902800006,0.9175269260354162
16809.0,-0.0048,0.0134,0.9222,5.473852999999999,-1.9277120000000014,-13.575127333333334,-1.0822033856852558,-0.2507311535618257,-39.404649792000065,0.9223098394791199
16821.0,-0.001,0.0133,0.942,4.695252999999999,-2.0117120000000015,-14.483527333333335,-1.0011267836355304,-0.2647331962604834,-39.49155095600006,0.9420944167120405
16833.0,0.0162,0.0256,0.9442,2.9089529999999986,-2.637612000000001,-14.620927333333334,-0.9399347663326008,-0.2882990037493409,-39.579276520000064,0.9446858948878194
16845.0,0.0238,0.0333,0.9313,1.466252999999999,-3.0651120000000014,-14.292627333333334,-0.8935075093952771,-0.3195873849335875,-39.66503228400006,0.9321990238141209
16857.0,0.0682,0.0679,0.9122,1.0921529999999988,-3.0804120000000013,-12.017827333333335,-0.8450105264541622,-0.3587925950964596,-39.73713924800006,0.9172624978707022
16869.0,0.0342,0.0452,0.9313,0,-2.423912000000001,-9.590327333333335,-0.8065172224400651,-0.3927887679703361,-39.794681212000064,0.933023241939878
16881.0,0.0291,0.04,0.9384,-1.4192470000000013,-2.179612000000001,-8.620927333333334,-0.7827237480410368,-0.4255498768248604,-39.846406776000066,0.9397028094030581
16893.0,0.0487,0.0577,0.921,-2.663547000000001,-1.6453120000000014,-6.865227333333334,-0.7693223183556429,-0.4559112797200096,-39.887598140000065,0.9240898116525255
16905.0,0.0526,0.0554,0.9109,-2.8314470000000007,-0.8972120000000015,-4.483527333333334,-0.7541648843038158,-0.48146558581056814,-39.91449930400007,0.914097768293961
16917.0,0.0471,0.0519,0.9089,-2.6711470000000013,0,-1.4606273333333337,-0.7342437063437076,-0.4994303329477928,-39.92326306800007,0.9115981735391971
16929.0,0.0199,0.0303,0.9288,-2.7933470000000016,0,0,-0.7160462602115538,-0.5167292716748076,-39.92326306800007,0.9295071489773491
16941.0,0.0137,0.0256,0.941,-4.419247000000001,0,0,-0.7178620457969512,-0.5326032509584107,-39.92326306800007,0.9414478477324167
16953.0,0.0126,0.0177,0.9008,-4.877247000000001,-0.5078120000000013,0,-0.7263280123289071,-0.553137471900464,-39.92326306800007,0.9010619790003349
16965.0,0.0105,0.0229,0.9365,-4.991747000000001,-0.5536120000000015,0,-0.7366317567476193,-0.5725461011622947,-39.92326306800007,0.9368387854908655
16977.0,0.0099,0.025,0.9514,-7.167347000000001,-0.5536120000000015,0,-0.772701328328158,-0.5903307306576191,-39.92326306800007,0.9517798957742278
16989.0,0.0143,0.0214,0.9495,-9.594847000000001,0,0,-0.8373803709775007,-0.6006902421795359,-39.92326306800007,0.9498487774377561
17001.0,0.0139,0.0189,0.9462,-11.571947000000002,0,0,-0.9250145817638254,-0.6103003010003701,-39.92326306800007,0.9464908134789265
17013.0,0.0144,0.0146,0.9368,-12.793347,0,0,-1.0266525438126088,-0.6193146826674736,-39.92326306800007,0.9370244180382921
17025.0,0.0138,0.015,0.9517,-14.465047000000002,0,0,-1.1471661870691858,-0.6276791626077286,-39.92326306800007,0.9519182370350933
17037.0,0.0149,0.0178,0.9696,-17.159747,0,0,-1.2977901406686645,-0.6355511219560482,-39.92326306800007,0.9698778325129408
17049.0,0.014,0.015,0.9781,-20.678847,0,0,-1.4878940862796408,-0.6428473330884337,-39.92326306800007,0.9783151894967184
17061.0,0.0173,0.0092,0.9607,-24.144447,0,0,-1.7165965958588179,-0.6500613815322053,-39.92326306800007,0.9608997970652299
17073.0,0.0179,-0.0067,0.9183,-25.663547,0,0,-1.9618926107021613,-0.657352111751829,-39.92326306800007,0.918498878605739
17085.0,0.016,-0.0173,0.8909,-25.182647000000003,0,0,-2.2008566923258073,-0.6645242387412981,-39.92326306800007,0.8912115910377288
17097.0,0.0165,-0.0199,0.8843,-23.762747,0,0,-2.422498993223855,-0.6716536504608583,-39.92326306800007,0.8846777661951271
17109.0,0.0109,-0.03,0.8706,-22.274247000000003,0,0,-2.6272200665226477,-0.6780685228657316,-39.92326306800007,0.8711849229641202
17121.0,0.0216,-0.0312,0.8834,-20.167347,0,0,-2.807795838888086,-0.685138954298772,-39.92326306800007,0.8842146571958643
17133.0,0.0109,-0.0413,0.8757,-17.617747,0,0,-2.96033034778011,-0.6914590497438667,-39.92326306800007,0.8767411191452127
17145.0,0.0166,-0.0355,0.9043,-15.846747,0,0,-3.0932849067219723,-0.6977525986020955,-39.92326306800007,0.9051487723021007
17157.0,0.0189,-0.0237,0.9908,-17.602447,0,0,-3.2465479537798414,-0.7041065042217475,-39.92326306800007,0.9912636077250087
17169.0,0.0164,-0.0286,0.9871,-22.541447,0,0,-3.4574928125413846,-0.7101981396728223,-39.92326306800007,0.9876504087985788
17181.0,0.015,-0.0345,0.9866,-26.396347000000002,0,0,-3.7126426659356553,-0.7158773380654729,-39.92326306800007,0.9873169754440567
17193.0,0.0078,-0.041,0.9752,-30.541447,0,0,-4.014998144680956,-0.7203295471516818,-39.92326306800007,0.9760926595359684
17205.0,0.0146,-0.0527,0.9487,-33.510847,0,0,-4.350890257261446,-0.7245780089676088,-39.92326306800007,0.9502747707900068
17217.0,0.0153,-0.0603,0.931,-35.243747,0,0,-4.705608101700427,-0.7287588726204105,-39.92326306800007,0.9330761919586203
17229.0,0.0149,-0.0674,0.9227,-36.327647,0.5455879999999986,0,-5.071529259342199,-0.726423317078622,-39.92326306800007,0.9252783689247251
17241.0,0.0131,-0.0804,0.8912,-36.091047,0.6066879999999986,0,-5.434083615881285,-0.7232427023953465,-39.92326306800007,0.8949151970997028
17253.0,0.0154,-0.0902,0.8737,-34.449847,0,0,-5.777497343102855,-0.727421909236201,-39.92326306800007,0.8784787362252999
17265.0,0.0146,-0.1007,0.8489,-31.510847,0.5608879999999985,0,-6.08767861433849,-0.7250196256692971,-39.92326306800007,0.8549765259935502
17277.0,0.0173,-0.1074,0.8594,-27.900147,0,0,-6.357453786277128,-0.7296683318602226,-39.92326306800007,0.8662577041504451
17289.0,0.0168,-0.114,0.863,-24.549047,0,0,-6.590746380332107,-0.7345240097510024,-39.92326306800007,0.8706590836831601
17301.0,0.0115,-0.1206,0.8606,-21.426947000000002,0,0,-6.791073929658159,-0.7388883852526372,-39.92326306800007,0.8690851339195718
17313.0,0.0161,-0.1256,0.8577,-18.182647000000003,0,0,-6.9575465900821065,-0.7433995731166361,-39.92326306800007,0.8669970357504113
17325.0,0.014,-0.1305,0.8551,-14.892547,0,0,-7.0901880525084575,-0.7477699290269648,-39.92326306800007,0.8651140156071915
17337.0,0.0165,-0.1321,0.8649,-11.541447000000002,0,0,-7.188288299905897,-0.7523071085299085,-39.92326306800007,0.8750855215348955
17349.0,0.016,-0.1302,0.8727,-8.991747000000002,0,0,-7.260906311173444,-0.7569021041587412,-39.92326306800007,0.8825040113223283
17361.0,0.0131,-0.1265,0.8977,-7.480347000000002,0,0,-7.3193375058409895,-0.7611107773471822,-39.92326306800007,0.9066637469315734
17373.0,0.0088,-0.126,0.9233,-8.052847000000002,0,0,-7.3874523885986925,-0.7643648505248865,-39.92326306800007,0.9318993132307803
17385.0,0.0128,-0.1306,0.9146,-8.747547,0,0,-7.466753562289269,-0.7673047039468743,-39.92326306800007,0.9239661032743571
17397.0,0.0167,-0.1222,0.9529,-10.365847,0,0,-7.565825268546472,-0.7703816937648605,-39.92326306800007,0.9608486561368549
17409.0,0.015,-0.1211,0.9846,-14.197947000000001,0,0,-7.7094672946141545,-0.7732925054913973,-39.92326306800007,0.9921327380950595
17421.0,0.0183,-0.1198,0.9888,-19.297147000000002,0,0.6233726666666661,-7.9112976377623,-0.7764561846803406,-39.91952283200007,0.9961989610514559
17433.0,0.0283,-0.1289,0.9791,-24.258947000000003,0.6447879999999986,1.394372666666666,-8.169657995431601,-0.7735092267255979,-39.91115659600007,0.987953900746386
17445.0,0.0419,-0.1312,0.9766,-29.182647000000003,0.8966879999999986,2.9134726666666664,-8.483033507235058,-0.7707058074256834,-39.89367576000007,0.986263965680588
17457.0,0.0502,-0.1406,0.9357,-32.602447,1.2020879999999985,5.234072666666666,-8.834115792636707,-0.7682159029147694,-39.86227132400007,0.9475351655743443
17469.0,0.0479,-0.1541,0.9109,-34.075747,1.5226879999999987,7.501272666666666,-9.200889436285955,-0.7652620799888706,-39.81726368800007,0.9250837962044304
17481.0,0.0253,-0.1667,0.8726,-33.411647,1.4386879999999986,9.058472666666665,-9.559531856007258,-0.7636293496880803,-39.76291285200007,0.8887405358145876
17493.0,0.0055,-0.1829,0.8398,-30.747547000000004,1.4157879999999987,9.371472666666666,-9.888600229616571,-0.7601782618338209,-39.70668401600007,0.8595037521733108
17505.0,-0.0045,-0.1921,0.8217,-26.648247,1.1714879999999988,8.859972666666666,-10.172510516409401,-0.7565149763379578,-39.65352418000007,0.843868206534646
17517.0,-0.0111,-0.197,0.8315,-22.297147000000002,0.8585879999999986,7.722572666666666,-10.408813107697057,-0.7528431375070463,-39.60718874400007,0.8545902292912083
17529.0,-0.0192,-0.2007,0.8423,-18.457447000000002,0.6295879999999987,6.066072666666666,-10.603903655843895,-0.7474367691896996,-39.57079230800007,0.8660937709047445
17541.0,-0.0243,-0.2004,0.8612,-15.839147,0.5073879999999986,4.165372666666666,-10.771734083177035,-0.7387914104997484,-39.54580007200007,0.8845428706399707
17553.0,-0.0139,-0.1969,0.8922,-14.999447,0.5989879999999985,2.150072666666666,-10.931926809561412,-0.7262196297804299,-39.53289963600007,0.9137744032309069
17565.0,0.0084,-0.2007,0.8763,-14.945947,0.6142879999999986,1.1271726666666662,-11.094137657649997,-0.713890680847713,-39.526136600000065,0.8990287759576998
17577.0,0.0073,-0.2092,0.8538,-13.755147000000001,0.7821879999999986,0.8828726666666662,-11.245959198255234,-0.6998702824053656,-39.52083936400007,0.8790860993099595
17589.0,0.0106,-0.2137,0.8304,-10.961247000000002,0.7134879999999986,0.8828726666666662,-11.36922442497295,-0.6874266487923433,-39.51554212800007,0.8575221338251277
17601.0,0.0028,-0.22,0.8019,-6.113947000000001,0.6295879999999987,0.7760726666666662,-11.441202532229012,-0.6756716468792475,-39.51088569200007,0.8315355975543078
17613.0,-0.004,-0.2296,0.7736,0.5959529999999988,0,0,-11.442275909280218,-0.6701800246653905,-39.51088569200007,0.8069628987754022
17625.0,0.005,-0.2277,0.7715,7.992952999999999,0,0,-11.364807580275562,-0.6647443613897502,-39.51088569200007,0.8044156512649415
17637.0,0.0083,-0.2205,0.7975,14.962452999999998,-0.9430120000000013,0,-11.21299929218295,-0.6708798485392782,-39.51088569200007,0.8274632257689764
17649.0,0.0094,-0.209,0.823,20.321153,-1.2330120000000013,0,-11.004494966218601,-0.6807655645490347,-39.51088569200007,0.8491751056172101
17661.0,0.0061,-0.203,0.845,23.908953,-1.5231120000000016,0,-10.75951623894456,-0.6938120300009778,-39.51088569200007,0.8690634096543243
17673.0,0.01,-0.1985,0.8459,26.863153,-1.5995120000000016,0,-10.485480507576327,-0.7079762609157709,-39.51088569200007,0.868935590248207
17685.0,0.0082,-0.1925,0.839,30.267753,-1.6071120000000012,0,-10.177023445490645,-0.7221422696281609,-39.51088569200007,0.8608394101108522
17697.0,0.0089,-0.1849,0.826,34.221953,-1.9048120000000015,0,-9.827757830476497,-0.739812287206905,-39.51088569200007,0.8464887595237163
17709.0,0.0127,-0.1777,0.8213,38.664653,-2.1185120000000013,-0.5903273333333339,-9.432004819076024,-0.7604245502202513,-39.51442765600007,0.8404000654450237
17721.0,0.0095,-0.1704,0.8198,43.962453,-2.393312000000001,-0.5980273333333339,-8.979850229314142,-0.7841284599787238,-39.51801582000007,0.8373759311086031
17733.0,0.0159,-0.1537,0.8562,48.580753,-2.2941120000000015,-0.6896273333333338,-8.477375336724288,-0.8072630761655446,-39.52215358400007,0.8700315741396975
17745.0,0.009,-0.1285,0.9526,47.947153,-2.5460120000000015,-0.5293273333333339,-7.981940160451459,-0.8327840661913657,-39.52532954800007,0.9612699984915789
17757.0,0.0133,-0.1151,0.9855,44.336453,-2.133812000000001,-0.6819273333333338,-7.527105629055568,-0.8533732791590357,-39.52942111200007,0.9922878362652643
17769.0,0.0127,-0.1007,1.015,38.076952999999996,-1.8285120000000012,-0.6972273333333339,-7.142137407481279,-0.8702125948284904,-39.53360447600007,1.0200621451656755
17781.0,0.0193,-0.0939,1.0199,31.252453,-1.5995120000000016,-0.6972273333333339,-6.832936501052488,-0.8850809869005538,-39.53778784000007,1.024395289914982
17793.0,0.0096,-0.0968,0.9989,24.710452999999998,-1.1796120000000014,-0.8652273333333338,-6.596962571890525,-0.894443378175904,-39.54297920400007,1.0036252338398035
17805.0,0.0059,-0.0994,0.9692,19.741052999999997,-0.7903120000000015,-1.170527333333334,-6.416321780580831,-0.8983788982946787,-39.55000236800007,0.9743017037858447
17817.0,0.0061,-0.104,0.9308,17.206653,-0.7216120000000013,-1.6056273333333337,-6.263428957290825,-0.9009158351925616,-39.55963613200007,0.9366118993478568
17829.0,0.0068,-0.1069,0.8787,17.397553,-0.8743120000000015,-1.9339273333333338,-6.107591438785333,-0.9048933552990085,-39.57123969600007,0.8852048011618555
17841.0,0.0128,-0.1045,0.8678,19.420453,-0.9201120000000014,-2.422427333333334,-5.927576238430414,-0.9098272224564263,-39.58577426000007,0.8741629882350317
17853.0,0.011,-0.1016,0.8542,22.122753,-1.3017120000000015,-2.3461273333333335,-5.716085479679397,-0.9193915097885995,-39.599851024000074,0.8602913459985517
17865.0,0.026,-0.0895,0.8618,25.779152999999997,-1.1567120000000015,-2.262127333333334,-5.461167371400597,-0.9291857651901482,-39.61342378800008,0.8668249477258947
17877.0,0.0201,-0.0769,0.8805,27.725752999999997,-1.4391120000000015,-1.4758273333333338,-5.182315660110817,-0.9432444751154161,-39.62227875200008,0.8840802395710471
17889.0,0.0281,-0.0614,0.9163,28.657052999999998,-1.1872120000000015,-0.9873273333333339,-4.889992645386347,-0.9560435506896428,-39.628202716000075,0.9187846646521697
17901.0,0.0239,-0.0361,1.0907,21.786852999999997,-0.7369120000000016,-0.6132273333333338,-4.671267753577329,-0.9641725248550498,-39.631882080000075,1.091558935651209
17913.0,0.0179,-0.0367,1.0757,9.733353,0,0,-4.587635526011497,-0.9635285578048556,-39.631882080000075,1.0764747047655139
17925.0,0.0088,-0.0551,0.9965,0.7868529999999989,0,0,-4.60444281030115,-0.9619929861804728,-39.631882080000075,0.9980609700814876
17937.0,0.0212,-0.0621,0.897,-0.839147000000001,0,-0.5751273333333338,-4.636337676434907,-0.9613850861985909,-39.635332844000075,0.8993969368415705
17949.0,0.0182,-0.0549,0.9419,-1.0604470000000012,0,0,-4.665436814997757,-0.9611426130152825,-39.635332844000075,0.9436741280760005
17961.0,0.0166,-0.0526,0.9922,-4.724647000000001,0,0,-4.731928037213661,-0.9609244685436757,-39.635332844000075,0.9937319356848706
17973.0,0.0094,-0.0458,1.0313,-10.404047,0,0,-4.8581021403973645,-0.9597814278478743,-39.635332844000075,1.0323592833892667
17985.0,0.0151,-0.0353,1.1119,-21.480347000000002,0.5760879999999986,0,-5.104886293498569,-0.9515970797543382,-39.635332844000075,1.112562676886116
17997.0,0.0203,-0.037,1.1062,-34.213147,1.3928879999999986,0,-5.490502669171465,-0.9343365789714311,-39.635332844000075,1.1070047560873442
18009.0,0.0168,-0.0481,1.0774,-45.739847000000005,1.7974879999999986,0.6844726666666662,-6.000239299438991,-0.9126321850809286,-39.63122600800008,1.0786040098201006
18021.0,0.0139,-0.0627,1.0493,-55.755147,2.2478879999999988,0.7760726666666662,-6.616164923071495,-0.8857552022248497,-39.62656957200008,1.0512635207216123
18033.0,0.0146,-0.0767,1.0212,-63.778047,2.7134879999999986,0.8447726666666662,-7.314699160458752,-0.8537941461078479,-39.62150093600008,1.0241803991485094
18045.0,0.0101,-0.0968,0.9736,-69.724647,2.950187999999999,0.9897726666666662,-8.072400677178782,-0.8191239264175306,-39.61556230000008,0.9784524566886221
18057.0,0.0139,-0.1162,0.9126,-72.388747,3.1409879999999983,0.9668726666666662,-8.851947590487718,-0.7829358737896194,-39.609761064000075,0.9200730460131955
18069.0,0.0164,-0.1377,0.8788,-72.052847,3.3470879999999985,1.1118726666666663,-9.61996541763653,-0.7454302712975307,-39.60308982800007,0.8896739234123927
18081.0,0.0115,-0.1581,0.8456,-69.617747,3.446387999999999,0.9897726666666662,-10.35410809558456,-0.7073375051414232,-39.59715119200007,0.8603297158647957
18093.0,0.0109,-0.1791,0.8068,-65.281847,3.6142879999999984,0.8752726666666661,-11.034898452492794,-0.6678733709181498,-39.59189955600007,0.8265118631937475
18105.0,0.0063,-0.2031,0.7643,-58.465047,3.5379879999999986,0.7302726666666661,-11.636840403476134,-0.6294593375350649,-39.587517920000074,0.790850042675601
18117.0,0.0063,-0.2278,0.713,-48.800947,3.2478879999999988,0,-12.130901064604643,-0.5947205887785186,-39.587517920000074,0.7485329184478128
18129.0,0.0071,-0.2444,0.6803,-36.831447000000004,2.5531879999999987,0,-12.493739045096733,-0.5685322053181893,-39.587517920000074,0.7229037695295273
18141.0,0.0039,-0.2599,0.6566,-23.182647000000003,1.6524879999999986,0,-12.709588782360871,-0.5527802376053825,-39.587517920000074,0.7061775838979881
18153.0,0.0038,-0.2667,0.6326,-7.770447000000001,0.5150879999999987,0,-12.760912889756073,-0.5501034942092472,-39.587517920000074,0.6865319293375947
18165.0,0.004,-0.2677,0.6133,9.137953,-0.5918120000000013,0,-12.632850413906949,-0.5599746028812238,-39.587517920000074,0.6691906903118123
18177.0,0.0028,-0.262,0.6219,26.084553,-1.8132120000000014,0,-12.326301997663567,-0.583329095872626,-39.587517920000074,0.6748417962752455
18189.0,0.0054,-0.2467,0.6591,41.832653,-2.8285120000000012,-0.6896273333333338,-11.854414512827644,-0.6178331718264753,-39.591655684000074,0.7037775642914457
18201.0,0.0066,-0.2205,0.7231,55.473853,-3.3628120000000012,-0.8728273333333338,-11.238396275147668,-0.6577027891304582,-39.59689264800007,0.7560009391528558
18213.0,0.0051,-0.1908,0.7938,64.092153,-3.5307120000000016,-1.1858273333333338,-10.533027678319295,-0.6982077065443221,-39.604007612000075,0.8164245770430971
18225.0,0.0055,-0.1609,0.8885,67.733353,-3.5155120000000015,-1.4835273333333336,-9.791404314666854,-0.7371564314301775,-39.612908776000076,0.9029680559133861
18237.0,0.0162,-0.1234,1.0059,64.977653,-3.3170120000000014,-1.3537273333333337,-9.0817236085325,-0.773844986313717,-39.62103114000008,1.013570328097661
18249.0,0.017,-0.0919,1.1525,54.229552999999996,-2.920112000000002,-0.9262273333333337,-8.491380296456422,-0.8057425388598897,-39.626588504000075,1.1562832092528197
18261.0,0.016,-0.0731,1.2736,34.634153,-1.5689120000000014,0,-8.120287103785424,-0.8213071644332696,-39.626588504000075,1.2757964453626605
18273.0,0.0195,-0.0536,1.3553,8.069253,0,0,-8.046074612850251,-0.8185821727182586,-39.626588504000075,1.3564996498340867
18285.0,0.0221,-0.0553,1.3431,-20.724647,0.7898879999999986,0,-8.293473116117992,-0.807331746154949,-39.626588504000075,1.344419618273997
18297.0,0.021,-0.0692,1.2698,-46.854347000000004,2.1027879999999985,0.9210726666666662,-8.830408072114835,-0.7814399864507545,-39.62106206800008,1.2718575706422477
18309.0,0.0199,-0.1011,1.1337,-66.197947,3.1104879999999984,1.2340726666666662,-9.578554412112922,-0.7447866149179948,-39.61365763200008,1.138372922200805
18321.0,0.016,-0.1371,0.9706,-76.213147,3.7898879999999986,1.4096726666666661,-10.43090869562125,-0.7011958537975371,-39.60519959600008,0.9803656307725195
18333.0,0.0094,-0.1785,0.8103,-76.564347,4.263087999999998,1.4401726666666663,-11.278678137354104,-0.652701464091966,-39.59655856000008,0.829781115716669
18345.0,0.0109,-0.2167,0.7111,-68.724647,4.408187999999999,1.4554726666666662,-12.031177863179328,-0.6036106286118326,-39.587825724000076,0.743465473307268
18357.0,0.0074,-0.2385,0.6642,-56.220847,3.9043879999999986,1.6996726666666662,-12.638247556164824,-0.5612105150228592,-39.57762768800008,0.7057610431300385
18369.0,-0.015,-0.2684,0.6057,-40.274247,3.1333879999999983,0.8370726666666661,-13.066481051727886,-0.5257731036591307,-39.57260525200008,0.662673411266817
18381.0,0.0028,-0.286,0.5616,-20.991747,1.7821879999999986,0,-13.282707199949956,-0.5064866408667481,-39.57260525200008,0.630236780900639
18393.0,-0.0004,-0.2906,0.5442,0,0,0,-13.27128259126986,-0.507695817358581,-39.57260525200008,0.6169296232148365
18405.0,-0.0006,-0.282,0.5698,21.305953,-1.3933120000000012,0,-13.030129845931222,-0.5243825311323517,-39.57260525200008,0.6357644217790108
18417.0,0.0021,-0.2618,0.6154,41.687553,-2.897212000000001,-0.7583273333333338,-12.569304425890424,-0.5579112825137953,-39.57715521600008,0.668775605117292
18429.0,0.0044,-0.2388,0.668,57.298252999999995,-3.935312000000001,-1.0789273333333338,-11.94321632630834,-0.6027715270130373,-39.583628780000076,0.7094144063944572
18441.0,0.0089,-0.2076,0.7456,69.176153,-4.065112000000001,-1.1858273333333338,-11.1911278490604,-0.6486403139455974,-39.59074374400008,0.7740131329635177
18453.0,0.0127,-0.1776,0.835,75.954753,-4.004012000000001,-1.3232273333333338,-10.368001271930986,-0.6936553611700552,-39.59868310800008,0.8537728327839906
18465.0,0.0148,-0.1353,0.9604,76.443353,-3.8208120000000014,-1.3308273333333338,-9.539875354675347,-0.7364285737813232,-39.60666807200008,0.9699965412309469
18477.0,0.0159,-0.0952,1.1353,67.359353,-3.5002120000000017,-1.1094273333333338,-8.810881358331898,-0.7751674708154672,-39.61332463600008,1.1393954274087639
18489.0,0.0253,-0.0594,1.2955,48.519653,-2.423912000000001,-0.8041273333333339,-8.288994428537965,-0.8019598056960041,-39.61814940000008,1.2971078212700748
18501.0,0.0105,-0.064,1.3016,23.290653,-1.1185120000000013,0,-8.050823013940121,-0.8122220559680248,-39.61814940000008,1.3032147981050555
18513.0,0.0107,-0.0731,1.2515,-0.671147000000001,0,0,-8.081775158248883,-0.808685708194652,-39.61814940000008,1.2536787267876888
18525.0,0.0146,-0.0898,1.1355,-19.900147,0.9272879999999986,0,-8.327403439687313,-0.7945517617633299,-39.61814940000008,1.1391389072452929
18537.0,0.0133,-0.1207,1.0039,-31.052847,1.3546879999999986,0.5622726666666662,-8.695569707560628,-0.7759044593485268,-39.61477576400008,1.011217380190827
18549.0,0.0138,-0.1487,0.8657,-33.434547,1.7058879999999985,0.5088726666666661,-9.086667022806783,-0.7539570593843425,-39.61172252800008,0.8784865508361526
18561.0,0.0074,-0.1765,0.7483,-27.480347000000002,1.3699879999999987,0,-9.407453833238574,-0.7362161876326581,-39.61172252800008,0.7688692346556727
18573.0,0.0073,-0.1921,0.6913,-15.823847,0.8814879999999987,0,-9.594844622289981,-0.724473241189415,-39.61172252800008,0.7175314557564707
18585.0,0.0079,-0.198,0.6901,-2.457447000000001,0,0,-9.631605531399744,-0.7233136939710024,-39.61172252800008,0.7179863647730367
18597.0,0.0082,-0.1874,0.7256,9.931852999999998,0,0,-9.529470710673825,-0.7221458873594049,-39.61172252800008,0.7494540412860552
18609.0,0.0051,-0.1761,0.7822,19.397553,-0.7445120000000012,0,-9.322277575033658,-0.7292319690063224,-39.61172252800008,0.801794275359958
18621.0,0.0112,-0.156,0.8538,25.458553,-1.1872120000000015,0,-9.047513913757223,-0.7416048475834447,-39.61172252800008,0.8680068432909962
18633.0,0.0121,-0.1434,0.8922,27.374653,-1.3017120000000015,0,-8.752801437234282,-0.755337882789308,-39.61172252800008,0.9037316028556266
18645.0,0.0099,-0.132,0.9412,26.199053,-1.2254120000000013,0,-8.472633075274445,-0.7677696734868539,-39.61172252800008,0.950462755714289
18657.0,0.0167,-0.1285,0.9144,24.733352999999997,-1.0422120000000015,0,-8.21086011078448,-0.7786084709791342,-39.61172252800008,0.923535868280166
18669.0,0.0156,-0.1326,0.8781,25.603652999999998,-0.9659120000000012,0,-7.941420811680376,-0.7889735887580082,-39.61172252800008,0.8881923946983559
18681.0,0.0165,-0.1385,0.8143,29.611252999999998,-1.1872120000000015,0,-7.629974804213145,-0.8025392247685351,-39.61172252800008,0.8261591795773985
18693.0,0.009,-0.1246,0.8284,34.962453,-1.5155120000000015,0,-7.259495324465112,-0.8194146377917817,-39.61172252800008,0.8377665068502083
18705.0,0.0101,-0.1099,0.8484,39.420453,-1.6529120000000015,-0.5751273333333338,-6.839554907691423,-0.8374252411926716,-39.61517329200008,0.8555481167064772
18717.0,0.012,-0.0972,0.8851,41.802053,-1.7903120000000015,-0.5369273333333338,-6.393582352516592,-0.856749985076054,-39.61839485600008,0.8905020213340338
18729.0,0.0172,-0.0826,0.9194,42.183752999999996,-1.7216120000000013,-0.5522273333333338,-5.94371864106735,-0.8755554276914711,-39.62170822000008,0.9232632127405488
18741.0,0.0143,-0.0448,1.0991,35.214352999999996,-1.0193120000000016,-0.5751273333333338,-5.569357600851497,-0.8856293327790591,-39.62515898400008,1.100105604021723
18753.0,0.017,-0.0299,1.1716,19.420453,0,0,-5.371965641909979,-0.883645047056997,-39.62515898400008,1.1721047606762802
18765.0,0.0104,-0.0375,1.1165,3.168552999999999,0,0,-5.357432740579675,-0.8811021059974571,-39.62515898400008,1.1171779894000777
18777.0,0.0168,-0.0704,0.9312,-3.7704470000000008,0,0,-5.420486243462932,-0.87915788979842,-39.62515898400008,0.9340084796188951
18789.0,0.0154,-0.0804,0.8732,-2.945947000000001,0,0,-5.47065609922579,-0.8776755845451996,-39.62515898400008,0.8770288250679107
18801.0,0.0176,-0.0789,0.8821,0,0,0,-5.4831201955064675,-0.8768643051263363,-39.62515898400008,0.8857964664639388
18813.0,0.0134,-0.0721,0.9282,0.5425529999999988,0,0,-5.485662530683701,-0.8760492498268869,-39.62515898400008,0.9310924819801737
18825.0,0.0139,-0.0778,0.8981,0.7715529999999988,0,0,-5.4835660969621145,-0.87534858127313,-39.62515898400008,0.9015706627880036
18837.0,0.0138,-0.0792,0.8861,2.2219529999999987,0,0,-5.463058587699271,-0.8747603493601677,-39.62515898400008,0.8897394506258559
18849.0,0.0153,-0.0831,0.8564,4.260152999999999,0,0,-5.41857457835078,-0.8745159941231743,-39.62515898400008,0.8605583420082569
18861.0,0.0087,-0.0787,0.8722,7.321152999999999,0,0,-5.337858452282715,-0.8737195374655712,-39.62515898400008,0.8757866292653708
18873.0,0.0168,-0.0765,0.8773,9.344052999999999,0,0,-5.233606601535094,-0.8734460111408904,-39.62515898400008,0.8807892937587286
18885.0,0.0133,-0.075,0.8801,11.321152999999999,0,0,-5.106733771984253,-0.8731891164999191,-39.62515898400008,0.8833900044714112
18897.0,0.0149,-0.0764,0.8572,13.886052999999999,-0.5231120000000016,0,-4.951370599572851,-0.8793466236446882,-39.62515898400008,0.8607269079098201
18909.0,0.0171,-0.0786,0.8247,18.321153,-0.7750120000000016,0,-4.746846345088675,-0.8889241133094613,-39.62515898400008,0.8286135770067975
18921.0,0.0157,-0.0698,0.8293,24.206653,-0.7063120000000014,0,-4.475913622133856,-0.8978427753604252,-39.62515898400008,0.8323803337417337
18933.0,0.0164,-0.0626,0.8568,28.855553,-0.8743120000000015,0,-4.153297158325331,-0.90890208082283,-39.62515898400008,0.859240338904081
18945.0,0.0114,-0.0498,0.8838,31.992953,-0.8285120000000012,0,-3.7960725183636366,-0.9188060992974846,-39.62515898400008,0.885275346996628
18957.0,0.0156,-0.0339,0.9401,32.489153,-0.7827120000000014,0,-3.4337524112469944,-0.9280447704555743,-39.62515898400008,0.9408403584030609
18969.0,0.0156,-0.0183,0.9946,28.908953,-0.9201120000000014,0,-3.112564518543401,-0.9386660497797027,-39.62515898400008,0.9948906522829531
18981.0,0.0222,0.0007,1.0742,21.336453,-0.6147120000000013,0,-2.8765556859349775,-0.9461061645768718,-39.62515898400008,1.0744296021610724
18993.0,0.0176,0.0183,1.1721,8.015853,0,0,-2.790130986051878,-0.9459472895433584,-39.62515898400008,1.1723749656146705
19005.0,0.0215,0.0114,1.1227,-7.022347000000002,0,0,-2.8733015602050416,-0.9461630761250277,-39.62515898400008,1.1229637126817589
19017.0,0.0189,0.0024,1.0807,-17.487947000000002,0,0,-3.0713452526563434,-0.9464749590598698,-39.62515898400008,1.0808679197755848
19029.0,0.0135,0.0101,1.1553,-29.709347,0.5608879999999985,0.5317726666666662,-3.402180255136223,-0.9395031229280353,-39.62196834800008,1.1554230177731444
19041.0,0.0165,0.019,1.2207,-48.289547,0.8508879999999985,0.8218726666666661,-3.937598579540501,-0.9288912724790017,-39.617037112000084,1.2209593523127622
19053.0,0.0201,0.0071,1.1829,-67.472747,1.4844879999999985,0.9515726666666662,-4.683033972729488,-0.9111879855404204,-39.61132767600009,1.1830920631971125
19065.0,-0.0028,-0.0186,1.1016,-80.686447,3.1943879999999987,0.6691726666666662,-5.567748756207523,-0.871475829582846,-39.60731264000009,1.1017605729013904
19077.0,0.0043,-0.0425,1.0485,-91.84674700000001,3.7440879999999988,1.2492726666666663,-6.567722610509395,-0.8249452955783253,-39.59981700400009,1.0493698061217502
19089.0,0.0149,-0.0787,0.8986,-96.953647,4.163887999999998,1.2645726666666661,-7.613809733726421,-0.7747653433456114,-39.592229568000086,0.9021627680191641
19101.0,0.0146,-0.1331,0.7227,-90.968847,3.9577879999999985,1.1729726666666662,-8.581198572057346,-0.7285838776432716,-39.585191732000084,0.7349993605439396
19113.0,0.0123,-0.1768,0.6195,-76.472747,3.2936879999999986,1.3103726666666662,-9.376651789813302,-0.6915819173521761,-39.57732949600008,0.6443522173470035
19125.0,0.0039,-0.2037,0.5857,-57.350547,2.6447879999999984,0.9515726666666662,-9.952270896487082,-0.66239895865614,-39.571620060000086,0.6201236892749704
19137.0,0.0038,-0.2217,0.5802,-37.136847,1.6829879999999986,0.5164726666666661,-10.301339615191337,-0.6445704840957766,-39.56852122400009,0.6211258890112374
19149.0,0.0012,-0.2292,0.5667,-16.594847,0.7669879999999987,0,-10.424920021804235,-0.6370225501208372,-39.56852122400009,0.6112961393629114
19161.0,0.0062,-0.2325,0.5756,3.840252999999999,0,0,-10.328176954785544,-0.638504592054055,-39.56852122400009,0.6208140220710225
19173.0,0.0072,-0.2239,0.5848,23.817352999999997,-0.9888120000000016,-0.5216273333333339,-10.01847789960865,-0.651577052138447,-39.57165098800009,0.6262380457940894
19185.0,0.0055,-0.2112,0.6028,43.176153,-1.9277120000000014,-0.7812273333333339,-9.504059788263596,-0.6751398474934085,-39.576338352000086,0.6387515401155601
19197.0,0.0081,-0.1926,0.6157,61.664653,-2.8056120000000013,-1.0560273333333339,-8.795208385401647,-0.7086479891711848,-39.58267451600008,0.6451719615730368
19209.0,0.0164,-0.1639,0.641,79.29065299999999,-3.454412000000002,-1.1247273333333339,-7.900187697633283,-0.750417981001168,-39.589422880000086,0.6618256341363637
19221.0,0.0093,-0.1237,0.731,93.771553,-3.5002120000000017,-1.2316273333333336,-6.8507081784994455,-0.79181902615032,-39.59681264400009,0.7414507266164084
19233.0,0.0216,-0.0782,0.8489,100.054053,-4.301712000000002,-1.0560273333333339,-5.7366465733192085,-0.8433696734591489,-39.603148808000086,0.8527678523490434
19245.0,-0.0017,0.0106,1.2816,95.023453,-3.210112000000001,-1.0102273333333338,-4.671590959695201,-0.8781638430676014,-39.60921017200008,1.281644962538378
19257.0,0.0283,0.1056,1.7917,56.695253,-1.9277120000000014,0,-4.032904497669318,-0.898005044103254,-39.60921017200008,1.7950323506834078
19269.0,0.0193,0.0902,1.7452,1.153252999999999,-1.1262120000000015,0,-4.028634854192642,-0.9076617047610441,-39.60921017200008,1.7476359947082802
19281.0,0.0227,0.0382,1.4448,-42.770447000000004,0.8661879999999986,0.7378726666666662,-4.524334229937275,-0.8941993247101627,-39.604782936000085,1.445483161437725
19293.0,0.0183,-0.0123,1.1654,-68.793347,1.7211879999999986,1.0966726666666662,-5.309382076855855,-0.8712965827059934,-39.59820290000008,1.1656085706616952
19305.0,0.0446,-0.0343,1.0598,-81.312447,2.9195879999999987,0.9286726666666661,-6.222988689155688,-0.8380806143549886,-39.592630864000085,1.0612924620480446
19317.0,0.0233,-0.0734,0.9348,-88.052847,3.5837879999999984,1.043172666666666,-7.199947535805282,-0.7986173093183061,-39.58637182800008,0.9379666785126217
19329.0,0.0117,-0.1276,0.7566,-85.068147,3.7058879999999985,0.9821726666666661,-8.131740156894121,-0.7583784835170663,-39.58047879200008,0.7673735791646726
19341.0,0.007,-0.1801,0.5919,-70.701747,3.3928879999999983,0.9668726666666662,-8.89251970563943,-0.7222737791416951,-39.574677556000076,0.6187330765362394
19353.0,0.0057,-0.2148,0.4988,-47.778047,2.4004879999999984,0.6920726666666661,-9.390006073908491,-0.6982447193514096,-39.57052512000008,0.5431141408580704
19365.0,0.0076,-0.2256,0.5184,-22.312447000000002,1.0111879999999986,0,-9.600397746498333,-0.6909259019112538,-39.57052512000008,0.5654128403211233
19377.0,0.0077,-0.2203,0.5781,0,0,0,-9.564221435440263,-0.6954228555492294,-39.57052512000008,0.6187010505890547
19389.0,0.0076,-0.205,0.6533,17.863153,-0.7750120000000016,0,-9.33428844783328,-0.7085527451460784,-39.57052512000008,0.6847507940849722
19401.0,0.0106,-0.1835,0.7234,31.176153,-1.4315120000000014,0,-8.96253407201611,-0.7290405915416397,-39.57052512000008,0.7463860730211946
19413.0,0.0123,-0.1633,0.7906,40.374653,-1.8972120000000015,-0.5522273333333338,-8.495082687012061,-0.7545955228392714,-39.57383848400008,0.8073825239624648
19425.0,0.0118,-0.1475,0.828,46.481453,-2.156712000000001,-0.5827273333333338,-7.9667227074686116,-0.7825400026752826,-39.57733484800008,0.841118000045178
19437.0,0.0044,-0.1226,0.8845,50.214352999999996,-2.454412000000002,-0.6438273333333338,-7.401795145218122,-0.8121443550317535,-39.58119781200008,0.8929671718489992
19449.0,0.0177,-0.0784,1.0835,45.580753,-2.484912000000002,0,-6.889787945666665,-0.841811327891731,-39.58119781200008,1.0864769210618326
19461.0,0.0204,-0.0494,1.2319,29.786852999999997,-1.8361120000000013,0,-6.55646990797517,-0.8635717756239059,-39.58119781200008,1.233058850988062
19473.0,0.02,-0.0358,1.3105,7.092152999999999,-0.6911120000000013,0,-6.479491580070369,-0.8714997305871767,-39.58119781200008,1.3111414454588795
19485.0,0.0161,-0.0455,1.2594,-16.930747,0.8127879999999985,0,-6.6740852361892316,-0.8612668236976361,-39.58119781200008,1.2603244899628032
19497.0,0.0161,-0.0752,1.0957,-34.190247,1.5455879999999986,0,-7.06255775929151,-0.8426299445440169,-39.58119781200008,1.0983955298525208
19509.0,0.012,-0.1117,0.9315,-41.144447,2.034087999999999,0,-7.526659642009462,-0.8184292736432157,-39.58119781200008,0.9382500413002921
19521.0,0.0096,-0.1426,0.7954,-38.640647,1.7592879999999986,0.5164726666666661,-7.958902911462075,-0.7977158744429665,-39.57809897600008,0.8081386514701546
19533.0,0.0072,-0.1656,0.7113,-29.228447000000003,1.4310879999999986,0,-8.2822059617703,-0.7809137715724633,-39.57809897600008,0.7303580560245776
19545.0,0.0068,-0.1777,0.6891,-16.289547000000002,0.6600879999999987,0,-8.458553284400061,-0.7731594241861389,-39.57809897600008,0.7116757267182857
19557.0,0.0085,-0.182,0.6741,-2.365847000000001,0,0,-8.479468779833706,-0.7732329104590517,-39.57809897600008,0.6982886652380949
19569.0,0.0092,-0.1826,0.6711,12.252453,-0.5384120000000014,0,-8.33935987774649,-0.7796500019894903,-39.57809897600008,0.695559206681933
19581.0,0.0101,-0.1721,0.6981,26.382253,-1.0804120000000013,0,-8.044552410976516,-0.7923975019030733,-39.57809897600008,0.7190716445528916
19593.0,0.0126,-0.1548,0.7313,38.939553,-1.6453120000000014,-0.6056273333333337,-7.612983707741833,-0.8118932630839806,-39.58173274000008,0.7476105202577074
19605.0,0.0071,-0.1387,0.787,48.473853,-1.6147120000000013,-0.7430273333333339,-7.0791245149718875,-0.8301026172957637,-39.58619090400008,0.7991602467590591
19617.0,0.0094,-0.1147,0.8541,53.763953,-2.141412000000001,-0.6896273333333338,-6.490103760004175,-0.8538495320035051,-39.590328668000076,0.86181857719592
19629.0,0.0157,-0.0956,0.8539,57.565453,-2.156712000000001,-0.7583273333333338,-5.862351869444927,-0.8779054623309952,-39.594878632000075,0.8593782985391242
19641.0,-0.0084,-0.0706,0.9788,60.344053,-1.4315120000000014,-0.7812273333333339,-5.2034563455505864,-0.8899993224886134,-39.599565996000074,0.9813788055587913
19653.0,0.0121,-0.0325,1.1306,53.321152999999995,-1.1109120000000012,-0.6667273333333339,-4.623095884018805,-0.8980096273216083,-39.60356636000007,1.1311317429901788
19665.0,0.0183,-0.0203,1.1313,38.618853,-0.9430120000000013,-0.6132273333333338,-4.2110600570810055,-0.9046110477987778,-39.60724572400007,1.1316300941562132
19677.0,0.015,-0.0309,1.0529,27.618852999999998,-0.5918120000000013,0,-3.925112942851063,-0.9072776953056634,-39.60724572400007,1.0534601178972083
19689.0,0.0162,-0.0386,0.9923,20.534952999999998,-0.6300120000000016,0,-3.7198084499893027,-0.9108667502378661,-39.60724572400007,0.9931826065734337
19701.0,0.0127,-0.0487,0.9171,17.389853,-0.5995120000000016,0,-3.5502658232165007,-0.9141783748546854,-39.60724572400007,0.9184799344569266
19713.0,0.0178,-0.0498,0.8871,18.374653,-0.6758120000000014,0,-3.368197384597669,-0.9191414939323224,-39.60724572400007,0.8886750193405911
19725.0,0.0172,-0.0446,0.899,19.947153,-0.7216120000000013,0,-3.166569269520344,-0.9251923505955107,-39.60724572400007,0.9002699595121455
19737.0,0.0156,-0.0311,0.9418,19.763952999999997,-0.6758120000000014,0,-2.9647559353517248,-0.9308937421959631,-39.60724572400007,0.9424424703927555
19749.0,0.0144,-0.0298,0.9491,18.206653,-0.6911120000000013,0,-2.77935096160557,-0.936776876525181,-39.60724572400007,0.949676897686787
19761.0,0.0166,-0.0229,0.939,16.847952999999997,-0.6529120000000015,0,-2.607551440001998,-0.942487233995293,-39.60724572400007,0.939425872541309
19773.0,0.014,-0.0197,0.936,15.718153,-0.5995120000000016,0,-2.4466458867387453,-0.9474928799282496,-39.60724572400007,0.9363119619015876
19785.0,0.016,-0.019,0.9437,14.244852999999999,-0.5307120000000012,0,-2.3009023019100505,-0.9518559537234914,-39.60724572400007,0.9440268481351576
19797.0,0.0156,-0.0154,0.9537,12.260152999999999,0,0,-2.1760720517774317,-0.9500618411138911,-39.60724572400007,0.9539518908204963
19809.0,0.0177,-0.011,0.9587,9.718153,0,0,-2.0782764813644854,-0.9487053899488567,-39.60724572400007,0.9589264726766072
19821.0,0.0156,-0.0139,0.9323,8.183753,0,0,-1.9961979131401772,-0.9475287079861711,-39.60724572400007,0.9325341066148733
19833.0,0.0189,-0.0129,0.9244,7.1837529999999985,0,0,-1.923584664454121,-0.9469336666844358,-39.60724572400007,0.9246831781750979
19845.0,0.0155,-0.0128,0.9221,6.4280529999999985,0,0,-1.8577606340844623,-0.9464401222255322,-39.60724572400007,0.9223190879516698
19857.0,0.0186,-0.011,0.9125,6.214352999999999,0,0,-1.7923883345957001,-0.9464384999568681,-39.60724572400007,0.9127558326299536
19869.0,0.0167,-0.0106,0.9108,6.260152999999999,0,0,-1.724690917562808,-0.9466413020071678,-39.60724572400007,0.9110147583875906
19881.0,0.0184,-0.0128,0.9011,6.672352999999998,0,0,-1.6510171994129212,-0.9472555192527762,-39.60724572400007,0.9013787272839314
19893.0,0.0159,-0.0077,0.9138,7.412752999999999,0,0,-1.5671802969289967,-0.9478960034950605,-39.60724572400007,0.9139707544555241
19905.0,0.0194,-0.0078,0.9047,7.794452999999999,0,0,-1.4779337562438564,-0.9490127435195683,-39.60724572400007,0.90494159480046
19917.0,0.0156,-0.0051,0.9154,8.481452999999998,0,0,-1.379673936580254,-0.9500526796281946,-39.60724572400007,0.9155471205787281
19929.0,0.02,-0.0013,0.9498,7.641752999999999,0,0,-1.2902259788147772,-0.9514938524352394,-39.60724572400007,0.9500114367732633
19941.0,0.0219,0.0056,0.9489,5.458552999999998,0,0,-1.2246812526530126,-0.9535207258794696,-39.60724572400007,0.9491692051473225
19953.0,0.0186,0.0066,0.9429,3.657052999999999,0,0,-1.1783353173919393,-0.9556640198593335,-39.60724572400007,0.9431065316283204
19965.0,0.0165,0.0034,0.929,2.6265529999999986,0,0,-1.1424987938365438,-0.9576780620282016,-39.60724572400007,0.9291527377132353
19977.0,0.0183,-0.0007,0.9124,2.206652999999999,0,0,-1.110570652549109,-0.9598342914274287,-39.60724572400007,0.9125837714971705
19989.0,0.0176,-0.0013,0.8954,3.1608529999999986,0,0,-1.0665853427682632,-0.9620648487799474,-39.60724572400007,0.895573899798336
20001.0,0.0133,-0.0013,0.895,4.595952999999999,0,0,-1.0052681820625504,-0.9638231253844819,-39.60724572400007,0.8950997598033417
20013.0,0.0187,0.0052,0.9192,5.512052999999999,0,0,-0.9323527681741489,-0.9657768500615184,-39.60724572400007,0.9194048999216831
20025.0,0.0198,0.0118,0.9584,4.313552999999999,0,0,-0.8722821407482995,-0.967944542556618,-39.60724572400007,0.9586771302164249
20037.0,0.0172,0.0166,1.0007,0,0,0,-0.8611007648386477,-0.9698767720280045,-39.60724572400007,1.000985459434851
20049.0,0.0208,0.0303,1.0547,-7.121547000000001,0,0,-0.9295162687251008,-0.9719161061071313,-39.60724572400007,1.0553401442189148
20061.0,0.02,0.0511,1.1794,-19.839147,0,0.5622726666666662,-1.1398427278050334,-0.9736701248386117,-39.603872088000074,1.1806758954090661
20073.0,0.0168,0.0581,1.2554,-39.358247,0.8279879999999986,0.7531726666666662,-1.569380847259902,-0.964913953745433,-39.599353052000076,1.2568560020941142
20085.0,0.0206,0.0498,1.2158,-61.365847,1.5608879999999985,0.9363726666666662,-2.2447913765745744,-0.947589813742213,-39.59373481600008,1.2169938537231813
20097.0,0.0188,0.02,1.0891,-76.564347,1.6829879999999986,1.1347726666666662,-3.0847723740520774,-0.9291177026490177,-39.58692618000008,1.0894458453727747
20109.0,0.0062,-0.0287,0.9424,-82.350547,2.110487999999999,1.7225726666666663,-3.980669222882081,-0.904808154967326,-39.57659074400008,0.9428573009740128
20121.0,0.0167,-0.0454,0.9115,-83.052847,2.9119879999999987,1.256972666666666,-4.8730568320461005,-0.8717312365329347,-39.56904890800008,0.9127827233246694
20133.0,0.0149,-0.0789,0.8131,-80.365847,3.1562879999999987,1.0966726666666662,-5.725541058993874,-0.836585555206762,-39.562468872000075,0.8170549736706827
20145.0,0.0135,-0.1227,0.6831,-70.625347,2.973087999999999,1.0279726666666662,-6.46077185917371,-0.8045282974332338,-39.55630103600007,0.6941636334467545
20157.0,0.0073,-0.163,0.5736,-53.220847,2.3012879999999987,0.6691726666666662,-6.995742450506028,-0.7806968971296343,-39.55228600000007,0.5963549697956746
20169.0,0.0055,-0.1927,0.4854,-29.350547000000002,1.2325879999999985,0,-7.2623556301187415,-0.7695585220385701,-39.55228600000007,0.5222802887339326
20181.0,0.01,-0.2017,0.4615,-1.8009470000000012,0,0,-7.223867230557402,-0.7734622569883813,-39.55228600000007,0.5037510694777729
20193.0,0.0071,-0.1863,0.5083,24.931853,-0.8590120000000012,0,-6.892821536385281,-0.787181229480109,-39.55228600000007,0.541412033482818
20205.0,0.0123,-0.1621,0.5688,48.557853,-1.9124120000000016,-0.7049273333333339,-6.306447069436849,-0.8134297951500046,-39.55651556400007,0.5915751347039528
20217.0,0.0101,-0.1351,0.6097,68.947153,-2.645312000000001,-1.0178273333333339,-5.502375938508066,-0.8477305422996987,-39.56262252800007,0.6245703403140433
20229.0,0.015,-0.1012,0.6571,86.901353,-3.0193120000000016,-1.2392273333333337,-4.506953652621954,-0.8863293844364807,-39.57005789200007,0.6650164283685028
20241.0,-0.0255,-0.0422,0.9106,98.863153,-1.8972120000000015,-1.2468273333333337,-3.3809184958856155,-0.9047700084095339,-39.577538856000075,0.9119339065963059
20253.0,0.0227,0.0503,1.2781,90.283053,-1.7979120000000015,-1.0026273333333338,-2.3516372694592227,-0.9226889230436003,-39.58355462000007,1.2792908152566407
20265.0,0.028,0.0955,1.5255,60.954753,-1.7979120000000015,-0.567427333333334,-1.6584723299515203,-0.941306897373051,-39.58695918400007,1.5287427841203374
20277.0,0.0229,0.1154,1.6477,18.153253,-0.7674120000000015,0,-1.4567831787122472,-0.9474332832769192,-39.58695918400007,1.651894930072733
20289.0,0.0171,0.0995,1.5953,-30.571947,0,0.5164726666666661,-1.8140769627790787,-0.9438465255846893,-39.58386034800007,1.5984913981626552
20301.0,0.0233,0.073,1.4213,-68.923047,1.6371879999999985,0.8905726666666661,-2.603814326807615,-0.9215340004947471,-39.578516912000076,1.4233641768711196
20313.0,0.0234,0.0104,1.0774,-91.251347,2.2020879999999985,1.1347726666666662,-3.6376602671639278,-0.8939391904352667,-39.571708276000074,1.0777042637013179
20325.0,0.0061,-0.0497,0.8613,-92.968847,3.4539879999999985,0.8294726666666662,-4.675410328386318,-0.851465394311438,-39.566731440000076,0.8627543045386675
20337.0,-0.0034,-0.0978,0.734,-86.045247,3.9272879999999986,1.0279726666666662,-5.6207678160861345,-0.8027342154284888,-39.56056360400007,0.740494699508376
20349.0,0.0061,-0.1472,0.5693,-69.907847,3.2478879999999988,0.9363726666666662,-6.373210122129051,-0.7628381686657333,-39.55494536800008,0.588054028130069
20361.0,0.0076,-0.1899,0.4602,-44.640647,2.2096879999999985,0.5317726666666662,-6.834920269333597,-0.7361777630749807,-39.55175473200008,0.4978993974690068
20373.0,0.0057,-0.1998,0.469,-16.426947000000002,0.8661879999999986,0,-6.978220000863147,-0.7258149655242513,-39.55175473200008,0.5098171534972121
20385.0,0.0099,-0.192,0.5166,9.847952999999999,0,0,-6.830369006582635,-0.726301961802094,-39.55175473200008,0.5512146315184313
20397.0,0.0093,-0.1722,0.5709,32.992953,-1.4620120000000014,-0.5598273333333339,-6.429827301643523,-0.7442298269071571,-39.55511369600008,0.5963775146666749
20409.0,0.0109,-0.147,0.6226,52.657053,-2.2178120000000017,-0.7507273333333337,-5.817354787805525,-0.7710639381562533,-39.559618060000076,0.6398113550102094
20421.0,0.0063,-0.1226,0.6782,69.092153,-2.3246120000000015,-0.6285273333333339,-5.029935221648607,-0.7981843077087486,-39.563389224000076,0.6892210748373848
20433.0,0.0095,-0.0842,0.7451,81.954753,-3.0956120000000014,-0.7278273333333338,-4.105803142145604,-0.8337723007599737,-39.567756188000075,0.7499025936746718
20445.0,0.0326,0.0098,1.1705,79.046353,-2.7521120000000017,-1.063627333333334,-3.213071223834895,-0.8670093010189744,-39.57413795200007,1.1709948975123676
20457.0,0.022,0.0768,1.583,48.351753,-1.8666120000000013,-0.5369273333333338,-2.6684332236349286,-0.8888806944231961,-39.57735951600007,1.5850145866836685
20469.0,0.03,0.0887,1.66,0,-1.2483120000000012,0,-2.677824216506628,-0.9036329711183941,-39.57735951600007,1.6626387731554921
20481.0,0.0265,0.0542,1.4449,-42.709347,0.5150879999999987,0.7531726666666662,-3.174307814329104,-0.897801757161502,-39.572840480000075,1.4461590161527882
20493.0,0.0186,-0.0094,1.1047,-67.625347,1.9577879999999985,1.043172666666666,-3.9497856487841494,-0.875227886349227,-39.56658144400007,1.1048965607693781
20505.0,0.0366,-0.0685,0.8276,-70.716947,2.759287999999999,0.6615726666666661,-4.7503049221837355,-0.8463316834345964,-39.56261200800007,0.8312361698097599
20517.0,0.0109,-0.1193,0.681,-61.136847,2.5150879999999987,0.7989726666666661,-5.432809946283841,-0.8206952266133911,-39.557818172000076,0.6914566508466023
20529.0,0.0094,-0.1528,0.5819,-43.518547,1.7821879999999986,0.5928726666666662,-5.909500933679965,-0.8040436475320064,-39.55426093600008,0.601700764500096
20541.0,0.0062,-0.1674,0.5802,-22.175047000000003,1.0188879999999987,0,-6.142144978996942,-0.7961548430001091,-39.55426093600008,0.6038983689330516
20553.0,0.0098,-0.1611,0.6317,-2.564347000000001,0,0,-6.1540269235207425,-0.8002323538271061,-39.55426093600008,0.6519924386064612
20565.0,0.0142,-0.1498,0.6731,13.832652999999999,-0.7292120000000013,0,-5.984581904970802,-0.8131330532614027,-39.55426093600008,0.6897139189548084
20577.0,0.0107,-0.1359,0.7159,27.534952999999998,-1.2254120000000013,0,-5.665891542083814,-0.8313376998905084,-39.55426093600008,0.7287634115403983
20589.0,0.0068,-0.1223,0.7656,38.649453,-1.5002120000000012,-0.5598273333333339,-5.228117545363189,-0.8515006714118882,-39.55761990000008,0.7753366301162353
20601.0,0.009,-0.1102,0.7548,47.038753,-1.9353120000000015,-0.6590273333333339,-4.703755278594091,-0.8758748395801929,-39.56157406400008,0.7628552156208936
20613.0,0.0352,-0.0896,0.7905,56.473853,-1.4010120000000015,-0.6590273333333339,-4.078526250991638,-0.8965960592551753,-39.565528228000076,0.7963400341562642
20625.0,0.0267,-0.0426,0.9648,58.382253,-1.2788120000000012,-0.8041273333333339,-3.4338882039062084,-0.9166145136346275,-39.570352992000075,0.9661090466401813
20637.0,0.0242,-0.0227,1.0494,51.695253,-1.4010120000000015,-0.5522273333333338,-2.8687541850956837,-0.9380996722030315,-39.573666356000075,1.049924421089442
20649.0,0.0302,-0.0131,1.0585,42.221953,-1.1414120000000012,-0.5445273333333338,-2.41463670748372,-0.9572305112134354,-39.576933520000075,1.0590117563086823
20661.0,0.0177,-0.0081,1.0549,32.595952999999994,-0.8743120000000015,0,-2.072117292981229,-0.972219222462943,-39.576933520000075,1.0550795751980038
20673.0,0.0153,-0.0085,1.0273,24.145653,-0.8743120000000015,0,-1.8268435270531307,-0.9861403110481314,-39.576933520000075,1.0274490887630396
20685.0,0.0179,-0.0063,1.0148,17.137953,-0.5766120000000012,0,-1.660841136153724,-0.9959646318717497,-39.576933520000075,1.014977408615581
20697.0,0.0168,-0.0117,1.0081,10.985352999999998,0,0,-1.5641376147426838,-0.9984124922623148,-39.576933520000075,1.0083078597333257
20709.0,0.0161,-0.0076,0.9978,5.0998529999999995,0,0,-1.532509234993569,-1.0003972634384735,-39.576933520000075,0.9979588217957693
20721.0,0.0148,-0.0142,0.9722,0.5043529999999988,0,0,-1.5511179826101509,-1.0018750766644668,-39.576933520000075,0.9724163305909665
20733.0,0.0182,-0.0221,0.8998,0,0,0,-1.5726824812415703,-1.003485997112014,-39.576933520000075,0.9002553471099186
20745.0,0.014,-0.0199,0.9281,0,0,0,-1.591032933191498,-1.0046309794122494,-39.576933520000075,0.9284188817554284
20757.0,0.0161,-0.0222,0.9108,0,0,0,-1.6068780477576763,-1.005659125112986,-39.576933520000075,0.9112127578123564
20769.0,0.0155,-0.0201,0.9185,0,0,0,-1.6201764275085306,-1.0064904681427629,-39.576933520000075,0.9188506461879428
20781.0,0.0179,-0.0203,0.917,0,0,0,-1.6312277806962068,-1.0074454808292101,-39.576933520000075,0.9173993132763945
20793.0,0.0149,-0.0227,0.9232,0,0,0,-1.6405383866293641,-1.008123638377335,-39.576933520000075,0.9235992312686278
20805.0,0.0184,-0.0217,0.917,-0.6635470000000012,0,0,-1.6560000160291626,-1.0090021787992198,-39.576933520000075,0.9174412515251318
20817.0,0.0179,-0.0234,0.9098,0,0,0,-1.6622671415434478,-1.0100107710662183,-39.576933520000075,0.9102768864471954
20829.0,0.0167,-0.0232,0.9142,0,0,0,-1.6673886904078006,-1.010973660418652,-39.576933520000075,0.9146468006831927
20841.0,0.017,-0.0211,0.918,0,0,0,-1.6712118052307228,-1.0119227709631082,-39.576933520000075,0.9183998094511997
20853.0,0.019,-0.0232,0.9136,0,0,0,-1.674158138120091,-1.013116235242165,-39.576933520000075,0.9140920084980504
20865.0,0.0181,-0.0236,0.9177,0,0,0,-1.6763576129839266,-1.0144018955342706,-39.576933520000075,0.9181818229522952
20877.0,0.0166,-0.0205,0.9238,0,0,0,-1.6774855251656553,-1.0155657973798664,-39.576933520000075,0.9241765253456722
20889.0,0.0205,-0.0139,0.9603,-1.6711470000000013,0,0,-1.6963701407352205,-1.0170182043375966,-39.576933520000075,0.9606193574980675
20901.0,0.0184,-0.005,1.0165,-6.251347000000001,0,0,-1.7657908198233518,-1.0183303255101024,-39.576933520000075,1.0166788135886378
20913.0,0.0133,0.0172,1.1398,-15.800947,0,0,-1.9405088594543907,-1.0186285325318467,-39.576933520000075,1.1400073552394299
20925.0,0.0194,0.033,1.2596,-33.571947,0.6371879999999985,0.5928726666666662,-2.3137936759941837,-1.0110420366616002,-39.57337628400008,1.2601815424771148
20937.0,0.0209,0.0245,1.2339,-54.694047,1.1867879999999986,0.8599726666666662,-2.9231219264611163,-0.9970375856927874,-39.56821644800008,1.2343201651111433
20949.0,0.02,-0.0073,1.0682,-70.518547,1.9272879999999986,1.394372666666666,-3.7058792584107083,-0.9747394017741936,-39.55985021200008,1.0684121536186306
20961.0,0.0309,-0.0199,1.036,-79.701747,2.8661879999999984,1.3561726666666662,-4.582001367718737,-0.9432559476900931,-39.55171317600008,1.0366517351550617
20973.0,0.0253,-0.0529,0.9421,-85.487947,3.3623879999999984,1.898172666666666,-5.513434617214113,-0.9074102682701346,-39.54032414000008,0.9439231483547801
20985.0,0.0189,-0.1013,0.771,-82.945947,3.6371879999999983,2.4096726666666664,-6.406715411852288,-0.8694814438311289,-39.52586610400008,0.7778559635305241
20997.0,0.0051,-0.1547,0.6343,-69.999447,3.1638879999999987,2.012672666666666,-7.1466143342847674,-0.836958905922721,-39.51379006800008,0.6529123907539204
21009.0,0.024,-0.179,0.5583,-50.251347,2.5150879999999987,2.302772666666666,-7.659164748046225,-0.8143795889861971,-39.499973432000075,0.5867843641406952
21021.0,0.0129,-0.197,0.5366,-27.404047000000002,1.4310879999999986,2.6386726666666664,-7.914524113989413,-0.8052331647703895,-39.484141396000076,0.5717647855543396
21033.0,-0.0042,-0.2114,0.5651,-4.877247000000001,0,2.1958726666666664,-7.922613824734478,-0.8109240635151891,-39.470966160000074,0.6033619228953714
21045.0,-0.0103,-0.2034,0.6071,15.397552999999998,-0.5995120000000016,0.9744726666666661,-7.712217699329631,-0.8204994518428886,-39.46511932400007,0.6403499511985614
21057.0,-0.0002,-0.1853,0.6537,32.718153,-1.4391120000000015,0,-7.317990073123991,-0.8382037410186557,-39.46511932400007,0.6794555320254593
21069.0,0.0112,-0.1586,0.6974,47.313553,-1.9277120000000014,-0.6285273333333339,-6.769949727109789,-0.8614064123417128,-39.46889048800007,0.7152944568497648
21081.0,0.0148,-0.1346,0.7502,59.137952999999996,-2.5918120000000013,-0.7125273333333337,-6.098472814983896,-0.8924597443507143,-39.47316565200007,0.7623229237009733
21093.0,0.0066,-0.0983,0.8569,66.435653,-3.0117120000000015,-0.9186273333333339,-5.35154315733237,-0.9268631465644658,-39.47867741600007,0.8625451060669234
21105.0,-0.0006,-0.0791,0.8965,69.336453,-2.7521120000000017,-0.6361273333333339,-4.5792981798514445,-0.9555668462866221,-39.48249418000007,0.8999830109507623
21117.0,0.0273,-0.011,1.2152,61.237252999999995,-1.9277120000000014,0,-3.897848594806852,-0.9755612098721693,-39.48249418000007,1.215556387009669
21129.0,0.0352,0.0623,1.6182,29.023453,-0.8132120000000014,0,-3.578517883974788,-0.9835361724157035,-39.48249418000007,1.619781334007773
21141.0,0.0244,0.0596,1.5945,-15.510847000000002,0,0,-3.766416866609118,-0.9817257070770401,-39.48249418000007,1.5958000407319208
21153.0,0.0137,0.0261,1.4048,-53.113947,2.0875879999999984,0.7760726666666662,-4.379420143327007,-0.9544915765027289,-39.47783774400007,1.4051092270709775
21165.0,0.0287,-0.0105,1.2198,-77.648247,3.2936879999999986,0.9134726666666662,-5.26244546914988,-0.9147799792121386,-39.47235690800007,1.220182764998752
21177.0,0.0106,-0.0631,1.006,-91.449847,4.056987999999999,1.142472666666666,-6.291493434808977,-0.8663057507198039,-39.46550207200007,1.0080327226831478
21189.0,0.0145,-0.1205,0.7627,-90.808547,4.194387999999998,1.1576726666666661,-7.3015397535170035,-0.8175036978544818,-39.45855603600007,0.7722964391993531
21201.0,0.0068,-0.1783,0.5784,-75.991747,3.9043879999999986,1.2263726666666661,-8.133996526327001,-0.7728281007164183,-39.45119780000007,0.6052963654277135
21213.0,0.0089,-0.2112,0.5157,-53.434547,3.1867879999999986,0.9439726666666661,-8.705731268229705,-0.7376063454453841,-39.44553396400007,0.5573429285457921
21225.0,0.0051,-0.2264,0.5221,-29.327647000000002,1.7287879999999987,0.7683726666666661,-9.00526398102694,-0.7198517360601921,-39.44092372800007,0.5690969864618859
21237.0,0.0061,-0.224,0.5504,-6.121547000000001,0,0,-9.047304510217819,-0.7224844395196512,-39.44092372800007,0.5942670864182199
21249.0,0.0066,-0.2123,0.6079,14.290652999999999,-0.7445120000000012,0,-8.866368848548907,-0.7334835863106126,-39.44092372800007,0.6439388635577138
21261.0,0.0062,-0.1974,0.6674,31.031153,-1.5384120000000014,0,-8.505784538029658,-0.7531025991705917,-39.44092372800007,0.6960085919009908
21273.0,0.0082,-0.1801,0.7107,44.557853,-2.179612000000001,-0.5140273333333338,-8.002575107198387,-0.7796063130146378,-39.44400789200007,0.7332105700274648
21285.0,0.0103,-0.1642,0.7277,56.076952999999996,-2.652912000000001,-0.7507273333333337,-7.379819225633112,-0.8111720261020114,-39.44851225600007,0.7460663643403312
21297.0,0.0144,-0.1404,0.7399,66.679953,-2.9430120000000017,-0.8194273333333337,-6.64652646544609,-0.8461119359266072,-39.45342882000007,0.7532406853058323
21309.0,0.0116,-0.1146,0.8036,75.870853,-3.0193120000000016,-1.0942273333333339,-5.816159398506077,-0.8812489808398276,-39.45999418400007,0.811813205115561
21321.0,0.0128,-0.0916,0.8164,82.183753,-3.164312000000001,-1.063627333333334,-4.92134408761116,-0.917533794668037,-39.46637594800006,0.8216223950209731
21333.0,-0.0046,-0.0533,0.9572,86.741053,-2.5384120000000014,-1.0560273333333339,-3.9763277808730297,-0.943108903991624,-39.47271211200006,0.958693845813146
21345.0,0.017,-0.0026,1.1328,80.06165299999999,-2.385712000000001,-0.8270273333333338,-3.1060650557215173,-0.9667965587671733,-39.47767427600006,1.1329305362642497
21357.0,0.0199,0.0157,1.1705,65.283053,-1.8208120000000014,-0.7583273333333338,-2.404993904248642,-0.984034181116196,-39.48222424000006,1.1707744231917607
21369.0,0.0176,0.0092,1.1029,51.359353,-1.5155120000000015,0,-1.8648156625903969,-0.997720459334094,-39.48222424000006,1.1030787868506946
21381.0,0.0166,0.0012,1.0223,41.679953,-1.4544120000000014,-0.5293273333333339,-1.4366205626183466,-1.0107582343836867,-39.48540020400006,1.022435469846386
21393.0,0.0101,-0.0077,0.9393,36.985352999999996,-1.2407120000000016,-0.5369273333333338,-1.0629930688763436,-1.020655272796716,-39.48862176800006,0.9393858578880141
21405.0,0.0187,-0.014,0.874,37.458553,-1.1033120000000012,-0.7278273333333338,-0.6844026907721206,-1.0296029768366053,-39.49298873200006,0.8743121239008412
21417.0,0.0129,-0.0116,0.8328,41.252452999999996,-0.7598120000000015,-0.7583273333333338,-0.2625758412522622,-1.0344580434496025,-39.497538696000056,0.8329806780472161
21429.0,0.0166,0.0193,0.9254,44.237252999999995,1.2859879999999986,-1.262127333333334,0.19621420501161352,-1.0155711368389775,-39.50511146000006,0.9257500796651329
21441.0,0.021,0.0635,1.1394,35.931853,3.1409879999999983,1.256972666666666,0.5641600698951049,-0.9757621469413744,-39.49756962400006,1.141361296873168
21453.0,0.0135,0.0862,1.3009,16.176153,2.2478879999999988,0,0.7094702592364047,-0.9465040897268067,-39.49756962400006,1.3038226489825984
21465.0,0.0302,0.0741,1.1572,-5.1062470000000015,-1.5842120000000013,0.6157726666666662,0.6141699332085039,-0.9644498489966261,-39.49387498800006,1.1599632278654353
21477.0,0.0083,0.0039,0.8302,-9.465047000000002,-0.7979120000000015,0.7378726666666662,0.47178168266938736,-0.9722080024128185,-39.48944775200006,0.8302506489006799
21489.0,0.0117,-0.0056,0.7809,-2.655947000000001,0,0,0.4131857661015798,-0.9703867697671381,-39.48944775200006,0.7810077208325152
21501.0,0.0143,0.0092,0.86,4.321152999999999,0.6753879999999985,0,0.4405706754879762,-0.9607900501027465,-39.48944775200006,0.8601680824118039
21513.0,0.0205,0.0364,0.9905,3.244852999999999,0,0,0.4607474402580102,-0.9599519250690762,-39.48944775200006,0.9913805828237712
21525.0,0.0188,0.0304,0.9623,-0.9459470000000012,0,0,0.43584403198004357,-0.9595374861442324,-39.48944775200006,0.962963597442811
21537.0,0.0135,0.0165,0.8834,-1.0757470000000011,0,0,0.41234936264046845,-0.9590117325360462,-39.48944775200006,0.8836572072925112
21549.0,0.0132,0.0178,0.892,1.290652999999999,0,0,0.4195344761440841,-0.958333696067744,-39.48944775200006,0.892275226597713
21561.0,0.0176,0.0269,0.9379,1.3059529999999988,0,0,0.43002180548656754,-0.9579695897661309,-39.48944775200006,0.9384507339226711
21573.0,0.0165,0.027,0.9326,0,0,0,0.4278956131940936,-0.9577591717987542,-39.48944775200006,0.9331366513003333
21585.0,0.0145,0.0209,0.8999,0,0,0,0.42775524260851755,-0.9575060040172241,-39.48944775200006,0.9002594459376697
21597.0,0.0138,0.0226,0.9119,0.7104529999999989,0,0,0.437930683229567,-0.9571048083130866,-39.48944775200006,0.9122843909658873
21609.0,0.017,0.028,0.9264,0.5730529999999988,0,0,0.44870264041920954,-0.956938467943519,-39.48944775200006,0.926978942587155
21621.0,0.0142,0.0226,0.9165,0,0,0,0.45404582708520314,-0.9566547837831283,-39.48944775200006,0.9168885701108941
21633.0,0.0156,0.0242,0.9087,0.5120529999999989,0,0,0.46689180293538496,-0.9564567324902503,-39.48944775200006,0.9091560317129287
21645.0,0.0189,0.0219,0.917,0.5043529999999988,0,0,0.480524949613345,-0.9567262669349987,-39.48944775200006,0.9174561678903249
21657.0,0.0184,0.0228,0.9194,0,0,0,0.4890841732033133,-0.9573414312587218,-39.48944775200006,0.9198667077354197
21669.0,0.0162,0.0225,0.9183,0,0,0,0.4984556038643661,-0.9579903533133557,-39.48944775200006,0.9187184443560498
21681.0,0.0154,0.0231,0.915,0,0,0,0.5086074691221564,-0.9585756512453418,-39.48944775200006,0.915421088898437
21693.0,0.0154,0.0222,0.9185,0,0,0,0.519309382024213,-0.9590961050995713,-39.48944775200006,0.918897301116942
21705.0,0.0154,0.0261,0.9171,0,0,0,0.5309632608267759,-0.9595612581132998,-39.48944775200006,0.9176005557975649
21717.0,0.0128,0.024,0.9187,0,0,0,0.5431699318439134,-0.9596501991517772,-39.48944775200006,0.9191025677257136
21729.0,0.0188,0.0209,0.9215,0,0,0,0.55544777322436,-0.9601466928191739,-39.48944775200006,0.9219286848775234
21741.0,0.0161,0.0234,0.9158,0,0,0,0.5680892193402682,-0.960678376704647,-39.48944775200006,0.9162403669343541
21753.0,0.0128,0.021,0.9178,0,0,0,0.580723194053949,-0.9608253103218583,-39.48944775200006,0.9181294462111538
21765.0,0.0167,0.0236,0.92,0,0,0,0.5936428609663904,-0.9611129791622887,-39.48944775200006,0.920454154208671
21777.0,0.016,0.0227,0.9141,0,0,0,0.6066928113826463,-0.9614496671947713,-39.48944775200006,0.9145217876026792
21789.0,0.017,0.0171,0.884,0.5807529999999989,0,0,0.6260449263058379,-0.9620183502595692,-39.48944775200006,0.8843287906655534
21801.0,0.0089,0.0222,0.9037,2.954752999999999,0,0,0.6732725606089203,-0.9617352587791229,-39.48944775200006,0.9040164489653936
21813.0,0.0143,0.03,0.9373,2.672352999999999,0,0,0.7174260227591844,-0.9613070582586891,-39.48944775200006,0.9378890019613195
21825.0,0.0154,0.0359,0.9575,0.5578529999999988,0,0,0.7375706375971466,-0.9608481757912088,-39.48944775200006,0.9582965198726332
21837.0,0.0148,0.0227,0.9115,-0.7169470000000011,0,0,0.7423796757240018,-0.9603823605123727,-39.48944775200006,0.9119027250754326
21849.0,0.0144,0.0227,0.9003,0,0,0,0.7556112020466931,-0.959884283898546,-39.48944775200006,0.9007012490276673
21861.0,0.0157,0.0249,0.9283,0.5883529999999989,0,0,0.7757643187718194,-0.9594637165092585,-39.48944775200006,0.928766596083214
21873.0,0.0154,0.027,0.9242,0,0,0,0.789109456724338,-0.9590832645834051,-39.48944775200006,0.9247225529854888
21885.0,0.0149,0.0226,0.9073,0,0,0,0.8021554481970239,-0.9587112231888982,-39.48944775200006,0.9077037291980242
21897.0,0.017,0.0259,0.9194,0,0,0,0.8152846921085165,-0.9585844317161135,-39.48944775200006,0.9199218282006357
21909.0,0.0175,0.0286,0.9203,0,0,0,0.828794571334831,-0.958734619396074,-39.48944775200006,0.9209105819785111
21921.0,0.0142,0.0228,0.918,0,0,0,0.8418979641477217,-0.9587221670140316,-39.48944775200006,0.9183928788922527
21933.0,0.0153,0.0258,0.9147,0,0,0,0.8550011746433676,-0.9587103091469508,-39.48944775200006,0.9151916848398481
21945.0,0.0133,0.0245,0.9167,0,0,0,0.8679096548514257,-0.9584453020440861,-39.48944775200006,0.9171237811767831
21957.0,0.0182,0.0275,0.9167,0,0,0,0.8809944587005778,-0.9585689030939705,-39.48944775200006,0.9172929630167235
21969.0,0.0149,0.0223,0.9155,0,0,0,0.8935642546437036,-0.958625787200974,-39.48944775200006,0.9158927611898676
21981.0,0.0178,0.0249,0.9163,0,0,0,0.9059761781742307,-0.9589840399035171,-39.48944775200006,0.9168110710500827
21993.0,0.0145,0.0261,0.912,0,0,0,0.9183882851472185,-0.9592045347583091,-39.48944775200006,0.9124886081480689
22005.0,0.0166,0.0258,0.9183,0,0,0,0.9307173148514244,-0.9595519916531687,-39.48944775200006,0.9188123257771414
22017.0,0.0131,0.0253,0.9149,0,0,0,0.942897572266491,-0.9595807356203585,-39.48944775200006,0.9153434929030742
22029.0,0.0156,0.0264,0.9165,0,0,0,0.9550541174057778,-0.9596372191942389,-39.48944775200006,0.9170128516002379
22041.0,0.0168,0.0243,0.9158,0,0,0,0.9669055223254565,-0.9598694722082273,-39.48944775200006,0.9162763611487529
22053.0,0.0155,0.026,0.9181,0,0,0,0.9786686710657572,-0.9600890006077946,-39.48944775200006,0.9185988569555266
22065.0,0.0183,0.0259,0.9166,0,0,0,0.9903228717983823,-0.9606498709365296,-39.48944775200006,0.9171484394578665
22077.0,0.014,0.0254,0.9138,0,0,0,1.0018050434891317,-0.9609794193290094,-39.48944775200006,0.9142601380351217
22089.0,0.0145,0.0266,0.9158,0,0,0,1.013255592605067,-0.9611624293297936,-39.48944775200006,0.9163009603836503
22101.0,0.0146,0.0269,0.915,0,0,0,1.0246956150766489,-0.9612299888619169,-39.48944775200006,0.9155117530649184
22113.0,0.0166,0.0278,0.9164,0,0,0,1.0362109866132032,-0.961442649166986,-39.48944775200006,0.9169718425338915
22125.0,0.015,0.0244,0.9181,0,0,0,1.0473391985198095,-0.9615792500827213,-39.48944775200006,0.918546661852298
22137.0,0.0204,0.0173,0.8885,0,0,0,1.0573164488007816,-0.9623880367142915,-39.48944775200006,0.8889025255898421
22149.0,0.0131,0.0251,0.9122,1.962452999999999,0,0,1.090232088264201,-0.962822694890805,-39.48944775200006,0.9126392825207559
22161.0,0.0142,0.0295,0.9523,0.8250529999999989,0,0,1.1095806089331792,-0.9629791450023991,-39.48944775200006,0.9528626238865706
22173.0,0.0132,0.026,0.9213,0,0,0,1.1189275179851705,-0.9628317662849026,-39.48944775200006,0.9217613194314459
22185.0,0.0144,0.0232,0.9159,0,0,0,1.1278357924071716,-0.9625778130440794,-39.48944775200006,0.9163069409319129
22197.0,0.0153,0.0275,0.9185,0,0,0,1.1368668751249076,-0.9623373207910266,-39.48944775200006,0.9190389491202209
22209.0,0.0156,0.026,0.9159,0,0,0,1.1458100013252253,-0.9621520251726888,-39.48944775200006,0.9164017514169209
22221.0,0.0164,0.0295,0.9188,0,0,0,1.1550842674450885,-0.9621096331188581,-39.48944775200006,0.9194197354853766
22233.0,0.0142,0.0244,0.9188,0,0,0,1.1639958776202315,-0.9619187272457228,-39.48944775200006,0.919233615573321
22245.0,0.0146,0.0281,0.9191,0,0,0,1.1730302503103613,-0.9616465482925681,-39.48944775200006,0.9196453555583262
22257.0,0.0171,0.0282,0.9171,0,0,0,1.1821741741937843,-0.9616194043717101,-39.48944775200006,0.9176927917337043
22269.0,0.0165,0.0275,0.9166,0,0,0,1.1913109753162885,-0.9617346303448926,-39.48944775200006,0.917160869204525
22281.0,0.015,0.0282,0.9202,0,0,0,1.2004977409570763,-0.9617803968187459,-39.48944775200006,0.9207541908674649
22293.0,0.0156,0.026,0.9176,0,0,0,1.2094450832271275,-0.9618451637803899,-39.48944775200006,0.9181008223501381
22305.0,0.0171,0.0245,0.9155,0,0,0,1.2179836635809511,-0.9621182328024759,-39.48944775200006,0.9159873962014979
22317.0,0.0146,0.027,0.9169,0,0,0,1.2264516307216677,-0.962259454858178,-39.48944775200006,0.9174136308121872
22329.0,0.0167,0.0247,0.916,0,0,0,1.234556494094145,-0.9625481976236068,-39.48944775200006,0.9164851226288401
22341.0,0.0148,0.0249,0.9169,0,0,0,1.242346722160833,-0.962727330642042,-39.48944775200006,0.9173574330652148
22353.0,0.0159,0.0228,0.9192,0,0,0,1.2495736627775353,-0.9629419077017153,-39.48944775200006,0.9196201879036802
22365.0,0.0171,0.0265,0.9171,0,0,0,1.2567583152689863,-0.9633415940848652,-39.48944775200006,0.9176421252318357
22377.0,0.014,0.0248,0.9156,0,0,0,1.2636846030888482,-0.9635198717991886,-39.48944775200006,0.9160427937602041
22389.0,0.0127,0.028,0.9154,0,0,0,1.2707693422094029,-0.963340469965773,-39.48944775200006,0.9159161806628378
22401.0,0.019,0.0254,0.9156,0,0,0,1.2776540808447012,-0.9636324767730998,-39.48944775200006,0.9161492891445149
22413.0,0.0132,0.0261,0.9166,0,0,0,1.2844328615800649,-0.963613013458405,-39.48944775200006,0.9170665243045348
22425.0,0.0143,0.0259,0.9143,0,0,0,1.291087700732578,-0.9634610786204676,-39.48944775200006,0.9147785469718888
22437.0,0.0159,0.0255,0.9183,0,0,0,1.2975557739691823,-0.9633841739363372,-39.48944775200006,0.9187915704881059
22449.0,0.0156,0.0267,0.9154,0,0,0,1.304006273753868,-0.9633421778876892,-39.48944775200006,0.9159221637235339
22461.0,0.0133,0.0289,0.9163,0,0,0,1.3107001108927692,-0.9630417309410229,-39.48944775200006,0.9168521091212039
22473.0,0.0155,0.0288,0.9166,0,0,0,1.317581504278473,-0.9627882464555674,-39.48944775200006,0.9171833240961155
22485.0,0.0138,0.025,0.9199,0,0,0,1.3241282441738311,-0.9623574527660343,-39.48944775200006,0.9203431153651339
22497.0,0.0165,0.0266,0.9174,0,0,0,1.3305753429664902,-0.962113633000661,-39.48944775200006,0.917933859273096
22509.0,0.0132,0.0277,0.9183,0,0,0,1.3370559305100813,-0.9616211166032372,-39.48944775200006,0.9188125053567784
22521.0,0.0148,0.0266,0.9165,0,0,0,1.343422164045957,-0.9611137991066844,-39.48944775200006,0.9170053707585359
22533.0,0.0134,0.0264,0.9169,0,0,0,1.3496484784976182,-0.9604187326596921,-39.48944775200006,0.9173778556298381
22545.0,0.0106,0.0245,0.9133,0,0,0,1.3555147870776243,-0.9592167301540209,-39.48944775200006,0.9136900459127264
22557.0,0.0139,0.0256,0.9128,0,0,0,1.3611906954673187,-0.9579831944633939,-39.48944775200006,0.9132646987593466
22569.0,0.0159,0.0265,0.916,0,0,0,1.3667881858295787,-0.956968086913138,-39.48944775200006,0.9165211726959722
22581.0,0.0145,0.0292,0.9166,0,0,0,1.372640583486998,-0.9559714360419194,-39.48944775200006,0.9171796170870785
22593.0,0.0171,0.0242,0.9148,0,0,0,1.3780877150180173,-0.9553217437946212,-39.48944775200006,0.9152797878244662
22605.0,0.0143,0.0244,0.918,0,0,0,1.3831801825910395,-0.9546228471141927,-39.48944775200006,0.9184355448260918
22617.0,0.0148,0.028,0.9178,0,0,0,1.3884001108301447,-0.953944872568482,-39.48944775200006,0.9183462745609631
22629.0,0.0144,0.0266,0.917,0,0,0,1.3935499936911064,-0.9532383151024744,-39.48944775200006,0.917498730244353
22641.0,0.0157,0.0245,0.9208,0,0,0,1.3983518898065048,-0.9526627854004821,-39.48944775200006,0.9212596702341853
22653.0,0.0133,0.0276,0.9154,0,0,0,1.4032437916040956,-0.9519149318454886,-39.48944775200006,0.9159125558698276
22665.0,0.0172,0.0275,0.9199,0,0,0,1.4081764476835492,-0.9514948022269766,-39.48944775200006,0.9204716725679286
22677.0,0.0145,0.028,0.9147,0,0,0,1.4132164586411269,-0.9510377415328922,-39.48944775200006,0.9152433228382493
22689.0,0.015,0.0267,0.9174,0,0,0,1.4181690074074482,-0.9506060156708929,-39.48944775200006,0.9179110250999276
22701.0,0.0177,0.0281,0.9175,0,0,0,1.423208766245861,-0.9505346112243526,-39.48944775200006,0.9181008386882129
22713.0,0.0159,0.0291,0.9193,0,0,0,1.4284336760028373,-0.9505525150843329,-39.48944775200006,0.9198978802019276
22725.0,0.0168,0.0284,0.9147,0,0,0,1.4337408811154089,-0.9507711387680899,-39.48944775200006,0.9152949743115604
22737.0,0.016,0.0281,0.9192,0,0,0,1.4390560591169788,-0.9510570098164882,-39.48944775200006,0.9197685850256031
22749.0,0.0151,0.0264,0.9149,0,0,0,1.4441713896116717,-0.9512982306729472,-39.48944775200006,0.9154053637596844
22761.0,0.0143,0.0315,0.9172,0,0,0,1.4497284317108974,-0.9513948044995637,-39.48944775200006,0.9178521558508211
22773.0,0.015,0.028,0.922,0,0,0,1.4552089304647344,-0.9514410798062717,-39.48944775200006,0.9225470177719941
22785.0,0.0145,0.0244,0.9149,0,0,0,1.4601883493742323,-0.9513952236722538,-39.48944775200006,0.9153401662769968
22797.0,0.0125,0.0273,0.9155,0,0,0,1.4650755838304743,-0.9510170733182568,-39.48944775200006,0.9159922434169406
22809.0,0.0194,0.0289,0.9186,0,0,0,1.4700594930593749,-0.951202106364515,-39.48944775200006,0.9192592289446977
22821.0,0.0154,0.0283,0.9178,0,0,0,1.4750470139323215,-0.9513854830293256,-39.48944775200006,0.9183653358005189
22833.0,0.0132,0.0265,0.9148,0,0,0,1.4798144453694966,-0.9512984774208981,-39.48944775200006,0.9152789356256376
22845.0,0.0155,0.0293,0.9156,0,0,0,1.4847246281492656,-0.9512587892931043,-39.48944775200006,0.9161998144509744
22857.0,0.0175,0.0283,0.9147,0,0,0,1.489629359102969,-0.9515127441402369,-39.48944775200006,0.9153049928848853
22869.0,0.0161,0.0254,0.918,0,0,0,1.4941450282578252,-0.9518433302432154,-39.48944775200006,0.918492444171426
22881.0,0.0149,0.0284,0.9175,0,0,0,1.498685071327662,-0.9520919474900114,-39.48944775200006,0.9180603574929047
22893.0,0.0133,0.0275,0.915,0,0,0,1.5031346354839428,-0.9520730648130676,-39.48944775200006,0.9155097705650116
22905.0,0.0151,0.0302,0.9185,0,0,0,1.5078193553043828,-0.9520359290312308,-39.48944775200006,0.9191203947253047
22917.0,0.0166,0.0264,0.9194,0,0,0,1.512224169575579,-0.9521682815322168,-39.48944775200006,0.9199287363703778
22929.0,0.0154,0.0266,0.9192,0,0,0,1.5163991668703678,-0.9523003375545301,-39.48944775200006,0.9197137380728854
22941.0,0.0148,0.0261,0.9185,0,0,0,1.520303434125449,-0.9523584088340709,-39.48944775200006,0.9189899346565228
22953.0,0.0151,0.027,0.9139,0,0,0,1.524090541855127,-0.9523981485062206,-39.48944775200006,0.9144234358326563
22965.0,0.0138,0.0278,0.9182,0,0,0,1.5278506415475364,-0.9522503165220584,-39.48944775200006,0.9187243982827494
22977.0,0.016,0.0286,0.9185,0,0,0,1.531677965217515,-0.9522115142791234,-39.48944775200006,0.9190844411695804
22989.0,0.0126,0.0262,0.9211,0,0,0,1.5352479579666511,-0.9518390829620288,-39.48944775200006,0.9215586850548368
23001.0,0.017,0.0281,0.9202,0,0,0,1.538823976476299,-0.9517242908572708,-39.48944775200006,0.9207858871637857
23013.0,0.0171,0.0271,0.9143,0,0,0,1.5422954270904152,-0.9518616422279553,-39.48944775200006,0.9148613610815576
23025.0,0.0134,0.0273,0.9183,0,0,0,1.5456779593317045,-0.9517509216571004,-39.48944775200006,0.9188034283784535
23037.0,0.0149,0.0254,0.9194,0,0,0,1.548734140624324,-0.9516066371345677,-39.48944775200006,0.9198714747180717
23049.0,0.0165,0.0256,0.9177,0,0,0,1.5515275401089696,-0.9516362498209308,-39.48944775200006,0.9182052602768076
23061.0,0.0175,0.0267,0.9159,0,0,0,1.5542273213244937,-0.9519477953061448,-39.48944775200006,0.9164561909878727
23073.0,0.016,0.0243,0.9144,0,0,0,1.5565452031861915,-0.9523233572982042,-39.48944775200006,0.9148627492689819
23085.0,0.0118,0.0258,0.9205,0,0,0,1.558686811294793,-0.9522173855015369,-39.48944775200006,0.9209370933999781
23097.0,0.0192,0.0251,0.9,0,0,0,1.5606549428627756,-0.9526542460599555,-39.48944775200006,0.900554634655777
23109.0,0.0276,0.0223,0.8762,2.527252999999999,2.2020879999999985,0,1.5919202548790776,-0.9287815689992517,-39.48944775200006,0.8769181774829394
23121.0,0.0712,0.0179,0.8243,5.4356529999999985,8.736387999999998,1.3180726666666662,1.6560394946632258,-0.8356497207901584,-39.48153931600006,0.8275628918698567
23133.0,0.1086,-0.0076,0.7471,12.908952999999999,22.560888,4.783672666666666,1.80307814883852,-0.5934427420169404,-39.45283728000006,0.7549901522536568
23145.0,0.0474,0.026,1.0328,13.611253,26.354687999999996,9.417272666666666,1.9554880633420217,-0.31292315734983484,-39.39633364400006,1.0342140010655434
23157.0,0.0366,0.075,1.0282,5.496752999999999,16.095187999999997,15.012672666666665,2.0156151307704997,-0.15860864863306778,-39.30625760800006,1.0315812134776399
23169.0,-0.0219,0.0778,1.038,0.8784529999999988,1.4233879999999988,18.707372666666668,2.0259668464096,-0.17260362231408855,-39.19401337200006,1.0411418971494713
23181.0,-0.0536,0.0483,0.9885,-5.052847000000001,-11.217812,18.692072666666668,1.9680209981587578,-0.32481086956761024,-39.081860936000055,0.9911297089685083
23193.0,-0.0713,0.0389,0.8794,-5.3200470000000015,-11.462012000000001,14.745472666666666,1.9089185049748658,-0.4657919471151324,-38.993388100000054,0.8831428310301794
23205.0,-0.1261,0.0227,0.9155,-4.052847000000001,-8.477312000000001,7.104272666666666,1.864478715580303,-0.552005096963935,-38.95076246400006,0.9244223872235029
23217.0,-0.0439,0.0331,0.9346,-4.327647000000002,-10.179612,0,1.8176110477417737,-0.6515082526938136,-38.95076246400006,0.9362157764105452
23229.0,-0.0062,0.0372,0.9629,-6.434547000000001,-14.523112,-0.9644273333333337,1.7472069475185232,-0.8002861231538585,-38.956549028000055,0.9636382568163221
23241.0,0.0099,0.0377,0.9645,-9.449847000000002,-20.881912000000003,-0.7354273333333339,1.643076614031698,-1.0230095551944107,-38.960961592000054,0.9652872888420317
23253.0,0.0859,0.048,0.8093,0.8860529999999989,7.919587999999999,-0.5216273333333339,1.6648591314451155,-0.9138522909563351,-38.964091356000054,0.8152602651914296
23265.0,0.0737,0.0029,0.7191,-1.205547000000001,-4.996412000000001,0,1.6584499078990553,-0.9677838889973339,-38.964091356000054,0.7228726789691252
23277.0,0.007,0.0271,0.9564,-1.1368470000000013,-2.8285120000000012,0,1.6520697086713323,-0.9946083987112916,-38.964091356000054,0.9568094742423907
23289.0,-0.0178,0.0345,1.0065,0,0,0,1.6590891849052287,-0.9839910766699904,-38.964091356000054,1.0072484003462105
23301.0,0.0055,0.0304,0.9365,0,1.3775879999999985,0,1.6656751309768283,-0.9571262916879426,-38.964091356000054,0.9370094236452481
23313.0,0.0189,0.0299,0.9012,0,0.6524879999999986,0,1.671955628765568,-0.9408014395112977,-38.964091356000054,0.9018939294617744
23325.0,0.0187,0.0286,0.8988,0,0,0,1.6778013176684576,-0.9337871701197896,-38.964091356000054,0.8994493259767334
23337.0,0.0188,0.0292,0.9069,0,0,0,1.6832912810961234,-0.928098428981106,-38.964091356000054,0.9075647029275654
23349.0,0.017,0.0315,0.9152,0,0,0,1.6887088270813806,-0.9233537572599434,-38.964091356000054,0.9158997161261707
23361.0,0.0145,0.0306,0.9185,0,0,0,1.6939250987806056,-0.9191327974906084,-38.964091356000054,0.9191239633477086
23373.0,0.015,0.0295,0.9143,0,0,0,1.6988336853777342,-0.915451205999398,-38.964091356000054,0.9148987594264187
23385.0,0.01,0.0337,0.9238,0,0,0,1.7039462209783036,-0.9116115164387517,-38.964091356000054,0.9244685662584747
23397.0,0.0082,0.0242,0.9078,0,0,0,1.7081084270767832,-0.9074399844531031,-38.964091356000054,0.9081595234318693
23409.0,-0.1082,-0.0601,0.9093,1.1914529999999988,1.5760879999999986,-8.956827333333335,1.7148748186315415,-0.8698599515723067,-39.01783232000005,0.9176849895252728
23421.0,-0.1064,-0.064,0.9453,0.9013529999999988,-1.3094120000000014,-25.59802733333333,1.7073297444982298,-0.8537690163354471,-39.17142048400005,0.953419661009778
23433.0,-0.0811,-0.0516,0.9119,0.7257529999999989,-2.4773120000000017,-41.99492733333333,1.6898158265069212,-0.8430029662566912,-39.42339004800005,0.9169522234009796
23445.0,-0.047,-0.0353,0.9213,3.1379529999999987,-2.172012000000002,-54.07892733333333,1.6957977477333688,-0.825285096230223,-39.74786361200005,0.9231732123496652
23457.0,-0.0162,-0.012,0.9169,2.3517529999999987,-3.141412000000001,-62.323227333333335,1.6906282347965293,-0.8199370312971462,-40.121802976000055,0.917121611347154
23469.0,0.0001,-0.0043,0.8905,3.1379529999999987,-2.6147120000000013,-66.20872733333333,1.6941631439273372,-0.8110242204196537,-40.51905534000006,0.8905103873622138
23481.0,0.0149,0.0308,0.9611,3.221952999999999,-1.8972120000000015,-67.26212733333334,1.7024074528040967,-0.7981401966946533,-40.92262810400006,0.9617088228772782
23493.0,0.0172,0.0353,0.9055,2.954752999999999,-1.6987120000000013,-66.40712733333334,1.7113331510439687,-0.7871978637422424,-41.321070868000064,0.906351024713935
23505.0,0.0258,0.0312,0.9187,3.565452999999999,-0.8895120000000012,-64.68192733333333,1.7303335516400375,-0.7716750977765312,-41.70916243200006,0.919591632193334
23517.0,0.0074,0.0231,0.9204,2.901352999999999,-1.3552120000000012,-64.84232733333333,1.7428943525522809,-0.7638891846847985,-42.09821639600006,0.9207195718567082
23529.0,-0.0035,0.0179,0.9032,2.962452999999999,-0.8819120000000016,-66.72772733333333,1.7568742729008073,-0.7510722142658219,-42.49858276000006,0.9033841375627535
23541.0,-0.0089,0.0148,0.929,2.679952999999999,0.6371879999999985,-69.59032733333333,1.7676829441836361,-0.7203365409250386,-42.91612472400006,0.9291605082008167
23553.0,-0.0081,0.0156,0.8977,2.1914529999999988,0,-72.17812733333334,1.7730678889447116,-0.6975012763052382,-43.34919348800006,0.897872073293295
23565.0,0.0273,0.0459,0.9215,1.8860529999999989,1.1333879999999987,-72.72012733333334,1.7789869909131775,-0.6660548494785348,-43.78551425200006,0.9230462339449742
23577.0,0.0322,0.0631,0.9181,0.7028529999999988,1.2554879999999986,-69.99492733333334,1.7768361201786165,-0.6382442592389167,-44.20548381600006,0.9208290069279964
23589.0,0.0448,0.0764,0.9044,0.8555529999999989,0.8508879999999985,-65.05602733333333,1.7835963856397279,-0.6213287772486817,-44.59581998000006,0.9087262294002523
23601.0,0.0393,0.072,0.9016,1.176152999999999,1.0035879999999986,-59.81172733333333,1.7998310438700067,-0.6073049915331808,-44.954690344000056,0.9053237266304247
23613.0,0.0446,0.069,0.9238,1.466252999999999,1.2020879999999985,-54.98732733333333,1.8239401194650577,-0.5957819171255925,-45.28461430800006,0.9274462787676706
23625.0,0.0259,0.0479,0.9104,1.649452999999999,1.1333879999999987,-51.590327333333335,1.8514504684219577,-0.5870727625867186,-45.594156272000056,0.9120270719666165
23637.0,0.0131,0.0272,0.9203,2.1074529999999987,1.4768879999999986,-50.97202733333333,1.8827172811427555,-0.5744756336330217,-45.89998843600006,0.9207950586313982
23649.0,0.0017,0.0155,0.9271,1.7257529999999988,2.0417879999999986,-52.90332733333333,1.906407701959237,-0.5540293092785092,-46.21740840000006,0.927231120055836
23661.0,0.0012,0.0159,0.9146,1.9776529999999988,1.7363879999999985,-55.95682733333333,1.930478604299555,-0.5362307268484664,-46.55314936400006,0.9147389846289486
23673.0,-0.0056,0.0276,0.918,1.9547529999999989,2.1485879999999984,-58.91102733333333,1.9533485557087855,-0.5118678518389161,-46.90661552800006,0.9184318809797491
23685.0,0.0038,0.0405,0.9188,1.8326529999999988,2.0111879999999984,-59.98732733333333,1.9755271868113387,-0.4889174369788376,-47.26653949200006,0.9197000217462213
23697.0,0.0095,0.0482,0.9238,1.794452999999999,2.4386879999999986,-59.53692733333333,1.9988323327620627,-0.46148375160012267,-47.623761056000056,0.9251053615669946
23709.0,0.0013,0.033,0.9095,1.6188529999999988,1.7821879999999986,-59.254527333333336,2.0195912457336633,-0.4413878478150087,-47.97928822000006,0.9100994121523208
23721.0,-0.0168,0.0159,0.9242,1.8402529999999988,1.5608879999999985,-61.521627333333335,2.0403253934923824,-0.42118094982519616,-48.34841798400006,0.924489421248291
23733.0,-0.0323,-0.0043,0.9205,1.687552999999999,0.7745879999999985,-66.15522733333333,2.0543550179965404,-0.40589164176237197,-48.745349348000055,0.9210765603357844
23745.0,-0.0348,-0.0066,0.9236,1.6723529999999989,1.2707879999999987,-73.04842733333334,2.0635845138784106,-0.38050415850211067,-49.183639912000054,0.9242789405801692
23757.0,-0.0309,0.0006,0.9148,1.6341529999999989,1.5379879999999986,-79.10182733333333,2.0692012621169593,-0.34885623325308845,-49.658250876000054,0.9153219160492115
23769.0,-0.0288,0.0135,0.9203,1.8631529999999987,1.5684879999999986,-84.04842733333334,2.076309603743114,-0.3144846630324278,-50.162541440000055,0.9208494882444145
23781.0,-0.0148,0.0349,0.9318,1.763952999999999,1.3012879999999987,-86.55222733333333,2.083763109038671,-0.28300530163265225,-50.681854804000054,0.9325707962401568
23793.0,0.0083,0.056,0.9108,1.748652999999999,0.8203879999999986,-85.92622733333333,2.095070415471652,-0.259826431717944,-51.19741216800006,0.9125576858478592
23805.0,0.0151,0.0735,0.9281,1.5578529999999988,0,-82.39192733333333,2.109788857848003,-0.24943492509018148,-51.691763732000055,0.931128277951003
23817.0,0.0283,0.0763,0.9011,1.435652999999999,0,-76.78882733333333,2.1285340081763193,-0.24329501628538447,-52.15249669600006,0.9047672573651193
23829.0,0.0194,0.062,0.9138,1.6036529999999989,0,-71.93392733333333,2.15222857597279,-0.23981601784006307,-52.584100260000056,0.9161063257067926
23841.0,0.0012,0.0408,0.9071,1.6646529999999988,0,-69.68962733333333,2.176572602225142,-0.23641937235773358,-53.00223802400006,0.9080178907929073
23853.0,-0.0015,0.02,0.9125,2.0845529999999988,0,-70.14002733333334,2.203107621338443,-0.23276354962569018,-53.423078188000055,0.9127203843456111
23865.0,-0.0111,0.0076,0.9149,2.092152999999999,0,-72.54452733333333,2.2256044933996386,-0.22768481213470793,-53.85834535200006,0.9149988961741976
23877.0,0.0006,0.0243,0.9138,1.962452999999999,-0.7369120000000016,-74.70492733333333,2.2449797783971484,-0.23149108838621377,-54.30657491600006,0.9141232356744904
23889.0,0.0121,0.0361,0.9015,2.4051529999999985,0,-75.11712733333333,2.2696721399806163,-0.22810201918052866,-54.75727768000006,0.902303646230026
23901.0,-0.0011,0.0486,0.9221,2.5807529999999987,0,-74.77362733333334,2.29785502192859,-0.2245179318716154,-55.20591944400006,0.9233805174466266
23913.0,0.0104,0.0626,0.92,2.092152999999999,-0.5842120000000013,-72.92622733333333,2.3232124399975076,-0.2290793365191767,-55.64347680800006,0.9221859465422362
23925.0,0.0066,0.0536,0.9045,3.0769529999999987,0,-70.72772733333333,2.3617342846608476,-0.2272905024765784,-56.06784317200006,0.9061107934463644
23937.0,-0.0085,0.0406,0.9154,4.046352999999999,0.9882879999999986,-70.07132733333333,2.4110850836096906,-0.21257053364427786,-56.48827113600006,0.9163393312523478
23949.0,-0.0179,0.027,0.9087,4.145652999999999,0.9348879999999986,-71.21632733333334,2.459129653779386,-0.1963845719183625,-56.915569100000056,0.9092772404497981
23961.0,-0.0159,0.0258,0.9198,4.1608529999999995,1.8050879999999987,-74.32322733333334,2.5048457991404955,-0.16839101390519817,-57.36150846400005,0.9202991307178334
23973.0,-0.0155,0.0277,0.9236,4.382252999999999,1.8356879999999987,-76.83462733333333,2.5510800894439987,-0.1389435406934433,-57.822516228000055,0.9241452807865222
23985.0,-0.0114,0.0405,0.9325,3.7181529999999987,1.2096879999999985,-78.01022733333333,2.5890822199314814,-0.11647913236505678,-58.290577592000055,0.9334486916804802
23997.0,0.0164,0.0546,0.9122,3.145652999999999,0,-77.13232733333334,2.6219036955063553,-0.11128346039734273,-58.753371556000054,0.9139797371933363
24009.0,0.0101,0.0621,0.9341,2.588352999999999,-0.7063120000000014,-74.38422733333333,2.65041294819269,-0.11604967978921674,-59.19967692000005,0.9362164439914523
24021.0,0.0217,0.0726,0.9111,2.305952999999999,-0.8666120000000013,-70.44532733333334,2.6790703676364975,-0.12544598489574563,-59.622348884000054,0.914245514071576
24033.0,0.0261,0.0779,0.9215,1.8631529999999987,-0.7521120000000012,-64.13232733333334,2.7061806898039777,-0.13641252026063744,-60.00714284800006,0.9251550518696853
24045.0,0.0354,0.0813,0.9109,1.5272529999999989,-1.1643120000000016,-56.96442733333333,2.733098984794356,-0.15596939668475074,-60.34892941200006,0.9152058019920984
24057.0,0.0299,0.0789,0.9207,1.687552999999999,0,-50.01782733333333,2.7648681534572144,-0.1643141846623489,-60.64903637600006,0.9245581160749171
24069.0,0.02,0.0646,0.9187,0.8479529999999988,0,-44.460627333333335,2.787515267465738,-0.17384149110358743,-60.91580014000006,0.9211855676246778
24081.0,0.0153,0.0541,0.9111,0.7944529999999989,0,-40.51402733333333,2.8090785021066935,-0.1838168741257161,-61.15888430400006,0.9128330132066873
24093.0,0.0089,0.0482,0.9281,0.8708529999999989,0,-37.88042733333333,2.8302486231531554,-0.19334371652649557,-61.38616686800006,0.929393382804074
24105.0,0.0177,0.0519,0.9213,0,-0.7063120000000014,-35.223927333333336,2.840489778304723,-0.21186995929436767,-61.597510432000064,0.9229304361651532
24117.0,0.0182,0.0647,0.929,0,-0.7521120000000012,-30.865227333333333,2.8518220881082423,-0.23140893547957742,-61.78270179600006,0.9314281131681608
24129.0,0.0439,0.0865,0.9122,-1.098647000000001,-1.7827120000000014,-23.689627333333334,2.8540028493967133,-0.26666866056813676,-61.92483956000006,0.9173430655975986
24141.0,0.0573,0.1096,0.8781,-0.5872470000000012,-1.1872120000000015,-11.765927333333334,2.8689115961629006,-0.2995795550324314,-61.99543512400006,0.8867666322093992
24153.0,-0.0195,0.0713,0.9432,0,-0.5231120000000016,-1.0026273333333338,2.8912106237375212,-0.3190925989675295,-62.00145088800006,0.9460920568316807
24165.0,-0.0048,0.0294,0.905,0,0,0,2.908879727372287,-0.3295524252151683,-62.00145088800006,0.9054901435134454
24177.0,0.0013,0.0306,0.9213,0,0,0,2.922439394330833,-0.33827334032153833,-62.00145088800006,0.921808949837221
24189.0,-0.0001,0.0315,0.9214,0,0,0,2.932460756977218,-0.34526944280341004,-62.00145088800006,0.9219382951152425
24201.0,0.0002,0.03,0.9143,0,0,0,2.9392066969112522,-0.3507786052120475,-62.00145088800006,0.9147920692703889
24213.0,0.0035,0.0302,0.9193,0,0,0,2.943038175191004,-0.35537062180030754,-62.00145088800006,0.9198025766434882
24225.0,-0.0004,0.0314,0.9213,0,0,0,2.944428534912823,-0.35865551579401195,-62.00145088800006,0.9218350232010064
24237.0,0.0007,0.0305,0.9154,0,0,0,2.9435894405401517,-0.3609252316686878,-62.00145088800006,0.9159082377618404
24249.0,0.0011,0.0294,0.9161,0,0,0,2.9406429269253125,-0.3623439276835813,-62.00145088800006,0.9165722993850512
24261.0,-0.0015,0.0309,0.9161,0,0,0,2.9360297679692478,-0.3626841488290869,-62.00145088800006,0.9166222068005989
24273.0,-0.0027,0.0297,0.9172,0,0,0,2.9297993307663726,-0.36192151223972924,-62.00145088800006,0.9176847062036068
24285.0,-0.0065,0.0457,0.9319,0,0,0,2.92406509579198,-0.35970486458221823,-62.00145088800006,0.9330425231467213
24297.0,0.0115,0.019,0.8452,0,-0.9659120000000012,0,2.9159333242519945,-0.36987197376190345,-62.00145088800006,0.8454917444895603
24309.0,0.02,0.036,0.9098,0,0,0,2.9074614176796443,-0.37039255242942,-62.00145088800006,0.9107315960259642
24321.0,0.007,0.0265,0.9149,0,0,0,2.8974870291521615,-0.3709879686455652,-62.00145088800006,0.9153104719164968
24333.0,0.0002,0.031,0.9152,0,0,0,2.8867716316760066,-0.3707933960074339,-62.00145088800006,0.9157248931857209
24345.0,0.001,0.0299,0.9131,0,0,0,2.8752973261703056,-0.3700049908393412,-62.00145088800006,0.9135899627294513
24357.0,0.0049,0.0321,0.9158,0,0,0,2.8634391070234755,-0.3691825397724216,-62.00145088800006,0.9163755016367471
24369.0,0.0006,0.0312,0.9155,0,0,0,2.8511551810750695,-0.36779209568880983,-62.00145088800006,0.9160316861331818
24381.0,-0.0009,0.0288,0.9143,0,0,0,2.8382257396115085,-0.36571622791116426,-62.00145088800006,0.9147539231946481
24393.0,0.0011,0.0291,0.9171,0,0,0,2.824777303452065,-0.3632896965588951,-62.00145088800006,0.917562221323437
24405.0,0.0012,0.0299,0.9137,0,0,0,2.811014668959546,-0.36057327804030104,-62.00145088800006,0.9141898818079316
24417.0,0.0021,0.0315,0.9153,0,0,0,2.7971954857172374,-0.3577187879476876,-62.00145088800006,0.9158442826157731
24429.0,-0.0011,0.031,0.9159,0,0,0,2.7832888506907407,-0.35434672748453194,-62.00145088800006,0.9164251306026041
24441.0,0.0,0.0298,0.9192,0,0,0,2.7691677859980066,-0.3506618536110438,-62.00145088800006,0.9196829236209618
24453.0,-0.0057,0.0317,0.9302,0,0,0,2.7550744686885227,-0.3459920100566087,-62.00145088800006,0.9307574442356075
24465.0,-0.0033,0.0302,0.9104,0,0,0,2.7409357185189327,-0.3407693658188874,-62.00145088800006,0.9109067405612936
24477.0,0.0004,0.0287,0.92,0,0,0,2.726554752975637,-0.3355307288180059,-62.00145088800006,0.9204476356643
24489.0,0.0002,0.0306,0.9133,0,0,0,2.712256093536171,-0.3302646106999441,-62.00145088800006,0.9138125026502975
24501.0,-0.0007,0.0302,0.9187,0,0,0,2.697984951955825,-0.32487133752038094,-62.00145088800006,0.9191965078262645
24513.0,-0.0005,0.0326,0.9272,0,0,0,2.6840295090162622,-0.31940089923554116,-62.00145088800006,0.9277730595355741
24525.0,0.0039,0.0475,0.9912,-3.808547000000001,-3.3017120000000015,0,2.6271595769179554,-0.3532413284800317,-62.00145088800006,0.9923451516483567
24537.0,0.0757,0.0913,0.9066,-5.808547000000001,-6.591812000000001,2.615772666666666,2.5551436652575936,-0.4343605086193738,-61.98575625200006,0.9143247453722336
24549.0,0.0844,0.0881,0.8718,-4.739847000000001,-2.645312000000001,8.905772666666666,2.5034759752290876,-0.47697191214956675,-61.93232161600006,0.8802955242417173
24561.0,0.0785,0.0763,0.8538,-1.342947000000001,0,14.806572666666666,2.4971893680546433,-0.49559887853161977,-61.84348218000006,0.860789393522016
24573.0,0.0581,0.0685,0.8925,1.1990529999999988,0.5150879999999987,19.42487266666667,2.523685027734663,-0.5123492830091052,-61.72693294400006,0.8970084224799676
24585.0,0.0093,0.0028,0.7598,4.702852999999999,2.1256879999999985,21.30277266666667,2.5859286081389463,-0.5082363868086296,-61.59911630800006,0.7598620730106221
24597.0,-0.0322,0.0001,0.9541,10.305952999999999,11.202088,23.058472666666667,2.7067650060975197,-0.3900733156459735,-61.46076547200006,0.9546432108384786
24609.0,0.0496,0.0454,1.0021,4.305952999999999,4.690587999999998,32.478372666666665,2.7546774013822075,-0.3544763160649197,-61.26589523600006,1.0043533890020984
24621.0,0.1613,0.0559,0.8013,5.588352999999999,14.591387999999998,47.92107266666667,2.8192164777018056,-0.2212478369160821,-60.97836880000006,0.8192827289769997
24633.0,0.0881,0.0333,0.8888,8.962453,22.576088,60.07377266666667,2.9210399109842955,-0.0035086262399264476,-60.61792616400006,0.8937762247900758
24645.0,0.0513,0.0686,0.9497,7.763952999999999,23.324187999999996,69.40967266666667,3.0098593917010072,0.21765800839962574,-60.20146812800006,0.953555315647708
24657.0,0.0223,0.0894,0.9353,5.6494529999999985,20.125687999999997,77.37147266666666,3.077539210027684,0.39945418606550387,-59.73723929200006,0.9398275054498033
24669.0,0.0002,0.1124,0.9536,4.252452999999999,16.736387999999998,84.50887266666666,3.1351082264192276,0.5430117353648632,-59.230186056000065,0.9602014163705447
24681.0,-0.0352,0.1031,1.0015,0,10.224988,89.81417266666666,3.1468140978019172,0.6164227901165518,-58.69130102000006,1.0074080106888172
24693.0,-0.0244,0.1066,0.9121,-3.5414470000000016,5.576087999999999,93.45547266666667,3.1225109278738326,0.6402986443337836,-58.13056818400006,0.9186323149116843
24705.0,-0.0222,0.1184,0.884,-2.785647000000001,6.736387999999998,99.67677266666666,3.114600346817337,0.6829508879346475,-57.53250754800006,0.8921700510552907
24717.0,-0.047,0.1486,0.9128,-3.243747000000001,9.285987999999998,107.27227266666667,3.111281096970064,0.7629810799900025,-56.888873912000065,0.9260101511322648
24729.0,-0.0952,0.1514,0.8876,-3.8925470000000013,9.934887999999999,113.98217266666667,3.109869586744178,0.8624987216513197,-56.204980876000064,0.9054384352345553
24741.0,-0.1246,0.1342,0.9034,-3.678847000000001,11.957787999999999,118.11957266666667,3.117207196181731,0.9996745447986602,-55.496263440000064,0.9217734862752345
24753.0,-0.147,0.0946,0.9227,-3.907847000000001,12.163887999999998,120.22637266666666,3.122104011096174,1.1535779661339607,-54.77490520400006,0.9391131188520369
24765.0,-0.1826,0.0421,0.9386,-5.8238470000000016,9.148587999999998,119.63097266666666,3.09798978947059,1.288607937341411,-54.057119368000066,0.957123361954978
24777.0,-0.1896,-0.0155,0.907,-7.686447000000001,10.988287999999999,115.69967266666667,3.0399085192259023,1.461260230054797,-53.36292133200006,0.9267348110435908
24789.0,-0.1619,-0.0375,0.9036,-6.037547000000001,11.011187999999999,112.69207266666666,2.988359867655671,1.644123294174903,-52.68676889600006,0.9187550380814246
24801.0,-0.1178,-0.0358,0.9039,-6.052847000000001,11.247888,111.23407266666666,2.9252407910788554,1.8326718181396497,-52.01936446000006,0.9122465072555773
24813.0,-0.1107,-0.0243,0.9165,-8.556647000000002,12.301288,110.81417266666666,2.8240921955534954,2.0347319090325726,-51.35447942400006,0.9234810393289079
24825.0,-0.0869,0.0162,0.9154,-7.6024470000000015,9.759287999999998,110.95157266666666,2.7324005298945258,2.2043024155668784,-50.68876998800006,0.9196582028123275
24837.0,-0.084,0.0391,0.9215,-6.945947,5.690587999999998,112.62337266666667,2.6496781169400374,2.3235084296330086,-50.01302975200006,0.9261463491263139
24849.0,-0.067,0.0671,0.9114,-7.136847000000001,4.3775879999999985,114.57757266666667,2.5693969674482116,2.4236654602116583,-49.32556431600006,0.9163194693991829
24861.0,-0.0901,0.0775,0.9154,-8.152047000000001,2.7821879999999988,115.82947266666667,2.4827700853476578,2.50479020753068,-48.63058748000006,0.9230825640212256
24873.0,-0.11,0.0741,0.9137,-7.533747000000002,-4.088012000000001,114.96687266666667,2.4083086317705034,2.5075519349744417,-47.94078624400006,0.9232759609130955
24885.0,-0.0983,0.0974,0.9227,-8.297147,-10.026912000000001,113.43257266666667,2.332040627586648,2.4425068771373355,-47.26019080800006,0.9330192602513626
24897.0,-0.0862,0.0913,0.9318,-8.671147000000001,-13.255912,111.15767266666667,2.2571786422427516,2.341062637044647,-46.59324477200006,0.9402219791091889
24909.0,-0.0365,0.1289,0.9465,-6.907847,-16.080412000000003,110.39437266666667,2.212945824572499,2.202365049833356,-45.930878536000066,0.9559339464628296
24921.0,-0.0116,0.1555,0.9667,-7.556647000000002,-12.385712000000002,111.13477266666666,2.172566397385414,2.1011927055216812,-45.26406990000007,0.9791954350383789
24933.0,-0.0112,0.1251,0.9791,-14.419247,-16.080412000000003,110.04317266666666,2.057886098956093,1.9506760819112718,-44.60381086400007,0.9871232243240962
24945.0,-0.037,0.0573,0.9199,-14.220847000000001,-21.317012000000002,105.71497266666667,1.9451594669982573,1.7381711002095714,-43.96952102800007,0.9224252273219765
24957.0,-0.0073,0.0396,0.9618,-10.480347000000002,-19.965912000000003,100.68447266666666,1.8737070865494823,1.5387537864078702,-43.36541419200007,0.9626425556768202
24969.0,0.0076,-0.0018,0.8981,-12.541447000000002,-20.851412000000003,93.26457266666667,1.770516324867019,1.3252072087189022,-42.805826756000066,0.8981339599413887
24981.0,0.0077,-0.0441,0.9333,-12.648247000000001,-21.881912000000003,82.89817266666667,1.6545551926934399,1.0966038702604568,-42.308437720000065,0.9343730464862522
24993.0,0.0435,-0.0613,0.9536,-11.327647,-21.881912000000003,72.11957266666667,1.5419866343579278,0.861584300353569,-41.87572028400007,0.9565578393385316
25005.0,0.0839,-0.0568,0.9778,-12.900147,-25.568912,64.02797266666667,1.4006519448970791,0.5730287509439237,-41.491552448000064,0.9830352435187663
25017.0,0.1843,-0.0969,0.6666,-11.831447,-21.988812000000003,58.722572666666665,1.2595025075668518,0.30697172028190073,-41.13921701200007,0.698363558613993
25029.0,0.0693,-0.0697,1.1378,-4.3124470000000015,-3.8285120000000012,47.16537266666667,1.1978597432643565,0.25079392938076417,-40.85622477600007,1.1420373986871006
25041.0,0.0243,-0.1206,0.8611,2.122752999999999,4.202087999999998,34.06607266666667,1.1968605536448873,0.28763611512843995,-40.651828340000066,0.8698436986033755
25053.0,-0.1588,-0.1141,0.8971,1.397552999999999,2.9272879999999986,15.669172666666666,1.1733721888394615,0.32921671788022777,-40.557813304000064,0.918163743566473
25065.0,0.0439,0.0422,0.9285,-2.121547000000001,-2.7216120000000017,0,1.1158160507447017,0.29678507251058894,-40.557813304000064,0.9304946533967834
25077.0,0.0173,0.0337,0.9016,0,0,0,1.0894494407718582,0.294251996340335,-40.557813304000064,0.9023954454672297
25089.0,0.0093,0.043,0.9662,0,0,0,1.069358556149463,0.2902624807361323,-40.557813304000064,0.9672010804377753
25101.0,0.0178,0.0308,0.9053,-0.5032470000000011,0,0,1.0474075343428733,0.283957627415296,-40.557813304000064,0.9059986589394048
25113.0,0.0194,0.037,0.9146,0.5043529999999988,0,0,1.041810399318779,0.27541830364097636,-40.557813304000064,0.9155536685525322
25125.0,0.02,0.0363,0.9193,0,0,0,1.0339655692436645,0.26484946160278117,-40.557813304000064,0.9202337637796171
25137.0,0.0188,0.036,0.9036,0,0,0,1.0294840896531277,0.2526478993527318,-40.557813304000064,0.9045122442510106
25149.0,0.0167,0.038,0.9211,0,0,0,1.0282014578880068,0.2393021233037042,-40.557813304000064,0.9220347607330214
25161.0,0.0157,0.0372,0.9099,0,0,0,1.0296692247278312,0.2250871053873257,-40.557813304000064,0.9107954435546985
25173.0,0.0155,0.0345,0.9125,0,0,0,1.0332213559094556,0.21015956245994752,-40.557813304000064,0.9132834992487272
25185.0,0.0143,0.0356,0.9161,0,0,0,1.0387342832843447,0.19478634162817465,-40.557813304000064,0.9169029719659546
25197.0,0.0181,0.0361,0.9182,0,0,0,1.0460222090593092,0.17857903062270236,-40.557813304000064,0.9190876236790484
25209.0,0.0173,0.0352,0.9218,0,0,0,1.0547371705035788,0.16177345584000877,-40.557813304000064,0.9226340390425664
25221.0,0.0176,0.0354,0.913,0,0,0,1.0647468689684614,0.1444235162435972,-40.557813304000064,0.9138555246864791
25233.0,0.014,0.0369,0.937,-0.7475470000000013,-0.6300120000000016,0,1.0671910777468592,0.11970549932103647,-40.557813304000064,0.9378308003046179
25245.0,0.0065,0.0326,0.954,-2.541447000000001,-2.706312000000002,0,1.049173339000208,0.07174774252792018,-40.557813304000064,0.9545789700176722
25257.0,0.0259,0.0397,0.9368,-4.266647000000001,-4.538412000000001,-0.8194273333333337,1.0127790939696195,0.0013862066983009371,-40.56272986800006,0.9379984754785052
25269.0,0.0293,0.0337,0.899,-4.121547000000001,-3.484912000000002,0,0.979614490290748,-0.057302901715058224,-40.56272986800006,0.9001084268020159
25281.0,0.0214,0.032,0.8928,-2.8162470000000015,-2.202512000000002,0,0.9629962655579087,-0.10068750798326903,-40.56272986800006,0.8936295653121601
25293.0,0.0175,0.0315,0.9048,-1.6559470000000012,-1.2788120000000012,0,0.9607280161439357,-0.13268988899447667,-40.56272986800006,0.9055172775822669
25305.0,0.0259,0.0405,0.9452,-2.0070470000000014,-2.0498120000000015,0,0.9556694900716343,-0.17439418577007243,-40.56272986800006,0.9464217347461966
25317.0,-0.0037,0.0366,0.9252,-3.457447000000001,-2.8285120000000012,0,0.9344145897463655,-0.2219275524772943,-40.56272986800006,0.9259310395488425
25329.0,0.0463,0.0526,0.7627,1.7333529999999988,1.0951879999999985,0,0.9780330435664928,-0.22673124298820574,-40.56272986800006,0.7659123579104858
25341.0,0.0645,0.1427,0.8549,9.992952999999998,7.606687999999998,6.714972666666666,1.1320589563180725,-0.1609705258213865,-40.52244003200006,0.869124588307108
25353.0,0.0829,0.131,1.0858,5.725752999999999,8.553187999999999,17.44017266666667,1.2424863755113482,-0.09239207910599935,-40.417798996000066,1.0968113101167403
25365.0,0.0328,0.0463,0.9441,-0.9001470000000009,4.881487999999999,22.005072666666667,1.271799622657414,-0.06883268545462617,-40.285768560000065,0.9458035419684153
25377.0,0.0153,0.0177,0.8724,0,6.377587999999999,21.52417266666667,1.3071681114447056,-0.026665667465390865,-40.15662352400007,0.8727136643825396
25389.0,-0.021,-0.0215,1.0128,-0.8314470000000012,-1.0346120000000014,20.096672666666667,1.322765506505413,-0.06617264425854849,-40.03604348800007,1.0132458191376856
25401.0,0.0166,0.01,0.9673,-6.0986470000000015,-5.164312000000001,18.40197266666667,1.2719875205173656,-0.15260107488240846,-39.92563165200007,0.967494108509194
25413.0,0.0205,0.0427,0.8232,-5.091047000000001,2.1180879999999984,17.669172666666668,1.2351467153613507,-0.15179520569644833,-39.81961661600007,0.8245615683501143
25425.0,-0.0282,0.0687,0.8967,-1.312447000000001,8.217287999999998,17.56997266666667,1.24731694372962,-0.07310288554233907,-39.714196780000066,0.8997698705780274
25437.0,-0.0641,0.0513,0.9613,-2.3887470000000013,8.240187999999998,16.974472666666667,1.2475087816113508,0.01444177291228889,-39.612349944000066,0.9647995594940952
25449.0,-0.0917,0.0148,0.9238,-2.778047000000001,11.522687999999999,12.699672666666666,1.2396292208639468,0.1513214514398063,-39.536151908000065,0.9284580604421504
25461.0,-0.1033,0.001,0.9353,0,10.423388,6.707372666666666,1.2596634783341574,0.2851893744825935,-39.495907672000065,0.940987768252064
25473.0,-0.0996,0.0052,1.0048,3.847952999999999,3.1027879999999985,1.9592726666666662,1.3203492308704274,0.3409969210420812,-39.48415203600007,1.0097377085164245
25485.0,-0.0873,-0.0326,1.1438,2.741052999999999,-12.736912,-3.292627333333334,1.358006588943551,0.21690561833827854,-39.50390780000007,1.1475898614051974
25497.0,-0.0658,-0.0217,1.1907,-2.9001470000000014,-33.927712,-6.124727333333334,1.3221434120577789,-0.15015476601099512,-39.54065616400007,1.1927141401023131
25509.0,-0.0253,0.076,1.1376,-8.991747000000002,-52.668212,-7.8575273333333335,1.2212159854014124,-0.7314983204630033,-39.58780132800007,1.1404165247838176
25521.0,0.0299,0.0939,1.1383,-16.556647,-69.393312,-7.300327333333334,1.040489503805637,-1.5052596771184532,-39.631603292000065,1.1425577053260811
25533.0,0.1104,0.0305,0.9591,-24.274247000000003,-73.820812,-3.3995273333333342,0.7724374370932534,-2.330879092747608,-39.65200045600007,0.9659147063793987
25545.0,0.1079,0.0443,0.8881,-24.113947,-58.874311999999996,0,0.5133276539677565,-2.9778053925566184,-39.65200045600007,0.8957268054490721
25557.0,0.1294,0.0714,0.8987,-22.900147,-52.248312,0,0.27834229979754,-3.5488674844283055,-39.65200045600007,0.9107711073590334
25569.0,0.1683,0.0142,0.9285,-27.029947,-40.294112,-1.2468273333333337,-0.003096743311182544,-3.986132305321085,-39.65948142000007,0.943736605202956
25581.0,0.2081,0.0164,0.8835,-34.388747,-21.721612000000004,-0.8194273333333337,-0.3673700409146108,-4.217722048114878,-39.66439798400007,0.907825324608209
25593.0,0.2129,0.0227,0.8699,-38.541447,-4.553612000000001,2.485972666666666,-0.7741617185515518,-4.263119498504508,-39.64948214800007,0.8958614345980075
25605.0,0.1615,0.0033,0.8789,-39.297147,8.606687999999998,5.989772666666666,-1.1849530909571226,-4.165206606081831,-39.61354351200007,0.8936209207488375
25617.0,0.1473,-0.0052,0.8995,-37.174947,11.850888,8.150072666666667,-1.566634492915735,-4.040457867489805,-39.564643076000074,0.9114957926397685
25629.0,0.1172,-0.0642,0.9198,-35.174947,10.331788,10.066072666666665,-1.9280503793477166,-3.9407052237885165,-39.504246640000076,0.9294565724120734
25641.0,0.0873,-0.0691,0.884,-32.052847,7.0875879999999984,9.661572666666666,-2.255919152629262,-3.8820671832348776,-39.446277204000076,0.8909837821195177
25653.0,0.0708,-0.0687,0.8782,-26.518547,2.9119879999999987,8.371472666666666,-2.521565672332046,-3.8726372126881397,-39.39604836800007,0.8837236955066894
25665.0,0.0612,-0.1064,0.8641,-21.648247,-0.8743120000000015,7.6996726666666655,-2.737873937501961,-3.9059208130158334,-39.349850332000074,0.8727744324852785
25677.0,0.0508,-0.1044,0.8547,-17.442147000000002,-2.454412000000002,6.295072666666666,-2.9122593113742856,-3.954104041401634,-39.31207989600007,0.862549760883394
25689.0,0.0547,-0.0885,0.8579,-14.358247,-3.706312000000002,3.325672666666666,-3.0557198437960786,-4.01374473606217,-39.29212586000007,0.8641855992783032
25701.0,0.0757,-0.099,0.8618,-12.083347000000002,-4.065112000000001,1.394372666666666,-3.1788986962061156,-4.076912805383394,-39.28375962400007,0.8707644515022418
25713.0,0.0903,-0.0997,0.8787,-11.793347,-3.2330120000000018,0,-3.3046789827888565,-4.131147240494168,-39.28375962400007,0.8889363700513103
25725.0,0.1173,-0.0875,0.8806,-11.846747,-1.2865120000000014,0.8981726666666662,-3.4346674245870563,-4.166706283747589,-39.27837058800007,0.8926768172188634
25737.0,0.1147,-0.0922,0.9136,-14.335347,1.4844879999999985,2.340972666666666,-3.5971953191495563,-4.17303701647186,-39.26432475200007,0.9253766206253538
25749.0,0.1119,-0.0826,0.9269,-20.747547,5.3394879999999985,3.485972666666666,-3.8358426109080037,-4.137044042447421,-39.24340891600007,0.9372768961198179
25761.0,0.1115,-0.0937,0.9296,-28.961247,9.400488,3.821872666666666,-4.17122393781178,-4.056738087615614,-39.22047768000007,0.9409400087146895
25773.0,0.1118,-0.0879,0.9312,-35.884947000000004,12.682988,4.234072666666666,-4.584978145390352,-3.9418915578441,-39.19507324400007,0.9419973938392824
25785.0,0.1078,-0.0798,0.981,-43.556647,12.354688,4.928672666666666,-5.082529564505811,-3.8342714177482735,-39.16550120800007,0.9901261939773132
25797.0,0.1083,-0.0905,0.9972,-53.854347000000004,11.324188,5.684472666666666,-5.694049725881254,-3.741726846611377,-39.131394372000074,1.0071380143753883
25809.0,0.1052,-0.0951,0.9688,-64.663547,12.598987999999999,6.516472666666666,-6.423762098079851,-3.636733517279115,-39.09229553600007,0.979124348589085
25821.0,0.0851,-0.0975,0.942,-73.144447,15.270788,6.6996726666666655,-7.242118912597372,-3.5009267539337667,-39.05209750000007,0.9508481792589182
25833.0,0.0657,-0.1217,0.9178,-77.923047,15.087587999999998,6.043172666666666,-8.106648957343108,-3.366579331313249,-39.015838464000076,0.9281617423703694
25845.0,0.0652,-0.1332,0.8939,-79.541447,11.347088,5.401972666666666,-8.980300962844698,-3.276048308376377,-38.983426628000075,0.9061183642328413
25857.0,0.0713,-0.1482,0.8492,-79.75514700000001,7.522687999999999,5.195872666666666,-9.848033041360658,-3.2309856370661136,-38.95225139200007,0.8649783638912594
25869.0,0.0715,-0.1801,0.8259,-77.358247,5.835687999999998,4.463072666666666,-10.682735665924397,-3.2057582146840797,-38.92547295600007,0.8483272187074985
25881.0,0.075,-0.1943,0.8557,-75.014647,2.6982879999999985,3.524172666666666,-11.485971703976485,-3.2171891462869135,-38.90432792000007,0.8806815428973177
25893.0,0.0885,-0.1665,0.8506,-74.251347,-1.5384120000000014,3.7149726666666663,-12.272363818773753,-3.2793069830541324,-38.88203808400007,0.8712490229549759
25905.0,0.0972,-0.1754,0.8337,-74.999447,-3.0117120000000015,5.127172666666666,-13.060655971390453,-3.3598157358602325,-38.85127504800007,0.857478098845679
25917.0,0.0966,-0.2036,0.8047,-75.839147,-0.8208120000000014,7.615772666666666,-13.855178213627065,-3.4153446926556916,-38.80558041200007,0.8356593863530762
25929.0,0.0712,-0.2292,0.7504,-73.739847,0.7211879999999986,8.165372666666666,-14.624590728676162,-3.4512264500162106,-38.75658817600007,0.7878465840504736
25941.0,0.0601,-0.2896,0.4402,-52.533747,25.652487999999998,3.455472666666666,-15.158643120486829,-3.195487186556045,-38.73585534000007,0.5303359407017405
25953.0,0.0046,-0.2366,1.2505,-36.701747000000005,38.682988,7.646272666666666,-15.49674041829893,-2.775775370498846,-38.68997770400007,1.2726943741527263
25965.0,-0.0085,-0.1288,1.275,-37.816247000000004,-2.187212000000001,13.722572666666666,-15.828252587352699,-2.8301923927360653,-38.60764226800007,1.2815173389384944
25977.0,0.0422,-0.2146,0.9456,-46.174947,-7.797912,15.348572666666666,-16.257568237443902,-2.9460811396287916,-38.51555083200007,0.970563423996598
25989.0,0.0519,-0.2637,0.9742,-57.091047,8.209687999999998,14.050872666666667,-16.817397942953058,-2.869307046426469,-38.431245596000075,1.010592370839994
26001.0,0.0389,-0.2576,1.0029,-64.579547,5.499787999999999,14.936372666666665,-17.462225806684874,-2.822238300280605,-38.341627360000075,1.0361850124374505
26013.0,0.03,-0.3019,0.8868,-69.556647,3.7974879999999986,15.157672666666667,-18.167924012669364,-2.792655717386911,-38.25068132400008,0.9372608228236151
26025.0,-0.0033,-0.3452,0.8127,-73.732247,13.553187999999999,12.073772666666667,-18.929550875245603,-2.6421699320729655,-38.17823868800008,0.8829808718199958
26037.0,-0.0059,-0.3785,0.7747,-75.976547,23.102787999999997,7.027972666666666,-19.726591949148077,-2.3760695418522624,-38.13607085200008,0.86223961286872
26049.0,-0.0063,-0.3988,0.7356,-74.732247,28.324187999999996,1.8370726666666661,-20.51904252766727,-2.048208000064529,-38.125048416000084,0.8367726632724088
26061.0,0.0344,-0.3877,0.7521,-72.159747,30.606688,-1.643827333333334,-21.28732630537402,-1.7000289444218306,-38.134911380000084,0.8468465386361332
26073.0,0.078,-0.3973,0.7289,-68.220747,29.011187999999997,-2.3461273333333335,-22.015989478711703,-1.3835161102549813,-38.148988144000086,0.833802434633049
26085.0,0.1075,-0.4115,0.7212,-62.381147,26.469288,0,-22.68361687857889,-1.1127985279901704,-38.148988144000086,0.8372681410396552
26097.0,0.0925,-0.4088,0.7081,-55.846747,23.354687999999996,4.859972666666666,-23.28164026181504,-0.8910504323763511,-38.11982830800009,0.8228482849225609
26109.0,0.0778,-0.4158,0.6703,-48.831447000000004,20.186787999999996,9.081372666666667,-23.80671407529236,-0.7157316983922353,-38.06534007200009,0.7926188049750018
26121.0,0.0494,-0.4357,0.6292,-41.678847000000005,19.812787999999998,12.669172666666666,-24.26156762623939,-0.5491010066304417,-37.98932503600009,0.766920784696829
26133.0,0.0101,-0.457,0.6233,-33.778047,18.736387999999998,15.295072666666666,-24.640073179373438,-0.39349306893892505,-37.89755460000009,0.7729514215007305
26145.0,-0.0242,-0.4857,0.5939,-24.862047,16.018887999999997,16.157672666666667,-24.935158959144786,-0.2634045113413707,-37.80060856400009,0.7675984236565366
26157.0,-0.0527,-0.506,0.6176,-17.411647000000002,21.079887999999997,14.287472666666666,-25.164605792463604,-0.0628366598345035,-37.714883728000096,0.8001518918305449
26169.0,-0.0706,-0.507,0.7522,-12.709347000000001,21.438687999999996,12.234072666666666,-25.35123599711503,0.1540764330543384,-37.6414792920001,0.9098561424752816
26181.0,-0.0819,-0.5146,0.8118,-9.068147000000002,12.041787999999999,10.287472666666666,-25.50353925186224,0.2725471967686955,-37.579754456000096,0.964645017610105
26193.0,-0.079,-0.5062,0.7686,-6.075747000000002,2.9195879999999987,7.562272666666666,-25.629977480677333,0.2954240411425809,-37.534380820000095,0.9237020082255964
26205.0,-0.072,-0.504,0.7108,-2.365847000000001,0.9272879999999986,5.569972666666666,-25.724636172683315,0.3059912739072519,-37.500960984000095,0.8743206734373836
26217.0,-0.0792,-0.5088,0.6759,5.305952999999999,-1.1109120000000012,3.7454726666666662,-25.742911877399187,0.3040980488028009,-37.478488148000096,0.8497004707542535
26229.0,-0.0696,-0.5067,0.6415,14.756253,-3.5231120000000016,2.9668726666666663,-25.665971856335137,0.28325069398669733,-37.4606869120001,0.8204336048700102
26241.0,-0.0702,-0.5205,0.6639,25.023453,-3.7598120000000015,1.5622726666666662,-25.48461876059068,0.26868035142716923,-37.4513132760001,0.8465290898722855
26253.0,-0.0497,-0.522,0.6902,35.702853,-8.820812,0,-25.192971856069637,0.1993922033842265,-37.4513132760001,0.8667930145080773
26265.0,-0.0071,-0.4675,0.6823,43.519653,-8.492612000000001,-1.651427333333334,-24.820161067780898,0.13269955996696026,-37.4612218400001,0.8271275294656805
26277.0,0.033,-0.4236,0.7058,51.489153,-6.775012,0,-24.35889350892996,0.07860814966812543,-37.4612218400001,0.823820125998388
26289.0,0.0448,-0.4014,0.7225,61.099852999999996,-7.920112000000001,6.531772666666666,-23.788073228733936,0.0021333494223674393,-37.4220312040001,0.8277289713426732
26301.0,0.0085,-0.4227,0.743,69.366953,-3.0117120000000015,11.150072666666667,-23.12719496670958,-0.018324479081739578,-37.3551307680001,0.8548663872208335
26313.0,-0.04,-0.4119,0.8551,77.023453,-1.7674120000000015,12.234072666666666,-22.37657071206597,-0.019240123822283486,-37.281726332000105,0.9499776944749807
26325.0,-0.0286,-0.3724,0.8688,78.595953,-1.5460120000000015,12.157672666666667,-21.60565711098654,-0.015415260083989885,-37.20878029600011,0.9456813205303359
26337.0,-0.0034,-0.3444,0.9021,75.305953,8.705887999999998,11.921072666666666,-20.86868171751509,0.10684851353781284,-37.13725386000011,0.9656124118920593
26349.0,0.0254,-0.3159,0.9629,70.023453,16.156287999999996,14.195872666666666,-20.183830701761888,0.308155951271572,-37.05207862400011,1.0137131645588904
26361.0,0.0449,-0.2941,0.9672,65.420453,20.186787999999996,18.921072666666667,-19.54239932668094,0.544788503874657,-36.93855218800011,1.0119222598599162
26373.0,0.0514,-0.2892,0.9733,62.603653,22.316587999999996,24.806572666666668,-18.924559365853597,0.793893464036452,-36.789712752000106,1.016657016894095
26385.0,0.0497,-0.2944,0.9587,63.153253,20.255487999999996,31.62337266666667,-18.294270053966816,1.0072158501144899,-36.59997251600011,1.0041151029637987
26397.0,0.0416,-0.2449,0.8877,66.954753,17.240188,38.62337266666667,-17.61356906825397,1.176076259782179,-36.36823228000011,0.9218014211314712
26409.0,0.045,-0.2269,0.8044,75.855553,14.850888,45.32567266666667,-16.82729327437107,1.3086070120923718,-36.09627824400011,0.8369993847070617
26421.0,0.0453,-0.2312,0.7289,89.092153,12.919588,54.84477266666667,-15.891959421654349,1.4111210896115847,-35.76720960800011,0.7660292030986808
26433.0,0.0055,-0.1819,0.7501,105.664653,11.690587999999998,64.60807266666666,-14.76501634842696,1.4984954786023694,-35.37956117200011,0.7718600067369731
26445.0,-0.0603,-0.1489,0.7522,113.321153,14.278388,73.05847266666667,-13.552170965894954,1.6251150268984338,-34.94121033600011,0.7691632726541224
26457.0,-0.1393,-0.0947,0.7693,116.565453,21.270787999999996,74.80657266666667,-12.300766042137937,1.852318181186879,-34.49237090000011,0.7875246472333421
26469.0,-0.189,-0.0555,0.7913,121.069253,25.560888,74.72257266666666,-10.992549506418879,2.151397479179811,-34.04403546400011,0.8154489193076413
26481.0,-0.2388,-0.0933,0.8079,128.313553,23.805087999999998,76.02027266666667,-9.602859773299365,2.4542172692502215,-33.58791382800011,0.8476041174982575
26493.0,-0.2948,-0.1272,0.8923,138.939553,16.652487999999998,72.80657266666667,-8.096560238901002,2.7009698506862683,-33.15107439200011,0.9483070019777351
26505.0,-0.2655,-0.059,1.0074,148.24485299999998,1.5760879999999986,66.89817266666667,-6.480958015315064,2.7896544625388873,-32.749685356000114,1.0434682601785261
26517.0,-0.2197,0.0392,1.0776,150.16085299999997,-20.141412000000003,63.401972666666666,-4.834707676330107,2.634684411975481,-32.369273520000114,1.100466487449754
26529.0,-0.1683,0.0575,1.0231,141.19145300000002,-32.599512,60.32567266666667,-3.291098538969948,2.3420891439988387,-32.007319484000114,1.0384434264802296
26541.0,-0.1207,0.0752,0.9401,131.252453,-29.141412000000003,57.592872666666665,-1.8634370891911285,2.0963179718122156,-31.661762248000112,0.9507952145441204
26553.0,-0.0804,0.0907,0.9001,121.305953,-18.026912000000003,58.03557266666667,-0.551639026766347,1.9819327805649627,-31.313548812000114,0.9082239041117559
26565.0,-0.0724,0.1387,0.892,110.710453,-2.859012000000001,58.699672666666665,0.6420910087536068,2.0435102131746694,-30.961350776000113,0.9056177173620225
26577.0,-0.0455,0.2051,0.9038,99.855553,10.927287999999999,58.386772666666666,1.7225050456273059,2.258148289244411,-30.611030140000114,0.9278958454481839
26589.0,-0.0319,0.2156,1.0055,92.344053,17.812787999999998,65.50127266666667,2.7292729701707144,2.5393685704126163,-30.218022504000114,1.028849464207471
26601.0,-0.1166,0.213,1.1038,83.428053,13.820388,76.94397266666667,3.6428593179712982,2.768458372066918,-29.756358668000114,1.1301942310948148
26613.0,-0.2004,0.1906,1.0474,75.092153,5.408187999999999,81.75317266666667,4.464921015451738,2.9053243965217836,-29.265839632000116,1.0832983337936049
26625.0,-0.2621,0.1428,0.9496,68.878453,3.4157879999999987,78.40197266666667,5.213632512543713,3.034792016879359,-28.795427796000116,0.9954036417453976
26637.0,-0.2841,0.1152,0.8417,69.10745299999999,5.331787999999999,69.41727266666666,5.961570505913012,3.2055263542628505,-28.378924160000114,0.8957916833728699
26649.0,-0.2466,0.1185,0.8822,77.344053,0,62.94397266666667,6.8021144783099246,3.3242307315231194,-28.001260324000114,0.9236507186160795
26661.0,-0.2202,0.1732,0.8447,80.832653,-6.652912000000001,59.04317266666667,7.683559501647925,3.3726288005097005,-27.647001288000116,0.8899462736592586
26673.0,-0.2069,0.276,0.7437,82.763953,-7.515512000000001,53.98977266666667,8.59905521883582,3.41989614992508,-27.323062652000115,0.819800768479757
26685.0,-0.1735,0.3,0.6589,88.458553,-1.0193120000000016,54.608072666666665,9.594325750655587,3.549672107891273,-26.995414216000114,0.7444806646246764
26697.0,-0.2072,0.2615,0.668,96.557853,14.889088,59.32567266666667,10.68891317823606,3.8747554109218694,-26.639460180000114,0.7466847326683466
26709.0,-0.2758,0.3096,0.8293,102.344053,24.079887999999997,61.13477266666667,11.854849294793523,4.316184959878441,-26.272651544000112,0.927176515017502
26721.0,-0.3369,0.2719,0.897,104.008253,22.492188,53.79897266666667,13.032979557168593,4.749298719746659,-25.949857708000113,0.996012158560326
26733.0,-0.3344,0.23,0.9222,105.679953,16.843287999999998,38.64627266666667,14.215395927498681,5.123199507935531,-25.717980072000113,1.0075595267774504
26745.0,-0.2472,0.2664,0.9648,106.359353,8.598987999999999,23.104272666666667,15.393359657961179,5.39451504169753,-25.579354436000113,1.0309780987004524
26757.0,-0.1064,0.3893,0.9333,102.573053,2.0951879999999985,14.142472666666666,16.529590153360015,5.569076922391382,-25.49449960000011,1.016820701992244
26769.0,0.0129,0.5109,0.8933,97.939553,1.6447879999999986,17.56227266666667,17.628368283074643,5.70778509437373,-25.38912596400011,1.02915990497104
26781.0,0.0422,0.5068,0.8824,94.092153,3.5302879999999988,28.47067266666667,18.69526002784619,5.837944535320888,-25.218301928000113,1.0184580698290921
26793.0,0.0012,0.4635,0.8561,89.550153,7.606687999999998,38.356172666666666,19.71438804206363,5.993842963000311,-24.988164892000114,0.9735198508505103
26805.0,-0.0576,0.4402,0.8212,84.160853,16.385288,40.562272666666665,20.672147317472362,6.240257373252743,-24.744791256000113,0.9335219547498602
26817.0,-0.0903,0.4235,0.8312,78.679953,26.217287999999996,37.218772666666666,21.563935997247228,6.592640324602535,-24.521478620000114,0.9372298437416513
26829.0,-0.0859,0.4509,0.8813,73.595953,29.637188,32.562272666666665,22.395100897646806,6.972391417702596,-24.326104984000114,0.9936696181327072
26841.0,-0.0399,0.4524,0.8585,67.405153,26.728787999999998,27.172972666666666,23.15336463086622,7.299577163347706,-24.163067148000113,0.9712260396014926
26853.0,0.0494,0.4933,0.752,65.626553,24.705887999999998,25.310372666666666,23.900247478603287,7.576670348660764,-24.011204912000114,0.9007159652187808
26865.0,0.1017,0.5391,0.6656,69.115053,29.293687999999996,29.745472666666668,24.7053544051747,7.87793710798823,-23.832732076000113,0.8625514825214783
26877.0,0.097,0.6036,0.663,75.626553,36.003588,36.99737266666667,25.607867770151422,8.229901399093439,-23.610747840000112,0.9018375463463473
26889.0,0.0461,0.6183,0.7284,81.01585299999999,38.652488,45.14247266666667,26.587010282688922,8.591774491663607,-23.33989300400011,0.956549350530332
26901.0,-0.0234,0.5587,0.7759,84.580753,34.339488,49.776072666666664,27.606884593630348,8.892102170373546,-23.04123656800011,0.9564068485743921
26913.0,-0.0747,0.5094,0.7805,87.741053,27.293687999999996,49.60047266666667,28.654080265756505,9.107552951128216,-22.74363373200011,0.9350126737108968
26925.0,-0.0919,0.4957,0.8466,84.145653,27.240187999999996,45.95157266666667,29.641999815663272,9.323483732144245,-22.46792429600011,0.9853403777375613
26937.0,-0.0703,0.531,0.8706,72.435653,38.331788,39.585172666666665,30.4784252516901,9.667093635210062,-22.23041326000011,1.0221777976457913
26949.0,-0.0353,0.5934,0.8757,59.847953,51.056988000000004,33.661572666666665,31.161810637110044,10.149951010228266,-22.02844382400011,1.0584045256894927
26961.0,0.0032,0.667,0.8967,52.870853,55.003588,35.432572666666665,31.766258268569135,10.66094185139054,-21.81584838800011,1.117573321979368
26973.0,-0.04,0.7037,0.9038,49.634153,45.148588000000004,43.60047266666667,32.338261432262925,11.044039316875514,-21.554245552000108,1.1461448992164995
26985.0,-0.1158,0.6646,0.8284,50.847953,29.484488,50.768372666666664,32.92898727015,11.244626368248985,-21.24963531600011,1.0683395340433677
26997.0,-0.1779,0.5973,0.7296,56.420453,17.110487999999997,50.547072666666665,33.58677762163432,11.313684827839126,-20.94635288000011,0.9595477372179042
27009.0,-0.2013,0.5483,0.6877,58.924253,14.087587999999998,43.78367266666667,34.270569442023096,11.366209066310699,-20.68365084400011,0.9022670724347642
27021.0,-0.1892,0.5519,0.6638,57.054052999999996,19.400487999999996,33.99737266666667,34.92945628416308,11.497727789003092,-20.47966660800011,0.8837537496384386
27033.0,-0.1322,0.5787,0.6906,51.512053,25.415787999999996,25.37907266666667,35.521105798060354,11.704993052185603,-20.32739217200011,0.9106584925206594
27045.0,-0.0687,0.6262,0.6714,44.153253,30.347087999999996,20.837072666666668,36.03101537468605,11.964245932829241,-20.20236973600011,0.9206650259459191
27057.0,-0.0088,0.6924,0.6233,39.931853,35.156288,20.41727266666667,36.50653658296658,12.265070948191596,-20.07986610000011,0.9316641508612424
27069.0,0.016,0.7883,0.6187,36.863153,37.637188,25.027972666666667,36.96922841628348,12.576176438480926,-19.92969826400011,1.002228806211436
27081.0,0.0153,0.7957,0.5669,36.832653,37.301288,32.264572666666666,37.45625787776035,12.865900844223075,-19.736110828000108,0.9771121685865958
27093.0,-0.0248,0.785,0.55,43.015853,35.308888,39.478372666666665,38.036920545718395,13.122462956578008,-19.499240592000106,0.9588222150117299
27105.0,-0.0841,0.7659,0.5741,49.038753,30.545588,43.684472666666665,38.70039094180116,13.323521934452572,-19.237133756000105,0.9608675402988698
27117.0,-0.1199,0.7354,0.5911,53.115052999999996,23.217287999999996,43.516472666666665,39.41537285976014,13.445302493079968,-18.976034920000107,0.9510985122478113
27129.0,-0.1414,0.7218,0.5757,54.908953,16.118087999999997,41.310372666666666,40.152181634071205,13.49515449864456,-18.728172684000107,0.9340340946667846
27141.0,-0.1432,0.7177,0.5297,55.267753,11.415788,37.86767266666667,40.8955264764564,13.502953818080458,-18.50096664800011,0.9034277060174766
27153.0,-0.1227,0.7328,0.431,57.260152999999995,14.507387999999999,33.97447266666667,41.67304785103728,13.55905831917448,-18.29711981200011,0.8589599117537442
27165.0,-0.1063,0.7535,0.4194,59.214352999999996,23.950187999999997,31.081372666666667,42.484499192100046,13.734038179116004,-18.11063157600011,0.8688833638642185
27177.0,-0.1096,0.7986,0.455,60.015853,31.522688,29.768372666666668,43.31374490323421,14.002770526009856,-17.93202134000011,0.9256344418829714
27189.0,-0.1128,0.8213,0.4753,60.153253,35.186788,28.875272666666667,44.15005797340523,14.316961205944835,-17.75876970400011,0.9555980431122701
27201.0,-0.0953,0.8074,0.4849,61.893753,35.453988,28.127172666666667,45.00809157399069,14.63155602138716,-17.590006668000107,0.9466281529724331
27213.0,-0.0732,0.8203,0.5116,65.878453,32.843288,27.211172666666666,45.9107283543748,14.90726518575774,-17.426739632000107,0.9695281790644354
27225.0,-0.0455,0.8505,0.5847,68.512053,24.400487999999996,27.997372666666667,46.83528938255122,15.068739391866487,-17.258755396000108,1.0330995063400235
27237.0,-0.0183,0.868,0.5724,66.550153,14.537987999999999,30.34097266666667,47.729021238378806,15.09753661751628,-17.076709560000108,1.0399041542373026
27249.0,-0.0055,0.892,0.5024,64.20665299999999,10.125687999999998,33.27987266666667,48.59528181688909,15.060964184081644,-16.877030324000106,1.0237675566260145
27261.0,-0.0042,0.8887,0.4636,63.336453,10.805088,36.20347266666667,49.453395848229064,15.0218576651995,-16.659809488000107,1.002362354640277
27273.0,-0.0151,0.8724,0.4473,63.588353,13.415788,38.592872666666665,50.31496116875974,15.006363474303823,-16.428252252000107,0.9805034727118511
27285.0,-0.0117,0.8395,0.4471,63.924253,16.919587999999997,39.93637266666667,51.17690916666667,15.024301011625129,-16.18863401600011,0.9512074169180978
27297.0,-0.0161,0.8473,0.4639,63.061653,20.843287999999998,41.730272666666664,52.02258363997494,15.081076556945431,-15.938252380000108,0.966115784986458
27309.0,-0.043,0.8669,0.4938,60.054052999999996,22.515088,42.287472666666666,52.823995640508066,15.155189540497137,-15.684527544000108,0.9986005457639205
27321.0,-0.0667,0.8779,0.5173,54.336453,22.583788,41.661572666666665,53.54744957936343,15.232196885054826,-15.434558108000108,1.0211545377659543
27333.0,-0.0824,0.8815,0.5162,47.970053,21.347087999999996,39.676772666666665,54.18645972868404,15.29976849405714,-15.196497472000107,1.0248387434128357
27345.0,-0.1008,0.899,0.4811,41.046352999999996,21.621888,36.470672666666665,54.73995404452627,15.380081025183522,-14.977673436000106,1.024606680634086
27357.0,-0.1162,0.9016,0.4108,35.817353,26.041787999999997,31.37147266666667,55.23549301803391,15.52603451682862,-14.789444600000106,0.9975678623532336
27369.0,-0.1194,0.8872,0.3564,37.023452999999996,32.553188,25.55467266666667,55.75285458355289,15.762392016258298,-14.636116564000107,0.9635357595854966
27381.0,-0.1183,0.9158,0.4425,42.015853,33.988288000000004,21.47067266666667,56.32741845151795,16.02343200292707,-14.507292528000107,1.0239583878263803
27393.0,-0.0966,0.9711,0.5383,42.756253,22.568488,20.157672666666667,56.901089726713714,16.147902766950587,-14.386346492000108,1.1145105024179898
27405.0,-0.0808,0.9792,0.5168,39.443353,10.056987999999999,20.027972666666667,57.428787186461655,16.122559678556883,-14.266178656000108,1.1101547279546216
27417.0,-0.0841,0.9618,0.4224,31.160853,7.072287999999999,20.806572666666668,57.86061563931084,16.066620379523734,-14.141339220000107,1.0538281691053812
27429.0,-0.1238,0.9185,0.2601,22.863153,18.637188,18.806572666666668,58.209984029109805,16.167400766197098,-14.028499784000108,0.9626113961511156
27441.0,-0.1526,0.8912,0.2129,19.153253,39.072288,11.791272666666666,58.533010630272344,16.535254862009506,-13.957752148000107,0.9288975239497627
27453.0,-0.1661,0.8679,0.2395,16.237253,55.499788,3.1958726666666664,58.833049488411895,17.11941812866217,-13.938576912000107,0.9155325608628019
27465.0,-0.1559,0.8779,0.2976,18.199053,60.255488,-4.017827333333334,59.160941627349665,17.770810587995676,-13.962683876000106,0.9399888190824399
27477.0,-0.1315,0.9204,0.3802,19.756252999999997,51.278388,-8.307927333333334,59.50454319928891,18.312860039277414,-14.012531440000107,1.0044801889534707
27489.0,-0.0924,0.921,0.3149,20.634152999999998,37.827988,-10.323227333333334,59.862897093595606,18.68850650809026,-14.074470804000107,0.977722235606821
27501.0,-0.0494,0.9198,0.2145,27.977653,31.209687999999996,-11.330827333333334,60.32215744171864,18.97668655328293,-14.142455768000108,0.9457709289251811
27513.0,-0.0067,0.944,0.2538,38.130353,26.507388,-10.598027333333334,60.90945597461775,19.186101109996343,-14.206043932000108,0.9775455641554515
27525.0,0.0421,0.9531,0.2651,43.412753,19.744087999999998,-7.430027333333333,61.56346903579913,19.278880013501418,-14.250624096000108,0.9901767670471772
27537.0,0.0692,0.9563,0.1952,47.771553,19.224987999999996,-2.994927333333334,62.278290621804054,19.327503096655235,-14.268593660000107,0.978468890665411
27549.0,0.0576,0.9838,0.2034,50.931853,23.911987999999997,1.7073726666666662,63.036055246239194,19.397793666048855,-14.258349424000107,1.0062563092969903
27561.0,0.0436,0.9937,0.222,50.473853,27.629588,4.966872666666666,63.78913778499247,19.482650069396104,-14.228548188000106,1.0191293588156511
27573.0,0.0449,0.98,0.1952,48.450953,30.827987999999998,6.898172666666666,64.51983058436377,19.577254024697186,-14.187159152000106,1.000259491332124
27585.0,0.047,0.97,0.1727,49.092152999999996,34.545588,9.630972666666667,65.26023880038021,19.68809207665713,-14.129373316000105,0.9863743153590324
27597.0,0.0103,0.9517,0.1385,49.832653,40.568488,12.569972666666667,66.01245586094267,19.85845846444769,-14.053953480000105,0.9617802399716892
27609.0,-0.0088,0.9396,0.1656,56.366953,47.347088,11.264572666666666,66.83904863502057,20.103493156929396,-13.986366044000105,0.9541220886238826
27621.0,0.002,0.9713,0.3639,60.534953,40.927288000000004,11.722572666666666,67.68820974584808,20.25599330592825,-13.916030608000105,1.0372323269162027
27633.0,0.0209,0.9707,0.4183,56.985352999999996,21.354687999999996,15.600472666666667,68.46383887793449,20.156391141835964,-13.822427772000104,1.0571992196364883
27645.0,0.0287,0.9666,0.3014,52.779153,8.156287999999998,18.936372666666667,69.17406907584615,19.886586659187024,-13.708809536000103,1.0129073057294038
27657.0,0.0283,0.981,0.2096,44.160852999999996,10.446387999999999,20.997372666666667,69.77895525642239,19.634828083650405,-13.582825300000103,1.0035407565216272
27669.0,0.0045,0.9613,0.0867,30.466253,24.942487999999997,21.669172666666668,70.23288352117451,19.555849199312203,-13.452810264000103,0.9652123237920246
27681.0,-0.0154,0.9059,-0.0532,29.534952999999998,47.705888,19.005072666666667,70.70118162698515,19.75426246228503,-13.338779828000103,0.9075914334104306
27693.0,-0.0386,0.9226,0.1036,40.283052999999995,59.331788,18.180572666666666,71.3003572319636,20.10434044658017,-13.229696392000102,0.929200559621011
27705.0,-0.0684,0.9686,0.2721,47.809753,49.118088,18.34097266666667,71.97016616513423,20.35651937245492,-13.119650556000103,1.0084160500507715
27717.0,-0.0532,0.9841,0.3021,48.443353,30.988287999999997,17.61577266666667,72.62579419409353,20.406691473346267,-13.013955920000102,1.030799427628867
27729.0,-0.0156,0.9866,0.2552,45.504353,18.194387999999996,17.798972666666668,73.23210057061499,20.302904201340297,-12.907162084000102,1.0191908359085653
27741.0,0.0206,0.9862,0.1614,39.466253,14.660087999999998,18.317972666666666,73.76466738641861,20.142836682336554,-12.797254248000103,0.999532270614611
27753.0,0.0616,0.9882,0.0835,33.527253,22.774587999999998,19.44777266666667,74.23421087854669,20.04531324626925,-12.680567612000102,0.9936327540897593
27765.0,0.0674,1.0283,0.0726,25.832653,35.186788,24.45547266666667,74.62155017968335,20.05537941359323,-12.533834776000102,1.0330607000559067
27777.0,-0.0081,1.009,0.0642,19.588352999999998,45.331788,29.905772666666667,74.94392060001528,20.18967017274044,-12.354400140000102,1.0110728213140732
27789.0,-0.0822,0.9866,0.0985,18.428053,49.522688,30.875272666666667,75.25613566871652,20.42385516718559,-12.169148504000102,0.9949063523769461
27801.0,-0.1124,0.9537,0.1156,22.275353,42.927288000000004,26.51647266666667,75.61292814540916,20.647248449588112,-12.010049668000102,0.9672335860587142
27813.0,-0.1107,0.9431,0.092,33.939553,30.667688,21.921072666666667,76.10660922871335,20.791500464559608,-11.878523232000102,0.9540210165399923
27825.0,-0.0973,0.9512,0.1001,47.000553,20.835687999999998,18.218772666666666,76.74917283660054,20.873705128860006,-11.769210596000102,0.9613889639474753
27837.0,-0.0769,0.9766,0.1709,55.504353,11.179188,15.302772666666666,77.47631617535639,20.86724739256552,-11.677393960000101,0.9944184129429624
27849.0,-0.046,0.9945,0.2427,53.947153,-0.7369120000000016,13.585172666666667,78.1614558444014,20.711403681783,-11.595882924000101,1.0247192493556467
27861.0,-0.0206,1.0139,0.2024,41.214352999999996,-7.920112000000001,13.234072666666666,78.68050106656834,20.456247210728595,-11.5164784880001,1.034109921623422
27873.0,-0.0087,1.02,0.0608,20.038753,0.6600879999999987,10.547072666666667,78.95387647367679,20.303726350652912,-11.4531960520001,1.021847508192881
27885.0,0.0144,0.9915,-0.1317,0,26.095187999999997,5.6996726666666655,79.02000350999612,20.465685480970397,-11.418998016000101,1.000312201265185
27897.0,0.0277,0.9657,-0.2269,-5.923047000000001,57.957788,2.2034726666666664,79.05652135880749,21.027739597854847,-11.4057771800001,0.9923846985922344
27909.0,0.0126,0.9978,-0.0962,0.7868529999999989,76.202088,2.4477726666666664,79.19385736094692,21.810577437414057,-11.3910905440001,1.0025058802820062
27921.0,-0.0165,1.0413,0.0791,11.649453,67.301288,5.791272666666666,79.45642285503249,22.465685172706824,-11.3563429080001,1.0444303471270835
27933.0,-0.0149,1.016,0.146,23.107453,40.285988,8.432572666666667,79.84103595773271,22.758412173041588,-11.3057474720001,1.0265446945944439
27945.0,0.0095,0.9879,0.0914,33.985352999999996,13.522687999999999,10.073772666666667,80.34558740368908,22.689535939715764,-11.2453048360001,0.9921646133580858
27957.0,0.0472,0.9586,-0.0154,44.099852999999996,-2.6147120000000013,9.730272666666666,80.97117960562431,22.365498190154145,-11.1869232000001,0.9598848680961691
27969.0,0.0867,0.9608,-0.0558,51.496753,-3.7750120000000016,8.905772666666666,81.68685746810755,21.886282103120273,-11.1334885640001,0.966316288799894
27981.0,0.1064,1.0042,-0.0284,50.931853,1.0111879999999986,9.600472666666667,82.3909190237089,21.240526656631573,-11.0758857280001,1.0102203522004494
27993.0,0.1116,1.032,-0.0381,44.183752999999996,9.179187999999998,11.386772666666666,83.0080709750882,20.417493192382306,-11.007565092000101,1.038715634810606
28005.0,0.1,1.0532,-0.0789,36.344053,21.698287999999998,14.012672666666665,83.52755321123905,19.410650101183794,-10.9234890560001,1.060874851243067
28017.0,0.0441,1.062,-0.0594,29.069253,37.064688000000004,17.913472666666667,83.95688768370684,18.37656106613197,-10.8160082200001,1.0645737034137186
28029.0,-0.012,1.0365,-0.0156,23.786852999999997,44.003588,18.165372666666666,84.32197300991163,17.424202111013265,-10.7070159840001,1.0366868427832967
28041.0,-0.0389,0.9976,0.0138,20.878453,43.102788000000004,16.310372666666666,84.65156033871709,16.629240201180103,-10.6091537480001,0.9984535091830766
28053.0,-0.0511,0.9856,0.0435,21.473853,36.202088,12.745472666666666,84.98431989638719,16.09920197819221,-10.5326809120001,0.9878819868789996
28065.0,-0.0187,0.9819,0.0457,22.992953,24.568488,8.440172666666667,85.32717253312964,15.63035880830334,-10.4820398760001,0.9831407783222096
28077.0,0.0182,0.9835,-0.0007,23.199053,16.492188,6.188272666666666,85.66755730573391,14.988796512822017,-10.4449102400001,0.9836686332297071
28089.0,0.0511,1.0093,-0.0538,26.206653,14.247888,5.478372666666666,86.0405606448933,13.905698981676354,-10.412040004000099,1.0120237843054876
28101.0,0.0741,1.0565,-0.0299,27.840253,15.957787999999999,6.936372666666666,86.42228792539306,12.47887754615163,-10.3704217680001,1.0595173759783272
28113.0,0.0662,1.0752,0.0176,25.221953,17.133387999999997,10.088972666666667,86.76054378782754,11.051601090176442,-10.3098879320001,1.0773798030406918
28125.0,0.0608,1.0819,0.0381,19.298253,16.553188,13.218772666666666,87.01760253941514,9.697021336262821,-10.2305752960001,1.0842766528889203
28137.0,0.0291,1.0582,-0.0042,9.405152999999999,20.140987999999997,16.142472666666666,87.15392083576225,8.353156330274693,-10.1337204600001,1.058608374234778
28149.0,-0.0345,1.0442,-0.0067,-1.739847000000001,27.896687999999997,14.630972666666667,87.1637592714671,7.155758638788967,-10.0459346240001,1.0447912614489079
28161.0,-0.0425,1.0289,0.0116,-12.999447000000002,30.285987999999996,7.501272666666666,87.04734519002682,6.179757144487754,-10.000926988000101,1.0298427161464996
28173.0,0.0062,0.9824,-0.0569,-21.579547,29.247887999999996,2.027972666666666,86.835893836914,4.801806465282718,-9.988759152000101,0.9840659581552449
28185.0,0.0305,1.0128,-0.1008,-25.831447,32.431088,0,86.57518308388276,2.778925306088456,-9.988759152000101,1.0182606395221214
28197.0,0.0328,1.0638,-0.0906,-27.739847,30.568488,0,86.29059755507367,0.44711204986746855,-9.988759152000101,1.0681547827913331
28209.0,0.0505,1.0374,-0.1626,-26.098647,27.240187999999996,1.1042726666666662,86.01626748007136,-2.1490106952727617,-9.9821335160001,1.0512791113686224
28221.0,0.0226,1.0046,-0.2108,-17.625347,27.980687999999997,4.058472666666666,85.82925519802606,-4.903972379703334,-9.9577826800001,1.0267271107748153
28233.0,-0.0065,0.9919,-0.1731,-6.984147000000002,25.446287999999996,4.088972666666666,85.75893619796541,-7.769204993795809,-9.9332488440001,1.0069118481773864
28245.0,-0.0133,0.9683,-0.1459,4.496752999999998,17.881487999999997,1.3485726666666662,85.8163554138577,-10.754720562622996,-9.9251574080001,0.9793204735938078
28257.0,0.0033,0.9668,-0.1024,15.992952999999998,6.431087999999999,-0.8728273333333338,86.00408852204163,-13.844259454475694,-9.9303943720001,0.9722133973567737
28269.0,0.0361,0.9888,-0.1073,24.916653,-3.172012000000002,-1.7736273333333339,86.2885214764445,-16.962934540950474,-9.9410361360001,0.9952597349435975
28281.0,0.0703,1.0236,-0.1073,30.015853,-5.736912000000002,-2.3537273333333335,86.622528382906,-19.98497227751144,-9.9551585000001,1.0316066789237068
28293.0,0.0941,1.0522,-0.068,30.000553,-3.859012000000001,-1.2239273333333338,86.94879575698694,-22.82440632963532,-9.9625020640001,1.0585856838253576
28305.0,0.1008,1.0685,-0.0531,25.328853,0,1.3256726666666663,87.21356333316282,-25.457652152915305,-9.9545480280001,1.074556885418357
28317.0,0.0845,1.0769,-0.0436,17.702852999999998,6.362387999999999,4.508872666666666,87.38456654080055,-27.884301620009055,-9.9274947920001,1.0810896447566223
28329.0,0.0543,1.0608,-0.0167,9.672353,12.118087999999998,5.837072666666666,87.46257857628491,-30.138206368062754,-9.8924723560001,1.0623201118307042
28341.0,0.047,1.0332,0.0166,3.5807529999999987,11.766988,5.249272666666666,87.47479238478208,-32.274360384443185,-9.8609767200001,1.034401662798354
28353.0,0.0555,0.9999,-0.0061,-0.7169470000000011,8.179187999999998,4.745472666666666,87.43973212773498,-34.34167227006947,-9.832503884000099,1.0014576725953024
28365.0,0.063,0.9972,-0.0322,-1.930747000000001,6.026487999999999,4.516472666666666,87.39128909941022,-36.34620262099002,-9.805405048000098,0.9997067970160051
28377.0,0.0719,1.0156,-0.0228,-2.075747000000001,3.2172879999999986,4.737872666666666,87.34236012658987,-38.27961776607149,-9.776977812000098,1.0183971769403135
28389.0,0.0736,1.0187,-0.0404,-2.327647000000001,0,5.9515726666666655,87.29002391622625,-40.173862933973304,-9.741268376000098,1.022154005030553
28401.0,0.0601,1.0187,-0.0687,-1.9459470000000012,1.0798879999999986,7.272172666666666,87.24084470529462,-42.03229497449379,-9.6976353400001,1.0227812033861396
28413.0,0.0409,1.0282,-0.0417,-2.465047000000001,2.003587999999999,7.913472666666666,87.18810146510694,-43.845715995796134,-9.650154504000099,1.0298577280381984
28425.0,0.0175,1.0289,-0.0522,-3.907847000000001,2.0111879999999984,7.272172666666666,87.12186666933806,-45.66548336739142,-9.6065214680001,1.0303719231423185
28437.0,0.0022,1.0148,-0.087,-4.610147000000001,5.324187999999999,5.195872666666666,87.04883073763992,-47.50879906807115,-9.5753462320001,1.018524854875913
28449.0,-0.0096,1.0114,-0.0707,-4.701747000000001,8.721187999999998,1.9821726666666661,86.97803438716245,-49.36495162473812,-9.5634531960001,1.0139135120906517
28461.0,-0.0056,0.9945,-0.0571,-3.655947000000001,9.087587999999998,-1.567427333333334,86.92317723428215,-51.24558990301682,-9.572857760000101,0.9961536126521854
28473.0,0.015,0.9961,-0.0267,-1.7551470000000013,5.606687999999998,-3.475827333333334,86.89540139641747,-53.13149141781347,-9.5937127240001,0.9965706698473521
28485.0,0.0289,1.0011,-0.0389,0,1.5837879999999986,-3.956827333333334,86.89014999557807,-55.0181553815721,-9.6174536880001,1.0022722334775118
28497.0,0.037,1.01,-0.0511,1.428052999999999,0,-4.399527333333334,86.90140288928595,-56.87667509686684,-9.643850852000101,1.0119684827108006
28509.0,0.0421,1.0217,-0.05,1.504352999999999,1.5150879999999987,-5.056027333333334,86.91284156529659,-58.66288924212068,-9.6741870160001,1.0237886989022686
28521.0,0.0432,1.0366,-0.012,0,1.4004879999999986,-6.216327333333334,86.90944461509346,-60.35582750437128,-9.711484980000101,1.0375691784165526
28533.0,0.0645,1.0432,0.0002,-2.739847000000001,-2.385712000000001,-7.430027333333333,86.876055222993,-61.952282721567485,-9.7560651440001,1.0451921019602088
28545.0,0.0997,1.0449,-0.0277,-5.991747000000001,-5.416212000000002,-6.811727333333334,86.8015420781681,-63.442872377087234,-9.7969355080001,1.0500111380361639
28557.0,0.1238,1.0378,-0.0847,-8.739847000000001,-3.7750120000000016,-4.307927333333334,86.68636158063863,-64.845348362319,-9.8227830720001,1.0485844601175434
28569.0,0.1262,1.0286,-0.1085,-10.342947,1.5837879999999986,-1.4835273333333336,86.54375094051595,-66.15394507358602,-9.831684236000099,1.041977279022916
28581.0,0.1079,1.0164,-0.109,-11.091047000000001,7.5608879999999985,1.2492726666666663,86.38679446335591,-67.38069630784915,-9.824188600000099,1.0279067905213974
28593.0,0.0747,1.0103,-0.0786,-11.022347000000002,10.446387999999999,3.0966726666666657,86.23115709002595,-68.5601211682782,-9.8056085640001,1.0161024259394327
28605.0,0.0432,0.9946,-0.0604,-10.342947,9.507387999999999,3.7149726666666663,86.08804162988888,-69.74736932656673,-9.783318728000099,0.9973683171226165
28617.0,0.0321,0.9856,-0.0312,-8.327647,3.5531879999999987,2.630972666666666,85.97582831296776,-70.98162626970817,-9.7675328920001,0.986616039804746
28629.0,0.0352,0.9956,-0.051,-5.655947000000001,-4.607112000000001,1.4325726666666663,85.89950254791017,-72.30535628348619,-9.7589374560001,0.9975266412482425
28641.0,0.0514,0.9963,-0.0779,-3.6024470000000015,-8.668212,0,85.84741080997668,-73.67803004508072,-9.7589374560001,1.000661811003098
28653.0,0.0641,0.9991,-0.1056,-2.2208470000000013,-8.103312,0,85.80802545413461,-75.05371591286634,-9.7589374560001,1.0067079914255175
28665.0,0.0742,1.0188,-0.108,-2.014647000000001,-4.278812000000002,1.394372666666666,85.7668885429022,-76.37967671372735,-9.750571220000099,1.0271918418679151
28677.0,0.0601,1.0193,-0.0889,-3.007047000000001,-0.8285120000000012,2.730272666666666,85.7130788172378,-77.65519055169597,-9.734189584000099,1.0249330270803065
28689.0,0.0425,1.0042,-0.0887,-4.037547000000001,1.0875879999999984,3.508872666666666,85.64768034727739,-78.9138966544999,-9.713136348000099,1.0090052428010472
28701.0,0.0243,0.9893,-0.0914,-3.968847000000001,2.3623879999999984,2.3867726666666664,85.5846738756263,-80.18050019388133,-9.698815712000098,0.993810313892948
28713.0,0.0187,0.9768,-0.1041,-2.678847000000001,2.8890879999999988,0,85.53722383679538,-81.4738628494923,-9.698815712000098,0.9825094096241521
28725.0,0.0306,0.9753,-0.0883,0,2.499787999999999,-2.3613273333333336,85.52201575693365,-82.77486252011188,-9.712983676000098,0.9797669825014517
28737.0,0.0455,0.9877,-0.0775,3.054052999999999,0,-3.3461273333333343,85.5430788443811,-84.08236075126784,-9.733060440000099,0.9917801117183184
28749.0,0.0582,1.0079,-0.075,5.786852999999999,-1.1796120000000014,-3.269727333333334,85.5955884421698,-85.36527478474379,-9.752678804000098,1.0123609287205824
28761.0,0.067,1.0131,-0.0502,7.6799529999999985,-2.1185120000000013,-3.0560273333333337,85.67089715086928,-86.59611117611104,-9.771014968000099,1.0165533188180538
28773.0,0.0814,1.0244,-0.0327,7.336452999999999,-4.492612000000001,-2.5980273333333335,85.74271319772139,-87.76734373493633,-9.7866031320001,1.0281491185620888
28785.0,0.0913,1.0349,-0.0438,5.741052999999999,-5.233012000000002,-1.1858273333333338,85.79433079012831,-88.86496416986014,-9.793718096000099,1.0398423630531697
28797.0,0.0867,1.0394,-0.0627,3.3593529999999987,-2.355212000000001,0,85.81551137136876,-89.87476039146703,-9.793718096000099,1.0448925973515173
28809.0,0.0796,1.0345,-0.0514,1.2677529999999988,1.4615879999999986,1.150072666666666,85.81177385105063,-90.7882740146523,-9.786817660000098,1.0388302893158248
28821.0,0.0602,1.0211,-0.0283,-0.9307470000000011,2.9882879999999985,1.638672666666666,85.78551813961275,-91.63416561655792,-9.776985624000098,1.023264452622097
28833.0,0.0487,1.0143,-0.0381,-2.663547000000001,3.003587999999999,1.7149726666666663,85.74237990945616,-92.45311817939618,-9.766695788000098,1.0161829510476938
28845.0,0.0359,1.0089,-0.0435,-3.5719470000000015,4.515087999999999,1.2263726666666661,85.69264455461716,-93.24628199432273,-9.759337552000098,1.0104752693658563
28857.0,0.026,1.0104,-0.0099,-4.732247000000001,4.8432879999999985,0,85.63661460623166,-94.00286364619436,-9.759337552000098,1.0107829490053737
28869.0,0.0348,1.007,0.0143,-6.640647000000001,1.0340879999999986,-1.3079273333333339,85.56603670525423,-94.73319361758902,-9.767185116000098,1.0077025999767986
28881.0,0.0476,1.0221,0.0107,-9.342947,-3.8437120000000013,-1.8499273333333337,85.46973445097584,-95.43844867206639,-9.778284680000098,1.0232637294461286
28893.0,0.0677,1.0353,-0.0325,-12.816247,-5.744512000000002,-1.3079273333333339,85.33387670317857,-96.12514460001951,-9.786132244000099,1.0380200527928158
28905.0,0.0741,1.0356,-0.08,-15.434547000000002,-2.7140120000000016,0,85.16559104947358,-96.7953179300779,-9.786132244000099,1.0413251989652417
28917.0,0.0668,1.0254,-0.0864,-17.213147000000003,2.4386879999999986,0.6233726666666661,84.9758889245998,-97.4327062975144,-9.782392008000098,1.0311994763381138
28929.0,0.0507,1.0155,-0.0815,-18.465047000000002,6.606687999999998,1.0737726666666663,84.77332114486508,-98.05282029268055,-9.775949372000099,1.0200259751594567
28941.0,0.0387,1.0131,-0.0717,-18.175047000000003,6.644787999999998,0,84.57807218062042,-98.70043159159594,-9.775949372000099,1.0163710887269473
28953.0,0.0416,1.0023,-0.074,-15.808547,3.285987999999999,-0.7812273333333339,84.41383627632871,-99.41004381242641,-9.7806367360001,1.0058885872699819
28965.0,0.042,1.0031,-0.1028,-11.358247,0,-0.9262273333333337,84.30206007427834,-100.20299061599994,-9.786194100000099,1.009228145663804
28977.0,0.0544,1.0123,-0.1213,-6.091047000000001,-1.8895120000000012,-1.5903273333333339,84.24901557738642,-101.05429631320105,-9.7957360640001,1.0209918412994297
28989.0,0.0625,1.0067,-0.1187,-0.9230470000000013,-1.3475120000000014,-1.422427333333334,84.25239650660637,-101.9137593630698,-9.804270628000099,1.0155987544301144
29001.0,0.0594,1.0143,-0.0964,3.924252999999999,-1.3628120000000012,0,84.31009090617705,-102.7688449099898,-9.804270628000099,1.0206007103662038
29013.0,0.048,1.0188,-0.0653,6.641752999999999,-2.637612000000001,0,84.39983786007652,-103.62148942513834,-9.804270628000099,1.0220183608918187
29025.0,0.0356,1.0085,-0.0464,7.458552999999998,-3.683412000000001,0,84.50094856451837,-104.46757818948547,-9.804270628000099,1.0101943228904031
29037.0,0.03,1.0145,-0.0438,6.496752999999999,-3.2559120000000017,0,84.59259214221875,-105.29403193232704,-9.804270628000099,1.0158881286834687
29049.0,0.0294,1.0056,-0.0431,4.825052999999999,-1.6605120000000015,-0.9186273333333339,84.6662474441982,-106.0875501971641,-9.809782392000098,1.0069524963969254
29061.0,0.0212,1.0,-0.0128,3.916652999999999,-0.7979120000000015,-2.0026273333333338,84.73415417326417,-106.84035440511367,-9.821798156000098,1.000306593000366
29073.0,0.0214,1.0078,-0.0011,2.534952999999999,-2.8056120000000013,-3.262127333333334,84.79131490770655,-107.57429131133362,-9.841370920000097,1.0080277823552286
29085.0,0.0365,1.0038,-0.0054,1.145652999999999,-4.9124120000000016,-4.804127333333334,84.83563750022927,-108.2733913160244,-9.870195684000096,1.0044778992093355
29097.0,0.0573,1.0156,-0.0305,0,-4.881912000000002,-5.124727333333334,84.86608416631067,-108.9155658076378,-9.900944048000097,1.0176722949948083
29109.0,0.0688,1.0232,-0.0415,0,-3.0651120000000014,-4.552227333333334,84.89453104277032,-109.4839064595033,-9.928257412000097,1.0263498087884073
29121.0,0.0687,1.0219,-0.0181,0,-1.5231120000000016,-3.7507273333333337,84.92288595888988,-109.95893883198815,-9.950761776000096,1.0243665896543093
29133.0,0.063,1.0236,0.0099,-0.953647000000001,-2.859012000000001,-2.979727333333334,84.94217131736829,-110.34954304419692,-9.968640140000096,1.0255846966486972
29145.0,0.0697,1.0142,-0.0017,-2.7704470000000008,-4.950612000000001,-2.544527333333334,84.94032141991295,-110.68089740479382,-9.983907304000097,1.0165936356283172
29157.0,0.0776,1.0088,-0.0414,-4.381147000000001,-4.393312000000002,-2.178127333333334,84.91669903002786,-110.98304368390843,-9.996976068000096,1.012626861188266
29169.0,0.0867,0.9967,-0.0663,-4.869647000000001,0,-1.6972273333333339,84.88272449347664,-111.24069622876284,-10.007159432000096,1.0026582019811139
29181.0,0.084,1.0105,-0.0377,-4.0681470000000015,3.9806879999999984,0,84.85640887220492,-111.42152671779432,-10.007159432000096,1.0146859317049783
29193.0,0.0737,1.0189,0.0121,-4.266647000000001,3.4233879999999983,0.9668726666666662,84.82993508474922,-111.52358141977429,-10.001358196000096,1.0216336476447905
29205.0,0.0616,1.0193,0.0182,-6.014647000000001,0,2.707372666666666,84.7860897486009,-111.5869872788107,-9.985113960000096,1.021321834682878
29217.0,0.0394,1.011,-0.0081,-8.342947,-1.4010120000000015,3.302772666666666,84.71893500578426,-111.6495328951452,-9.965297324000096,1.011799866574413
29229.0,0.0317,1.0067,-0.0323,-10.014647000000002,0,2.119572666666666,84.63596845089515,-111.72489337049362,-9.952579888000095,1.007716760801367
29241.0,0.0256,1.0127,-0.0321,-10.770447,1.6829879999999986,0.6538726666666661,84.54864791402156,-111.81329143261125,-9.948656652000095,1.0135319728553214
29253.0,0.0354,1.0251,-0.0126,-11.213147000000001,0.5989879999999985,-0.8728273333333338,84.46052390733648,-111.90289379396708,-9.953893616000094,1.0257884431012079
29265.0,0.0492,1.0289,-0.0238,-10.663547000000001,-2.355212000000001,-0.8194273333333337,84.38107936488329,-112.02386630186766,-9.958810180000095,1.0303505665548982
29277.0,0.0548,1.0323,-0.0581,-9.113947000000001,-3.2407120000000016,0.6004726666666662,84.31951869740035,-112.20589919340438,-9.955207344000094,1.0353849235912216
29289.0,0.0378,1.0167,-0.0551,-7.785647000000001,-1.9201120000000014,1.9134726666666662,84.27466082218778,-112.42591585137927,-9.943726508000093,1.0188933899088755
29301.0,0.0178,1.0093,-0.0415,-6.785647000000001,-0.7598120000000015,1.539372666666666,84.24485416042664,-112.67935091450948,-9.934490272000094,1.0103096456037626
29313.0,0.0093,0.9999,-0.0148,-6.671147000000001,-0.7216120000000013,0,84.22152228193869,-112.94211650645661,-9.934490272000094,1.000052768607737
29325.0,0.0101,1.0087,0.0021,-7.648247000000001,-2.484912000000002,-2.6285273333333334,84.19232633888979,-113.2025129798689,-9.950261436000094,1.008752749686463
29337.0,0.0302,1.0233,-0.0197,-8.045247000000002,-4.691112000000002,-4.735427333333334,84.16050407848346,-113.48153683940022,-9.978674000000094,1.023935066300593
29349.0,0.0576,1.0338,-0.0211,-6.9001470000000005,-4.698712000000002,-5.147627333333334,84.14149065875178,-113.71934744667438,-10.009559764000095,1.0356183708297184
29361.0,0.0682,1.042,-0.0114,-6.037547000000001,-5.1796120000000005,-4.002627333333334,84.13136526342413,-113.8959437906653,-10.033575528000094,1.0442917216946614
29373.0,0.0676,1.0366,-0.0049,-5.8238470000000016,-5.561312000000001,-2.5980273333333335,84.12271232917026,-114.00863514095636,-10.049163692000095,1.038813424056505
29385.0,0.0627,1.0254,0.0016,-6.358247000000001,-5.278812000000002,-1.3537273333333337,84.10740925575347,-114.05118772229933,-10.057286056000095,1.02731641182257
29397.0,0.0504,1.019,0.0201,-8.800947,-5.042212000000001,-1.1247273333333339,84.06499849722627,-114.00352399048901,-10.064034420000095,1.0204436143168323
29409.0,0.0459,1.019,0.0181,-11.945947,-4.958212000000001,-1.865227333333334,83.98777397120547,-113.8819156560704,-10.075225784000095,1.0201938149194985
29421.0,0.056,1.0314,0.007,-14.350547,-4.9048120000000015,-2.2850273333333337,83.88350343771782,-113.7131363198929,-10.088935948000096,1.0329428638603397
29433.0,0.0657,1.0339,-0.0074,-15.503247000000002,-4.584212000000001,-1.5522273333333338,83.76603727646341,-113.52820507715923,-10.098249312000096,1.0360118049520477
29445.0,0.0546,1.0288,-0.0161,-15.312447000000002,-3.5460120000000015,0,83.65259373857609,-113.3449693754198,-10.098249312000096,1.030373626409372
29457.0,0.0428,1.016,-0.0199,-13.350547,-3.2254120000000017,0,83.565089191873,-113.18471389726548,-10.098249312000096,1.0170957919488213
29469.0,0.026,1.0148,0.0074,-10.800947,-3.7140120000000016,0,83.5123566767915,-113.0021732948572,-10.098249312000096,1.0151599873911499
29481.0,0.0151,1.0059,0.0364,-9.419247,-6.996412000000001,-1.3384273333333339,83.48127826816538,-112.76228253093787,-10.106279876000096,1.006671634645578
29493.0,0.0265,1.0154,0.0391,-9.289547,-9.507812000000001,-2.223927333333334,83.45466712651957,-112.44335594222325,-10.119623440000096,1.0164980177058882
29505.0,0.0314,1.0259,0.0488,-10.839147,-10.263612,-2.3690273333333343,83.41142581822258,-112.00312518105022,-10.133837604000096,1.0275398824376598
29517.0,0.0282,1.0193,0.0509,-13.816247,-9.881912000000002,-2.3842273333333335,83.33467801739374,-111.43309335935568,-10.148142968000096,1.020959617222934
29529.0,0.0211,1.0189,0.0544,-17.930747,-8.164312,-2.5293273333333337,83.21173005954344,-110.71605445072487,-10.163318932000097,1.0205693411032881
29541.0,0.0078,1.0165,0.0602,-22.518547,-6.568912000000001,-3.5980273333333344,83.03833775555613,-109.83657433478726,-10.184907096000098,1.0183109201025
29553.0,0.0114,0.9851,0.0585,-25.510847000000002,-5.736912000000002,-5.208727333333334,82.83305844452799,-108.82859319541228,-10.216159460000098,0.9869013223215378
29565.0,0.0153,0.9832,0.0768,-26.701747,-7.324612,-6.010227333333334,82.61550257427035,-107.706534142358,-10.252220824000098,0.9863136265914609
29577.0,0.0083,0.9806,0.0828,-26.671147,-11.439112000000002,-7.140027333333334,82.39986338285429,-106.50728715223721,-10.295060988000097,0.9841245297217217
29589.0,0.0132,0.9783,0.1069,-25.945947,-16.820812000000004,-8.674327333333334,82.19131610723333,-105.2533945298944,-10.347106952000097,0.9842117353496654
29601.0,0.0376,0.9932,0.0967,-25.938347,-22.416212,-9.254527333333334,81.9809326119097,-104.0420854175409,-10.402634116000097,0.9986044712497536
29613.0,0.0533,1.0167,0.0936,-27.465047000000002,-24.156712000000002,-8.796527333333334,81.75078457274729,-102.86876860481242,-10.455413280000098,1.0223897202143613
29625.0,0.0648,1.0187,0.0978,-30.640647,-23.492612,-8.140027333333334,81.48142319075174,-101.71958562024649,-10.504253444000097,1.0254333571714935
29637.0,0.0737,1.0265,0.1063,-33.846747,-22.897212000000003,-6.689627333333334,81.17265006801001,-100.59772180236673,-10.544391208000098,1.034617625019021
29649.0,0.0739,1.0343,0.1075,-36.457447,-22.484912,-3.6285273333333343,80.83292818386381,-99.50133799438606,-10.566162372000099,1.0424941007027329
29661.0,0.0605,1.0232,0.1249,-39.228447,-22.652912000000004,-0.9644273333333337,80.4607064022732,-98.40659688706566,-10.571948936000098,1.0325688839007305
29673.0,0.0563,1.0017,0.1221,-41.663547,-23.049812000000003,0.8905726666666661,80.06154608835405,-97.31814137143472,-10.566605500000097,1.0106834271917198
29685.0,0.0472,0.9872,0.1294,-43.457447,-22.118512000000003,1.9210726666666662,79.64370393272343,-96.20997307012139,-10.555079064000097,0.9967627802039961
29697.0,0.0447,0.9867,0.1477,-44.083347,-22.385712,1.7683726666666661,79.22006123792177,-95.0897926592738,-10.544468828000097,0.9986942825509717
29709.0,0.0582,0.993,0.1428,-43.022347,-23.156712000000002,1.8828726666666662,78.81104655524122,-93.98674943537016,-10.533171592000096,1.0049020250750815
29721.0,0.0586,0.9974,0.1733,-41.167347,-23.736912000000004,3.0966726666666657,78.42324470923157,-92.88776124651037,-10.514591556000097,1.0140382685086395
29733.0,0.0488,1.0096,0.2157,-41.258947,-25.042212000000003,3.806572666666666,78.03040602225232,-91.7819858621737,-10.491752120000097,1.0335376577561168
29745.0,0.0558,1.0131,0.2532,-44.266647,-26.004012000000003,4.417272666666666,77.59524966565053,-90.67002606178087,-10.465248484000098,1.0457511606496068
29757.0,0.0576,1.0319,0.2831,-50.633047,-26.385712,6.119572666666666,77.07764293312006,-89.54900554035945,-10.428531048000098,1.0715787325250536
29769.0,0.043,1.033,0.2681,-60.945947000000004,-24.278812000000002,7.379072666666666,76.43655296044716,-88.39244183774488,-10.384256612000097,1.0680897012891752
29781.0,0.0276,1.0114,0.2585,-71.091047,-18.828512000000003,6.577572666666666,75.6787306809929,-87.16082129227696,-10.344791176000097,1.0442767688692496
29793.0,0.0094,0.9962,0.2699,-79.518547,-14.309412,4.875272666666666,74.82660323115647,-85.86008658095069,-10.315539540000097,1.0321573571893
29805.0,0.0061,0.984,0.2667,-85.274247,-13.546012000000001,3.050872666666666,73.91448849082269,-84.54168359542741,-10.297234304000098,1.0195205245604426
29817.0,0.0105,0.9719,0.2593,-87.762747,-15.072712000000001,1.4096726666666661,72.98322661255315,-83.24213680822862,-10.288776268000097,1.00595047094775
29829.0,0.0189,0.9772,0.2465,-88.510847,-16.576512,0,72.05571384789576,-81.97074843319535,-10.288776268000097,1.007987747941412
29841.0,0.0293,0.9785,0.2266,-89.281847,-15.843712000000002,0,71.13416735060146,-80.71043121833348,-10.288776268000097,1.004822521642504
29853.0,0.0228,0.9735,0.22,-89.869647,-12.591812000000001,-1.399527333333334,70.22167997840423,-79.42906553261636,-10.297173432000097,0.998309616301476
29865.0,0.0284,0.9697,0.2308,-90.007047,-9.698712,-3.292627333333334,69.32223238665603,-78.13433572153798,-10.316929196000096,0.9971927045461173
29877.0,0.038,0.9647,0.2296,-87.266647,-9.179612,-4.590327333333334,68.46959939224013,-76.86029759844402,-10.344471160000095,0.9923740474236517
29889.0,0.0439,0.9448,0.2284,-81.968847,-11.248312,-4.819427333333334,67.69279797045102,-75.64010245202405,-10.373387724000095,0.9730060688402719
29901.0,0.0546,0.9336,0.2172,-74.976547,-13.088012,-4.773627333333334,67.01132447089333,-74.47614719864845,-10.402029488000094,0.9600864336089746
29913.0,0.0651,0.9274,0.2424,-67.732247,-13.202512,-4.811727333333334,66.42330394052966,-73.34900714646925,-10.430899852000094,0.9607635140865831
29925.0,0.0699,0.9166,0.286,-62.671147,-14.752112000000002,-4.857527333333334,65.89648200682278,-72.27146690767073,-10.460045016000095,0.9627240362637675
29937.0,0.0875,0.9185,0.2888,-59.419247,-15.973512000000001,-4.659027333333334,65.40863805478,-71.24553260012758,-10.487999180000095,0.9668008791886775
29949.0,0.0997,0.916,0.3083,-57.487947,-15.072712000000001,-3.8728273333333343,64.94184529793255,-70.24649407572583,-10.511236144000096,0.9716197713097444
29961.0,0.1025,0.9161,0.3271,-56.258947,-14.591812000000003,-1.758327333333334,64.4863450691426,-69.2753035772519,-10.521786108000097,0.978130804136134
29973.0,0.0804,0.8966,0.3242,-54.823847,-14.462012,0.6691726666666662,64.04581149317698,-68.32412168122153,-10.517771072000096,0.9567974498293774
29985.0,0.052,0.8619,0.3286,-51.839147000000004,-13.866612000000002,1.0355726666666663,63.63833196577063,-67.37445433190571,-10.511557636000097,0.9238796296055023
29997.0,0.0355,0.8334,0.3556,-48.304747,-13.546012000000001,0,63.26709968818384,-66.42195059001428,-10.511557636000097,0.9067894849412405
30009.0,0.0322,0.8282,0.3846,-45.205547,-13.889512000000002,-2.193427333333334,62.92402200320522,-65.47373265632947,-10.524718200000097,0.9137117926348549
30021.0,0.0447,0.8464,0.4208,-44.007047,-14.775012000000002,-3.689627333333334,62.58388238801958,-64.54142675241177,-10.546855964000097,0.9462894324676779
30033.0,0.0607,0.8468,0.4222,-44.930747000000004,-15.370412,-3.758327333333334,62.222894722341294,-63.629343371990146,-10.569405928000096,0.948160097240967
30045.0,0.0587,0.8331,0.4093,-45.877247000000004,-12.874312000000002,-2.949127333333334,61.84373436671944,-62.701695536540846,-10.587100692000096,0.9300687017634772
30057.0,0.0427,0.8176,0.428,-45.457447,-10.042212000000001,-3.1094273333333335,61.461723046160564,-61.74903627528556,-10.605757256000096,0.9238382163560891
30069.0,0.0381,0.8152,0.4755,-44.083347,-10.011712000000001,-4.536927333333334,61.08423268510906,-60.80250862532331,-10.632978820000096,0.94451199039504
30081.0,0.0448,0.8029,0.5109,-43.602447,-13.950612000000001,-5.651427333333334,60.6979067970823,-59.911310334207485,-10.666887384000097,0.9527194025525039
30093.0,0.0649,0.8135,0.5055,-43.556647,-16.004012000000003,-5.575127333333334,60.300746292481065,-59.06013621628062,-10.700338148000096,0.9599606814864867
30105.0,0.0737,0.8126,0.514,-44.793347000000004,-15.782712000000002,-4.689627333333334,59.87869588361699,-58.22395828045787,-10.728475912000096,0.9643373113179848
30117.0,0.0681,0.7927,0.5143,-45.877247000000004,-14.881912000000002,-3.697227333333334,59.43492619085565,-57.39281440439921,-10.750659276000096,0.9473728885713375
30129.0,0.0436,0.7592,0.5211,-46.487947,-13.675812,-3.2545273333333338,58.97497847365261,-56.55625496257769,-10.770186440000096,0.9218626850024899
30141.0,0.0325,0.7393,0.5455,-47.419247,-12.462012000000001,-5.170527333333334,58.49347718664724,-55.71170082736089,-10.801209604000096,0.9193426945377876
30153.0,0.0461,0.7357,0.579,-49.075747,-11.927712000000001,-8.613227333333334,57.98017923518034,-54.871362663246906,-10.852888968000096,0.9373476942949185
30165.0,0.0839,0.7355,0.5952,-51.121547,-11.859012000000002,-10.292627333333334,57.43106555561612,-54.05052729551459,-10.914644732000097,0.9498749917752335
30177.0,0.1113,0.7336,0.6064,-53.457447,-10.668212,-9.437727333333335,56.843983320364764,-53.241279652950304,-10.971271096000097,0.9582680261805672
30189.0,0.1195,0.7332,0.6306,-56.953647000000004,-9.607112,-7.544527333333335,56.20556305821046,-52.44463498503882,-11.016538260000097,0.9744325784783676
30201.0,0.1227,0.7229,0.6113,-61.381147,-8.645312,-5.208727333333334,55.509379102829776,-51.66146199481465,-11.047790624000097,0.9546346892921921
30213.0,0.1122,0.7103,0.562,-64.419247,-4.9353120000000015,-3.3995273333333342,54.77905378931129,-50.857229837032286,-11.068187788000097,0.9126658369852573
30225.0,0.0922,0.6931,0.533,-63.999447,1.5760879999999986,-3.040727333333334,54.05915175157927,-49.995167743470425,-11.086432152000096,0.8791913614225291
30237.0,0.0687,0.6649,0.5709,-61.724647000000004,6.881487999999999,-4.865227333333334,53.36664871585079,-49.083940617097255,-11.115623516000097,0.879055464689231
30249.0,0.0647,0.6804,0.6218,-58.083347,7.614287999999998,-8.086527333333335,52.7143233691998,-48.17634614122602,-11.164142680000097,0.9239943127530602
30261.0,0.0884,0.714,0.6711,-55.716947000000005,5.827987999999999,-10.544527333333335,52.085203826296926,-47.30623062806017,-11.227409844000098,0.9838626784262121
30273.0,0.1166,0.76,0.7102,-55.968847000000004,2.6600879999999987,-10.017827333333335,51.44915362405584,-46.49390509114998,-11.287516808000097,1.0466993837774052
30285.0,0.14,0.7645,0.7029,-58.381147,1.7745879999999987,-6.773627333333334,50.78357579797059,-45.71569492558567,-11.328158572000097,1.0479163420807978
30297.0,0.1204,0.7504,0.7175,-61.701747000000005,3.8661879999999984,-2.8194273333333335,50.07788866858223,-44.93065576720139,-11.345075136000098,1.0451806398895838
30309.0,0.0836,0.723,0.7395,-65.289547,6.026487999999999,-1.1629273333333339,49.32787770120336,-44.13031868781141,-11.352052700000097,1.03758286897963
30321.0,0.0522,0.6907,0.7614,-69.495647,6.148587999999998,-2.208727333333334,48.52496974915644,-43.333464586746224,-11.365305064000097,1.029330505717187
30333.0,0.0455,0.6641,0.7572,-73.449847,7.5913879999999985,-4.292627333333334,47.673557878633325,-42.524958405549505,-11.391060828000096,1.0081918964165502
30345.0,0.0472,0.6661,0.7441,-76.991747,11.087587999999998,-6.598027333333334,46.78258898037063,-41.682897320564656,-11.430648992000096,0.9998009101816221
30357.0,0.0519,0.6411,0.7491,-78.144447,14.957787999999999,-7.3613273333333336,45.880013127104895,-40.80536923305725,-11.474816956000096,0.9873467627941057
30369.0,0.0378,0.6196,0.7876,-79.549047,15.308888,-6.903327333333334,44.959812188980216,-39.93220969991441,-11.516236920000095,1.0028194054763797
30381.0,0.0184,0.5933,0.7769,-82.404047,15.163887999999998,-8.827027333333334,44.006123160850194,-39.06729745388524,-11.569199084000095,0.9777101104110565
30393.0,0.0387,0.5684,0.7551,-85.052847,17.881487999999997,-13.017827333333335,43.02336646830571,-38.181865662470784,-11.647306048000095,0.9459134527006157
30405.0,0.0797,0.5634,0.7578,-86.762747,22.270787999999996,-16.47582733333333,42.02377968720958,-37.264043653291914,-11.746161012000094,0.9476457618751851
30417.0,0.12,0.585,0.8022,-87.991747,23.011187999999997,-16.911027333333333,41.01285531109221,-36.36302661092085,-11.847627176000094,1.0000749171937071
30429.0,0.1475,0.6165,0.8088,-89.129147,19.652487999999998,-13.269727333333334,39.99560861410805,-35.53002321125823,-11.927245540000094,1.0276117652109673
30441.0,0.1373,0.6263,0.7778,-90.091047,17.728787999999998,-7.5903273333333345,38.97898029280858,-34.7444442628873,-11.972787504000094,1.0080058630781867
30453.0,0.0919,0.5992,0.7805,-90.602447,17.079887999999997,-2.1094273333333335,37.966963987650345,-33.98229339880502,-11.985444068000094,0.9882643877019954
30465.0,0.0339,0.5381,0.7778,-91.968847,15.438687999999999,1.4706726666666663,36.94570696091924,-33.24584321562356,-11.976620032000094,0.946400369822413
30477.0,-0.0348,0.4784,0.7406,-93.98414700000001,15.186787999999998,0.9286726666666661,35.90694226107077,-32.509165207190925,-11.971047996000094,0.8823638478541604
30489.0,-0.0729,0.4292,0.6874,-94.640647,19.682987999999998,-4.460627333333334,34.86776552687181,-31.712909444459395,-11.997811760000094,0.8136619752698292
30501.0,-0.0791,0.3876,0.6735,-92.816247,24.591388,-10.201027333333334,33.855235506478024,-30.854428309216733,-12.059017924000093,0.7810843872463461
30513.0,-0.0712,0.3771,0.6853,-88.251347,27.156287999999996,-15.246827333333334,32.89993606902167,-29.96544748814872,-12.150498888000094,0.7854361463543679
30525.0,-0.048,0.379,0.7098,-81.594847,25.744087999999998,-18.330827333333332,32.024626366776396,-29.098514421650815,-12.260483852000094,0.8060775645060467
30537.0,-0.0309,0.3853,0.7281,-74.373447,20.186787999999996,-18.70482733333333,31.234866252646906,-28.305797414126015,-12.372712816000094,0.8243424713066773
30549.0,-0.0253,0.3649,0.7173,-67.503247,15.125687999999998,-18.300327333333332,30.524844355803697,-27.581763299838276,-12.482514780000095,0.8051778623385023
30561.0,-0.0214,0.3575,0.7252,-61.045247,13.125687999999998,-18.64382733333333,29.88807879983755,-26.89031071364828,-12.594377744000095,0.808813482825305
30573.0,-0.0295,0.3868,0.7346,-57.549047,11.812788,-18.208727333333332,29.292202612948028,-26.221957353384006,-12.703630108000095,0.8307356077597734
30585.0,-0.0203,0.377,0.6938,-54.747547000000004,13.621887999999998,-18.32322733333333,28.731279921294487,-25.541648971978358,-12.813569472000095,0.7898731100626226
30597.0,-0.0414,0.342,0.7257,-51.869647,17.614288,-16.37662733333333,28.200061826118993,-24.820961731137746,-12.911829236000095,0.8033171540556071
30609.0,-0.1044,0.287,0.7535,-48.541447,16.560888,-17.972027333333333,27.69621701985776,-24.11080160692831,-13.019661400000095,0.8130378896459868
30621.0,-0.1027,0.2379,0.741,-43.472747,14.011187999999999,-22.987327333333333,27.236637041206976,-23.43053146577506,-13.157585364000095,0.7849998089171742
30633.0,-0.0776,0.2483,0.7515,-36.251347,14.316588,-26.918627333333333,26.848392395603085,-22.751495116063268,-13.319097128000095,0.7952527271251573
30645.0,-0.0679,0.2646,0.8142,-29.640647,12.499787999999999,-28.689627333333334,26.522795556626523,-22.101495813568903,-13.491234892000096,0.8588045237421611
30657.0,-0.054,0.2603,0.8616,-26.182647000000003,8.438687999999999,-29.361327333333332,26.220433114264136,-21.509517685674133,-13.667402856000095,0.9016799044006693
30669.0,-0.0486,0.2906,0.8904,-27.190247,5.805087999999999,-30.45292733333333,25.892992793388927,-20.95897468494439,-13.850120420000096,0.937881911543239
30681.0,-0.0302,0.2717,0.8326,-32.243747,9.545587999999999,-31.85752733333333,25.496695830335664,-20.376594058466225,-14.041265584000096,0.8763308108243143
30693.0,-0.0212,0.2629,0.7952,-36.564347,21.431088,-32.84232733333333,25.04422225549312,-19.668187507173815,-14.238319548000096,0.8378000298400569
30705.0,-0.0635,0.2345,0.7812,-37.892547,32.064688,-33.02552733333333,24.570305837868116,-18.844432888300815,-14.436472712000096,0.8181050910488212
30717.0,-0.1267,0.1788,0.7866,-31.449847,36.682988,-34.33082733333333,24.160667201198745,-17.969548976512005,-14.642457676000097,0.8165548909901893
30729.0,-0.187,0.1223,0.8683,-21.785647,32.461588,-39.04842733333333,23.842316605989296,-17.141942411904704,-14.876748240000097,0.8965886347707068
30741.0,-0.1863,0.1012,0.9408,-15.320047000000002,23.209687999999996,-47.483527333333335,23.572980421043244,-16.42329460111385,-15.161649404000098,0.9643929541426565
30753.0,-0.0928,0.1547,0.9329,-14.442147,20.125687999999997,-55.483527333333335,23.29732955564894,-15.754052483135567,-15.494550568000099,0.9501822667257056
30765.0,-0.0117,0.2264,0.9186,-15.274247000000003,25.553188,-56.89572733333333,23.007840359689318,-15.044310163072067,-15.835924932000099,0.9461605624839792
30777.0,-0.0159,0.2462,0.9344,-14.098647000000001,30.698287999999998,-52.552227333333335,22.731330751395344,-14.296587888707727,-16.1512382960001,0.9664215488077654
30789.0,-0.1276,0.3179,0.9851,-11.190247000000001,27.995987999999997,-47.246827333333336,22.495242955499563,-13.588402311948824,-16.434719260000097,1.042959337654158
30801.0,-0.2474,0.2086,1.0477,-8.900147,19.560888,-51.735427333333334,22.275525973667968,-12.972377312010197,-16.745131824000097,1.0965381935892613
30813.0,-0.2727,0.2125,1.1489,-11.625347000000001,9.087587999999998,-60.97972733333333,22.01180613742251,-12.471923330153354,-17.111010188000098,1.1997886272173113
30825.0,-0.2081,0.2307,1.1807,-23.610147,0,-71.54452733333333,21.599783836529618,-12.079899260405464,-17.540277352000096,1.2208933573412546
30837.0,-0.0901,0.29,1.069,-39.984147,0.6524879999999986,-75.79652733333333,21.00309023698608,-11.69327931658468,-17.995056516000098,1.111296094657045
30849.0,-0.0498,0.3436,0.9603,-50.388747,9.736387999999998,-70.03312733333333,20.305121652228213,-11.21546788777772,-18.415255280000096,1.0211351967296005
30861.0,-0.1946,0.3677,1.0444,-57.694047,11.858588,-63.643827333333334,19.542834183206434,-10.713220645472157,-18.797118244000096,1.1242080812732134
30873.0,-0.2749,0.1898,1.0542,-63.07574700000001,3.3241879999999986,-70.33842733333333,18.71912800190828,-10.3041821387681,-19.219148808000096,1.105862419110081
30885.0,-0.2494,0.2158,1.001,-65.075747,-2.2712120000000016,-76.51402733333333,17.880979535183133,-9.95604369120219,-19.678232972000096,1.053931212176582
30897.0,-0.2238,0.2295,1.0283,-67.365847,-7.744512,-78.68192733333333,17.02685629467779,-9.67102788635663,-20.150324536000095,1.0771061136211233
30909.0,-0.2162,0.2159,0.9718,-72.022347,-14.156712,-77.40712733333334,16.130005234123885,-9.459659049158603,-20.614767300000096,1.0187003926572327
30921.0,-0.2531,0.2061,0.8518,-75.121547,-16.263612000000002,-75.60562733333333,15.212159151900414,-9.263973306475993,-21.068401064000096,0.9121951874461957
30933.0,-0.3236,0.1132,0.7859,-70.526147,-13.912412000000002,-76.74302733333333,14.355442320953092,-9.022617375992748,-21.528859228000094,0.857420556086685
30945.0,-0.4313,0.1072,0.8379,-62.84674700000001,-17.347512000000002,-81.35372733333334,13.592937482961547,-8.79484457291738,-22.016981592000093,0.9484660984979906
30957.0,-0.4912,0.0804,0.9093,-57.014647000000004,-31.950612000000003,-95.74302733333333,12.896830461714561,-8.709728814748509,-22.591439756000092,1.0366137612437913
30969.0,-0.3342,0.064,0.856,-56.831447000000004,-44.561312,-114.32322733333334,12.20127100315637,-8.761027675069618,-23.27737912000009,0.9211523435349876
30981.0,-0.0786,0.1475,0.6898,-58.755147,-37.240712,-120.72012733333334,11.497855068719296,-8.737771532494172,-24.001699884000093,0.7097592901822419
30993.0,0.0604,0.1571,0.5922,-59.197947,-13.240712,-112.16292733333333,10.808489297900765,-8.459067333195582,-24.674677448000093,0.6156536445112625
31005.0,0.042,0.0897,0.6373,-53.732247,9.431087999999999,-99.86522733333334,10.192239273666184,-7.943745053106781,-25.273868812000092,0.6449506802849346
31017.0,-0.0719,0.0284,0.7831,-41.335347,13.140987999999998,-87.33842733333333,9.717091496614977,-7.4070540058050085,-25.797899376000093,0.786906462039803
31029.0,-0.2549,0.036,0.89,-26.900147,-4.965912000000001,-79.63612733333333,9.403315800549974,-7.08369964316218,-26.275716140000092,0.926482601023894
31041.0,-0.3927,-0.0552,0.9196,-14.854347,-28.721612000000004,-85.23922733333333,9.208638636174113,-7.0201731643531335,-26.787151504000093,1.0014611774801858
31053.0,-0.3656,-0.1196,0.8701,-9.426947000000002,-38.729212,-100.84992733333333,9.048771956312384,-7.0546642838449305,-27.392251068000093,0.9513367069550086
31065.0,-0.2152,-0.0657,0.8969,-9.220847000000001,-34.637612,-112.19342733333333,8.872111513850948,-7.041465980522087,-28.065411632000092,0.9246929977024807
31077.0,-0.1117,0.0133,0.9645,-13.136847000000001,-34.042212,-112.68962733333333,8.642512667504837,-7.037519366810612,-28.741549396000092,0.9710376048330981
31089.0,-0.0404,0.0032,0.8981,-18.052847,-35.301712,-109.88812733333333,8.349987036841663,-7.069716444702594,-29.400878160000094,0.899013909792279
31101.0,-0.0042,-0.0067,0.8505,-19.694047,-30.484912000000005,-104.22392733333334,8.03445858388709,-7.0671780415088925,-30.026221724000095,0.8505367599345722
31113.0,-0.0326,-0.0006,0.8271,-20.289547000000002,-24.874312000000003,-98.66672733333333,7.710442919599628,-7.015078436392054,-30.618222088000095,0.8277424297449055
31125.0,-0.0601,-0.0525,0.7888,-18.029947,-14.324612,-97.03312733333333,7.405790046715785,-6.850499938010206,-31.200420852000097,0.7928263996613634
31137.0,-0.0831,-0.0704,0.8643,-12.327647,-5.553612000000001,-96.84992733333333,7.15890450451435,-6.594336557696203,-31.781520416000095,0.8711350411962545
31149.0,-0.1409,-0.0718,1.0017,-5.075747000000002,-10.584212,-96.53692733333334,6.987655160543762,-6.405240953445768,-32.36074198000009,1.014105980654882
31161.0,-0.1628,-0.0955,1.0587,1.076952999999999,-25.072712000000003,-97.46822733333333,6.8763133776512895,-6.391123548925368,-32.945551344000094,1.0753928491486262
31173.0,-0.1504,-0.0854,1.0703,2.5807529999999987,-37.049811999999996,-101.26212733333334,6.772401045415424,-6.520592422415725,-33.55312410800009,1.084184214052206
31185.0,-0.0574,-0.0856,1.064,0,-42.103312,-106.10942733333333,6.629348213853389,-6.720182443924943,-34.18978067200009,1.0689799436846326
31197.0,0.047,-0.048,1.0519,-3.007047000000001,-42.614712,-103.28502733333333,6.448804854132364,-6.945766739131174,-34.80949083600009,1.0540429829945266
31209.0,0.08,-0.0071,1.0868,-9.564347000000001,-42.026911999999996,-96.22392733333334,6.195317752372171,-7.18542113037765,-35.38683440000009,1.0897635752767663
31221.0,0.135,-0.0647,1.0717,-20.060447,-36.920111999999996,-92.55222733333333,5.817114298633671,-7.388942392879249,-35.94214776400009,1.0821053460731078
31233.0,0.1985,-0.0315,1.0414,-31.037547000000004,-25.454412,-86.15522733333333,5.31561640347592,-7.486167036821316,-36.45907912800009,1.0606170185321375
31245.0,0.2028,0.0007,1.0209,-40.633047,-14.515512,-77.08652733333334,4.713477335051944,-7.4822420725591074,-36.92159829200009,1.0408482790493532
31257.0,0.1534,-0.0909,1.0148,-44.549047,-7.8743120000000015,-66.55222733333333,4.0685677038848365,-7.420794002221834,-37.32091165600009,1.0303462573329414
31269.0,0.0591,-0.1824,1.0398,-46.274247,-8.095612000000001,-60.05602733333333,3.3979192683811146,-7.370506249675525,-37.681247820000095,1.0573299437734658
31281.0,0.0029,-0.2274,1.0283,-46.526147,-12.744512,-59.369027333333335,2.716154340462585,-7.3759272797670095,-38.037461984000096,1.0531476914469309
31293.0,-0.0309,-0.2196,1.0417,-47.999447,-21.729212000000004,-60.30792733333333,2.012489934488662,-7.483035085064768,-38.3993095480001,1.0650435953518522
31305.0,-0.0341,-0.2112,0.9412,-50.297147,-30.042212000000003,-62.72012733333333,1.2796295951794292,-7.681902473607142,-38.7756303120001,0.9652075890708692
31317.0,-0.0322,-0.2032,0.8169,-50.694047,-29.813212000000004,-64.81172733333334,0.5414804519338715,-7.870707758446638,-39.164500676000095,0.8424088615393358
31329.0,-0.0347,-0.2095,0.7363,-50.388747,-22.187212000000002,-69.93392733333333,-0.19434960734319795,-7.962499863508995,-39.584104240000094,0.766310661546608
31341.0,0.0354,-0.2108,0.6437,-46.701747000000005,-6.729212,-75.87282733333333,-0.8888244039131575,-7.875905628335758,-40.039341204000095,0.6782621101019871
31353.0,0.0662,-0.1981,0.7032,-39.121547,4.774587999999999,-76.04842733333334,-1.4935641854034438,-7.6647212760411305,-40.495631768000095,0.7335641008119196
31365.0,0.0485,-0.2449,0.7914,-32.747547000000004,5.431087999999999,-75.49112733333334,-2.02792382676207,-7.456086631335345,-40.9485785320001,0.8298446963137138
31377.0,0.0446,-0.2599,0.8182,-25.480347000000002,-1.5918120000000013,-74.71252733333333,-2.482728890602807,-7.339229309790862,-41.3968536960001,0.8596443508800603
31389.0,0.0402,-0.2643,0.8468,-14.884947,-13.110912,-72.67432733333334,-2.818802371850551,-7.364120044402331,-41.8328996600001,0.8879981813044439
31401.0,0.0042,-0.2465,0.9114,-5.472747000000001,-29.301712000000002,-67.99492733333334,-3.047145815792664,-7.577652293972856,-42.2408692240001,0.9441556280613912
31413.0,-0.0551,-0.2386,0.9163,-1.7933470000000011,-45.996412,-67.78122733333333,-3.2351782337841066,-7.974416180973642,-42.6475565880001,0.9484575161808778
31425.0,-0.0679,-0.246,0.835,-3.2971470000000007,-53.866611999999996,-77.72772733333333,-3.4468609792456366,-8.446241097150985,-43.1139229520001,0.8731273732967029
31437.0,0.0067,-0.2812,0.7941,-9.655947000000001,-49.225412,-91.63612733333333,-3.7434427198278852,-8.855128108794009,-43.6637397160001,0.8424447400274988
31449.0,0.1375,-0.2719,0.7148,-15.930747,-34.393312,-102.39192733333333,-4.12213386694261,-9.099934771750846,-44.278091280000105,0.7770295361181582
31461.0,0.259,-0.2224,0.6927,-15.862047,-14.004012000000001,-102.66672733333333,-4.499766558058038,-9.133986897067835,-44.894091644000106,0.7722538766493826
31473.0,0.2783,-0.208,0.781,-11.999447000000002,3.1409879999999983,-94.39192733333333,-4.826266797190538,-8.999086515001217,-45.46044320800011,0.8547958177249115
31485.0,0.2531,-0.2057,0.9288,-10.136847000000001,7.736387999999998,-85.46822733333333,-5.120964148393341,-8.837733284550897,-45.973252572000106,0.9843990755785988
31497.0,0.2281,-0.1621,1.0194,-13.365847,1.3699879999999987,-79.12472733333333,-5.4365925612083235,-8.771651064612948,-46.448000936000106,1.0571103915864228
31509.0,0.2322,-0.1338,1.0396,-21.564347,-9.851412000000002,-73.45292733333334,-5.8285581259075006,-8.853877016598762,-46.88871850000011,1.0735862517748633
31521.0,0.2712,-0.1407,0.95,-30.617747,-16.874312000000003,-67.84992733333333,-6.310158675639697,-9.036512752002166,-47.29581806400011,0.9979208034708966
31533.0,0.3115,-0.1525,0.8422,-33.510847,-14.637612000000003,-59.10942733333333,-6.812097627695559,-9.213621781790657,-47.65047462800011,0.9108179510747468
31545.0,0.2769,-0.1989,0.8191,-29.770447,-9.530712000000001,-50.60562733333333,-7.262725251485475,-9.345326150991601,-47.95410839200011,0.8872201699691007
31557.0,0.2166,-0.2744,0.8789,-21.029947,-10.897212000000001,-46.414827333333335,-7.612012943115359,-9.497883122279214,-48.232597356000106,0.9458732103194382
31569.0,0.2003,-0.2659,0.895,-12.816247,-18.286512000000002,-46.613227333333334,-7.865671004020868,-9.738496028515877,-48.51227672000011,0.9549072729851836
31581.0,0.1946,-0.2588,0.9104,-7.220847000000001,-24.660512000000004,-47.35372733333333,-8.054286912710305,-10.05193224103321,-48.79639908400011,0.9662684720097204
31593.0,0.196,-0.2632,0.9025,-8.877247,-27.317012000000002,-48.55982733333333,-8.264549152116976,-10.393098155884692,-49.087758048000104,0.9603106216219833
31605.0,0.2385,-0.2445,0.8325,-13.159747000000001,-23.622412000000004,-50.84992733333333,-8.525774007716043,-10.693529689650216,-49.39285761200011,0.8998437364342767
31617.0,0.2839,-0.2369,0.7194,-15.365847000000002,-10.034612000000001,-51.758327333333334,-8.814159173632552,-10.84562032829461,-49.70340757600011,0.8088616568981373
31629.0,0.2938,-0.2534,0.6909,-11.312447,8.095187999999998,-49.323227333333335,-9.05784661230662,-10.799761791166217,-49.99934694000011,0.7923842565321448
31641.0,0.2605,-0.2722,0.7709,-2.968847000000001,20.507388,-45.590327333333335,-9.206619787504861,-10.618951156785865,-50.27288890400011,0.8580442296292191
31653.0,0.2147,-0.2574,0.8745,4.054052999999999,20.713487999999998,-43.246827333333336,-9.272339898480814,-10.439283890871797,-50.53236986800011,0.9365367584884216
31665.0,0.1729,-0.222,0.9517,9.359352999999999,10.156287999999998,-42.567427333333335,-9.270134087029895,-10.379598531118514,-50.78777443200011,0.9924269746434747
31677.0,0.1622,-0.2345,0.9943,11.450952999999998,-5.965912000000001,-42.97202733333333,-9.23993060706995,-10.501279187659323,-51.04560659600011,1.0343749706948637
31689.0,0.178,-0.2483,0.9639,10.947152999999998,-19.759812000000004,-43.781227333333334,-9.215674834202044,-10.777302054332173,-51.308293960000114,1.0111578017302738
31701.0,0.2147,-0.2463,0.8812,9.015853,-23.347512000000002,-45.460627333333335,-9.216095373367496,-11.092032623138513,-51.58105772400011,0.9398261647772954
31713.0,0.2516,-0.2561,0.8118,6.626552999999999,-15.591812000000003,-47.28502733333333,-9.248961844073042,-11.317686269258187,-51.86476788800011,0.8876423885777425
31725.0,0.2664,-0.2357,0.8026,6.267752999999999,-4.790312000000002,-46.53692733333333,-9.287051559098547,-11.421599999415363,-52.143989452000106,0.8778896342935141
31737.0,0.25,-0.2179,0.8439,9.145653,0,-41.827027333333334,-9.288721249111457,-11.47266128956323,-52.39495161600011,0.9067235631657534
31749.0,0.2095,-0.2233,0.8392,12.366952999999999,3.003587999999999,-38.85752733333333,-9.251943157377891,-11.487461802477313,-52.62809678000011,0.8933139313813481
31761.0,0.1473,-0.2489,0.8838,15.916652999999998,4.408187999999999,-39.681927333333334,-9.175865447696157,-11.476325191514675,-52.86618834400011,0.929919856761861
31773.0,0.1018,-0.2866,0.8988,15.832652999999999,3.5837879999999984,-48.666727333333334,-9.108217148145481,-11.46074876327495,-53.15818870800011,0.9488647111153413
31785.0,0.1061,-0.2905,0.8843,13.405152999999999,6.5608879999999985,-63.727727333333334,-9.076636055370418,-11.398524075074343,-53.54055507200011,0.9368211942521368
31797.0,0.1259,-0.246,0.8678,9.588353,11.118087999999998,-79.79652733333333,-9.091148502199454,-11.276134649617386,-54.01933423600011,0.9107379700001533
31809.0,0.1794,-0.1525,0.8757,4.206652999999999,16.705887999999998,-89.75832733333333,-9.157297296507984,-11.089999106614277,-54.55788420000011,0.906802679749018
31821.0,0.2333,-0.1104,0.937,-3.0833470000000007,18.026487999999997,-88.99492733333334,-9.290333254995987,-10.89678019647278,-55.09185376400011,0.971898168534132
31833.0,0.2545,-0.1256,0.9807,-12.640647000000001,11.644787999999998,-84.50642733333333,-9.517970408498408,-10.78810433383485,-55.59889232800011,1.0209398121338984
31845.0,0.2798,-0.1256,0.9272,-19.251347000000003,0.6905879999999986,-81.47582733333333,-9.806671061426934,-10.819929112714592,-56.08774729200011,0.9766080278187355
31857.0,0.3145,-0.1691,0.8331,-21.465047000000002,-5.859012000000002,-81.91862733333333,-10.112175455182934,-10.943555908516402,-56.57925905600011,0.9063998400264642
31869.0,0.3733,-0.1311,0.7726,-19.052847,-5.095612000000001,-81.99492733333334,-10.376583665399313,-11.078817058960313,-57.07122862000011,0.8680154722123332
31881.0,0.4071,-0.1421,0.7922,-11.571947000000002,-5.889512000000002,-76.20102733333333,-10.54221350970095,-11.245247420651639,-57.52843478400011,0.9019443774424231
31893.0,0.4205,-0.1541,0.8003,-5.808547000000001,-8.584212,-68.10942733333333,-10.632833778799391,-11.463590016757655,-57.93709134800011,0.9170862282250236
31905.0,0.4365,-0.1381,0.7755,0,-10.324612,-59.407127333333335,-10.648206491138309,-11.722212407578331,-58.29353411200011,0.9005576661158351
31917.0,0.441,-0.1414,0.7637,4.603652999999999,-10.026912000000001,-50.666727333333334,-10.605043770317616,-11.9950859373291,-58.59753447600011,0.8931476081813129
31929.0,0.4395,-0.1344,0.7384,7.588352999999999,-5.622412000000001,-41.506427333333335,-10.523576559467362,-12.232425297540185,-58.84657304000011,0.8697460376454726
31941.0,0.3994,-0.1558,0.7593,9.702853,0,-32.00262733333333,-10.417662437927184,-12.412813973772236,-59.038588804000106,0.8719693171207344
31953.0,0.3326,-0.1958,0.8025,10.847952999999999,4.110487999999998,-26.45292733333333,-10.303906823197089,-12.543735651342205,-59.197306368000106,0.8904867489188146
31965.0,0.2679,-0.2039,0.8479,15.954752999999998,0.8966879999999986,-24.949127333333333,-10.136073951551646,-12.702102039227265,-59.34700113200011,0.9122938287635185
31977.0,0.1982,-0.2197,0.9561,21.931853,-12.278812,-26.735427333333334,-9.904640545248679,-12.992003540260427,-59.50741369600011,1.0008389181082038
31989.0,0.1698,-0.1805,0.9886,23.992953,-32.660512,-33.659027333333334,-9.651155604935822,-13.493134399374028,-59.70936786000011,1.0191870534892014
32001.0,0.2084,-0.1497,0.9207,22.069253,-49.026911999999996,-42.452927333333335,-9.420656478582794,-14.164027510002484,-59.96408542400011,0.9557871834252644
32013.0,0.2489,-0.1606,0.8325,18.534952999999998,-51.324612,-48.08652733333333,-9.235122935622162,-14.8455073834875,-60.25260458800011,0.8836287795222607
32025.0,0.2821,-0.1821,0.7544,16.176153,-40.958211999999996,-52.391927333333335,-9.084139680105691,-15.39586249523069,-60.56695615200011,0.8257482546151702
32037.0,0.2924,-0.1747,0.7516,13.893752999999998,-23.339912,-57.369027333333335,-8.964920503664823,-15.733457034609948,-60.91117031600011,0.8251790169411726
32049.0,0.2943,-0.1316,0.7524,11.657053,-7.538412000000001,-62.84232733333333,-8.870666509465448,-15.883661057953542,-61.28822428000011,0.8185577621646501
32061.0,0.2483,-0.1125,0.7701,11.931852999999998,3.5684879999999986,-68.84232733333333,-8.769176358276328,-15.898492107843753,-61.70127824400011,0.8169229767854495
32073.0,0.23,-0.1302,0.8273,15.481452999999998,6.377587999999999,-76.83462733333333,-8.62369304343037,-15.873686571901615,-62.16228600800011,0.8684914104353595
32085.0,0.2709,-0.1655,0.9327,22.977653,-1.3246120000000015,-82.75072733333333,-8.390931753409388,-15.935060843359649,-62.65879037200011,0.9852443098034112
32097.0,0.3312,-0.1248,0.9718,31.512052999999998,-12.179612,-84.17052733333333,-8.054333679557597,-16.124371513453323,-63.16381353600011,1.0342454834322459
32109.0,0.3896,-0.032,0.9421,30.038753,-11.775012,-81.09422733333334,-7.723462522659259,-16.31465352798039,-63.65037890000011,1.0199826322050785
32121.0,0.4205,-0.0142,0.9591,26.199053,-8.416212000000002,-75.06362733333333,-7.425558882616106,-16.472918640402217,-64.10076066400012,1.047327408215788
32133.0,0.4235,-0.0208,1.0187,20.641752999999998,-9.721612,-67.67432733333334,-7.182336441633239,-16.651121630920336,-64.50680662800012,1.1034194941181708
32145.0,0.4611,0.0239,1.0088,12.817352999999999,-13.515512000000001,-58.620927333333334,-7.016164804524026,-16.88174939389629,-64.85853219200013,1.10944213909514
32157.0,0.4718,0.0166,0.9652,4.679952999999999,-11.691112,-47.04842733333333,-6.932962904956508,-17.099225368021656,-65.14082275600012,1.0744681661175448
32169.0,0.459,-0.0076,0.9426,-3.3734470000000014,-5.736912000000002,-37.254527333333336,-6.935050017257391,-17.25326293954321,-65.36434992000012,1.048443379491711
32181.0,0.4292,-0.0286,0.9393,-10.182647000000001,0,-31.681927333333334,-7.009899200745313,-17.343350606457673,-65.55444148400012,1.0331094278923216
32193.0,0.4094,-0.022,0.9484,-15.014647,3.4921879999999987,-29.140027333333332,-7.132822006312642,-17.393906030000643,-65.72928164800012,1.0332254932975666
32205.0,0.4106,-0.0043,0.9469,-20.045247,3.499787999999999,-26.60562733333333,-7.303945514206248,-17.446528173833904,-65.88891541200013,1.0321000242224587
32217.0,0.4142,-0.0143,0.9194,-24.404047000000002,2.7745879999999987,-22.56742733333333,-7.516638928074693,-17.51103875028807,-66.02431997600013,1.008495161118783
32229.0,0.4006,-0.0287,0.8896,-28.869647,4.202087999999998,-18.010227333333333,-7.773848896014338,-17.56129466281516,-66.13238134000012,0.9760595319958716
32241.0,0.3722,-0.0435,0.864,-33.060447,6.934887999999999,-14.888127333333333,-8.07375863558339,-17.579957435937835,-66.22171010400012,0.9417648804239835
32253.0,0.3475,-0.0537,0.8242,-35.724647000000004,9.369988,-13.735427333333334,-8.399195425540716,-17.570140347883612,-66.30412266800012,0.8960723073502496
32265.0,0.3325,-0.0474,0.7836,-35.663547,12.782188,-14.315527333333334,-8.717135903639875,-17.521088491437027,-66.39001583200012,0.8525444094004723
32277.0,0.312,-0.0616,0.7604,-32.228447,14.942487999999999,-14.804127333333334,-8.989985300919793,-17.44705030732244,-66.47884059600011,0.8242249207588909
32289.0,0.2909,-0.0872,0.7418,-26.465047000000002,14.461587999999999,-15.926227333333335,-9.194458148739542,-17.378113426159405,-66.57439796000011,0.8015571657717246
32301.0,0.2787,-0.0973,0.7262,-18.320047000000002,12.698288,-16.231627333333332,-9.304978770231253,-17.32873730704135,-66.67178772400011,0.7839052366198354
32313.0,0.2552,-0.124,0.701,-8.755147000000001,12.324188,-16.315527333333332,-9.309984389909562,-17.280821459533033,-66.76968088800011,0.7562433735246874
32325.0,0.2267,-0.1484,0.7013,1.2677529999999988,13.881488,-18.59802733333333,-9.208827548071609,-17.208446469601647,-66.8812690520001,0.7518225455518077
32337.0,0.2053,-0.1235,0.6797,10.741052999999999,16.965387999999997,-23.956827333333333,-9.00636932454976,-17.093041342362636,-67.02501001600011,0.7206888579685411
32349.0,0.2019,-0.0985,0.7375,20.481453,19.011187999999997,-30.46822733333333,-8.696937325571025,-16.945003177661945,-67.2078193800001,0.7709553229597679
32361.0,0.1925,-0.0875,0.7958,27.183753,18.408187999999996,-36.804127333333334,-8.315957127347462,-16.793075095660534,-67.4286441440001,0.8234137113262081
32373.0,0.2056,-0.0809,0.7915,31.840253,16.446388,-43.42242733333333,-7.887917150226157,-16.65645112387626,-67.6891787080001,0.8217593443338506
32385.0,0.208,-0.0927,0.7965,35.405153,17.721187999999998,-48.70492733333333,-7.428090736642524,-16.49784705716354,-67.9814082720001,0.828413869994944
32397.0,0.1991,-0.1051,0.8325,37.970053,18.621888,-54.14002733333333,-6.949955037829637,-16.320314177289664,-68.30624843600009,0.8624053977103808
32409.0,0.1989,-0.0525,0.884,39.519653,16.331788,-60.65142733333333,-6.457847603363286,-16.16074936270912,-68.67015700000009,0.9076196670412118
32421.0,0.2372,0.0056,0.8837,39.489153,12.469287999999999,-66.88042733333333,-5.963366990287055,-16.04357162427259,-69.07143956400009,0.9149977540956044
32433.0,0.2847,0.0143,0.9064,37.702853,10.003587999999999,-71.14762733333333,-5.487093314875202,-15.957303829206555,-69.49832532800009,0.950168164063604
32445.0,0.3542,-0.0096,0.9662,31.977653,9.812788,-73.43002733333333,-5.078888226787627,-15.88087675611294,-69.93890549200009,1.029122072448162
32457.0,0.4272,0.0344,1.0253,22.626552999999998,9.591387999999998,-72.05602733333333,-4.775012011872832,-15.820132367441818,-70.3712416560001,1.1112710245480173
32469.0,0.5015,0.1167,1.0925,10.359352999999999,8.125687999999998,-65.20872733333333,-4.59904313177272,-15.793690550504571,-70.76249402000009,1.2077571734417478
32481.0,0.5878,0.1725,1.1351,-5.5719470000000015,3.6676879999999983,-49.87282733333333,-4.588122031180973,-15.841531874335352,-71.06173098400009,1.28985158060918
32493.0,0.6541,0.1615,1.0923,-22.449847000000002,1.6829879999999986,-26.811727333333334,-4.755377550157541,-15.938620386336348,-71.2226013480001,1.2833738153788241
32505.0,0.6625,0.101,1.0164,-37.579547,7.812787999999999,-3.7812273333333337,-5.086409113108926,-15.988754933872121,-71.2452887120001,1.2174465943112247
32517.0,0.6285,0.1073,0.9515,-48.640647,19.835687999999998,15.325672666666666,-5.530656223428876,-15.919487017265793,-71.1533346760001,1.1453723368407323
32529.0,0.5684,0.1421,0.9601,-53.106247,28.263087999999996,31.951572666666667,-6.005604285834243,-15.766348079035906,-70.9616252400001,1.1247501855967839
32541.0,0.4924,0.1063,0.9862,-53.556647,27.140987999999997,44.86767266666667,-6.46879118733103,-15.632961768963597,-70.6924192040001,1.1074059282846558
32553.0,0.4337,0.0927,0.947,-51.281847,21.423488,54.64627266666667,-6.890430426504607,-15.568582219279355,-70.3645415680001,1.0457045376204503
32565.0,0.3838,0.0732,0.8773,-47.205547,17.278388,63.05847266666667,-7.25241553654005,-15.551674235895765,-69.98619073200011,0.960372828645209
32577.0,0.316,0.0144,0.8036,-42.182647,17.980687999999997,70.33327266666667,-7.551159834512139,-15.521042253249883,-69.56419109600012,0.8636181563631001
32589.0,0.2393,-0.0449,0.7489,-35.457447,23.087587999999997,75.05847266666667,-7.774123723299334,-15.420105907002725,-69.11384026000012,0.7874844188934788
32601.0,0.1462,-0.1233,0.7336,-28.503247,31.102787999999997,75.24167266666667,-7.928702730749479,-15.207311421661347,-68.66239022400012,0.7581202345274791
32613.0,0.097,-0.136,0.7384,-22.136847,38.018888000000004,69.88287266666667,-8.02378573087985,-14.893091949933348,-68.24309298800011,0.7570598126964605
32625.0,0.0687,-0.1262,0.762,-13.991747000000002,38.690588,61.630972666666665,-8.037412411669449,-14.549905290211012,-67.87330715200011,0.7754289973943457
32637.0,0.0957,-0.1106,0.7794,-6.617747000000001,35.079888000000004,52.05847266666667,-7.977232706540845,-14.23287378576245,-67.56095631600012,0.7930039155010522
32649.0,0.1747,-0.0576,0.7708,1.0234529999999988,31.553188,46.776072666666664,-7.833780006762023,-13.952086455932898,-67.28029988000011,0.7924458908972902
32661.0,0.2024,-0.1244,0.7977,10.206653,28.774587999999998,50.264572666666666,-7.5986682836151465,-13.70122493534857,-66.97871244400011,0.8323259037180087
32673.0,0.1912,-0.1656,0.8395,18.137953,24.797487999999998,55.09667266666667,-7.292394782966349,-13.491450679494099,-66.64813240800011,0.8767787919424147
32685.0,0.1687,-0.0978,0.859,24.527252999999998,21.202087999999996,58.22637266666667,-6.9239685719490565,-13.314919631079082,-66.29877417200011,0.8808549994181789
32697.0,0.1653,-0.056,0.8556,28.779152999999997,18.163887999999996,58.46307266666667,-6.513702755821683,-13.165406522164242,-65.94799573600011,0.8732190160549643
32709.0,0.1875,-0.0472,0.8391,30.351753,18.812787999999998,55.501272666666665,-6.092789114491632,-13.003576627676608,-65.6149881000001,0.8610882068638496
32721.0,0.2413,-0.037,0.839,29.863153,23.148587999999997,51.684472666666665,-5.684274616905676,-12.793814564403823,-65.3048812640001,0.873793848685146
32733.0,0.3054,-0.0046,0.8328,28.504353,28.881487999999997,51.89057266666667,-5.294018558540493,-12.528924028307179,-64.9935378280001,0.8870434938603631
32745.0,0.3445,-0.0125,0.8304,29.405153,35.598988,59.94397266666667,-4.896646421663875,-12.202569332349075,-64.6338739920001,0.89911103874883
32757.0,0.301,-0.0806,0.8771,31.534952999999998,41.621888,73.37907266666667,-4.4869083707870985,-11.815679844135929,-64.19359955600011,0.9308070530459038
32769.0,0.2106,-0.1226,0.9122,32.244853,45.660088,84.39437266666667,-4.086574890135046,-11.379931340911154,-63.68723332000011,0.9441885193116892
32781.0,0.1115,-0.0945,0.9454,30.512052999999998,48.545588,90.10427266666667,-3.7195051840734084,-10.89747394383259,-63.14660768400011,0.9566314128231417
32793.0,0.0483,-0.0636,0.9469,27.519652999999998,49.209688,89.89817266666667,-3.3954872075251763,-10.389874017070795,-62.60721864800011,0.9502617849834855
32805.0,0.0146,-0.0648,0.9431,22.786852999999997,50.224988,84.30277266666667,-3.1342829084166,-9.85231321071157,-62.10140201200011,0.945436306685966
32817.0,0.027,-0.0593,0.9365,16.115053,53.858588,74.80657266666667,-2.956666615916797,-9.2592601361026,-61.65256257600011,0.9387639426394688
32829.0,0.0845,-0.0531,0.9363,7.4051529999999985,60.606688,65.33327266666667,-2.884048172706265,-8.584801889523055,-61.260562940000106,0.941603711759889
32841.0,0.1604,-0.0206,0.9364,-0.8085470000000012,69.476888,62.88287266666667,-2.9043950232644224,-7.816484766173368,-60.88326570400011,0.9502617955069014
32853.0,0.1709,-0.0686,1.0255,-4.892547000000001,71.377588,71.91347266666666,-2.9731524764926927,-7.037666732758882,-60.45178486800011,1.041903555997387
32865.0,0.1224,-0.1146,1.1211,-9.999447000000002,61.339488,84.70737266666667,-3.1062211421926498,-6.381445092448254,-59.94354063200011,1.1335696405602966
32877.0,0.0664,-0.0829,1.1273,-15.945947,45.682988,95.29507266666667,-3.3076781840940104,-5.9062324767909775,-59.37177019600011,1.1322926565159734
32889.0,-0.0029,-0.0463,1.0895,-21.129147,29.942487999999997,101.02797266666667,-3.5631016661981585,-5.604139397070928,-58.76560236000011,1.0904872076278564
32901.0,-0.037,-0.025,1.0664,-24.892547,18.148587999999997,100.34087266666667,-3.8527639561775753,-5.424274876773724,-58.16355712400011,1.0673345117628306
32913.0,-0.0441,-0.0636,1.0254,-28.602447,9.866188,96.60047266666666,-4.180638246906637,-5.325166036438277,-57.58395428800011,1.0283165514567973
32925.0,-0.0385,-0.0917,0.9775,-32.571947,7.629587999999998,91.40967266666667,-4.552551814612853,-5.237417087007418,-57.03549625200011,0.9825463805846522
32937.0,-0.0226,-0.0944,0.9351,-34.907847000000004,9.736387999999998,87.02027266666667,-4.948648807436878,-5.113637173645305,-56.51337461600011,0.9401245289853893
32949.0,-0.007,-0.0927,0.9305,-35.014647000000004,12.270788,85.54707266666666,-5.341672734502777,-4.952574627607354,-56.00009218000011,0.9351323649623084
32961.0,-0.0081,-0.1069,0.9275,-34.228447,11.606687999999998,85.46307266666666,-5.7225487584037715,-4.793391699359741,-55.48731374400011,0.9336752486812532
32973.0,0.0023,-0.1106,0.9072,-31.862047000000004,10.324188,85.85997266666666,-6.073095735797798,-4.645543951224186,-54.97215390800011,0.9139198487832508
32985.0,0.0079,-0.135,0.8885,-28.648247,8.751687999999998,86.97447266666667,-6.386586768762968,-4.5136277048034765,-54.45030707200011,0.8987322515632784
32997.0,0.0358,-0.1278,0.8353,-23.663547,9.896688,86.54707266666666,-6.641959592304922,-4.3695679316392875,-53.93102463600011,0.8457780855519964
33009.0,0.0575,-0.0961,0.8518,-17.029947,9.843288,88.08897266666666,-6.81638054863232,-4.230356868106004,-53.40249080000011,0.8591301996787216
33021.0,0.0563,-0.0792,0.89,-10.205547000000001,2.9195879999999987,91.23407266666666,-6.906532085072514,-4.176164479189701,-52.85508636400011,0.8952889645248623
33033.0,0.0746,-0.057,0.864,-3.6177470000000014,-7.660512000000001,94.77607266666666,-6.91448067202821,-4.250668200061694,-52.28642992800011,0.8690858185472824
33045.0,0.0946,-0.0493,0.8225,3.283052999999999,-14.752112000000002,100.16537266666667,-6.837928935733377,-4.412814212478467,-51.68543769200011,0.8293888713986943
33057.0,0.1078,-0.0371,0.7964,9.489152999999998,-16.347512000000002,106.50887266666666,-6.685725079751052,-4.59764601239821,-51.046384456000105,0.8045186200455524
33069.0,0.1316,-0.0234,0.7631,14.183753,-12.790312,113.21117266666667,-6.476051398122943,-4.746937936794889,-50.367117420000106,0.774717838958159
33081.0,0.1321,-0.0092,0.7615,17.458553,-4.484912000000001,120.77607266666666,-6.225309526851587,-4.804901095198823,-49.64246098400011,0.772927745652852
33093.0,0.1147,-0.0043,0.7814,20.565452999999998,2.759287999999999,128.56227266666667,-5.935995599255957,-4.782592008461035,-48.87108734800011,0.789785122675782
33105.0,0.0801,-0.0074,0.8033,23.595952999999998,6.5608879999999985,133.40197266666667,-5.610613171875409,-4.716738601171148,-48.07067551200011,0.8073175707241853
33117.0,0.0538,-0.0092,0.8406,27.374653,5.392887999999999,137.28747266666664,-5.241603823498708,-4.662636416421884,-47.24695067600011,0.8423701324239838
33129.0,0.0449,-0.0222,0.8322,29.115053,3.8737879999999985,138.76837266666666,-4.8561508641039515,-4.623409844389693,-46.41434044000011,0.8337059973395897
33141.0,0.0616,0.011,0.819,31.252453,6.835687999999999,139.56227266666664,-4.445865427307854,-4.548831777394355,-45.57696680400011,0.8213869733566511
33153.0,0.0499,0.0281,0.8634,32.214353,10.209688,142.23407266666666,-4.023221391416734,-4.4328173043714365,-44.72356236800011,0.865297162829048
33165.0,0.0157,0.0139,0.9313,30.366953,10.140987999999998,144.74547266666664,-3.6240510261429812,-4.311758404849826,-43.85508953200011,0.9315360379502233
33177.0,-0.0101,0.0651,0.9608,28.428053,3.5608879999999985,147.81417266666665,-3.24289798659286,-4.259615750059594,-42.968204496000105,0.9630558966124448
33189.0,-0.043,0.0806,0.9781,25.916653,-5.553612000000001,150.82947266666665,-2.885602728902185,-4.301709345437703,-42.0632276600001,0.9823568445325761
33201.0,-0.0905,0.056,0.9888,22.267753,-14.691112000000002,150.49357266666667,-2.569811304407641,-4.4319447483778065,-41.160266224000104,0.9945107792276563
33213.0,-0.1163,0.0096,0.9574,19.634152999999998,-21.714012000000004,145.21117266666664,-2.289679978315045,-4.622703544781286,-40.288999188000105,0.9644856712258613
33225.0,-0.1162,-0.0067,0.9313,20.283053,-26.004012000000003,138.23407266666666,-2.0081488881287894,-4.842845286334785,-39.45959475200011,0.938545161406738
33237.0,-0.1283,-0.0564,0.9429,20.046353,-28.248312000000002,131.27227266666665,-1.7418776891816572,-5.068035563788398,-38.671961116000105,0.9532587581554128
33249.0,-0.1436,-0.077,0.9429,14.557853,-25.584212000000004,122.01267266666667,-1.5541747884298007,-5.24035332503024,-37.9398850800001,0.9568753158066101
33261.0,-0.1597,-0.0957,0.8993,8.962453,-19.797912000000004,110.92107266666667,-1.4462644480061304,-5.323740371524309,-37.2743586440001,0.9183697893550289
33273.0,-0.1744,-0.0829,0.903,7.275352999999999,-13.721612,100.08137266666667,-1.3679348010213814,-5.316467480576286,-36.673870408000106,0.9234158164120865
33285.0,-0.1595,-0.1267,0.9081,4.6265529999999995,-11.194912,88.47837266666667,-1.3346212453651276,-5.265767771007668,-36.14300017200011,0.9306657563271575
33297.0,-0.1423,-0.1068,0.9131,2.428052999999999,-11.378112000000002,78.51647266666667,-1.3363441514220342,-5.207989565219113,-35.671901336000104,0.9302726159572795
33309.0,-0.1381,-0.0591,0.8826,1.8402529999999988,-11.591812000000001,71.89057266666667,-1.3468036600588527,-5.144887433119158,-35.240557900000105,0.8952916731434511
33321.0,-0.1182,-0.0538,0.8914,4.145652999999999,-11.019312000000001,65.57757266666667,-1.330905066825753,-5.070789429046867,-34.847092464000106,0.9008105461194379
33333.0,-0.0853,-0.0526,0.944,6.038752999999999,-13.729212,58.814172666666664,-1.2934500376417364,-5.0297842941922815,-34.49420742800011,0.949304403234284
33345.0,-0.0283,-0.0339,0.9561,5.069252999999999,-19.118512000000003,55.424872666666666,-1.266111905667926,-5.059982859231498,-34.16165819200011,0.9571192767884261
33357.0,-0.0051,0.002,0.9016,5.565452999999999,-21.080412000000003,55.89817266666667,-1.2275258123850243,-5.121273772865134,-33.82626915600011,0.9016166424817146
33369.0,0.0046,0.0424,0.8837,7.847952999999999,-19.118512000000003,56.06607266666667,-1.1525037597534828,-5.167120556744344,-33.48987272000011,0.8847285515908255
33381.0,0.0179,0.0767,0.9265,10.435652999999999,-18.156712000000002,57.03557266666667,-1.0346953403078838,-5.210751740199639,-33.147659284000106,0.9298416800724735
33393.0,0.0148,0.0975,0.972,13.473852999999998,-23.103312000000003,60.27987266666667,-0.8683954025369723,-5.3205679927196305,-32.785980048000106,0.9769899129469045
33405.0,-0.0006,0.094,0.9912,15.481452999999998,-31.133812000000002,63.03557266666667,-0.6687970321646067,-5.528726721960872,-32.4077666120001,0.9956474275565622
33417.0,0.0221,0.0587,0.9843,15.054053,-36.950612,63.29507266666667,-0.4710100274421613,-5.8092946629685756,-32.0279961760001,0.9862964006828778
33429.0,0.0314,0.0365,0.9525,14.855552999999999,-39.370412,63.89057266666667,-0.2757822019310185,-6.120991046851223,-31.6446527400001,0.9537161317708744
33441.0,0.0431,0.0603,0.9375,16.015853,-40.034611999999996,63.539372666666665,-0.06452516327261242,-6.443080351146773,-31.2634165040001,0.9404254090569864
33453.0,0.0876,0.0823,0.9254,16.008252999999996,-38.530712,63.608072666666665,0.15080569235730307,-6.754415716002725,-30.881768068000103,0.9331731939999134
33465.0,0.1244,0.0907,0.8975,14.221953,-34.431512,65.19587266666667,0.34951634421794997,-7.027913565172057,-30.490592832000104,0.9106086426121817
33477.0,0.1533,0.0929,0.8878,13.061653,-27.973512000000003,68.44777266666667,0.5387915306265465,-7.238636902288301,-30.079906196000103,0.9057152643077183
33489.0,0.1516,0.0756,0.879,10.283052999999999,-19.607112000000004,73.97447266666667,0.6969137223830723,-7.363492350199488,-29.636059360000104,0.8951753571228377
33501.0,0.114,0.0574,0.8513,9.084553,-9.401012000000001,77.01267266666667,0.8404798211910451,-7.376473633686752,-29.173983324000105,0.8608149917374812
33513.0,0.1068,0.0743,0.8639,9.275352999999999,-0.7750120000000016,76.89817266666667,0.9879311968245659,-7.296478108396453,-28.712594288000105,0.8736417686901193
33525.0,0.1118,0.0978,0.9121,9.573052999999998,2.2096879999999985,79.06607266666667,1.1426663903002945,-7.191187439085548,-28.238197852000106,0.9241160587285561
33537.0,0.0797,0.0807,0.9658,9.886052999999999,-1.4697120000000012,81.95927266666666,1.3015170578017607,-7.134204869403279,-27.746442216000105,0.9724372576161405
33549.0,0.0768,0.0634,0.9976,10.008252999999998,-13.691112,82.16537266666667,1.459393984480999,-7.224086226904427,-27.253449980000106,1.002558507020912
33561.0,0.0989,0.0728,0.9587,8.031153,-23.767412000000004,84.38677266666667,1.5929650356459666,-7.435466100299026,-26.747129344000104,0.9665333620729292
33573.0,0.0685,0.0725,0.8823,7.741052999999999,-26.401012,87.61577266666667,1.7228852106391108,-7.67478006448342,-26.221434708000103,0.8879199231912752
33585.0,0.0514,0.0858,0.8566,9.710453,-24.049812000000003,86.96687266666667,1.8774418696303317,-7.880828039769318,-25.6996334720001,0.8624193643466037
33597.0,0.0549,0.0798,0.892,11.374652999999999,-21.355212,85.78367266666666,2.05114227961063,-8.050453349465805,-25.184931436000102,0.8972435845410097
33609.0,0.0367,0.0515,0.9109,11.756253,-20.332312,84.77607266666666,2.2245820388828044,-8.201671140535932,-24.676275000000103,0.91309251995622
33621.0,0.0258,0.0308,0.9489,13.038752999999998,-23.423912,81.71497266666667,2.4056100234370006,-8.381883370207197,-24.185985164000105,0.9497502250591994
33633.0,0.0341,0.0356,0.9756,12.893752999999998,-29.881912000000003,77.08137266666667,2.5781049358260333,-8.631400620225683,-23.723496928000106,0.9768446805915463
33645.0,0.0482,0.0398,0.9564,11.191453,-33.492612,72.33327266666667,2.724925249574268,-8.917558897362424,-23.289497292000107,0.95844052501968
33657.0,0.0493,0.0323,0.9338,10.054053,-34.240712,67.69967266666667,2.852695101627129,-9.206341199712814,-22.883299256000107,0.9356581747625571
33669.0,0.067,0.0076,0.9503,7.962452999999999,-33.614712,63.48597266666667,2.9477022879996753,-9.483644176868669,-22.502383420000108,0.9526892725332852
33681.0,0.0662,-0.0358,0.9418,5.168552999999999,-31.423912000000005,57.64627266666667,2.9976490755060277,-9.731085522778642,-22.156505784000107,0.9448022650269208
33693.0,0.0934,-0.0344,0.9467,3.573052999999999,-30.401012000000005,51.264572666666666,3.018723457313322,-9.966144526216889,-21.848918348000108,0.9519179639023523
33705.0,0.1001,-0.0272,0.9414,2.176152999999999,-28.797912000000004,45.592872666666665,3.015673856443376,-10.182632840088448,-21.57536111200011,0.9470975715310435
33717.0,0.1254,0.007,0.9863,0.9089529999999988,-30.492612000000005,40.684472666666665,2.995287949703627,-10.421879338577371,-21.33125427600011,0.9942644768873118
33729.0,0.1594,0.036,0.9742,-2.732247000000001,-32.324612,39.340972666666666,2.9338095389770236,-10.688478629286896,-21.09520844000011,0.9878107106121091
33741.0,0.1586,0.0085,0.9536,-7.121547000000001,-31.813212000000004,37.753172666666664,2.8198614668223705,-10.953313491368469,-20.86868940400011,0.9667363497872623
33753.0,0.1652,0.004,0.9391,-11.984147000000002,-29.813212000000004,34.745472666666664,2.648635124319164,-11.19888950080532,-20.660216568000113,0.9535281065600532
33765.0,0.1736,0.0337,0.9187,-14.671147000000001,-29.515512,32.241672666666666,2.4507444178579942,-11.445924260629521,-20.46676653200011,0.9355652515992671
33777.0,0.178,0.0562,0.8839,-13.549047000000002,-32.088012,30.47837266666667,2.2742118838057523,-11.728204511790159,-20.283896296000112,0.9033945151482823
33789.0,0.1938,0.0544,0.8226,-10.991747000000002,-31.691112,28.012672666666667,2.135104898357862,-12.01206547819048,-20.115820260000113,0.846869860132004
33801.0,0.2118,0.0258,0.816,-9.571947000000002,-25.927712000000003,26.081372666666667,2.0154474187499996,-12.23572702817945,-19.959332024000112,0.8434339808188901
33813.0,0.2261,-0.0031,0.8357,-10.144447000000001,-18.729212000000004,24.638672666666668,1.887720220691519,-12.383826071586702,-19.81149998800011,0.8657512980065349
33825.0,0.2274,-0.0265,0.869,-9.518547000000002,-14.736912000000002,23.279872666666666,1.763465441612869,-12.493868113152523,-19.671820752000112,0.8986512171026086
33837.0,0.2335,-0.0254,0.9005,-7.426947000000002,-16.645312000000004,21.882872666666668,1.660534334232295,-12.634952371163157,-19.54052351600011,0.9306275624544977
33849.0,0.2317,-0.0188,0.9126,-4.8162470000000015,-21.484912,20.951572666666667,1.5859998600719674,-12.839330486059204,-19.41481408000011,0.9417415197388294
33861.0,0.2468,-0.0055,0.9032,-4.617747000000001,-23.164312000000002,19.61577266666667,1.5130488743669326,-13.06967787594163,-19.29711944400011,0.9363283238266372
33873.0,0.2468,-0.0002,0.9061,-5.3124470000000015,-21.591812000000004,18.798972666666668,1.4320321030604806,-13.28610049192069,-19.18432560800011,0.9391099456400193
33885.0,0.2367,-0.0043,0.8961,-6.022347000000001,-19.263612000000002,17.172972666666666,1.3425748439401632,-13.478060468792627,-19.08128777200011,0.9268444259960784
33897.0,0.2219,-0.0137,0.8792,-5.770447000000001,-16.843712000000004,13.974472666666665,1.2551755436116052,-13.642865909879523,-18.99744093600011,0.9068737177799343
33909.0,0.2266,-0.0226,0.8751,-4.518547000000001,-14.294112,8.943972666666665,1.1807050743620817,-13.779715357919278,-18.943777100000112,0.9042446184523301
33921.0,0.2736,-0.0144,0.8879,-3.716947000000001,-10.797912,4.867672666666666,1.114974229545279,-13.882907414719332,-18.91457106400011,0.9292097341289532
33933.0,0.3025,-0.0231,0.9138,-3.274247000000001,-7.851412000000002,3.837072666666666,1.0527290704368786,-13.961314982561628,-18.89154862800011,0.962844899243902
33945.0,0.3125,-0.0337,0.9467,-3.5795470000000007,-7.859012000000002,4.455472666666666,0.9841382588967561,-14.04912809655936,-18.86481579200011,0.9975133232192941
33957.0,0.3116,-0.0321,0.932,-5.327647000000002,-8.866612000000002,4.478372666666666,0.8929962860563845,-14.157023952990007,-18.837945556000108,0.9832339345242311
33969.0,0.2953,-0.0309,0.8931,-7.953647000000002,-6.652912000000001,5.195872666666666,0.7698925201739492,-14.244903022667309,-18.80677032000011,0.9411612561086437
33981.0,0.2715,-0.0486,0.8595,-9.716947000000001,-2.8361120000000013,4.096672666666666,0.6236683705295257,-14.291731903903784,-18.78219028400011,0.9026707373123382
33993.0,0.2366,-0.0491,0.8419,-8.243747,0,1.9897726666666662,0.49318123556020066,-14.305741817379689,-18.77025164800011,0.8758915343808273
34005.0,0.2183,-0.0444,0.8304,-5.495647000000001,1.3623879999999986,-1.6056273333333337,0.3940555006166027,-14.302957962374244,-18.77988541200011,0.8597618333003624
34017.0,0.1957,-0.0511,0.8319,-2.8925470000000013,2.6218879999999984,-5.101827333333334,0.3234168085233232,-14.28217884159644,-18.81049637600011,0.8561351003200371
34029.0,0.1726,-0.0729,0.8456,-0.6406470000000011,3.499787999999999,-10.452927333333333,0.2742031401698816,-14.245276715047508,-18.87321394000011,0.8661088441991572
34041.0,0.1675,-0.0828,0.8721,0.6036529999999989,4.186787999999998,-16.888127333333333,0.23358384805989474,-14.193931638751273,-18.97454270400011,0.8918915292792056
34053.0,0.1594,-0.0736,0.9012,1.794452999999999,2.4233879999999988,-22.56742733333333,0.20273882426516587,-14.15605765670466,-19.109947268000113,0.9181431043143548
34065.0,0.1631,-0.0529,0.8804,1.0998529999999989,1.8050879999999987,-29.178127333333332,0.16232083767784583,-14.119824717973172,-19.28501603200011,0.8969415700033084
34077.0,0.1954,-0.0234,0.8799,-0.9383470000000012,4.614287999999998,-34.659027333333334,0.10068873659464256,-14.049516173800196,-19.492970196000112,0.9016389133128628
34089.0,0.2302,-0.0172,0.8861,-3.655947000000001,7.270787999999998,-37.231627333333336,0.010938057355667635,-13.951890926012103,-19.716359960000112,0.9156752098861255
34101.0,0.2438,-0.0128,0.8823,-4.152047000000001,7.232587999999998,-38.567427333333335,-0.0799563788527112,-13.860711833665562,-19.947764524000114,0.9154537508798574
34113.0,0.2659,0.0156,0.8773,-2.373447000000001,5.835687999999998,-39.60562733333333,-0.1419305523654868,-13.794277509704154,-20.185398288000115,0.9168432036068108
34125.0,0.2979,0.0435,0.8832,-2.0299470000000013,5.644787999999998,-39.552227333333335,-0.18950829070576317,-13.740973954765732,-20.422711652000114,0.9331017629390698
34137.0,0.3483,0.0526,0.8859,-3.686447000000001,9.125687999999998,-36.98732733333333,-0.24626953378057992,-13.662387942812968,-20.644635616000112,0.9533616627492423
34149.0,0.37,0.0652,0.8779,-3.465047000000001,12.049387999999999,-32.12472733333333,-0.2893666363150902,-13.566903020254188,-20.837383980000112,0.954913320673662
34161.0,0.3805,0.0726,0.8763,-1.823847000000001,13.530287999999999,-26.46062733333333,-0.30250466640569207,-13.471447376140809,-20.996147744000112,0.9580984813681733
34173.0,0.3735,0.0657,0.8813,0.9395529999999989,12.873788,-20.63612733333333,-0.27498478912795393,-13.398494154799605,-21.119964508000113,0.9594313055138445
34185.0,0.3566,0.0564,0.8751,3.649452999999999,12.637187999999998,-14.704927333333334,-0.21022042552692788,-13.339534316564947,-21.20819407200011,0.9466491060577832
34197.0,0.3206,0.0372,0.87,6.832652999999999,13.285988,-10.727827333333334,-0.10634643088888446,-13.278829892157248,-21.272561036000113,0.9279376056610703
34209.0,0.2755,0.0146,0.8948,10.000552999999998,12.667687999999998,-9.155227333333334,0.03255831112841392,-13.224581964151904,-21.327492400000114,0.9363655536167487
34221.0,0.2448,0.0088,0.9088,12.321152999999999,10.583787999999998,-9.743027333333334,0.19511931327525306,-13.189962530564575,-21.385950564000115,0.9412342535203445
34233.0,0.2107,-0.0115,0.9264,12.977652999999998,9.995987999999999,-10.773627333333334,0.35886607024751327,-13.152935090880133,-21.450592328000116,0.9501282545004122
34245.0,0.1704,-0.0464,0.9526,11.466252999999998,9.392888,-15.033127333333335,0.49431379275980836,-13.109095283646157,-21.540791092000116,0.9688322248975826
34257.0,0.1647,-0.0479,0.9358,8.481452999999998,9.194387999999998,-21.55222733333333,0.5852859754734375,-13.055261982537738,-21.670104456000118,0.9513895837142636
34269.0,0.1814,-0.0288,0.8862,6.832652999999999,11.385288,-26.63612733333333,0.6513943618379306,-12.968475403785137,-21.829921220000116,0.9050336126354644
34281.0,0.1973,-0.0096,0.859,7.244852999999999,15.247888,-30.735427333333334,0.7200810504584713,-12.833288906347333,-22.014333784000115,0.8814195652468806
34293.0,0.2173,-0.0013,0.8822,8.313552999999999,18.522688,-32.681927333333334,0.8001432982647051,-12.659664145946387,-22.210425348000115,0.9085691057921791
34305.0,0.2241,0.0194,0.8901,9.336452999999999,18.652487999999998,-33.88812733333333,0.8933697395389136,-12.486172669119886,-22.413754112000113,0.918082338355335
34317.0,0.2356,0.0636,0.8329,9.664653,22.881487999999997,-34.735427333333334,0.9965879284782477,-12.268006057900466,-22.622166676000113,0.8679140107176517
34329.0,0.2416,0.0742,0.8319,8.725753,33.492188,-34.70492733333333,1.095313388958127,-11.931627693645517,-22.830396240000113,0.8694445410720572
34341.0,0.2291,0.0537,0.9033,6.916652999999999,38.751688,-35.78882733333333,1.1758832063115336,-11.538268403832145,-23.045129204000112,0.9334459759407611
34353.0,0.218,0.0601,0.9091,6.3975529999999985,38.163888,-35.95682733333333,1.254094509069378,-11.15649614711319,-23.26087016800011,0.936802444488698
34365.0,0.2145,0.0558,0.9045,6.076952999999999,37.148588000000004,-36.11712733333333,1.3312533165460534,-10.791161457562692,-23.47757293200011,0.9312594375360713
34377.0,0.203,0.0262,0.9246,5.153252999999999,38.285988,-36.04842733333333,1.3961044819316168,-10.414925259488491,-23.693863496000112,0.9469850051611165
34389.0,0.1885,0.0125,0.9951,4.725752999999999,34.728788,-36.58272733333333,1.452815091445509,-10.07984713246424,-23.913359860000114,1.0128733928779055
34401.0,0.1754,0.0229,1.0386,3.214352999999999,26.087587999999997,-37.12472733333333,1.4901622886880028,-9.843042843020443,-24.136108224000115,1.053555660608399
34413.0,0.1671,0.0302,1.0275,1.1990529999999988,16.140987999999997,-37.99492733333333,1.5035775175335206,-9.718452236963813,-24.364077788000113,1.041436843980469
34425.0,0.1671,0.0479,0.985,-1.0757470000000011,11.011187999999999,-39.04842733333333,1.49267418330221,-9.64941785944522,-24.59836835200011,1.0002208856047747
34437.0,0.166,0.0634,0.9587,-4.3200470000000015,10.377588,-39.689627333333334,1.4481894263373387,-9.583287684262519,-24.836506116000113,0.9750288457271404
34449.0,0.1444,0.0671,0.9413,-6.228447000000001,10.911988,-40.21632733333333,1.3865883130492596,-9.504788579160087,-25.077804080000114,0.9546724359695319
34461.0,0.1221,0.0516,0.9176,-6.121547000000001,11.179188,-41.44532733333333,1.329741678811439,-9.415997350866178,-25.326476044000113,0.92712498078738
34473.0,0.1019,0.0471,0.9109,-5.3505470000000015,12.392888,-44.91862733333333,1.2846561749831922,-9.304574888746703,-25.595987808000114,0.9177912780147783
34485.0,0.1168,0.0568,0.9167,-7.167347000000001,15.736388,-48.88812733333333,1.2216477108958836,-9.148509934254918,-25.889316572000112,0.9258549400419053
34497.0,0.1362,0.061,0.9093,-10.373447,21.377587999999996,-51.03312733333333,1.1250212500309598,-8.924871465857201,-26.195515336000113,0.9214650997189204
34509.0,0.1411,0.0753,0.8755,-11.953647000000002,28.835687999999998,-50.87282733333333,1.0162235725777358,-8.615387458244523,-26.500752300000112,0.8899885111618013
34521.0,0.123,0.0858,0.8977,-11.129147000000001,35.362388,-50.17812733333333,0.9245423174307439,-8.23029284433199,-26.801821064000112,0.9101406100158371
34533.0,0.0968,0.0969,0.9369,-8.411647,37.125688000000004,-49.42242733333333,0.8725222301428617,-7.8236020192057865,-27.098355628000114,0.9468587328635671
34545.0,0.0718,0.0778,0.9976,-5.487947000000001,33.705888,-49.14002733333333,0.8584616154752942,-7.45336198699725,-27.393195792000114,1.0032017942567686
34557.0,0.0552,0.0389,1.0599,-6.213147000000001,25.209687999999996,-51.19342733333333,0.8333052961451695,-7.176768829529288,-27.700356356000114,1.0620490854946396
34569.0,0.0521,0.0,1.0612,-11.152047000000001,15.644787999999998,-55.37662733333333,0.7434367850151968,-7.005777933644091,-28.032616120000114,1.0624781644815107
34581.0,0.0646,-0.0227,1.0404,-15.961247,6.759287999999998,-59.95682733333333,0.5899393366100447,-6.933533488092599,-28.392357084000114,1.0426507612810725
34593.0,0.0977,-0.0084,1.001,-23.075747,3.9501879999999985,-62.94912733333333,0.34980103683648267,-6.892067268948888,-28.770051848000115,1.0057916533755884
34605.0,0.1063,-0.0096,0.9835,-29.633047,5.545587999999999,-64.01782733333333,0.03186781541283918,-6.83061253699511,-29.154158812000116,0.9892745321699129
34617.0,0.1167,0.0198,0.9763,-34.136847,7.255487999999998,-63.895727333333326,-0.33412823744902564,-6.749747407900688,-29.537533176000117,0.9834493479585005
34629.0,0.1021,0.0404,0.9902,-40.915447,8.606687999999998,-64.36902733333334,-0.7714626647218413,-6.652236005270629,-29.923747340000116,0.9962693461107794
34641.0,0.094,0.0645,0.9825,-47.411647,6.889087999999999,-64.24682733333333,-1.272647011935251,-6.5739114627254915,-30.309228304000115,0.9890917550965633
34653.0,0.0615,0.0391,0.9703,-50.953647000000004,2.4004879999999984,-62.88812733333333,-1.804947991010513,-6.5436625022006485,-30.686557068000116,0.9730329644981203
34665.0,0.0258,-0.0052,0.9725,-51.892547,-8.065112000000001,-64.88812733333333,-2.342362371756531,-6.62724759433823,-31.075885832000115,0.9728560684911207
34677.0,0.0162,-0.0676,0.9523,-47.274247,-22.271212000000002,-69.51402733333333,-2.8262349927929424,-6.866454019998568,-31.492969996000113,0.9548337499271797
34689.0,0.088,-0.0155,0.8595,-41.716947000000005,-30.378112000000005,-70.36902733333334,-3.239179731746567,-7.196847815235218,-31.915184160000113,0.864132223678761
34701.0,0.1089,-0.059,0.8374,-35.823847,-30.172012000000006,-68.53692733333334,-3.5835382631460475,-7.52155571639907,-32.32640572400011,0.8465098759022248
34713.0,0.1086,-0.0648,0.8462,-33.228447,-26.286512000000002,-69.83462733333333,-3.8994714893979854,-7.7970144836082955,-32.74541348800011,0.8555977092068445
34725.0,0.1294,-0.0243,0.8278,-31.999447000000004,-19.752112000000004,-72.11712733333333,-4.197907116117626,-7.995598426244154,-33.17811625200011,0.8382050405479556
34737.0,0.1401,-0.0082,0.8275,-30.984147,-13.423912000000001,-72.51402733333333,-4.47944314837868,-8.122154559225987,-33.61320041600011,0.8393160906357033
34749.0,0.1366,-0.0007,0.8243,-30.816247000000004,-7.1720120000000005,-72.68962733333333,-4.753359389653103,-8.178106365636049,-34.04933818000011,0.8355420635731035
34761.0,0.1305,-0.0309,0.8507,-32.243747,0,-74.88812733333333,-5.042379907670367,-8.152422833207837,-34.498666944000114,0.8612058696966713
34773.0,0.1239,-0.0415,0.8773,-34.335347,3.9882879999999985,-76.88812733333333,-5.35498830279688,-8.08259019538346,-34.959995708000115,0.8869773108710278
34785.0,0.1179,-0.0662,0.8888,-37.060447,6.911987999999999,-76.84232733333333,-5.700816439267475,-7.980862121565238,-35.421049672000116,0.8990263010613204
34797.0,0.1067,-0.0825,0.9006,-38.579547,8.339488,-76.70492733333333,-6.066322313759801,-7.863772489059484,-35.88127923600012,0.910643453828116
34809.0,0.0891,-0.0665,0.8759,-38.091047,5.606687999999998,-77.62092733333333,-6.424693590961989,-7.778779142246871,-36.34700480000012,0.8829280095228603
34821.0,0.0907,-0.0555,0.8446,-37.281847,3.9119879999999987,-79.76592733333334,-6.770459906317722,-7.713935681140856,-36.825600364000124,0.8512672318373355
34833.0,0.1035,-0.0494,0.8323,-35.091047,3.6295879999999987,-80.30032733333333,-7.086522673331674,-7.654183826883154,-37.30740232800012,0.8401642101398988
34845.0,0.0867,-0.0662,0.8409,-29.686447,0,-79.02552733333333,-7.337554663572442,-7.636454118485657,-37.78155549200012,0.8479458355343222
34857.0,0.0721,-0.0898,0.8347,-24.900147,-4.110912000000001,-80.33842733333333,-7.534788467581632,-7.663944978122211,-38.26358605600012,0.8426069902392218
34869.0,0.0665,-0.1052,0.8224,-20.472747000000002,-5.217812000000002,-83.07892733333333,-7.6849315420024435,-7.7001917085532225,-38.76205962000012,0.8317638186408447
34881.0,0.0585,-0.1123,0.8265,-15.915447,-4.271212000000002,-87.00262733333334,-7.787504637231098,-7.720095011220601,-39.284075384000126,0.8361434027725149
34893.0,0.0643,-0.1172,0.8558,-14.381147,0.8203879999999986,-93.81942733333334,-7.878563248800468,-7.676000398216257,-39.846991948000124,0.8661777935274028
34905.0,0.072,-0.0985,0.8816,-14.274247,6.026487999999999,-99.88812733333333,-7.971576056322198,-7.568866461634107,-40.44632071200012,0.8900027022430888
34917.0,0.0718,-0.0754,0.9047,-15.854347,9.591387999999998,-104.78122733333333,-8.082585947799243,-7.419203128321779,-41.075008076000124,0.9106714500850457
34929.0,0.0751,-0.0815,0.9165,-20.304747000000003,12.217288,-108.46822733333333,-8.24552472656752,-7.239475604301281,-41.72581744000012,0.9231763157707199
34941.0,0.0847,-0.0937,0.9038,-22.930747,12.079887999999999,-110.28502733333333,-8.439392212221971,-7.0644177995394015,-42.38752760400012,0.9125832674337175
34953.0,0.1078,-0.0609,0.8826,-22.350547000000002,10.408187999999999,-110.43002733333333,-8.621479678766034,-6.91528752443398,-43.05010776800012,0.8912420602731898
34965.0,0.1381,-0.0515,0.8597,-21.839147,10.889088,-109.51402733333333,-8.791918817875223,-6.770192962019623,-43.707191932000114,0.8722430567221502
34977.0,0.1721,-0.064,0.8439,-19.953647,12.637187999999998,-107.00262733333334,-8.936707757643584,-6.618130358871921,-44.349207696000114,0.8636443828335827
34989.0,0.1942,-0.0674,0.8461,-17.556647,15.224988,-102.86522733333334,-9.050737660979015,-6.451172602275225,-44.966399060000114,0.8707132765727188
35001.0,0.2075,-0.0796,0.8606,-16.434547000000002,17.156287999999996,-97.98732733333333,-9.15100053393102,-6.277589517232182,-45.55432302400011,0.8888333758359888
35013.0,0.223,-0.0725,0.8772,-14.800947,16.362388,-91.60562733333333,-9.230466429933442,-6.129958338101325,-46.10395678800011,0.9080006002200659
35025.0,0.2272,-0.0782,0.8802,-11.327647,12.408187999999999,-83.59802733333333,-9.268562055963173,-6.044029744122321,-46.60554495200011,0.912407321320911
35037.0,0.2312,-0.0901,0.8754,-9.388747,9.721187999999998,-76.37662733333333,-9.285612327456464,-6.002998746230008,-47.06380471600011,0.9098882403899943
35049.0,0.2344,-0.0801,0.8785,-7.663547000000001,8.102787999999999,-68.33842733333333,-9.282959152421931,-5.992535384971073,-47.47383528000011,0.9127549616408557
35061.0,0.2175,-0.0995,0.8922,-4.228447000000001,4.583787999999998,-60.521627333333335,-9.243158144628298,-6.030795739145805,-47.83696504400011,0.9237030583472158
35073.0,0.1979,-0.1211,0.9115,-3.0986470000000015,0,-56.04842733333333,-9.196299662731889,-6.12563674307893,-48.17325560800011,0.940564654874932
35085.0,0.188,-0.1185,0.8982,-3.243747000000001,-3.149112000000001,-54.46822733333333,-9.15677214022319,-6.257762356469659,-48.50006497200011,0.9252834646744748
35097.0,0.1855,-0.1021,0.8768,-3.5795470000000007,-3.5231120000000016,-54.231627333333336,-9.12436376737605,-6.393774293572616,-48.82545473600011,0.9020049334676613
35109.0,0.1776,-0.1464,0.8939,-4.716947000000001,-1.8819120000000016,-56.09422733333333,-9.113532186256725,-6.508273923150393,-49.16202010000011,0.9230557567124534
35121.0,0.1868,-0.1781,0.9139,-6.923047,-1.6682120000000014,-60.35372733333333,-9.139321611647013,-6.619087974506808,-49.524142464000114,0.9496457550055178
35133.0,0.219,-0.1456,0.8992,-7.938347,-1.4468120000000013,-62.72782733333333,-9.181918552580859,-6.730446897589109,-49.90050942800011,0.9368676534068193
35145.0,0.2296,-0.1189,0.8862,-7.182647000000001,0.9348879999999986,-62.72782733333333,-9.216413974943222,-6.818020272757082,-50.27687639200011,0.9231488558190385
35157.0,0.2238,-0.0927,0.9054,-5.1291470000000015,3.1104879999999984,-60.46822733333333,-9.224012924046361,-6.882830821093754,-50.63968575600011,0.9372453734214963
35169.0,0.1915,-0.1188,0.937,-3.3582470000000013,2.973087999999999,-57.91862733333333,-9.211684841400945,-6.94725499365547,-50.98719752000011,0.9637191966542952
35181.0,0.1646,-0.136,0.9642,-3.0452470000000007,0,-58.16292733333333,-9.198669061707047,-7.040746540529608,-51.33617508400011,0.9875579982968088
35193.0,0.157,-0.1385,0.9749,-3.404047000000001,-4.454412000000001,-59.567427333333335,-9.192741218780892,-7.1794763812967455,-51.69357964800011,0.9971265015031944
35205.0,0.1552,-0.1256,0.9779,-3.6406470000000013,-9.416212000000002,-60.391927333333335,-9.190424067961684,-7.368811652805233,-52.05593121200011,0.9980735493940314
35217.0,0.1396,-0.1257,0.9916,-3.159747000000001,-15.828512000000002,-60.735427333333334,-9.182983445463893,-7.623167293792274,-52.42034377600011,1.0092369444288096
35229.0,0.13,-0.1361,0.9872,-3.6253470000000014,-22.775012000000004,-62.94912733333333,-9.182926276924773,-7.947218479277272,-52.79803854000011,1.00498111922563
35241.0,0.1381,-0.1359,0.968,-4.655947000000001,-27.462012,-67.53692733333334,-9.196787163207794,-8.31513212964621,-53.20326010400011,0.987200293760086
35253.0,0.1556,-0.1155,0.9493,-7.587247000000001,-27.408612,-72.56742733333333,-9.244253339097703,-8.67326212207261,-53.63866466800011,0.9688767207441822
35265.0,0.1869,-0.0947,0.9635,-10.724647000000001,-26.164312000000002,-75.93392733333333,-9.3243840590712,-9.011395077419431,-54.09426823200011,0.986018230054597
35277.0,0.1963,-0.0901,0.9625,-14.213147000000001,-25.630012000000004,-76.14002733333334,-9.440445981985418,-9.339221213902459,-54.55110839600011,0.9864369974813394
35289.0,0.2053,-0.1321,0.96,-16.839147,-26.156712000000002,-75.46062733333333,-9.58690907312841,-9.670248622420058,-55.00387216000011,0.9905546426119056
35301.0,0.2002,-0.1555,0.9486,-18.526147,-25.164312000000002,-75.09422733333334,-9.754856860232458,-9.985829057408376,-55.454437524000106,0.9818870861764096
35313.0,0.2139,-0.1565,0.9452,-17.404047000000002,-25.462012,-75.10182733333333,-9.910482232488103,-10.302835306296995,-55.905048488000105,0.9816559988101738
35325.0,0.2294,-0.1378,0.9404,-18.289547000000002,-24.103312000000003,-74.31552733333334,-10.07503878409925,-10.603253144432015,-56.3509416520001,0.9777348106720963
35337.0,0.2415,-0.1329,0.9325,-20.007047,-23.202512000000002,-73.44532733333334,-10.257470871235538,-10.893820100856551,-56.791613616000106,0.9723892790441491
35349.0,0.2626,-0.108,0.9174,-22.976547,-21.500212,-72.37662733333333,-10.469280366835532,-11.167465230434127,-57.2258733800001,0.9603361494810033
35361.0,0.2863,-0.098,0.8811,-24.984147,-18.965912000000003,-70.94912733333334,-10.698022026810051,-11.417570563712788,-57.6515681440001,0.931616283670482
35373.0,0.3102,-0.1149,0.865,-25.617747,-15.233012,-68.98732733333333,-10.929567264560351,-11.632658264634742,-58.0654921080001,0.926094514615004
35385.0,0.3346,-0.1296,0.8705,-24.961247,-12.462012000000001,-65.92622733333333,-11.150255418915519,-11.826161827891738,-58.4610494720001,0.9415538062160866
35397.0,0.3483,-0.13,0.8779,-22.281847000000003,-13.248312,-61.23922733333333,-11.336233711690788,-12.040264219319102,-58.8284848360001,0.9533736413390083
35409.0,0.3582,-0.1265,0.8702,-18.862047,-16.217812000000002,-54.17052733333333,-11.47900525046267,-12.300140426701244,-59.1535080000001,0.9495038335888908
35421.0,0.3468,-0.1615,0.8717,-16.426947000000002,-20.530712,-46.94912733333333,-11.595119210579421,-12.61781851164717,-59.4352027640001,0.9519524042723985
35433.0,0.3357,-0.1766,0.8517,-13.968847000000002,-25.187212000000002,-41.04842733333333,-11.686516525310132,-12.9943872769542,-59.6814933280001,0.9323491513376306
35445.0,0.3165,-0.1881,0.8064,-10.075747000000002,-28.202512000000002,-35.14762733333333,-11.738417183450407,-13.40776657709546,-59.8923790920001,0.8864732483273254
35457.0,0.2695,-0.219,0.7727,-5.335347000000001,-25.790312000000004,-33.44532733333333,-11.745537559870328,-13.788320608174892,-60.0930510560001,0.8471461149058055
35469.0,0.2275,-0.2017,0.7632,0.9395529999999989,-21.538412,-35.590327333333335,-11.688074277519839,-14.110084410105717,-60.3065930200001,0.8215311193132004
35481.0,0.2068,-0.1305,0.7794,7.489152999999999,-20.026912000000003,-38.94152733333333,-11.554333930964486,-14.403421107620474,-60.5402421840001,0.8168603613837556
35493.0,0.1951,-0.1268,0.7939,13.199053,-21.416212,-41.689627333333334,-11.355066167895265,-14.701370466339371,-60.7903799480001,0.8272964764822827
35505.0,0.1864,-0.1675,0.8097,18.351753,-23.416212,-44.96442733333333,-11.103085540620329,-15.009854294488063,-61.0601665120001,0.8475938296141613
35517.0,0.1925,-0.163,0.817,22.725752999999997,-26.271212000000002,-47.17052733333333,-10.807492879335442,-15.339835939539652,-61.3431896760001,0.855052191389508
35529.0,0.2079,-0.1255,0.8119,26.977653,-29.752112000000004,-47.04072733333333,-10.465585219247567,-15.700903391559637,-61.6254340400001,0.8474398326725031
35541.0,0.2123,-0.1271,0.8003,30.496753,-31.194912000000006,-46.98732733333333,-10.087525581048123,-16.06973616151628,-61.9073580040001,0.8376788107622157
35553.0,0.2362,-0.1384,0.8273,31.298253,-28.507812,-50.05602733333333,-9.706897733731799,-16.399857954935474,-62.2076941680001,0.8714185504107657
35565.0,0.2804,-0.1046,0.854,29.886053,-24.965912000000003,-52.636127333333334,-9.344730669129795,-16.68659139958227,-62.5235109320001,0.904920615302801
35577.0,0.3179,-0.0734,0.8861,25.634152999999998,-21.668212000000004,-51.88042733333333,-9.029851614806578,-16.936680533893387,-62.8347934960001,0.9442569459633327
35589.0,0.3547,-0.0522,0.9224,19.626552999999998,-19.767412000000004,-48.35372733333333,-8.77955419004534,-17.169581507957748,-63.1249158600001,0.9896255301880605
35601.0,0.3849,-0.0328,0.9509,13.099853,-20.904812000000003,-40.99492733333333,-8.597079938222892,-17.422719426639333,-63.3708854240001,1.0263696507594133
35613.0,0.3849,-0.0516,0.9314,4.618852999999999,-20.210112000000002,-31.67432733333333,-8.508341964384632,-17.67346435507489,-63.5609313880001,1.009116707819269
35625.0,0.3694,-0.0529,0.8862,-3.755147000000001,-14.561312000000003,-26.094227333333333,-8.512153360365415,-17.862277099823185,-63.7174967520001,0.9615639396316815
35637.0,0.354,-0.0295,0.8481,-8.640647000000001,-7.462012000000001,-22.170527333333332,-8.564111175332375,-17.972037687683002,-63.8505199160001,0.9194889123855707
35649.0,0.3386,-0.0295,0.8101,-10.701747000000001,-1.5689120000000014,-19.269727333333332,-8.63144058017654,-18.01744719052846,-63.9661382800001,0.8785113658911876
35661.0,0.3042,-0.0433,0.7474,-9.480347000000002,5.354687999999999,-17.185827333333332,-8.678498708678962,-17.985577999659224,-64.06925324400011,0.8080960895834108
35673.0,0.2786,-0.0881,0.7859,-5.808547000000001,10.721188,-17.361327333333332,-8.682593213589431,-17.89113707950379,-64.17342120800011,0.8384619132673827
35685.0,0.2672,-0.0717,0.825,-1.1368470000000013,10.270788,-18.269727333333332,-8.630232319668504,-17.80073288873387,-64.2830395720001,0.8701504065390074
35697.0,0.2637,-0.0477,0.8158,3.7791529999999987,7.003587999999999,-19.292627333333332,-8.51685785304575,-17.747673031261336,-64.3987953360001,0.8586865667983865
35709.0,0.2764,-0.0516,0.8325,8.176153,2.6371879999999988,-20.300327333333332,-8.350462251025753,-17.74524751045142,-64.5205973000001,0.8787011835658354
35721.0,0.303,-0.0406,0.8325,12.664653,-3.408612000000001,-20.269727333333332,-8.12987303505876,-17.8156104889591,-64.6422156640001,0.8868560255193625
35733.0,0.3247,-0.0237,0.7987,17.466253,-7.683412000000001,-18.155227333333332,-7.851039200997437,-17.940414652739197,-64.7511470280001,0.8625041854970907
35745.0,0.317,-0.0502,0.7792,22.076953,-6.217812,-16.55222733333333,-7.5215777982155805,-18.05045156317746,-64.8504603920001,0.8427109112857148
35757.0,0.3105,-0.0284,0.8398,24.374653,-1.9124120000000016,-18.101827333333333,-7.166536872507531,-18.108680650272706,-64.9590713560001,0.8958129548069731
35769.0,0.3209,0.0281,0.9102,25.244853,-5.309412000000002,-19.216327333333332,-6.7958967335040334,-18.20479048338454,-65.0743693200001,0.9655208231830115
35781.0,0.3339,0.0535,0.9,23.725752999999997,-10.133812,-19.38422733333333,-6.436295634648798,-18.356916584980628,-65.1906746840001,0.9614319840737565
35793.0,0.3472,0.0415,0.8927,22.557852999999998,-11.714012,-20.61322733333333,-6.086509624467877,-18.52755200429337,-65.3143540480001,0.9587405175541504
35805.0,0.3794,0.0441,0.9125,21.290653,-13.981112000000001,-21.55222733333333,-5.748301484325563,-18.727016807317362,-65.4436674120001,0.9892145470018119
35817.0,0.4255,0.0719,0.9072,19.267753,-16.927712000000003,-19.36902733333333,-5.428024982598835,-18.967685560861852,-65.5598815760001,1.004605245855306
35829.0,0.4542,0.0426,0.8877,17.076953,-15.889512000000002,-15.964427333333335,-5.132382428868683,-19.204826759169194,-65.65566814000009,0.9980599631284686
35841.0,0.4767,0.0306,0.901,14.237252999999999,-11.462012000000001,-11.315527333333334,-4.870815073247534,-19.399065793563903,-65.72356130400009,1.019794219438412
35853.0,0.4834,0.028,0.9293,10.756253,-7.958212000000001,-5.727827333333334,-4.651089905940338,-19.55993529386974,-65.75792826800009,1.0478826508727015
35865.0,0.4825,0.0499,0.9563,7.6494529999999985,-8.484912000000001,0,-4.465867564755791,-19.732730218128903,-65.75792826800009,1.0722900493802971
35877.0,0.4799,0.0675,0.9508,3.5043529999999987,-11.286512,4.829472666666666,-4.325364762240309,-19.942856192852965,-65.72895143200009,1.0671836299344175
35889.0,0.4755,0.0791,0.9095,-1.5032470000000013,-11.278812,8.676772666666666,-4.23831406677306,-20.157100100543193,-65.6768907960001,1.0293431449230135
35901.0,0.4877,0.0674,0.8491,-6.388747000000001,-6.500212000000001,11.547072666666667,-4.204360041559192,-20.32259051122136,-65.6076083600001,0.9815115180169818
35913.0,0.5055,0.061,0.7969,-10.533747000000002,1.5531879999999987,15.859972666666666,-4.214978805325725,-20.405136140343544,-65.5124485240001,0.9456748172601405
35925.0,0.4998,0.0299,0.7584,-12.755147000000001,11.614287999999998,22.37147266666667,-4.250679858023848,-20.382780984916646,-65.3782196880001,0.9087709337341286
35937.0,0.4648,-0.0007,0.752,-13.411647,20.827987999999998,29.37147266666667,-4.296233398543022,-20.262870200437888,-65.2019908520001,0.8840495065322982
35949.0,0.433,0.0074,0.7466,-13.365847,25.881487999999997,36.15007266666667,-4.341913350052604,-20.092269427758303,-64.98509041600009,0.8631079422644655
35961.0,0.3873,-0.0068,0.7025,-10.793347,28.576088,41.753172666666664,-4.359463325248214,-19.89669326910377,-64.73457138000009,0.8022180376929953
35973.0,0.3612,-0.0153,0.6381,-5.0986470000000015,32.988288,43.95927266666667,-4.31342547880651,-19.656993439857338,-64.47081574400009,0.7333969866313879
35985.0,0.3296,-0.0558,0.5718,1.6723529999999989,45.820388,42.92867266666667,-4.197290825262734,-19.275128146181,-64.21324370800009,0.6623481259881393
35997.0,0.3168,-0.0719,0.6556,6.970052999999999,60.576088,38.48597266666667,-4.031492494036625,-18.724504818241087,-63.98232787200009,0.7316715178275016
36009.0,0.3304,0.0012,0.7546,11.878452999999999,65.23258799999999,36.814172666666664,-3.8111175869037583,-18.12306679173479,-63.76144283600009,0.8237637768195444
36021.0,0.3457,0.0343,0.8091,15.977652999999998,63.560888,39.18057266666667,-3.5424161936762495,-17.545460513314268,-63.52635940000009,0.8805269956111511
36033.0,0.345,0.0179,0.8297,20.092153,61.087588000000004,43.333272666666666,-3.2288169389109975,-17.000157631911094,-63.266359764000086,0.898747739913709
36045.0,0.3473,0.0109,0.8467,23.435653,61.583788,48.99737266666667,-2.8814171177573127,-16.4517734021551,-62.972375528000086,0.9152251034581602
36057.0,0.3408,0.0042,0.8839,24.214353,65.118088,57.493572666666665,-2.5320354302027663,-15.862685551898736,-62.62741409200009,0.9473338851745988
36069.0,0.3018,-0.0385,0.9829,20.618852999999998,66.682988,64.28747266666666,-2.2376489602871357,-15.248161430993562,-62.241689256000086,1.0289110262797265
36081.0,0.2595,-0.0314,1.0515,17.550152999999998,57.545588,67.44777266666667,-1.9893304239134155,-14.72863074044959,-61.837002620000085,1.0835028657091776
36093.0,0.2546,0.038,1.0913,14.702853,41.293688,70.05847266666667,-1.7744534269519088,-14.386733344918529,-61.41665178400009,1.1212496822742024
36105.0,0.2367,0.0475,1.0787,6.794452999999999,28.492188,70.79897266666667,-1.6513841638793254,-14.180088055290692,-60.99185794800009,1.105385376237627
36117.0,0.2404,0.0593,1.0313,-3.236047000000001,23.011187999999997,68.09667266666666,-1.642483352897041,-14.02508767722874,-60.58327791200009,1.060607533444865
36129.0,0.2533,0.0697,0.9563,-13.579547000000002,25.980687999999997,65.03557266666667,-1.7485168940917695,-13.827724272584346,-60.19306447600009,0.9917301397053536
36141.0,0.2648,0.052,0.9337,-21.961247,34.499788,63.569972666666665,-1.9468999607799171,-13.526860303275328,-59.81164464000009,0.9719149808496625
36153.0,0.2654,0.0287,0.9382,-28.449847000000002,39.507388,65.18827266666666,-2.2167251693231065,-13.166493594899645,-59.42051500400009,0.9754384091268911
36165.0,0.2579,0.0139,0.9213,-32.762747000000005,40.232588,69.37147266666666,-2.5327810075417347,-12.798642007802583,-59.004286168000085,0.9568172814074797
36177.0,0.2175,-0.0396,0.9069,-32.495647,39.721188,73.13477266666666,-2.846519821812747,-12.434553956174648,-58.56547753200009,0.9334570263274042
36189.0,0.2047,-0.0542,0.9305,-28.083347,35.438688,74.87527266666667,-3.1103380435279817,-12.11709741836777,-58.11622589600009,0.9542903017426091
36201.0,0.1993,-0.0406,0.9241,-24.228447000000003,30.728787999999998,76.06607266666667,-3.32934892561768,-11.851052207248648,-57.65982946000009,0.9462186111042205
36213.0,0.2185,0.0164,0.9244,-23.541447,27.934887999999997,78.77607266666666,-3.5343014411452898,-11.616060771143575,-57.18717302400009,0.9500139841076024
36225.0,0.2372,-0.0234,0.8772,-23.762747,30.812787999999998,80.50127266666667,-3.7410852647306205,-11.349256590157998,-56.704165388000085,0.9090056325458055
36237.0,0.2552,-0.0378,0.8757,-24.152047,39.522688,83.32567266666666,-3.953077320134789,-10.985078025925135,-56.20421135200009,0.9129109321286497
36249.0,0.2485,-0.0698,0.9431,-26.152047,45.056988000000004,88.44017266666667,-4.192486166075145,-10.559776239836669,-55.67357031600009,0.9777841786406651
36261.0,0.2291,-0.0747,0.998,-28.526147,41.713488,93.78367266666666,-4.462803443352663,-10.175273955417351,-55.11086828000009,1.0266795507849564
36273.0,0.2103,-0.0588,1.0031,-30.778047,31.904387999999997,100.28747266666667,-4.759203475589648,-9.905267523298916,-54.50914344400009,1.026592976792653
36285.0,0.1908,-0.0463,0.9644,-31.846747,22.034087999999997,107.47067266666667,-5.065329867718238,-9.74809897438034,-53.864319408000085,0.9841827523382027
36297.0,0.1631,-0.058,0.92,-31.426947,14.782188,113.16537266666667,-5.3647099594891055,-9.669750874635708,-53.185327172000086,0.936144011357227
36309.0,0.1318,-0.1016,0.8629,-29.091047,10.347088,114.63867266666666,-5.640008349016051,-9.634443789793636,-52.49749513600008,0.8788004380972964
36321.0,0.1289,-0.0944,0.8147,-24.961247,11.293688,114.32567266666666,-5.869193616658254,-9.579945646077238,-51.811541100000085,0.830218441134621
36333.0,0.1117,-0.0994,0.8268,-20.877247,13.866188,115.40197266666667,-6.053683395585354,-9.485779089612041,-51.11912926400009,0.8402115745453641
36345.0,0.0692,-0.1118,0.8547,-17.984147,12.950187999999999,113.94397266666667,-6.209149859396335,-9.388682091432388,-50.435465428000086,0.8647542830191708
36357.0,0.0415,-0.1045,0.8622,-14.426947000000002,7.507387999999999,109.21877266666667,-6.326678948970139,-9.339686227397463,-49.78015279200009,0.8695006267967839
36369.0,0.047,-0.1398,0.8378,-8.816247,1.6218879999999987,103.89817266666667,-6.386891576577826,-9.345844006876716,-49.15676375600009,0.8506831842701488
36381.0,0.0702,-0.1527,0.8307,-2.778047000000001,-0.5231120000000016,100.73027266666666,-6.38661613275517,-9.366406762436291,-48.55238212000009,0.8475304242326643
36393.0,0.0728,-0.1517,0.8303,2.3669529999999988,-0.5995120000000016,99.89057266666667,-6.3364109600396334,-9.378012908084909,-47.95303868400009,0.8471781512763417
36405.0,0.0779,-0.1299,0.8458,7.023452999999999,-1.1491120000000015,99.75317266666667,-6.239080745455278,-9.387559944140781,-47.35451964800009,0.8592555266042808
36417.0,0.0663,-0.1345,0.8766,11.519652999999998,-4.920112000000001,99.14247266666666,-6.097044196779587,-9.431638567352351,-46.75966481200009,0.8893331771614057
36429.0,0.0568,-0.1533,0.9093,14.542552999999998,-10.988812000000001,98.03557266666667,-5.929867042243937,-9.535702634711049,-46.17145137600009,0.923879656665304
36441.0,0.066,-0.1444,0.9238,17.000552999999996,-16.660512000000004,98.03557266666667,-5.742529033219963,-9.695900927966555,-45.583237940000096,0.9373440136897445
36453.0,0.0825,-0.1278,0.9393,19.366953,-21.836112000000004,100.89817266666667,-5.533566686887893,-9.908021055914032,-44.9778489040001,0.9515374821834398
36465.0,0.078,-0.1332,0.9548,18.122753,-23.660512000000004,102.85237266666667,-5.346055061943144,-10.131429760481886,-44.3607346680001,0.9671966087616313
36477.0,0.0818,-0.1259,0.9569,15.359352999999999,-23.630012000000004,102.22637266666666,-5.196186661805482,-10.345191546411948,-43.747376432000095,0.9686070720369534
36489.0,0.0889,-0.134,0.9598,11.130353,-22.408612,100.69967266666667,-5.101232078430774,-10.53686960061839,-43.143178396000096,0.9731779128196447
36501.0,0.0923,-0.1344,0.976,6.741052999999999,-21.736912000000004,98.95927266666666,-5.06153315835198,-10.71393863953437,-42.5494227600001,0.9895244564941283
36513.0,0.1102,-0.0789,1.0024,1.7715529999999988,-22.408612,99.48597266666667,-5.07543768489409,-10.894637708944675,-41.9525069240001,1.0115211367045178
36525.0,0.113,-0.0615,1.0409,-4.678847000000001,-26.019312000000003,102.48597266666667,-5.157312901986081,-11.113346039261383,-41.337591088000096,1.0488203182623799
36537.0,0.0966,-0.0853,1.0366,-11.503247000000002,-30.790312000000004,105.24927266666667,-5.314022149022022,-11.381145406591518,-40.7060954520001,1.04457992035076
36549.0,0.0865,-0.1178,1.0326,-17.411647000000002,-34.530712,107.30277266666667,-5.5376396635287355,-11.684098612751693,-40.0622788160001,1.0428911016975837
36561.0,0.0729,-0.116,1.0244,-21.083347,-40.866611999999996,109.82187266666666,-5.80037101915226,-12.050924500020386,-39.4033475800001,1.033521054454141
36573.0,0.0634,-0.0977,0.989,-23.526147,-48.843712,110.94397266666667,-6.085262142286071,-12.499462354836178,-38.7376837440001,0.9958342482562045
36585.0,0.0437,-0.1173,0.9318,-25.999447,-53.324612,107.79897266666667,-6.395407781071311,-12.985786849190651,-38.0908899080001,0.9401703143579891
36597.0,0.0316,-0.1405,0.8597,-28.075747,-50.637612,101.56997266666667,-6.729174215568356,-13.424739029835383,-37.4814700720001,0.871678208973931
36609.0,0.0394,-0.162,0.8293,-28.755147,-43.194912,96.40967266666667,-7.072219159644299,-13.763088384743105,-36.9030120360001,0.8458929305769142
36621.0,0.0405,-0.1482,0.8435,-27.098647,-36.897211999999996,93.53937266666667,-7.3943680073152445,-14.016633806516033,-36.3417758000001,0.8573772448578281
36633.0,0.0627,-0.1239,0.879,-26.869647,-34.210112,93.09667266666666,-7.708824354819163,-14.232244155712396,-35.7831957640001,0.8899008371723223
36645.0,0.0835,-0.1373,0.915,-30.098647,-34.187212,93.64627266666666,-8.057314779184944,-14.4443297039268,-35.2213181280001,0.9290040581181549
36657.0,0.0884,-0.1576,0.9247,-34.839147000000004,-37.225412,95.33327266666667,-8.459006166697941,-14.689359376564012,-34.6493184920001,0.942190219647816
36669.0,0.0864,-0.1573,0.88,-36.014647000000004,-42.721612,96.06607266666667,-8.871177007103762,-14.995658173470208,-34.072922056000095,0.8981137177440283
36681.0,0.1052,-0.1548,0.8083,-33.831447000000004,-45.408612,97.82947266666667,-9.254598618035626,-15.33195648684827,-33.4859452200001,0.8296860671362392
36693.0,0.1322,-0.1547,0.7705,-29.449847000000002,-43.767412,101.08137266666667,-9.584206730967171,-15.650271312406836,-32.8794569840001,0.7969185529274619
36705.0,0.1685,-0.1855,0.7678,-26.541447,-41.095612,106.04317266666666,-9.881854674037852,-15.942946021951263,-32.2431979480001,0.8076628875960564
36717.0,0.2023,-0.127,0.7584,-23.159747,-38.668212,112.08897266666666,-10.134542374343953,-16.216967028578885,-31.570664112000102,0.7951256818893476
36729.0,0.2208,-0.1099,0.7615,-22.136847,-34.775012,126.18827266666666,-10.368498630481396,-16.456605749846066,-30.813534476000104,0.8004454384903446
36741.0,0.1573,-0.1842,0.6816,-18.694047,-25.248312000000002,138.10427266666665,-10.567304377411766,-16.588043745874515,-29.984908840000102,0.7233612444691794
36753.0,0.1256,-0.2109,0.6404,-8.793347,-11.484912000000001,138.21877266666667,-10.659657589675982,-16.559577977359965,-29.1555962040001,0.6858325816115767
36765.0,0.1433,-0.2269,0.6619,0,6.140987999999998,137.05087266666666,-10.661398889075427,-16.33072484235157,-28.3332909680001,0.7142339322658929
36777.0,0.1405,-0.2427,0.7114,6.786852999999999,22.041787999999997,138.02027266666664,-10.597704699483945,-15.923856150714522,-27.5051693320001,0.7646786906930256
36789.0,0.1261,-0.2367,0.7885,12.970052999999998,32.163888,138.74547266666664,-10.472771742811405,-15.406363186389683,-26.6726964960001,0.832862743793958
36801.0,0.1067,-0.2035,0.8607,19.305953,34.675388,139.79897266666666,-10.278476577228718,-14.865632093623184,-25.8339026600001,0.890843212916841
36813.0,0.0857,-0.184,0.9006,23.588352999999998,30.744087999999998,143.08897266666665,-10.03639449163637,-14.374619776873725,-24.9753688240001,0.923190581624401
36825.0,0.0605,-0.1896,0.8995,29.107453,23.705887999999998,143.80657266666665,-9.73395598370323,-13.966310085909917,-24.112529388000098,0.9212538520950673
36837.0,0.0667,-0.1729,0.9049,35.046352999999996,15.148587999999998,145.61577266666666,-9.365087274170168,-13.658809460209646,-23.2388347520001,0.9236813898742359
36849.0,0.0702,-0.1862,0.889,36.137952999999996,13.377588,149.76837266666666,-8.990568157187868,-13.371962758455393,-22.3402245160001,0.910999165751539
36861.0,0.0466,-0.2025,0.8967,34.718153,17.522688,152.25697266666666,-8.642040809494787,-13.033190057318196,-21.4266826800001,0.9204611344320845
36873.0,-0.0201,-0.2526,0.8846,36.244853,17.415788,151.10427266666665,-8.29110130782512,-12.68576308105565,-20.520057044000097,0.9201782055667261
36885.0,-0.1179,-0.3282,0.9088,38.786853,16.064687999999997,144.61577266666666,-7.934048638771947,-12.332900614540392,-19.652362408000098,0.9734131137394852
36897.0,-0.2365,-0.3918,0.9214,39.847953,14.133387999999998,132.69207266666666,-7.594123350603117,-11.968741869013703,-18.856209972000098,1.0287941728062033
36909.0,-0.3322,-0.3937,0.9352,40.847953,12.591387999999998,117.24927266666667,-7.2685079629245575,-11.580820787989895,-18.1527143360001,1.0676870187465988
36921.0,-0.4048,-0.3861,0.9408,40.031152999999996,12.934887999999999,100.07377266666667,-6.9742532969249,-11.14361419569418,-17.552271700000098,1.0945505424602375
36933.0,-0.4586,-0.3745,0.9498,38.183752999999996,12.125687999999998,79.98217266666667,-6.718549090203405,-10.671078385261133,-17.072378664000098,1.1192337780821306
36945.0,-0.4517,-0.3407,0.9694,35.763953,7.499787999999999,58.768372666666664,-6.50079981970115,-10.216537822440912,-16.719768428000098,1.1224285010636534
36957.0,-0.3809,-0.2975,0.9535,33.756253,0,39.699672666666665,-6.310402088333807,-9.827655935989611,-16.481570392000098,1.0689964031744916
36969.0,-0.293,-0.264,0.9373,31.023453,-7.507812000000001,25.56997266666667,-6.152460145063779,-9.517440779845153,-16.328150556000097,1.016895417434851
36981.0,-0.2075,-0.2572,0.9437,25.710452999999998,-13.225412,15.890572666666666,-6.056534960618146,-9.27583124014771,-16.232807120000096,0.999888883826598
36993.0,-0.0748,-0.2458,1.0321,21.267753,-24.996412000000003,7.776072666666666,-6.00812590607905,-9.191228330320866,-16.186150684000097,1.0635991209097533
37005.0,0.0642,-0.1456,0.9014,17.321153,-33.645312,10.295072666666666,-5.994585902306695,-9.236574447626728,-16.124380248000097,0.9153376207717019
37017.0,0.0664,-0.0946,0.8115,13.794452999999999,-23.744512000000004,15.096672666666667,-6.008031940368295,-9.187583510422721,-16.0338002120001,0.8196891910962351
37029.0,0.0909,-0.0433,0.8595,15.817352999999999,-18.484912,15.722572666666666,-5.976117386950562,-9.102713114960336,-15.939464776000099,0.8653773454395488
37041.0,0.0886,-0.082,0.8717,16.878453,-13.225412,19.226372666666666,-5.9169789735795035,-8.980339041337531,-15.824106540000098,0.8800198009135931
37053.0,0.0371,-0.1177,0.9381,12.450952999999998,-4.714012000000002,20.67677266666667,-5.899435461849899,-8.77493588210415,-15.700045904000099,0.9461824929684548
37065.0,-0.0288,-0.1569,1.0111,5.725752999999999,-2.851412000000001,19.47067266666667,-5.953600139360772,-8.557108371685189,-15.583221868000098,1.0236064966577734
37077.0,-0.0739,-0.1992,0.9983,-1.4345470000000011,-4.103312000000001,16.256972666666666,-6.089330349580945,-8.357404655237495,-15.485680032000099,1.0206589734088463
37089.0,-0.1006,-0.2052,0.9702,-7.075747000000002,-5.759812000000002,11.066072666666665,-6.288666641124512,-8.176809036999181,-15.4192835960001,0.9967524466987778
37101.0,-0.0953,-0.1935,0.9573,-11.823847,-8.057512000000001,5.050872666666666,-6.538784429489855,-8.023489844352413,-15.388978360000099,0.9812989503713943
37113.0,-0.0842,-0.1979,0.9232,-15.327647000000002,-9.042212000000001,0,-6.825522536849334,-7.882858042075746,-15.388978360000099,0.9479199808000673
37125.0,-0.0469,-0.1515,0.9388,-14.846747,-12.561312000000001,-4.720127333333334,-7.095462745248439,-7.789377265291238,-15.417299124000099,0.9521015176965112
37137.0,-0.0099,-0.1206,0.8984,-15.365847000000002,-13.439112000000002,-6.338427333333334,-7.358593596962329,-7.714945228692797,-15.455329688000099,0.9065125095661946
37149.0,-0.0048,-0.1257,0.8759,-17.381147000000002,-7.118512000000001,-7.5522273333333345,-7.634459293041361,-7.574346899906211,-15.500643052000099,0.8848866255063415
37161.0,-0.0294,-0.1471,0.886,-19.197847,0,-9.086527333333335,-7.923280335732192,-7.355931469469304,-15.555162216000099,0.8986093533900034
37173.0,-0.0573,-0.1844,0.9033,-21.434547000000002,2.3394879999999985,-11.582727333333334,-8.23406763122575,-7.113813574102067,-15.6246585800001,0.9237085795855747
37185.0,-0.0852,-0.2122,0.8994,-22.671147,0.8508879999999985,-15.109427333333334,-8.557879752077222,-6.890029200728178,-15.7153151440001,0.9280130602529255
37197.0,-0.1019,-0.2344,0.9235,-22.831447,-4.278812000000002,-19.689627333333334,-8.883394468217551,-6.725537589029216,-15.8334529080001,0.9582166873938274
37209.0,-0.1058,-0.2482,0.9033,-22.678847,-9.797912,-24.872827333333333,-9.208384668948105,-6.623628376566492,-15.9826898720001,0.9427341990190024
37221.0,-0.0959,-0.2366,0.8469,-20.984147,-10.103312,-30.46822733333333,-9.514017748452806,-6.522988222763482,-16.165499236000098,0.8845428084609586
37233.0,-0.0565,-0.2122,0.8385,-16.365847000000002,-8.568912000000001,-32.12472733333333,-9.763012988341549,-6.407235928015734,-16.358247600000098,0.8667775608539944
37245.0,-0.0571,-0.2811,0.83,-12.465047000000002,-6.278812,-37.49112733333333,-9.973217732621801,-6.267549743100305,-16.583194364000096,0.8781671936482255
37257.0,-0.0289,-0.2714,0.8591,-8.900147,-4.156712000000001,-41.05602733333333,-10.146301727894347,-6.1102121813443855,-16.829530528000095,0.9014133236201914
37269.0,-0.0262,-0.2736,0.8846,-5.113947000000001,-7.576612000000001,-42.689627333333334,-10.279050640540902,-6.000896998465985,-17.085668292000094,0.9263155833731829
37281.0,-0.0072,-0.2648,0.8826,-1.121547000000001,-15.652912000000002,-45.72782733333333,-10.36809916715382,-5.995368135715088,-17.360035256000092,0.9214953282572843
37293.0,0.0262,-0.2352,0.9192,0,-24.805612000000004,-48.407127333333335,-10.442843484663841,-6.1080981226290945,-17.650478020000094,0.9491754948374932
37305.0,0.0272,-0.235,0.9481,4.641752999999999,-36.706312,-47.430027333333335,-10.461187737435274,-6.36822190933814,-17.935058184000095,0.9771685883203574
37317.0,0.0369,-0.2587,0.8528,9.244852999999999,-41.874311999999996,-47.17052733333333,-10.430476127033952,-6.693356920737373,-18.218081348000094,0.8919389777333425
37329.0,0.0513,-0.2612,0.8129,14.893752999999998,-35.607112,-48.88812733333333,-10.340443163431729,-6.948588937141345,-18.511410112000092,0.8553733336970472
37341.0,0.0477,-0.2703,0.7985,18.328853,-20.790312000000004,-52.72012733333333,-10.219304888293873,-7.033404035157127,-18.827730876000093,0.8443575249857136
37353.0,0.0477,-0.267,0.8381,20.351753,-3.5231120000000016,-57.98732733333333,-10.081898083542258,-6.921711838452326,-19.175654840000092,0.8808949426577496
37365.0,0.0283,-0.2513,0.9274,21.305953,8.339488,-62.231627333333336,-9.935701589424083,-6.677757703653538,-19.54904460400009,0.9612613276315656
37377.0,0.0184,-0.2196,1.0111,20.595952999999998,10.728788,-66.45292733333334,-9.793953133605822,-6.41379457233509,-19.94776216800009,1.0348361851037102
37389.0,0.0353,-0.1755,1.0504,18.733352999999997,6.728787999999998,-68.57512733333333,-9.664515266314218,-6.207099690005182,-20.35921293200009,1.0655451656311898
37401.0,0.0348,-0.1754,1.0378,16.160853,2.0722879999999986,-68.20872733333333,-9.557390627500483,-6.063551821482731,-20.76846529600009,1.053093082305643
37413.0,0.0421,-0.1769,1.0504,13.428052999999998,-0.7140120000000012,-69.45292733333334,-9.47510618352747,-5.960251744798372,-21.18518286000009,1.0660235363255353
37425.0,0.0564,-0.1643,1.0743,7.603652999999999,-1.6987120000000013,-70.46822733333333,-9.452571864960376,-5.876332902818632,-21.60799222400009,1.0882536193369632
37437.0,0.0583,-0.134,1.0593,-0.5032470000000011,0,-69.52162733333333,-9.513612241609346,-5.779391482104787,-22.025121988000087,1.0693322121773008
37449.0,0.0326,-0.1117,1.0156,-10.633047000000001,5.034087999999999,-69.71252733333333,-9.680257413535918,-5.626893090404573,-22.443397152000088,1.0222441048986295
37461.0,0.0208,-0.1019,1.021,-17.854347,7.965387999999999,-71.46822733333333,-9.91626945192382,-5.443083234603529,-22.872206516000087,1.0262832211431694
37473.0,0.0309,-0.1105,1.0447,-21.976547,4.224987999999998,-72.08652733333334,-10.185592451240408,-5.308164211840541,-23.304725680000086,1.0509819931854207
37485.0,0.0474,-0.149,1.0818,-24.770447,-6.9048120000000015,-72.49112733333334,-10.47667576733776,-5.309738992046717,-23.739672444000085,1.0930411703133602
37497.0,0.0471,-0.2209,1.1738,-29.152047,-25.851412000000003,-74.01022733333333,-10.814577587323647,-5.536359999833564,-24.183733808000085,1.1953332840676696
37509.0,0.0734,-0.2253,1.1912,-37.075747,-49.454412,-75.78882733333333,-11.239990060416012,-6.040874265901366,-24.638466772000086,1.2145390442468287
37521.0,0.1101,-0.1768,1.103,-48.655947,-63.576612,-74.62852733333334,-11.790511098760899,-6.709986416860976,-25.086237936000085,1.1224924275913848
37533.0,0.1334,-0.1521,0.9653,-60.938347,-61.820812,-72.68192733333333,-12.47211914736717,-7.355969465055561,-25.522329500000087,0.9862728121569609
37545.0,0.149,-0.1259,0.821,-70.968847,-45.805611999999996,-72.85752733333334,-13.255778376843264,-7.813296030154953,-25.959474664000087,0.8438559177963972
37557.0,0.1519,-0.1243,0.717,-77.93834700000001,-19.889512000000003,-71.55982733333333,-14.105431407447242,-7.969639569257678,-26.388833628000086,0.7433795127658549
37569.0,0.116,-0.141,0.7213,-80.686447,2.4615879999999986,-71.07132733333333,-14.972022104448746,-7.867962961821,-26.815261592000084,0.7440501931993567
37581.0,0.1123,-0.1473,0.6775,-82.281847,15.652487999999998,-72.12472733333333,-15.84324948899849,-7.620710306324349,-27.248009956000082,0.7023637447932517
37593.0,0.105,-0.1646,0.6162,-79.617747,27.927287999999997,-71.85752733333334,-16.67228778511581,-7.240960979281883,-27.679155120000082,0.6463904392857308
37605.0,0.0784,-0.2428,0.5933,-73.327647,37.919588,-73.78882733333333,-17.427627800878913,-6.754711724561181,-28.121888084000084,0.6458353427925728
37617.0,0.017,-0.3024,0.6427,-65.930747,40.583788,-80.08652733333334,-18.10347975854063,-6.241209023396224,-28.602407248000084,0.7104914144449601
37629.0,0.0277,-0.3463,0.5748,-55.396347,39.026488,-85.50642733333333,-18.67107961375977,-5.753215386229031,-29.115445812000083,0.6716293769632177
37641.0,-0.0076,-0.371,0.5941,-43.197947,37.026488,-92.46062733333333,-19.114166709941564,-5.290257092315034,-29.670209576000083,0.7004666801497412
37653.0,-0.0476,-0.38,0.6975,-31.045247000000003,29.049387999999997,-104.55222733333333,-19.430961352085948,-4.915659337749625,-30.297522940000082,0.7957210629360014
37665.0,-0.0311,-0.3752,0.6898,-21.892547,18.995987999999997,-115.42242733333333,-19.656600416017287,-4.655709899443919,-30.99005750400008,0.785853860460073
37677.0,0.0082,-0.3221,0.6157,-14.297147,14.209688,-122.38422733333333,-19.805303230490065,-4.4534740276049805,-31.72436286800008,0.6949116058895549
37689.0,0.0059,-0.2854,0.6689,-6.052847000000001,17.003587999999997,-128.61322733333336,-19.8622006154047,-4.218156043030244,-32.49604223200008,0.7272655498509468
37701.0,-0.004,-0.2791,0.6969,-2.5032470000000013,15.461587999999999,-140.11712733333334,-19.881459697426745,-4.000036036543688,-33.33674499600008,0.7507212665164082
37713.0,0.0093,-0.292,0.6909,2.588352999999999,18.782187999999998,-150.28502733333335,-19.847260654636937,-3.7441759748815713,-34.23845516000008,0.75012885559749
37725.0,0.0118,-0.2754,0.7257,7.199052999999999,19.904387999999997,-160.32322733333334,-19.761681953221032,-3.477639852222213,-35.20039452400008,0.7762891793655248
37737.0,0.0293,-0.2439,0.7445,14.595953,18.820387999999998,-169.85752733333334,-19.587476669676057,-3.229449849422796,-36.21953968800008,0.7839808352249434
37749.0,0.0577,-0.1575,0.7563,22.099853,13.102787999999999,-178.20102733333334,-19.312932177585864,-3.058027254836139,-37.28874585200008,0.774677500641396
37761.0,0.1533,-0.1282,0.7272,30.931853,9.079887999999999,-180.34612733333336,-18.922942966662767,-2.956427281823084,-38.37082261600008,0.7541591145109896
37773.0,0.2452,-0.1074,0.7347,37.283052999999995,12.392888,-173.36132733333335,-18.446870152804085,-2.8491931127396346,-39.41099058000008,0.7819474982375735
37785.0,0.2987,-0.0977,0.7932,41.641753,17.919587999999997,-161.04842733333334,-17.907470585796002,-2.7143387464074045,-40.37728114400008,0.8531900257269771
37797.0,0.3041,-0.0525,0.8717,44.473853,20.660088,-150.20872733333334,-17.31680115208684,-2.5801314496017027,-41.27853350800008,0.9247129013915616
37809.0,0.3241,-0.0271,0.9023,42.916653,22.163887999999996,-141.52932733333336,-16.726283490538442,-2.4591947448752776,-42.12770947200008,0.9591248667405095
37821.0,0.3453,-0.012,0.97,38.534953,24.224987999999996,-132.46822733333335,-16.168803760268535,-2.3419559247980093,-42.92251883600008,1.0296970865259354
37833.0,0.3984,0.0015,1.0044,33.313553,22.950187999999997,-121.93392733333333,-15.654854066770731,-2.2699575386152233,-43.65412240000008,1.080529578493805
37845.0,0.4441,0.001,0.9844,32.099852999999996,19.118087999999997,-108.22392733333334,-15.14079188053798,-2.2747104448628694,-44.303465964000075,1.0799394288570077
37857.0,0.4998,-0.0085,0.9836,32.267753,17.499788,-91.25452733333333,-14.6146979239952,-2.33131829769944,-44.85099312800008,1.1033318856989496
37869.0,0.527,-0.0194,1.0175,29.015853,19.110487999999997,-70.73542733333333,-14.120513970003826,-2.3981186012233517,-45.27540569200008,1.1460417139005021
37881.0,0.5186,0.0201,1.0317,23.863153,19.789887999999998,-52.223927333333336,-13.677313480638194,-2.4798914075045912,-45.58874925600008,1.1548830503561822
37893.0,0.5006,0.0153,1.0447,16.672353,20.751687999999998,-35.53692733333333,-13.31124998851264,-2.566957220538126,-45.80197082000008,1.1585475993674148
37905.0,0.4808,-0.0082,1.024,7.481452999999999,24.927287999999997,-20.735427333333334,-13.049540067809824,-2.6174859625305453,-45.926383384000076,1.1312877087637787
37917.0,0.4443,-0.0188,1.0011,0,30.125687999999997,-7.025527333333334,-12.872940893234071,-2.615228491060275,-45.968536548000074,1.0954255520116372
37929.0,0.3707,-0.0562,1.007,-3.510847000000001,31.476888,4.1500726666666665,-12.738509855310383,-2.5971071753502204,-45.94363611200007,1.0745352158026278
37941.0,0.3019,-0.0984,1.0209,-5.167347000000001,25.423488,10.898172666666666,-12.628822726788774,-2.642531162786318,-45.87824707600007,1.069141234823538
37953.0,0.2557,-0.1124,0.9714,-5.136847000000001,15.881488,14.508872666666665,-12.525390096540393,-2.789043492220419,-45.79119384000007,1.0107592245436101
37965.0,0.2247,-0.1195,0.8705,-2.747547000000001,10.240188,16.165372666666666,-12.401700141735509,-2.990161627683917,-45.69420160400007,0.9069402350761598
37977.0,0.2073,-0.1339,0.7815,2.763952999999999,11.484487999999999,15.913472666666665,-12.223569092119076,-3.1659294183482922,-45.59872076800007,0.8195393523193379
37989.0,0.1925,-0.1705,0.7375,9.504352999999998,20.431088,13.966872666666665,-11.982006466121767,-3.226692800565903,-45.51491953200007,0.781045933348353
38001.0,0.1625,-0.1902,0.7684,17.054053,30.461588,11.203472666666666,-11.67010141114747,-3.15770701545389,-45.447698696000074,0.808097054814581
38013.0,0.1387,-0.1586,0.8164,22.298253,37.591388,7.867672666666666,-11.31091998620705,-2.9918076066468022,-45.400492660000076,0.843149221668383
38025.0,0.1282,-0.1245,0.8423,24.298253,43.392888,4.485972666666666,-10.93831740074952,-2.7455221813656974,-45.373576824000075,0.8610486513548465
38037.0,0.1304,-0.1178,0.8729,23.305953,50.072288,1.3409726666666661,-10.586179576611908,-2.4107001959435665,-45.365530988000074,0.890413055834201
38049.0,0.1296,-0.0997,0.8892,22.008253,57.018888000000004,0,-10.255048354125803,-1.9867375187147314,-45.365530988000074,0.9041088927778556
38061.0,0.1204,-0.0944,0.9359,21.267753,61.301288,-0.7736273333333339,-9.936752163493617,-1.5055642072377329,-45.37017275200007,0.9483229038676646
38073.0,0.0961,-0.1107,1.0156,19.122753,60.339488,-1.7659273333333336,-9.648750737827646,-1.026388032903512,-45.38076831600007,1.0261252652576098
38085.0,0.0848,-0.082,1.0848,15.893752999999998,49.240188,-3.5674273333333337,-9.398909966238278,-0.6674904212900936,-45.40217288000007,1.0911947947089924
38097.0,0.1038,-0.0516,1.0907,11.649453,34.255488,-3.7736273333333337,-9.195341306961657,-0.47681768230373944,-45.42481464400007,1.0968425092054008
38109.0,0.1307,-0.0311,1.0355,6.641752999999999,21.560888,-1.6896273333333338,-9.045325021608953,-0.4303767232693553,-45.43495240800007,1.0441790794686514
38121.0,0.157,-0.0162,0.9574,3.565452999999999,13.453987999999999,2.547072666666666,-8.925159957773845,-0.4771331381888527,-45.41966997200007,0.9703227298172501
38133.0,0.181,-0.02,0.8911,2.283052999999999,9.889088,9.203472666666666,-8.81513858365198,-0.5664047484452318,-45.364449136000076,0.909516470439101
38145.0,0.1951,-0.0144,0.8241,2.321152999999999,9.522687999999999,18.111872666666667,-8.700102599562479,-0.662794385945167,-45.255777900000076,0.8470018772116152
38157.0,0.2158,0.0211,0.7141,4.420452999999998,12.476887999999999,28.088972666666667,-8.552989935871608,-0.7319062993680334,-45.087244064000075,0.7462932801519788
38169.0,0.239,0.0232,0.6274,6.542552999999999,21.293687999999996,41.50887266666667,-8.375111136468792,-0.7099358755024202,-44.83819082800007,0.6717812143845643
38181.0,0.2061,-0.0701,0.5863,10.893752999999998,32.186788,51.218772666666666,-8.15385657001344,-0.5705783891935129,-44.530878192000074,0.62541099286789
38193.0,0.171,-0.1,0.5544,18.962453,42.247888,54.60047266666667,-7.850601911777579,-0.3218557591017646,-44.20327535600008,0.5887277469255208
38205.0,0.1503,-0.0806,0.5402,30.336453,52.988288000000004,58.432572666666665,-7.425266619708106,0.04465286025233017,-43.85267992000008,0.5664825593078748
38217.0,0.0891,-0.1071,0.5825,43.435653,64.23258799999999,64.21877266666667,-6.863271932528523,0.5427028840166188,-43.467367284000076,0.5989286017548335
38229.0,0.0034,-0.1161,0.6608,57.122752999999996,71.163888,68.37147266666666,-6.1605041325083265,1.1334692592484281,-43.057138448000075,0.6709302571802825
38241.0,-0.0978,-0.0674,0.7926,70.489153,69.904388,69.10427266666667,-5.3141179893499,1.735691365704157,-42.64251281200008,0.8014501606463125
38253.0,-0.1844,-0.033,0.9327,78.771553,58.942488,64.77607266666666,-4.380056127770966,2.246711776910324,-42.25385637600008,0.9513262584413404
38265.0,-0.2461,-0.0024,1.0304,81.672353,43.499788,58.78367266666667,-3.4187577946819525,2.6193042809158786,-41.90115434000008,1.0593843164782082
38277.0,-0.3182,-0.0596,1.1206,78.847853,26.347087999999996,49.95157266666667,-2.506646460659422,2.8387405277676288,-41.60144490400008,1.166425205488976
38289.0,-0.3606,-0.1029,1.1771,70.351753,9.484487999999999,34.10427266666667,-1.7149443465294836,2.9080725284087743,-41.39681926800008,1.235388675680654
38301.0,-0.3628,-0.0524,1.1477,56.450953,1.4004879999999986,17.64627266666667,-1.098177303694364,2.9253155711415495,-41.29094163200008,1.204817367902704
38313.0,-0.3889,-0.0837,1.1077,35.588353,11.232588,0,-0.7394783340541181,3.0990058859952128,-41.29094163200008,1.1769656706973233
38325.0,-0.4727,-0.1895,1.1371,16.626553,26.835687999999998,-22.918627333333333,-0.6235584052276487,3.497624755062043,-41.42845339600008,1.245934167602767
38337.0,-0.4839,-0.1929,1.1351,2.3593529999999987,36.827988,-52.407127333333335,-0.6887722814411761,4.04544748602326,-41.74289616000008,1.248928192491466
38349.0,-0.4238,-0.1497,1.0737,-10.564347000000001,48.782188,-79.49112733333334,-0.9098744919920594,4.751407279559465,-42.219842924000076,1.1639794757640705
38361.0,-0.3285,-0.0569,1.0109,-18.289547000000002,60.919588,-98.76592733333334,-1.212235308717796,5.601621268261988,-42.812438488000076,1.0644569836306208
38373.0,-0.2281,0.0048,0.9935,-22.037547,70.194388,-108.82702733333333,-1.5413582767805902,6.546944870072488,-43.46540065200008,1.0193600443415467
38385.0,-0.146,0.0762,0.9889,-23.266647000000003,70.171488,-111.25452733333333,-1.860258088105337,7.46669463926618,-44.13292781600008,1.0025196506802247
38397.0,-0.0696,0.1444,0.9606,-21.396347000000002,60.789888,-106.61322733333333,-2.1268737765761596,8.243937346994233,-44.77260718000008,0.9738828882365682
38409.0,-0.0204,0.1444,0.8934,-16.518547,46.072288,-99.35372733333334,-2.3092900793101756,8.81575738602755,-45.36872954400008,0.9052243257889173
38421.0,0.0073,0.1512,0.8418,-7.633047000000001,27.293687999999996,-92.92622733333333,-2.3630275530417006,9.137573853056551,-45.92628690800008,0.8553022682069772
38433.0,0.0735,0.2177,0.8159,0,10.255488,-84.17052733333333,-2.298824099253045,9.228676151015568,-46.43131007200008,0.8476369210929877
38445.0,0.1307,0.1488,0.7919,4.137952999999999,-0.9430120000000013,-73.78882733333333,-2.1703618751477154,9.157359785456855,-46.87404303600008,0.8162901077435645
38457.0,0.1819,0.1115,0.7872,8.741052999999999,-7.378112000000002,-61.53692733333333,-1.9792300258512092,8.978492222366883,-47.24326460000008,0.815600208435481
38469.0,0.2144,0.1477,0.7808,14.626553,-11.927712000000001,-44.16292733333333,-1.7077689540500356,8.714619187561814,-47.50824216400008,0.8230621422468659
38481.0,0.2035,0.142,0.7889,20.076953,-15.133812,-24.056027333333333,-1.3646438618022902,8.387144422862423,-47.65257832800008,0.827006324038698
38493.0,0.151,0.1226,0.8035,26.389853,-17.683412000000004,-8.078927333333334,-0.9448670391596844,8.014314739564202,-47.70105189200008,0.8267067255079035
38505.0,0.0986,0.1029,0.8206,31.130353,-20.355212,1.7378726666666662,-0.4720072293079184,7.604326399857429,-47.69062465600008,0.8328833831935898
38517.0,0.0652,0.093,0.8176,33.374653,-22.393312,7.653872666666666,0.021738397371105042,7.1709401125948675,-47.64470142000008,0.825451270518133
38529.0,0.0341,0.0637,0.8473,33.519653,-23.126212000000002,11.386772666666666,0.506739492120338,6.734849173764485,-47.57638078400008,0.8503750878288945
38541.0,0.0151,0.0437,0.8782,33.267753,-23.607112000000004,12.776072666666666,0.9756147263537449,6.301926570395691,-47.49972434800008,0.8794162495655854
38553.0,-0.0023,0.0748,0.8948,32.534953,-23.790312000000004,13.371472666666666,1.4272974764643773,5.877929058042496,-47.419495512000076,0.8979239221671289
38565.0,-0.0178,0.0763,0.923,29.657052999999998,-22.378112,14.218772666666666,1.8367310458866282,5.483265035472145,-47.33418287600008,0.9263193455822889
38577.0,-0.0383,0.0656,0.9484,27.290653,-21.683412000000004,14.325672666666666,2.209069207416869,5.111132246283468,-47.24822884000008,0.9514372338730496
38589.0,-0.0519,0.0662,0.9685,24.893753,-21.981112000000003,12.630972666666667,2.5446965056444664,4.750424658061057,-47.17244300400008,0.9721462338557919
38601.0,-0.0602,0.0409,0.9885,20.771552999999997,-22.698712000000004,9.440172666666665,2.8207888513854398,4.39614622123822,-47.11580196800008,0.991175615115707
38613.0,-0.0558,0.0364,1.0066,16.275353,-24.652912000000004,5.058472666666666,3.0339292471769244,4.032138707369243,-47.08545113200008,1.0088023394104515
38625.0,-0.0272,0.0641,0.9896,12.977652999999998,-25.721612000000004,1.4859726666666662,3.2035892962407315,3.6647440864374228,-47.07653529600008,0.9920467781309509
38637.0,0.0084,0.1125,0.9796,9.985352999999998,-25.317012000000002,1.4783726666666661,3.340330172479566,3.306750211505838,-47.06766506000008,0.9860745255811043
38649.0,-0.0225,0.0718,1.032,5.970052999999999,-23.935312000000003,5.554672666666666,3.4266971297337503,2.9734826574253725,-47.03433702400008,1.0347393343253168
38661.0,-0.0206,0.1084,1.1538,-7.633047000000001,-18.881912000000003,9.921072666666666,3.3543034536676597,2.707044495950623,-46.97481058800008,1.1590640016841176
38673.0,-0.0383,0.1162,1.1033,-21.197847,-11.110912,12.982172666666665,3.1277363973676207,2.5401234122518086,-46.89691755200008,1.110063160365211
38685.0,-0.0707,0.0444,1.0364,-31.304747,-1.1262120000000015,13.806572666666666,2.782529079272667,2.5003417756568904,-46.81407811600008,1.0397570918248165
38697.0,-0.1125,-0.0104,0.9807,-36.602447,6.629587999999998,12.340972666666666,2.372158319315052,2.563293589017353,-46.74003228000008,0.9871863552541638
38709.0,-0.1432,-0.0261,0.9224,-36.243747,9.660087999999998,8.753172666666666,1.9639663127277445,2.674148383708409,-46.68751324400008,0.9338143337944648
38721.0,-0.1505,-0.0634,0.8768,-32.266647,10.263088,4.218772666666666,1.5972191485549132,2.8033246703787147,-46.66220060800008,0.8918789435792281
38733.0,-0.1571,-0.0989,0.8555,-25.304747000000003,9.469287999999999,0,1.303131719702884,2.933858396446754,-46.66220060800008,0.8754095441563338
38745.0,-0.1456,-0.0958,0.8518,-14.541447000000002,6.606687999999998,-3.5827273333333345,1.1266754502402587,3.03895279078519,-46.68369697200008,0.8694482388273611
38757.0,-0.1294,-0.1072,0.877,-5.091047000000001,1.7516879999999986,-6.888127333333334,1.0498684978598614,3.0925629024275327,-46.72502573600008,0.8929530782745531
38769.0,-0.0972,-0.0952,0.8843,1.0616529999999988,-3.2636120000000015,-8.888127333333333,1.0347449739502041,3.0891353123327217,-46.77835450000008,0.8947051860808677
38781.0,-0.0682,-0.0858,0.8674,7.008252999999999,-6.866612000000002,-9.017827333333335,1.0798810947875597,3.042758918185411,-46.832461464000076,0.8742972263481109
38793.0,-0.0321,-0.036,0.864,12.458552999999998,-7.622412000000001,-8.239227333333334,1.1852887467421696,2.9833942875382027,-46.88189682800007,0.865345254797182
38805.0,0.002,-0.0204,0.8871,15.908952999999999,-6.920112000000001,-7.086527333333334,1.3284980765204384,2.9244279189593554,-46.92441599200007,0.8873367849920345
38817.0,0.0349,0.0073,0.8978,15.069252999999998,-3.5536120000000015,-5.338427333333334,1.4618509699047049,2.893828966824495,-46.956446556000074,0.8985077295160014
38829.0,0.0477,0.0095,0.8571,9.977652999999998,4.965387999999999,-4.323227333333334,1.5354792795796257,2.9514588855536403,-46.98238592000008,0.8584788582137594
38841.0,0.0532,-0.0101,0.7928,6.763952999999999,17.362388,-4.094227333333334,1.5698256935511803,3.1418935655814253,-47.006951284000074,0.794647148110405
38853.0,0.0551,-0.0145,0.7476,8.657052999999998,31.064687999999997,-2.0331273333333337,1.625088502406541,3.4786680331207926,-47.01915004800007,0.7497679774436888
38865.0,0.0502,0.0043,0.7289,14.687553,43.255488,1.7378726666666662,1.7520046597429093,3.9425510906183017,-47.00872281200007,0.7306392680386129
38877.0,0.0533,0.017,0.7548,22.206653,51.194388000000004,7.279872666666666,1.9682573926474891,4.481192046655522,-46.96504357600007,0.7568704842970163
38889.0,0.0559,0.0222,0.8281,27.901353,52.385288,14.348572666666666,2.2510956138706093,5.014051254832589,-46.878952140000074,0.8302814342137249
38901.0,-0.7626,0.2748,1.9999,12.420452999999998,7.736387999999998,19.203472666666666,2.3799005562151043,5.099982318250589,-46.763731304000075,2.157932763086005
38913.0,-0.1162,0.1416,1.4008,-42.281847,-37.897211999999996,15.005072666666665,1.8749717975009184,4.64748920194899,-46.673700868000076,1.4127256067616245
38925.0,-0.0699,0.011,0.6034,-37.457447,-58.920111999999996,17.058472666666667,1.4356829608243444,3.9591239927967865,-46.571350032000076,0.6075348302772443
38937.0,-0.1768,-0.0771,0.8422,-15.052847,-82.202512,18.53177266666667,1.2560370615235676,3.0231913326084,-46.46015939600007,0.8640043344798681
38949.0,-0.2681,-0.0669,0.9532,-7.0681470000000015,-64.805612,10.356172666666666,1.1632817975032124,2.331455758674142,-46.39802236000007,0.9924431772146958
38961.0,-0.1554,0.0012,0.9741,-9.610147000000001,-22.172012000000002,-7.666727333333334,1.041049016629215,2.1600791305454785,-46.44402272400007,0.9864184761043358
38973.0,-0.0944,-0.1025,0.7611,-8.785647,1.8890879999999985,-21.185827333333332,0.9173940455302125,2.2755275680985108,-46.57113768800007,0.7737511357019129
38985.0,0.0094,0.089,0.8785,-2.617747000000001,5.278387999999999,-22.59802733333333,0.8795734591006923,2.4146374664942702,-46.70672585200007,0.8830467767904483
38997.0,0.0546,0.1514,0.9122,-1.0528470000000012,-2.5155120000000015,-13.285027333333334,0.8783800289821229,2.440711241186684,-46.78643601600007,0.9262893500413356
39009.0,0.02,0.0902,0.889,0,-9.225412,-4.659027333333334,0.897967771112834,2.374970195160121,-46.81439018000007,0.8937880285615823
39021.0,-0.0128,0.0504,0.9082,2.542552999999999,-13.462012000000001,-0.7812273333333339,0.9496563634166453,2.253338735795714,-46.819077544000066,0.9096874408278923
39033.0,-0.0276,0.0703,0.9197,3.229552999999999,-15.248312,0,1.0131338524837088,2.108187881082317,-46.819077544000066,0.9227957195392704
39045.0,-0.0425,0.0304,0.9778,1.176152999999999,-17.103312000000003,0,1.0502593914505132,1.9410304411695178,-46.819077544000066,0.9791952052578689
39057.0,-0.0463,0.0143,0.9916,-2.2208470000000013,-21.660512000000004,-1.391927333333334,1.043832529108601,1.7212231184947138,-46.82742910800007,0.9927833298358711
39069.0,-0.041,0.0448,0.9932,-6.213147000000001,-26.080412000000003,-3.521627333333334,0.9917363098796624,1.4510453853806566,-46.84855887200007,0.9950549130575659
39081.0,-0.0436,0.0383,0.9551,-10.503247000000002,-28.019312000000003,-5.246827333333334,0.8906391646156999,1.1615791966242983,-46.88003983600007,0.9568614633268495
39093.0,-0.0283,0.0479,0.9122,-11.900147,-28.324612000000002,-7.147627333333334,0.7768679607658404,0.8710623683986876,-46.92292560000007,0.913895037736829
39105.0,0.0167,0.0599,0.8815,-11.228447000000001,-22.469712,-7.498727333333335,0.676468231893891,0.646965945846894,-46.96791796400007,0.8836906415709063
39117.0,0.0286,0.0424,0.8329,-8.472747000000002,-12.797912,-5.544527333333334,0.6114950636589132,0.5323686516079816,-47.001185128000074,0.8344687711352654
39129.0,0.046,0.075,0.8416,-4.297147000000001,-6.339912000000002,-2.0255273333333337,0.6018801645591358,0.485774942039918,-47.01333829200007,0.8461864806294178
39141.0,0.0291,0.0505,0.8864,-1.571947000000001,-3.637612000000001,1.5241726666666662,0.6256853159190676,0.46449417116448866,-47.00419325600007,0.8883141448834415
39153.0,0.0238,0.0342,0.9033,0,-2.484912000000002,2.989772666666666,0.6664200005940816,0.45111409185837237,-46.986254620000075,0.9042604547363553
39165.0,0.0074,0.0304,0.9133,0.7333529999999988,-1.2178120000000012,3.4706726666666663,0.7134529580119945,0.44945678557047664,-46.965430584000075,0.9138357675206197
39177.0,0.0145,0.0538,0.8969,1.2372529999999988,-1.7521120000000012,3.859972666666666,0.7671408669652228,0.4375886207280975,-46.94227074800008,0.8986291226084319
39189.0,0.0038,0.0404,0.8813,3.3593529999999987,0,3.4706726666666663,0.8446230997187949,0.4443617392126929,-46.921446712000076,0.8822336935302347
39201.0,-0.0083,0.0375,0.8914,4.9013529999999985,1.2554879999999986,2.234072666666666,0.938183745676936,0.46528618577053144,-46.908042276000074,0.8922270450955855
39213.0,-0.0125,0.0248,0.8979,6.252452999999999,1.7058879999999985,0,1.043662877821663,0.4911785842238725,-46.908042276000074,0.8983293939307563
39225.0,0.0078,0.0345,0.928,6.802052999999999,2.1256879999999985,-1.277427333333334,1.1526651993570114,0.5189571295960571,-46.91570684000008,0.92867383402355
39237.0,0.0566,0.0752,1.0105,4.000552999999998,0,0,1.2304300745941112,0.5127269763308223,-46.91570684000008,1.0148738098896828
39249.0,0.0546,0.0682,1.02,-2.8162470000000015,-2.8437120000000013,4.630972666666666,1.2289755311027517,0.4659806344371963,-46.88792100400008,1.0237345359027408
39261.0,0.0247,0.0142,0.8925,-3.9001470000000014,-2.2407120000000016,6.859972666666666,1.2111339218008041,0.4244930449592824,-46.84676116800008,0.8929546349059396
39273.0,0.0413,0.0286,0.886,-2.404047000000001,-1.1262120000000015,8.524172666666667,1.2097385451379794,0.39236072665355143,-46.79561613200008,0.887423038916615
39285.0,0.0176,0.0072,0.9,-0.9078470000000012,-0.8361120000000013,8.569972666666667,1.221861347687463,0.36310586241118925,-46.74419629600008,0.9002008664736999
39297.0,0.0181,0.0156,0.892,0.7486529999999989,0,8.157672666666667,1.2505980177617024,0.34313160003061866,-46.69525026000008,0.89231999305182
39309.0,0.0114,0.0143,0.9141,1.649452999999999,0.5150879999999987,7.134772666666666,1.2867148969565247,0.32945671013869166,-46.65244162400008,0.9142829212010908
39321.0,0.0026,0.0092,0.9309,1.8173529999999989,0,5.638672666666666,1.3210000690262005,0.31097919340134633,-46.61860958800008,0.930949090981886
39333.0,0.0049,0.015,0.918,1.397552999999999,0,3.7454726666666662,1.3476695483037084,0.293448853747776,-46.596136752000085,0.9181356163443394
39345.0,-0.0015,0.0134,0.9229,1.328852999999999,0,2.2492726666666663,1.3709860384296146,0.27759363819047084,-46.58264111600008,0.9229984940399416
39357.0,0.0093,0.0176,0.9243,0.7639529999999989,0.5226879999999987,0.8905726666666661,1.3859025313136388,0.26804703869526525,-46.577297680000086,0.9245143265520551
39369.0,0.0131,0.0222,0.9249,0,0,0,1.3909474876668644,0.2519319240887592,-46.577297680000086,0.9252591312708025
39381.0,0.0216,0.0226,0.9144,0,0,0,1.3954483867718872,0.23451538611744085,-46.577297680000086,0.9149342490037193
39393.0,0.0219,0.0243,0.9146,0,0,0,1.3996712450764766,0.215947309054975,-46.577297680000086,0.9151848228636661
39405.0,0.0234,0.0261,0.9161,0,0,0,1.4038594374529214,0.1962149061639439,-46.577297680000086,0.9167704074630681
39417.0,0.0216,0.0226,0.9188,0,0,0,1.40756280983196,0.17572402057743364,-46.577297680000086,0.9193316920459121
39429.0,0.0211,0.0238,0.9199,0,0,0.5012726666666661,1.410977078367929,0.1546698169770626,-46.57429004400009,0.9204497053071397
39441.0,0.0187,0.0249,0.917,0,0,0.5851726666666661,1.4142767820348414,0.13345486440910273,-46.57077900800009,0.9175285826610526
39453.0,0.0171,0.0215,0.9207,0,0,0,1.4170323871627057,0.11234752203759407,-46.57077900800009,0.9211097383048341
39465.0,0.0199,0.0267,0.9165,0,0,0.5012726666666661,1.4199650253407603,0.09101955869682035,-46.56777137200009,0.9171047650077934
39477.0,0.0172,0.0249,0.9152,0,0,0,1.422828113435312,0.06987362747184844,-46.56777137200009,0.9157002184121177
39489.0,0.021,0.0248,0.9191,0,0,0,1.4255981645706406,0.048464522243638085,-46.56777137200009,0.9196743173537032
39501.0,0.0222,0.0262,0.9204,0,0,0,1.4284506773034302,0.026719499298115738,-46.56777137200009,0.9210404117084114
39513.0,0.0171,0.0227,0.9199,0,0,0,1.4309358838328707,0.005356971702074401,-46.56777137200009,0.9203389104020323
39525.0,0.022,0.0251,0.9153,0,0,0,1.433406624016725,-0.016247274359475608,-46.56777137200009,0.9159083469430771
39537.0,0.0171,0.0272,0.9197,0,0,0,1.4361069073891028,-0.03740005258754662,-46.56777137200009,0.9202610173206295
39549.0,0.022,0.027,0.9187,0,0,0,1.438982349118302,-0.05872589182909296,-46.56777137200009,0.9193599349547488
39561.0,0.0199,0.0275,0.9182,0,0,0,1.4420707036303433,-0.07990094488216556,-46.56777137200009,0.9188272416510082
39573.0,0.0098,0.0228,0.9362,0,0,0,1.4446937796845072,-0.09959904136248979,-46.56777137200009,0.9365288676810769
39585.0,0.024,0.0247,0.905,0,-0.7063120000000014,0,1.4472439893544897,-0.1281046703571977,-46.56777137200009,0.9056550612678096
39597.0,0.0259,0.0262,0.9119,0,0,0.5851726666666661,1.4498881023856955,-0.14876200545873572,-46.56426033600009,0.9126438845464314
39609.0,0.0187,0.0228,0.9106,0,0.6753879999999985,0.5241726666666662,1.4521905293535766,-0.16109437710221408,-46.56111530000009,0.9110773238315176
39621.0,0.0236,0.0199,0.8979,0.5272529999999989,1.4386879999999986,0,1.4600670304559646,-0.16487692326218398,-46.56111530000009,0.8984305092771505
39633.0,0.0376,0.0282,0.8917,1.718152999999999,2.9195879999999987,0.8752726666666661,1.4823268333656165,-0.15354988850581133,-46.55586366400009,0.8929377861866974
39645.0,0.0469,0.0403,0.8984,3.1150529999999987,3.507387999999999,2.554672666666666,1.5225488531916174,-0.13883808645903606,-46.54053562800009,0.9005255465560097
39657.0,0.097,0.0967,0.8982,5.305952999999999,2.5226879999999987,7.821872666666666,1.5966018157919855,-0.14528277879949256,-46.493604392000094,0.9085830341801459
39669.0,0.0468,0.0656,0.9701,4.382252999999999,0,14.577572666666667,1.6620431348647684,-0.18299765585981792,-46.40613895600009,0.9734411178905481
39681.0,0.0275,0.0551,0.9612,1.5272529999999989,0,19.47067266666667,1.694664243203562,-0.21913935825117062,-46.289314920000095,0.9631706494697604
39693.0,0.0474,0.0588,0.943,-0.9307470000000011,0,22.63097266666667,1.7001188518214554,-0.2563729128132497,-46.1535290840001,0.9460196615292941
39705.0,0.0804,0.0872,0.9143,-1.4192470000000013,0,27.30277266666667,1.7055358332502222,-0.29871673840262636,-45.9897124480001,0.9219612193579511
39717.0,0.0903,0.092,0.8899,0,0,34.470672666666665,1.7335282729154435,-0.3468622365191226,-45.7828884120001,0.8991885786641198
39729.0,0.064,0.0833,0.8931,0.9547529999999989,0.9043879999999986,41.99737266666667,1.7765145916107532,-0.3861279375174637,-45.5309041760001,0.8992566374511783
39741.0,0.0267,0.0879,0.9326,1.9242529999999989,-0.5613120000000014,49.340972666666666,1.834238096119441,-0.4394042639584557,-45.2348583400001,0.9371136857393557
39753.0,0.0364,0.1082,0.9714,1.183752999999999,-4.9048120000000015,57.608072666666665,1.8880523778650435,-0.5414873421763011,-44.889209904000104,0.9780849451862553
39765.0,0.0409,0.108,0.9768,0.6417529999999989,-11.118512,67.92867266666667,1.9396391665669226,-0.7140510259097268,-44.48163786800011,0.9836030957657667
39777.0,0.1245,0.139,0.764,-3.1673470000000012,-4.019312000000001,79.76077266666667,1.9558735363835245,-0.810876703133267,-44.003073232000105,0.7864586766003666
39789.0,0.1357,0.1284,0.8087,-0.9078470000000012,14.179188,90.85997266666666,2.0062357864812714,-0.703221842217123,-43.4579133960001,0.8299980361422549
39801.0,0.051,0.1659,1.0233,2.802052999999999,10.675388,102.54707266666666,2.1086656616161643,-0.636883533594367,-42.8426309600001,1.0379145918619703
39813.0,0.0107,0.1547,1.0371,1.1227529999999988,-7.378112000000002,117.02797266666667,2.196065044435838,-0.7773155580768802,-42.1404631240001,1.0486291003019133
39825.0,-0.0431,0.0985,1.0222,5.1227529999999994,-27.347512000000002,128.17297266666665,2.3281158284142944,-1.1372750581219953,-41.3714252880001,1.027838849236591
39837.0,-0.033,0.092,1.0773,4.794452999999999,-44.393312,134.11957266666664,2.451644550903853,-1.6804150538917695,-40.5667078520001,1.081724683087152
39849.0,-0.0015,0.1106,1.0133,2.672352999999999,-57.240712,139.98977266666665,2.54890768453057,-2.358958869852496,-39.7267692160001,1.019319135501733
39861.0,0.0546,0.0001,0.3018,12.061653,-47.630012,140.10427266666665,2.750769721258982,-2.9166037532724074,-38.8861435800001,0.306699217475363
39873.0,0.0529,0.1072,0.832,14.214353,-9.233012,141.80657266666665,2.9772693827397365,-3.0141884290103347,-38.0353041440001,0.8405440202630674
39885.0,0.0398,0.0297,0.9756,13.176153,-9.996412000000001,145.88287266666666,3.178393527611319,-3.118731957989805,-37.1600069080001,0.9768630866196143
39897.0,0.0428,0.0507,0.9604,13.252453,-12.744512,149.07377266666666,3.3715705202632242,-3.2539037016402275,-36.2655642720001,0.9626891969893503
39909.0,-0.0046,0.0709,0.9707,13.405152999999999,-14.584212000000003,152.69967266666666,3.5608381117177355,-3.402333844880443,-35.3493662360001,0.9732966967990799
39921.0,-0.0481,0.0497,0.8549,9.878452999999999,-9.439112000000002,151.88287266666666,3.701795326017886,-3.477211097264553,-34.4380690000001,0.857693249361332
39933.0,-0.098,0.0237,0.822,9.061653,1.5684879999999986,146.64627266666665,3.8245828816630216,-3.405657667352308,-33.558191364000095,0.8281604252800299
39945.0,-0.0753,0.0442,0.8909,7.741052999999999,10.270788,140.64627266666665,3.9260642161432373,-3.2219076824747597,-32.71431372800009,0.8951684422498372
39957.0,-0.0205,0.0731,0.9698,4.779152999999999,10.018887999999999,137.54707266666665,3.9906065102729746,-3.04163584038083,-31.889031292000094,0.9727671355468378
39969.0,0.0133,0.0743,0.9906,2.237252999999999,3.7745879999999987,135.95927266666666,4.023848324446577,-2.9398599458277803,-31.073275656000096,0.9934715597338457
39981.0,0.0288,0.0585,0.8152,4.557852999999999,6.179187999999998,129.69967266666666,4.083293607832548,-2.815192608179372,-30.295077620000097,0.8178036011170409
39993.0,0.0416,0.0687,0.865,3.4662529999999987,12.789888,121.27987266666666,4.129143544595133,-2.619933487931158,-29.567398384000096,0.868720467123919
40005.0,0.0264,0.0193,0.9818,3.450952999999999,12.820388,110.53937266666667,4.166952216452394,-2.4303188959665785,-28.904162148000097,0.9823444864201153
40017.0,0.0247,-0.0125,0.9589,2.557852999999999,7.316587999999999,99.87527266666667,4.18355819769116,-2.3109012179658577,-28.304910512000095,0.9592995100592931
40029.0,0.0552,-0.0017,0.8854,1.8479529999999988,5.896687999999999,92.58517266666667,4.184471206755687,-2.216046254844534,-27.749399476000097,0.8871206738657373
40041.0,0.1071,0.0208,0.8789,0,11.644787999999998,90.81417266666666,4.160155546667458,-2.0670267767700548,-27.204514440000096,0.8856456740706184
40053.0,0.1112,0.0105,0.9244,-3.060447000000001,16.247888,92.31807266666667,4.095602028384569,-1.8776000568596187,-26.650606004000096,0.9311235417494287
40065.0,0.1134,0.0168,0.8748,-5.075747000000002,21.285987999999996,92.74547266666667,4.005464446748024,-1.6429061884793885,-26.094133168000095,0.88227934351882
40077.0,0.0546,-0.058,0.9178,-5.465047000000001,24.102787999999997,91.73027266666666,3.9000175189347623,-1.3812925895790524,-25.543751532000094,0.9212502374490874
40089.0,-0.042,-0.1482,1.0435,-2.304747000000001,9.782187999999998,75.80657266666667,3.8109937392770212,-1.2818948693927918,-25.088912096000094,1.054807797657943
40101.0,-0.0696,-0.0742,1.0023,2.275352999999999,-7.8743120000000015,59.22637266666667,3.766718460091517,-1.3788645511690802,-24.733553860000093,1.0074497952751789
40113.0,-0.0128,-0.0007,0.9528,5.191452999999999,-19.057512000000003,49.92107266666667,3.7570050044550944,-1.600760800806602,-24.434027424000092,0.9528862314043581
40125.0,0.0198,0.0135,0.9264,8.046353,-24.439112,45.62337266666667,3.782267546199516,-1.8814201384937246,-24.160287188000094,0.9267099060655389
40137.0,0.0201,0.0376,0.9713,8.603652999999998,-25.973512000000003,42.547072666666665,3.8175899471399606,-2.174348544916747,-23.905004752000092,0.9722352904518536
40149.0,0.0188,0.0576,0.8273,1.542552999999999,-17.973512000000003,38.08137266666667,3.7754366478581685,-2.36742150208553,-23.676516516000092,0.8295158166062899
40161.0,0.0115,0.0703,0.8439,0.8173529999999989,-7.920112000000001,32.02027266666666,3.7329144516714265,-2.4375222077809564,-23.484394880000092,0.8469011453528681
40173.0,0.0515,0.0647,0.8665,0,-2.630012000000001,29.60047266666667,3.6875415743495985,-2.4481751507385905,-23.306792044000094,0.8704370109318653
40185.0,0.0475,0.0554,0.9417,1.0845529999999988,-2.416212000000001,30.55467266666667,3.6597527057440313,-2.4591209785042296,-23.123464008000095,0.944523318928654
40197.0,0.058,0.0525,0.9666,1.1150529999999987,-7.4010120000000015,30.157672666666667,3.635922369268693,-2.5323849875334883,-22.942517972000093,0.9697606972856758
40209.0,0.0894,0.0822,0.8562,1.1990529999999988,-6.072712000000001,31.669172666666668,3.62045220299222,-2.5964557893356113,-22.752502936000095,0.8647702816355335
40221.0,0.0935,0.1002,0.8264,1.9853529999999988,1.6524879999999986,34.608072666666665,3.6232547709783502,-2.576275073059391,-22.544854500000095,0.8376868448292596
40233.0,0.0995,0.1284,0.8512,2.2524529999999987,9.087587999999998,39.18827266666667,3.640532660548999,-2.4768791479912586,-22.309724864000096,0.8665611634501053
40245.0,0.0796,0.1315,0.9503,1.2830529999999989,11.446387999999999,44.44017266666667,3.6560084827394337,-2.355603752744235,-22.043083828000096,0.9626518062103244
40257.0,0.0785,0.1359,0.9923,-1.312447000000001,5.3775879999999985,49.310372666666666,3.6496656844745323,-2.311126894422387,-21.747221592000095,1.004634436001474
40269.0,0.0917,0.1022,0.9572,-5.5643470000000015,0,53.60047266666667,3.597557705915361,-2.3353382465417103,-21.425618756000095,0.9669982264720035
40281.0,0.1526,0.0201,0.7001,-3.426947000000001,15.453987999999999,54.89817266666667,3.5673885103691223,-2.191276952264286,-21.096229720000096,0.7168199076476601
40293.0,0.146,-0.0442,0.9265,-5.442147000000001,30.744087999999998,58.10427266666667,3.5000395440299674,-1.8801277221534183,-20.747604084000095,0.9389738494761183
40305.0,0.139,-0.0569,0.9404,-9.106247000000002,33.163888,61.615772666666665,3.3766669621257313,-1.5544938490659743,-20.377909448000096,0.95231862840123
40317.0,0.1755,-0.0216,0.7925,-6.549047000000001,35.278388,64.70737266666666,3.278255470588522,-1.2238511957999867,-19.989665212000098,0.8119871058089531
40329.0,0.1581,0.038,0.7961,-6.381147000000001,49.453988,71.40967266666667,3.184487686681144,-0.7431000775076263,-19.5612071760001,0.8125360422775103
40341.0,0.0294,-0.0188,1.1205,-7.5948470000000015,59.385288,71.94397266666667,3.0702150560231827,-0.1434594241875648,-19.1295433400001,1.1210432864077997
40353.0,-0.0651,-0.0511,1.1716,-7.633047000000001,25.797487999999998,70.44777266666667,2.9467196782618847,0.07133441307579216,-18.7068567040001,1.174519382556116
40365.0,-0.0605,0.0038,0.9309,-2.549047000000001,1.0875879999999984,65.56997266666667,2.883211921435018,0.007742118266910014,-18.3134368680001,0.9328716417600011
40377.0,-0.0586,0.0624,0.8906,-0.7093470000000011,-3.645312000000001,55.432572666666665,2.8478780938842854,-0.09585127943885048,-17.9808414320001,0.8947044651727183
40389.0,0.0381,0.0804,0.9131,-0.869647000000001,0,53.05847266666667,2.8182669246496848,-0.15324502069633353,-17.6624905960001,0.9174243184045211
40401.0,0.0577,0.0685,0.937,-1.312447000000001,1.6295879999999987,57.310372666666666,2.788686261731762,-0.1914551541557965,-17.3186283600001,0.9412707049515565
40413.0,0.0073,0.0377,0.9226,-1.5337470000000013,-1.3399120000000013,59.401972666666666,2.757553658845323,-0.2587182470868627,-16.9622165240001,0.9233987979199453
40425.0,-0.0045,0.0227,0.924,-0.9612470000000011,-2.7369120000000016,57.424872666666666,2.7323348918541437,-0.33500063102467376,-16.617667288000103,0.9242897489423975
40437.0,0.0107,0.0243,0.9211,-1.0604470000000012,-3.9964120000000016,55.02027266666667,2.7053615639976525,-0.4209965441250056,-16.2875456520001,0.9214826042850728
40449.0,0.0225,0.0323,0.9114,-1.068147000000001,-3.378112000000001,53.92107266666667,2.6788806744387395,-0.49628598212486214,-15.964019216000102,0.9122496916963031
40461.0,0.0255,0.0321,0.9019,-1.1139470000000014,-1.0498120000000015,53.569972666666665,2.652446065456308,-0.5415558868774091,-15.642599380000101,0.9028312522282335
40473.0,0.0349,0.036,0.9177,-1.4345470000000011,0,54.172972666666666,2.62323317826056,-0.5736450899965044,-15.317561544000101,0.9190687134268035
40485.0,0.0081,0.043,0.9624,0,-4.591812000000001,55.585172666666665,2.6125628988848875,-0.6556365324098146,-14.984050508000102,0.963394192425925
40497.0,-0.0049,0.0425,0.9572,0,-13.714012,57.10427266666667,2.603041222085917,-0.8385988263080028,-14.641424872000103,0.9581555719192996
40509.0,0.027,0.0328,0.8638,2.229552999999999,-18.721612000000004,57.569972666666665,2.61999887540358,-1.0768856463039207,-14.296005036000103,0.8648440784326387
40521.0,0.0861,0.072,0.8943,0,-7.9353120000000015,59.57757266666667,2.615182680226062,-1.190884391365532,-13.938539600000103,0.9013155385324276
40533.0,0.0645,0.0601,0.8992,0,-2.431512000000001,64.12717266666667,2.613285178660503,-1.2417879233187785,-13.553776564000103,0.903511427708582
40545.0,0.0377,0.0464,0.9408,0,-3.4468120000000018,67.67677266666666,2.6120412355366387,-1.3035896159725826,-13.147715928000103,0.9426976662748243
40557.0,0.0551,0.0581,0.8992,-0.6559470000000012,-2.958212000000001,70.23407266666666,2.6053447444482143,-1.36076505884425,-12.726311492000104,0.902758140367618
40569.0,0.0492,0.048,0.886,-1.0604470000000012,0.7058879999999985,72.58517266666667,2.594865888891879,-1.3751713949445847,-12.290800456000104,0.8886622755580434
40581.0,0.0533,0.0461,0.8815,-1.6482470000000013,5.5989879999999985,74.30277266666667,2.5782332740512497,-1.3336128808577392,-11.844983820000104,0.8843123599724251
40593.0,0.049,0.0507,0.9393,-2.3887470000000013,7.545587999999999,76.31807266666667,2.5539509873289052,-1.2708090448128544,-11.387075384000104,0.9419426627985379
40605.0,0.0278,0.015,0.9542,-2.8314470000000007,4.331787999999999,78.39437266666667,2.521071858431162,-1.2450586004527233,-10.916709148000104,0.9547227241456024
40617.0,0.0413,0.0352,0.8925,-2.709347000000001,5.270787999999999,77.15007266666667,2.4896649516031566,-1.209012653602337,-10.453808712000104,0.8941481868236383
40629.0,0.0505,0.0789,0.9506,-2.152047000000001,2.1791879999999986,80.85997266666666,2.469989662525582,-1.21107728228503,-9.968648876000104,0.955204595885091
40641.0,0.0492,0.0579,0.9136,-1.7933470000000011,-1.3933120000000012,84.58517266666667,2.4566185335925232,-1.2560861783428312,-9.461137840000104,0.9167540618944646
40653.0,0.051,0.0536,0.9075,-1.678847000000001,0.8356879999999987,85.33327266666667,2.4458890708222008,-1.2751184447524744,-8.949138204000104,0.9105109609444578
40665.0,0.0664,0.0664,0.9069,-1.8849470000000013,1.3394879999999985,88.31807266666667,2.435470543620155,-1.2907952121653132,-8.419229768000104,0.9117486111862195
40677.0,0.0431,0.0422,0.908,-1.953647000000001,3.8585879999999984,90.69207266666666,2.4237083055715924,-1.276278072409712,-7.875077332000104,0.9100013461528506
40689.0,0.0212,0.0249,0.9287,-2.487947000000001,3.6142879999999984,91.38677266666667,2.4029462934301127,-1.2618357126511979,-7.326756696000104,0.9292755995935759
40701.0,0.0116,0.016,0.9102,-2.655947000000001,2.7058879999999985,90.76077266666667,2.3769751184258907,-1.2544963050021103,-6.782192060000105,0.9104145209738255
40713.0,0.0044,0.0002,0.9242,-2.579547000000001,3.034087999999999,88.07377266666667,2.3470872179454267,-1.23898764374409,-6.253749424000104,0.9242104955041357
40725.0,-0.0023,0.0154,0.9203,-1.7704470000000012,0,85.69967266666667,2.3244292170642584,-1.254646363152469,-5.739551388000105,0.9204317139255905
40737.0,0.0042,0.0369,0.9185,-0.9612470000000011,-2.9659120000000017,84.91347266666666,2.311833222176074,-1.3013495496874723,-5.230070552000105,0.9192505099264291
40749.0,0.0112,0.0414,0.9226,0,-3.897212000000001,84.31807266666667,2.311415811918426,-1.3557595497148731,-4.724162116000104,0.9235963187453705
40761.0,0.0249,0.0394,0.9021,0,-2.889512000000001,83.62337266666667,2.311418154035617,-1.396937077259893,-4.2224218800001045,0.903303260262023
40773.0,0.0317,0.0308,0.8955,-0.9612470000000011,0.9424879999999987,82.85997266666666,2.2994445798335934,-1.3928375590614042,-3.7252620440001047,0.896590084709841
40785.0,0.0312,0.0347,0.9222,-1.5566470000000012,2.3012879999999987,82.60047266666666,2.2804580432524912,-1.3732266668479856,-3.229659208000105,0.9233798622452192
40797.0,0.0361,0.0305,0.9105,-1.701747000000001,2.1333879999999987,82.37907266666667,2.259451412627383,-1.3569883127472018,-2.735384772000105,0.9117256769445511
40809.0,0.0176,0.0264,0.9158,-1.678847000000001,2.751687999999999,81.70737266666667,2.2379742248369574,-1.3323727996567358,-2.245140536000105,0.9163494748184231
40821.0,0.04,0.0463,0.9187,-1.5566470000000012,0.7058879999999985,83.20347266666667,2.219790069486269,-1.333812378208383,-1.7459197000001048,0.9207352388173269
40833.0,0.0325,0.025,0.9131,-2.2208470000000013,4.8508879999999985,83.17297266666667,2.1928082150634203,-1.286915246245114,-1.2468818640001047,0.9140201638913663
40845.0,0.007,0.0128,0.9214,-2.655947000000001,4.995987999999999,80.99737266666666,2.1584744069834265,-1.236421266120399,-0.7608976280001047,0.9215154909170002
40857.0,-0.0027,0.0132,0.9292,-2.518547000000001,3.0264879999999987,78.49357266666667,2.123966645209212,-1.2063178860693748,-0.28993619200010473,0.9292976756669523
40869.0,0.0084,0.0093,0.9188,-2.121547000000001,1.7669879999999987,75.72257266666666,2.092147325301372,-1.1896512741922587,0.16439924399989525,0.9188854607621126
40881.0,0.0039,0.0083,0.9138,-1.4345470000000011,1.1943879999999987,73.73787266666666,2.066534035207769,-1.1777252526986934,0.6068264799998953,0.913846015475255
40893.0,0.0018,0.0018,0.9159,-1.342947000000001,0,71.27987266666666,2.039430861714919,-1.1777204092299316,1.0345057159998952,0.9159035374972629
40905.0,0.0173,0.0104,0.9252,-0.7551470000000013,1.3699879999999987,68.58517266666667,2.0180543130836344,-1.1613903339006666,1.4460167519998952,0.9254201694365647
40917.0,0.0205,0.0217,0.9279,0,0.7745879999999985,67.98217266666667,2.0058337547624805,-1.1525884823995716,1.8539097879998954,0.9283800676447119
40929.0,0.0017,0.0109,0.9298,0,-1.5384120000000014,67.33327266666667,1.9923717565064405,-1.168996535743901,2.2579094239998954,0.9298654418785548
40941.0,0.0105,0.0129,0.9139,0,-1.5536120000000015,64.79127266666666,1.9781371119153504,-1.1844396341238046,2.646657059999895,0.9140513497610515
40953.0,0.0186,0.0201,0.9003,0,0.5760879999999986,63.638672666666665,1.9641833494882404,-1.1748346949131518,3.028489095999895,0.9007164148609705
40965.0,0.0173,0.0206,0.91,0,0.7516879999999986,63.20347266666667,1.9505406754866017,-1.1634485138231492,3.407709931999895,0.9103975230634144
40977.0,0.0184,0.0226,0.9161,-0.5185470000000012,0.8737879999999987,62.768372666666664,1.9313343657123738,-1.1510603228932934,3.784320167999895,0.9165634347932499
40989.0,0.0344,0.0316,0.9254,0,0,64.11957266666667,1.9199417783013832,-1.1513574169346024,4.169037603999895,0.9265781564444523
41001.0,0.0348,0.0347,0.9131,0,-1.0880120000000013,65.54707266666666,1.9103980815456896,-1.1664692925965465,4.562320039999895,0.9144215329923067
41013.0,0.0494,0.0356,0.9006,-1.5032470000000013,1.4463879999999987,65.26457266666667,1.8849797468776603,-1.155162820001587,4.953907475999895,0.9026561249999913
41025.0,0.0607,0.0413,0.9048,-3.007047000000001,4.782187999999999,65.27987266666666,1.8445385980264337,-1.109584107566504,5.3455867119998945,0.907773771376988
41037.0,0.0535,0.0364,0.9211,-4.0986470000000015,7.5913879999999985,66.08897266666666,1.793336919076011,-1.0351781868556862,5.742120547999894,0.9233701424672557
41049.0,0.0175,0.0231,0.9348,-3.236047000000001,5.1027879999999985,66.82947266666667,1.7527348000164686,-0.9899353507169357,6.143097383999894,0.9352491111997915
41061.0,0.0173,0.0299,0.9319,-1.480347000000001,0,67.50127266666667,1.7339396727079899,-1.0041658599115841,6.548105019999894,0.9325400313123291
41073.0,0.0234,0.0366,0.9199,-0.8238470000000011,-2.423912000000001,68.66917266666667,1.7244314010029174,-1.0461276898044858,6.9601200559998935,0.9209251489670592
41085.0,0.0338,0.0406,0.9071,-1.0299470000000013,-1.3475120000000014,70.00507266666666,1.7143084004190343,-1.075495637630221,7.380150491999894,0.9086370067304105
41097.0,0.0397,0.0408,0.8972,-1.9994470000000013,1.7363879999999985,71.56227266666667,1.6945119497302528,-1.0696008607326264,7.809524127999894,0.8990042102237341
41109.0,0.0353,0.0331,0.9127,-2.785647000000001,4.522687999999999,71.85237266666667,1.6662155235475393,-1.0318813578218566,8.240638363999894,0.9139819418347388
41121.0,0.0256,0.0245,0.9292,-3.029947000000001,3.1180879999999984,72.50887266666666,1.6347853545878976,-1.0108974260829993,8.675691599999894,0.92987539487826
41133.0,0.0229,0.031,0.922,-2.663547000000001,2.1027879999999985,72.05087266666666,1.6083908336851405,-1.0014823485700133,9.107996835999893,0.9228051852910234
41145.0,0.0166,0.0217,0.9097,-2.327647000000001,1.1867879999999986,71.63097266666666,1.585452705475039,-1.0015764238191287,9.537782671999894,0.9101101801430417
41157.0,0.0293,0.045,0.9216,-1.6711470000000013,-0.5842120000000013,71.38677266666667,1.5726327038445587,-1.0227306911000429,9.966103307999894,0.9231630679354542
41169.0,0.0072,0.0337,0.9382,-1.1444470000000013,-1.8819120000000016,71.89057266666667,1.5665293728407104,-1.0561184976235871,10.397446743999895,0.9388326634709724
41181.0,0.0079,0.0255,0.9199,-0.7475470000000013,-4.950612000000001,71.87527266666667,1.5645107946775993,-1.1227382838925977,10.828698379999896,0.9202872758003341
41193.0,0.032,0.0332,0.9065,-0.701747000000001,-5.828512000000002,72.25697266666667,1.563448815512539,-1.199427749349576,11.262240215999896,0.9076720167549509
41205.0,0.0468,0.026,0.9165,-0.739847000000001,-4.996412000000001,73.37907266666667,1.5613590415049352,-1.2675827642608362,11.702514651999895,0.9180623562699867
41217.0,0.0464,0.0076,0.9106,-1.350547000000001,-1.8666120000000013,73.95927266666666,1.5493161706632073,-1.3000480804212002,12.146270287999895,0.911813072948617
41229.0,0.0455,-0.0055,0.9113,-2.083347000000001,0,74.28747266666667,1.5247224934936814,-1.3120322748495978,12.591995123999896,0.9124517466693787
41241.0,0.0394,-0.0009,0.9058,-2.747547000000001,1.3394879999999985,74.55467266666666,1.489640457263521,-1.309195241552508,13.039323159999896,0.9066569417370608
41253.0,0.0321,0.0085,0.9269,-2.8620470000000013,1.9806879999999987,73.85997266666666,1.452172271574227,-1.2989263197906475,13.482482995999895,0.9274946199304878
41265.0,0.0198,0.0114,0.9242,-2.480347000000001,0,73.85997266666666,1.4187489406669638,-1.310678952146845,13.925642831999895,0.9244823632714688
41277.0,0.025,0.0192,0.9386,-1.9459470000000012,-3.423912000000001,73.65387266666667,1.3921398819695454,-1.3617251623258573,14.367566067999896,0.9391291710941578
41289.0,0.0072,0.0186,0.9464,-1.1368470000000013,-6.2025120000000005,73.02797266666667,1.3753599280235327,-1.441526111470777,14.805733903999895,0.9466101415049387
41301.0,0.0073,0.041,0.9369,-0.5032470000000011,-11.255912,71.08137266666667,1.3689730075427151,-1.576607305363596,15.232222139999896,0.9378250903020242
41313.0,0.0072,0.0524,0.9297,0,-15.362812,69.62337266666667,1.3724053904535103,-1.7550045681865438,15.649962375999896,0.9312033558788326
41325.0,0.0344,0.0894,0.9198,1.397552999999999,-13.668212,67.74547266666667,1.400213355045269,-1.911257387386216,16.056435211999897,0.9247744373629712
41337.0,0.0317,0.0916,0.9325,2.069252999999999,-15.698712000000002,67.31807266666667,1.4427846525338546,-2.0891035971694993,16.460343647999895,0.9375242396866333
41349.0,0.0336,0.1002,0.9296,4.031152999999999,-18.332312,66.41727266666666,1.515317931380461,-2.2953636717419865,16.858847283999896,0.9355881358803135
41361.0,0.0402,0.0522,0.8832,4.305952999999999,-17.362812,63.791272666666664,1.5909382732878936,-2.4879844125866324,17.241594919999898,0.8856540633904414
41373.0,0.0688,0.0487,0.9207,2.420452999999999,-12.446812000000001,60.630972666666665,1.6433887322290968,-2.624061833838747,17.6053807559999,0.9245504961872012
41385.0,0.0696,0.017,0.8744,1.145652999999999,-9.943012000000001,58.05847266666667,1.6765925415354226,-2.732903408449588,17.9537315919999,0.8773303368743155
41397.0,0.0682,-0.0032,0.9097,1.1685529999999988,-6.584212000000001,56.27987266666667,1.7037755773827423,-2.804184498827925,18.2914108279999,0.9122584995493327
41409.0,0.0563,-0.0193,0.9242,0.6875529999999989,-6.828512000000002,53.653872666666665,1.7176148505988869,-2.8790537239595175,18.6133340639999,0.9261143665876261
41421.0,0.067,0.0065,0.92,0.9624529999999989,-7.523112000000001,51.699672666666665,1.731222210785616,-2.9638755744991605,18.9235320999999,0.9224593486978167
41433.0,0.0686,0.0151,0.9265,1.0234529999999988,-8.622412,50.569972666666665,1.7434550523012378,-3.0630382607297935,19.2269519359999,0.9291588776953057
41445.0,0.0741,0.0144,0.8657,0,-6.004012000000001,50.05847266666667,1.7419046124295015,-3.1333041475001626,19.5273027719999,0.868984844516865
41457.0,0.0481,-0.0386,0.8398,-0.7093470000000011,2.6447879999999984,48.71497266666667,1.7240773178066144,-3.100885513695129,19.819592607999898,0.8420615238805298
41469.0,0.0358,-0.0372,0.952,-0.732247000000001,4.965387999999999,47.09667266666667,1.6990108615207729,-3.0399140523359027,20.102172643999896,0.953398909166567
41481.0,0.0496,0.0046,0.9739,-0.9230470000000013,0,46.753172666666664,1.670860810580598,-3.0384350034464984,20.382691679999898,0.9751730769458312
41493.0,0.0671,0.0239,0.9607,0,-6.691112,46.562272666666665,1.6553561193307362,-3.117822984914854,20.662065315999897,0.963336965967776
41505.0,0.0746,0.0151,0.9265,0,-10.668212,47.562272666666665,1.6402327680012239,-3.2454755554784622,20.947438951999896,0.9296211163694594
41517.0,0.0787,-0.0017,0.9156,0.8326529999999989,-10.660512,48.95927266666667,1.6332020004124652,-3.3738419266743174,21.241194587999896,0.9189776602290177
41529.0,0.072,0.0226,0.9161,0,-10.782712,49.88287266666667,1.6177356943777341,-3.503267384106804,21.540491823999897,0.919202899255654
41541.0,0.0643,0.0332,0.9347,0.5501529999999989,-12.500212000000001,51.363872666666666,1.6114225806833236,-3.6511754314593494,21.8486750599999,0.937497103995527
41553.0,0.0861,0.0514,0.932,1.3822529999999988,-15.423912,53.44017266666667,1.619408693975242,-3.8340086631995747,22.1693160959999,0.937378882843005
41565.0,0.0724,0.0367,0.9398,2.817352999999999,-17.744512000000004,55.730272666666664,1.6462122407035156,-4.041862410649688,22.5036977319999,0.9432988338803351
41577.0,0.0684,0.025,0.9161,2.924252999999999,-19.088012000000003,56.82187266666667,1.6742448224451487,-4.2623055499562845,22.8446289679999,0.918990081556923
41589.0,0.062,0.0178,0.8809,3.435652999999999,-17.805612000000004,57.630972666666665,1.7073980327223488,-4.463614763542467,23.1904148039999,0.8832585408587907
41601.0,0.0613,0.0192,0.8922,3.4662529999999987,-14.095612000000001,58.22637266666667,1.7400887265696479,-4.617409049473453,23.5397730399999,0.8945094577476528
41613.0,0.0667,-0.0127,0.8522,3.344052999999999,-8.187212,57.432572666666665,1.7666517924187957,-4.699788064531825,23.8843684759999,0.8549005907121598
41625.0,0.0463,-0.0413,0.8942,3.344052999999999,-2.8437120000000013,54.653872666666665,1.7853214919734468,-4.7157955891612025,24.2122917119999,0.8963498312600946
41637.0,0.0577,-0.0088,0.9207,2.649452999999999,-1.2559120000000012,52.569972666666665,1.7928588099225269,-4.712320683403745,24.5277115479999,0.922548220961918
41649.0,0.0664,-0.0093,0.9166,3.221952999999999,-1.6529120000000015,52.264572666666666,1.8045931604894216,-4.714268378381907,24.8412989839999,0.919048970403645
41661.0,0.0951,-0.0067,0.8888,1.6723529999999989,0.8737879999999987,52.432572666666665,1.796074853396826,-4.690917569482418,25.1558944199999,0.8938983946735781
41673.0,0.0924,-0.0299,0.85,0,8.163887999999998,52.55467266666667,1.7635276609091137,-4.5863514828056315,25.4712224559999,0.8555301105162809
41685.0,0.0782,-0.057,0.9291,0,11.110487999999998,51.82947266666667,1.7240892155365901,-4.450350701613793,25.782199291999902,0.9341258212896163
41697.0,0.0663,-0.0269,0.955,0,8.621887999999998,50.25697266666667,1.6824993654595715,-4.345605973364229,26.0837411279999,0.9576765111455956
41709.0,0.0635,-0.0045,0.9496,1.221952999999999,3.3546879999999986,49.745472666666664,1.6562869245706588,-4.303949188241088,26.3822139639999,0.9517314011841786
41721.0,0.0662,0.0171,0.959,2.473852999999999,-3.141412000000001,48.615772666666665,1.648172014608072,-4.338921764507253,26.673908599999898,0.9614342671238633
41733.0,0.0879,0.0284,0.8971,3.1532529999999985,-5.126212000000001,46.10427266666667,1.6521503304065006,-4.399263769179894,26.950534235999896,0.9018433234215353
41745.0,0.0953,0.0234,0.8809,2.199052999999999,-1.5460120000000015,42.547072666666665,1.6477694954727655,-4.419841788776478,27.205816671999898,0.8863489493421878
41757.0,0.1072,-0.0078,0.8003,-1.0604470000000012,9.545587999999999,36.41727266666667,1.6039070306286816,-4.315119580798039,27.4243203079999,0.8074854611694257
41769.0,0.087,-0.0399,0.818,-3.968847000000001,24.698287999999998,30.30277266666667,1.5214758267878579,-4.036634560606732,27.6061369439999,0.8235806032198669
41781.0,0.0627,-0.0996,0.7587,-6.327647000000002,43.171488000000004,22.49357266666667,1.4003467981524804,-3.5461481840072953,27.7410983799999,0.7677741464779861
41793.0,0.0582,-0.1237,0.7542,-6.663547000000001,63.507388,14.088972666666667,1.2628259923439176,-2.825479187455467,27.8256322159999,0.7664897716212526
41805.0,-0.0215,-0.0659,1.0315,-1.7780470000000013,63.736388,8.066072666666667,1.1806004759766855,-2.102468142836392,27.8740286519999,1.0338265376744786
41817.0,-0.2057,-0.0509,1.4557,-3.2666470000000007,2.973087999999999,2.4325726666666663,1.0818442168711964,-2.07069288703853,27.8886240879999,1.4710424161117857
41829.0,0.0419,-0.0048,0.8965,0.6112529999999988,9.408187999999999,0,1.033595851212318,-1.9646693124422716,27.8886240879999,0.897491448427226
41841.0,0.0635,-0.0173,0.7201,0,-3.401012000000001,0,0.9796250344594575,-2.0157236902491915,27.8886240879999,0.7231013414453052
41853.0,0.033,0.019,1.0626,0.6952529999999989,-1.2712120000000016,0,0.9410511642343501,-2.0390222638985334,27.8886240879999,1.0632820698196692
41865.0,0.046,0.009,0.9213,0.5730529999999988,1.3012879999999987,0,0.9056144943591607,-2.032446084515232,27.8886240879999,0.9224915663571132
41877.0,0.0548,0.0035,0.8743,0,0,0,0.8667939558274687,-2.043410807574202,27.8886240879999,0.8760227051852024
41889.0,0.0405,0.0051,0.9219,-0.526147000000001,0,0,0.8252621008409331,-2.0540259449789025,27.8886240879999,0.9228032672243852
41901.0,0.0402,0.0067,0.9412,0,0,0,0.7934094536447254,-2.064167355602667,27.8886240879999,0.9420819338040615
41913.0,0.046,0.0077,0.9132,0,0,0,0.7646652299800005,-2.074743866452892,27.8886240879999,0.9143902503854687
41925.0,0.0599,0.0216,0.9078,0,0.6829879999999986,1.783672666666666,0.7404451943335879,-2.079406542031924,27.899326123999902,0.9100304445456756
41937.0,0.1555,0.1133,0.9006,1.069252999999999,-1.1567120000000015,11.623372666666667,0.7442495268047171,-2.1196299069454096,27.969066359999903,0.9209220922531938
41949.0,0.1184,0.0997,0.9419,0,0,27.921072666666667,0.7471440784806813,-2.153152564111472,28.136592795999903,0.9545335300553878
41961.0,0.1094,0.0973,0.9204,0,-1.0346120000000014,41.92107266666667,0.7602575052260424,-2.2041505190401454,28.3881192319999,0.9319720006523802
41973.0,0.1305,0.1196,0.8975,0,-1.8285120000000012,55.02027266666667,0.7852029815192051,-2.271673883152742,28.718240867999903,0.914789954033165
41985.0,0.0903,0.0918,0.9784,0,-5.347512000000002,69.20347266666667,0.8167190530712031,-2.3808555753397087,29.133461703999902,0.9868373168866285
41997.0,0.0142,-0.0428,0.8936,1.2677529999999988,-8.958212000000001,73.34857266666667,0.8526663622732301,-2.523215388698476,29.573553139999902,0.8947370786996591
42009.0,-0.0439,-0.1174,0.9181,1.0998529999999989,-2.9659120000000017,61.379072666666666,0.8676704467759193,-2.578421928694663,29.941827575999902,0.9266161988655282
42021.0,-0.0374,-0.0985,0.8982,-0.8543470000000011,-1.0651120000000014,42.791272666666664,0.8452773820308392,-2.5986233014969145,30.198575211999902,0.9043584742788668
42033.0,0.0112,-0.0392,0.9033,-1.2971470000000012,6.392887999999999,28.760772666666668,0.8127446559008495,-2.52628828016554,30.371139847999903,0.9042195363958909
42045.0,0.021,-0.0021,0.9691,0,2.7898879999999986,24.188272666666666,0.7958956721508574,-2.4946252452609263,30.516269483999903,0.9693297787646885
42057.0,0.0774,0.0272,0.8981,0,-0.9888120000000016,26.264572666666666,0.7828237000418228,-2.5126133039943848,30.673856919999903,0.9018393482211785
42069.0,0.0862,0.0483,0.9155,0,-1.8743120000000015,31.989772666666667,0.7757366057065235,-2.5457760488664176,30.865795555999902,0.9208168004549004
42081.0,0.0894,0.0267,0.8608,0,5.957787999999999,36.547072666666665,0.7713234964886285,-2.491575373179412,31.085077991999903,0.8658417234113865
42093.0,0.0541,0.0254,0.9784,-1.1826470000000011,7.492187999999999,39.76077266666667,0.7550673151603992,-2.4200443186010374,31.323642627999902,0.9802237142611885
42105.0,0.0416,-0.0007,0.8938,-1.1902470000000012,4.224987999999998,42.37147266666667,0.7376869297603494,-2.387089933967847,31.5778714639999,0.8947678413979796
42117.0,0.0321,-0.0071,0.9547,-0.7856470000000013,3.011187999999999,44.264572666666666,0.7233182206082504,-2.3663141346663097,31.843458899999902,0.9552658844531191
42129.0,-0.0023,-0.0314,0.933,0,2.5837879999999984,41.37147266666667,0.713610561288417,-2.344398204268881,32.091687735999905,0.9335310653641903
42141.0,0.0167,-0.0121,0.8881,0,0.5531879999999987,37.11957266666667,0.7021310774363075,-2.3434947560480084,32.31440517199991,0.888339411486398
42153.0,0.0669,0.0475,0.9303,0,0,37.89817266666667,0.6965057902241657,-2.3521284031556946,32.54179420799991,0.9339111039065764
42165.0,0.0667,0.0183,0.9087,-1.098647000000001,1.5150879999999987,41.745472666666664,0.679518227046,-2.345588957258175,32.79226704399991,0.9113284095209585
42177.0,0.0612,0.0308,0.9321,-1.6711470000000013,2.285987999999999,44.46307266666667,0.6589672499257638,-2.3318180758104834,33.05904547999991,0.9346146211139649
42189.0,0.0334,-0.0046,0.927,-1.6559470000000012,2.3317879999999986,48.241672666666666,0.6371583090814774,-2.315897867577534,33.34849551599991,0.927612914959683
42201.0,0.0334,-0.0035,0.9052,-1.152047000000001,1.7287879999999987,47.768372666666664,0.6202089786946736,-2.305825436754184,33.63510575199991,0.9058227475615744
42213.0,0.0464,0.0261,0.9303,-0.6406470000000011,1.1562879999999987,48.195872666666666,0.6119132591253721,-2.302740687873734,33.92428098799991,0.9318220109012236
42225.0,0.0524,0.0212,0.9232,-1.014647000000001,1.5302879999999985,49.195872666666666,0.6008522218574867,-2.296155971405214,34.219456223999906,0.9249288837526916
42237.0,0.0443,0.0134,0.9148,-1.068147000000001,1.5608879999999985,50.501272666666665,0.5897465722141445,-2.2891425423865277,34.5224638599999,0.9159700268021874
42249.0,0.0471,0.0111,0.9346,-0.984147000000001,2.1867879999999986,52.386772666666666,0.5798629475754188,-2.2749528968181054,34.8367844959999,0.9358519006765974
42261.0,0.0476,0.0057,0.9083,-1.1444470000000013,1.8737879999999987,53.768372666666664,0.5676697186141967,-2.264993200837694,35.1593947319999,0.9095642583127374
42273.0,0.0404,0.0067,0.9191,-0.9230470000000013,1.9501879999999987,55.05087266666667,0.5578729784938065,-2.2536115568078947,35.489699967999904,0.9200118803580745
42285.0,0.0282,-0.0089,0.9221,-0.839147000000001,2.0188879999999987,55.08897266666667,0.5469098156338538,-2.2394653754392295,35.820233803999905,0.9225740403891712
42297.0,0.0182,-0.0062,0.9196,-0.8314470000000012,2.2096879999999985,53.83707266666667,0.5344810679457563,-2.220164653257456,36.14325623999991,0.9198009784730607
42309.0,0.0198,-0.011,0.9221,-0.7704470000000012,2.1562879999999987,52.18057266666667,0.5208208144069673,-2.1991881081083635,36.45633967599991,0.922378149134074
42321.0,0.0216,-0.0089,0.9106,-0.991747000000001,2.2783879999999987,50.386772666666666,0.5031204458918164,-2.1750566531176236,36.758660311999904,0.9108996267427054
42333.0,0.0248,0.0013,0.9161,0,1.8737879999999987,49.630972666666665,0.49716275423419415,-2.154608604585418,37.05644614799991,0.916436544448114
42345.0,0.0442,0.0162,0.9109,0,1.6295879999999987,49.92867266666667,0.4929367090321849,-2.138480317523105,37.35601818399991,0.9121156121895951
42357.0,0.0314,0.0144,0.9193,0,1.9501879999999987,50.95927266666667,0.4900182498936802,-2.118203566146958,37.66177381999991,0.9199488083583782
42369.0,0.0365,0.0049,0.9166,-0.984147000000001,2.4081879999999987,52.04317266666667,0.47550280914383947,-2.0929642804501567,37.97403285599991,0.9173395336515264
42381.0,0.0338,0.0107,0.9215,-1.1826470000000011,2.2325879999999985,52.08897266666667,0.4595891016022141,-2.0699505324323164,38.28656669199991,0.9221817499820738
42393.0,0.0299,-0.0068,0.9156,-0.839147000000001,1.9577879999999985,53.27217266666667,0.4464372867520018,-2.0498618436037623,38.60619972799991,0.9161133172266409
42405.0,0.0116,-0.0228,0.9298,-1.0375470000000013,1.8585879999999986,51.83707266666667,0.4277786256794813,-2.028305898143084,38.91722216399991,0.9301518370674757
42417.0,-0.0031,-0.0337,0.9187,-1.014647000000001,1.5531879999999987,47.84477266666667,0.40531747524260486,-2.0062627891002425,39.20429079999991,0.9193231151232955
42429.0,0.0023,-0.0225,0.918,-0.8620470000000013,1.7898879999999986,43.64627266666667,0.382493377001241,-1.9784916450785868,39.46616843599991,0.9182785742899592
42441.0,0.0164,-0.0034,0.92,-1.0070470000000014,1.7821879999999986,40.592872666666665,0.3584551386067851,-1.9500680070657928,39.70972567199991,0.9201524438917716
42453.0,0.0135,0.0012,0.9133,-0.8543470000000011,1.2020879999999985,37.80657266666667,0.33729476500572114,-1.9275274010906545,39.93656510799991,0.9134005583532342
42465.0,0.0186,0.0065,0.9183,-0.5719470000000011,0,35.62337266666667,0.32108333028696456,-1.9188355414640506,40.15030534399991,0.9185113499570923
42477.0,0.0125,-0.0027,0.9146,-0.526147000000001,0,33.85997266666667,0.3056706731010675,-1.908903689210252,40.35346517999991,0.9146894008350593
42489.0,0.0142,-0.001,0.9227,-0.6635470000000012,0,32.661572666666665,0.2891072604578382,-1.898084860111571,40.54943461599991,0.9228098016384524
42501.0,0.0328,0.012,0.9141,-0.7475470000000013,0,32.470672666666665,0.2736478821253111,-1.8888507482337176,40.74425865199991,0.9147669921898144
42513.0,0.043,0.0199,0.9114,0,0,34.318072666666666,0.2698612436678909,-1.8823156860913102,40.95016708799991,0.9126307961054131
42525.0,0.0411,0.0171,0.9136,-0.5948470000000012,0,37.340972666666666,0.2611224744431856,-1.8779319859769072,41.17421292399991,0.9146838688858572
42537.0,0.0348,0.0067,0.9132,-0.732247000000001,0,40.15007266666667,0.25141569275157954,-1.8746706482942983,41.41511335999991,0.9138873945951985
42549.0,0.0199,-0.0076,0.9069,-0.9230470000000013,0,40.76077266666667,0.23830006216406965,-1.8705679265155113,41.65967799599991,0.9071501419280052
42561.0,0.0042,-0.0195,0.925,-0.839147000000001,0,38.79897266666667,0.22371758943425488,-1.8637042394918215,41.892471831999906,0.9252150506774087
42573.0,-0.0183,-0.0282,0.9204,-0.732247000000001,0,33.608072666666665,0.20715586904814579,-1.851627761951353,42.094120267999905,0.9210137295393592
42585.0,-0.0411,-0.0388,0.92,0,0,24.829472666666668,0.19503885447640193,-1.8321341305314816,42.24309710399991,0.921734587611857
42597.0,-0.0575,-0.0536,0.9163,0,-0.5307120000000012,14.088972666666667,0.17726468284463676,-1.8103371653489364,42.327630939999906,0.9196656457648072
42609.0,-0.0367,-0.0668,0.9094,0,-0.5613120000000014,2.798972666666666,0.1528716681974956,-1.7838935113860057,42.344424775999904,0.9125883464081711
42621.0,0.0247,-0.001,0.9199,0,-0.8361120000000013,0,0.13093313457465341,-1.7639802868616106,42.344424775999904,0.9202320902902703
42633.0,0.0193,-0.004,0.9271,0,-0.8361120000000013,0,0.11084111908672253,-1.746275658317294,42.344424775999904,0.9273094952603472
42645.0,0.0283,-0.0035,0.9154,0.6036529999999989,-0.9659120000000012,0,0.09955613845181402,-1.7332131682313825,42.344424775999904,0.9158440369407883
42657.0,0.0245,-0.0007,0.9246,0.5578529999999988,-1.0880120000000013,-0.6972273333333339,0.08949879364786724,-1.723847271410744,42.340241411999905,0.9249248077546628
42669.0,0.0284,-0.0012,0.9108,0,-1.2330120000000013,0,0.07438449034789966,-1.7186792185161193,42.340241411999905,0.9112434581383836
42681.0,0.0261,-0.0005,0.9078,0,-1.8285120000000012,0,0.060829809712068694,-1.7224135599446266,42.340241411999905,0.908175258416568
42693.0,0.0284,-0.0015,0.9199,0.6188529999999989,-1.2330120000000013,0,0.05584734633630769,-1.7209530185414224,42.340241411999905,0.9203395134405564
42705.0,0.0303,0.0006,0.9108,0,-1.4086120000000015,0,0.044859802510024485,-1.7235376635122261,42.340241411999905,0.9113040601248301
42717.0,0.0331,0.0023,0.9081,0,0,0,0.035359204484559766,-1.711620180811234,42.340241411999905,0.9087059535405279
42729.0,0.027,-0.0007,0.9183,0,0,0,0.026823900199963564,-1.7010573044868214,42.340241411999905,0.9186971100422598
42741.0,0.0272,0.0022,0.9155,0,0,0,0.019517254925825702,-1.691742247687956,42.340241411999905,0.9159066164189448
42753.0,0.0284,-0.001,0.913,0,0,0,0.012906916215977136,-1.6837035456191536,42.340241411999905,0.9134421492355168
42765.0,0.0283,-0.0012,0.9177,0,0,0,0.00690212264196325,-1.6767809356174699,42.340241411999905,0.918137037701889
42777.0,0.0278,-0.0006,0.9187,0,0,0,0.0015188323036931742,-1.6707906047561634,42.340241411999905,0.9191207156842892
42789.0,0.0266,-0.0001,0.9183,0,0,0,-0.0032435275706942843,-1.6654852948870635,42.340241411999905,0.9186851800263244
42801.0,0.0245,-0.0015,0.9144,0,-0.7216120000000013,0,-0.007625850035788957,-1.6690303274515428,42.340241411999905,0.9147293916782164
42813.0,0.0302,0.0022,0.9122,0,0,0,-0.011202171772464818,-1.6649704129578435,42.340241411999905,0.9127024268621181
42825.0,0.0298,-0.0005,0.9026,0,0.9730879999999986,0,-0.01440145273858644,-1.6503873037259411,42.340241411999905,0.9030919388412234
42837.0,0.0271,0.0046,0.9252,-0.839147000000001,0.9348879999999986,0,-0.026483499208011303,-1.636888293462513,42.340241411999905,0.9256082378630821
42849.0,0.0221,0.0046,0.9304,-0.5948470000000012,1.7898879999999986,0,-0.034622432493622055,-1.613270758726685,42.340241411999905,0.9306738042945014
42861.0,0.0262,-0.0032,0.9022,-0.6024470000000011,0.8279879999999986,0,-0.04292347053641006,-1.601742938607789,42.340241411999905,0.9025860180614367
42873.0,0.021,0.0,0.9183,-0.671147000000001,0.9730879999999986,0,-0.051675012527210074,-1.5883107294904146,42.340241411999905,0.9185400862237859
42885.0,0.0249,-0.0027,0.9102,0,0,0,-0.052525986270820786,-1.58671941788156,42.340241411999905,0.9105445293888708
42897.0,0.0297,-0.0011,0.9189,0,0,0,-0.05330840455756955,-1.5858475022750058,42.340241411999905,0.9193805033825767
42909.0,0.0117,-0.0142,0.9187,0.5959529999999988,0,-0.6438273333333338,-0.04865905025397247,-1.5833614954700475,42.336378447999905,0.9188842255692498
42921.0,0.0295,0.0072,0.9244,0,0,-2.468227333333334,-0.04986595567522629,-1.58166403943099,42.321569083999904,0.9248986160655663
42933.0,-0.0776,-0.0992,0.9202,0,0,-9.430027333333333,-0.06322366992129212,-1.5673017672137983,42.2649889199999,0.928779004930667
42945.0,-0.0773,-0.1171,0.9171,0,0,-24.39192733333333,-0.08950719334646674,-1.5418418256988018,42.1186373559999,0.9277715828801829
42957.0,-0.105,-0.1406,0.9203,0,1.3088879999999987,-41.544527333333335,-0.13004864191456525,-1.4877927696896338,41.8693701919999,0.936880702117404
42969.0,-0.0802,-0.0962,0.9266,0.8173529999999989,0,-59.51402733333333,-0.16788092656625914,-1.4409996915247043,41.5122860279999,0.9350262242311709
42981.0,-0.0402,-0.0378,0.9093,0.7333529999999988,0,-70.46822733333333,-0.2057000468813609,-1.3918108831172424,41.089476663999896,0.9109727602952791
42993.0,-0.0292,0.0013,0.92,1.1914529999999988,0,-76.56742733333333,-0.23222496895869424,-1.3420024033584887,40.63007209999989,0.9204641926767169
43005.0,0.0,0.0028,0.932,1.076952999999999,0,-79.97972733333333,-0.25469494437363493,-1.2954176759707297,40.15019373599989,0.9320042059990932
43017.0,-0.0364,-0.0205,0.916,1.2830529999999989,-0.7140120000000012,-83.72772733333333,-0.2728807791245431,-1.2555911648297111,39.647827371999895,0.9169521307025793
43029.0,-0.0148,0.0143,0.9235,1.069252999999999,-1.8666120000000013,-89.65912733333333,-0.2875846519249629,-1.2305127656093542,39.1098726079999,0.9237292785226632
43041.0,0.0085,0.0211,0.9153,1.389852999999999,-2.126212000000001,-91.35372733333334,-0.29233688861617746,-1.2122313833818894,38.561750243999896,0.91558262871245
43053.0,0.0081,0.0149,0.9209,1.794452999999999,-3.408612000000001,-92.49112733333334,-0.28769072504068754,-1.212277337419345,38.006803479999896,0.9210561492113281
43065.0,0.0275,0.0189,0.9292,1.2066529999999989,-3.1109120000000012,-92.48352733333333,-0.28544594200581414,-1.2138409267793453,37.451902315999895,0.9297989567643105
43077.0,0.0189,-0.0044,0.9036,1.0845529999999988,-3.6147120000000013,-92.86522733333334,-0.2834900878975085,-1.2247159742562914,36.8947109519999,0.9038083480473058
43089.0,0.0513,0.0059,0.9264,0,-2.706312000000002,-93.51402733333333,-0.29192920969235625,-1.2318271504207365,36.3336267879999,0.9278380569905506
43101.0,-0.002,-0.019,0.9178,1.321152999999999,-3.416212000000001,-95.28502733333333,-0.2856225578767385,-1.246917210722095,35.761916623999895,0.9179988235286578
43113.0,-0.0331,-0.0164,0.9299,1.9395529999999988,-2.2636120000000015,-101.36132733333334,-0.2726888920227735,-1.2440741572933127,35.15374865999989,0.9306334294446982
43125.0,0.0194,0.0057,0.9098,0.8326529999999989,-0.9124120000000016,-104.83462733333333,-0.27077780191927925,-1.2282643806789184,34.52474089599989,0.9100246645009135
43137.0,-0.0168,-0.0153,0.8901,1.6341529999999989,-1.4468120000000013,-108.22392733333334,-0.26009720036428585,-1.2171153005014959,33.87539733199989,0.8903899932052246
43149.0,0.0229,0.0155,0.9266,1.794452999999999,-0.6605120000000015,-111.84992733333333,-0.24439963600365844,-1.2001666249008012,33.20429776799989,0.9270125241872409
43161.0,0.0168,0.0085,0.91,2.1150529999999987,-0.6453120000000014,-112.30032733333333,-0.22313000747080114,-1.1855157409103825,32.53049580399989,0.9101947538851233
43173.0,0.02,0.0065,0.9321,2.153252999999999,-1.6147120000000013,-113.15522733333333,-0.2001631814770719,-1.1848752400374958,31.85156443999989,0.9323372029475173
43185.0,0.0398,0.0194,0.9119,1.3669529999999988,-2.2407120000000016,-113.79652733333333,-0.18380188187419091,-1.1961745239865105,31.16878527599989,0.9129742657928536
43197.0,0.0308,0.0176,0.9083,1.641752999999999,-1.9964120000000012,-112.68962733333333,-0.16196740864641263,-1.2073685187099545,30.49264751199989,0.9089924587145924
43209.0,0.0061,-0.0117,0.9114,2.1914529999999988,-1.4697120000000012,-113.63612733333333,-0.13545440679639692,-1.2117496467702156,29.81083074799989,0.9114955073943042
43221.0,-0.0153,-0.016,0.9269,2.122752999999999,0,-118.16292733333333,-0.11202625135610342,-1.1957114022761621,29.10185318399989,0.9271643327911185
43233.0,-0.0116,-0.0076,0.8999,2.573052999999999,0,-122.46062733333333,-0.08430527003611253,-1.1777361043055985,28.36708941999989,0.9000068499739322
43245.0,0.007,0.0011,0.9315,2.595952999999999,-0.6376120000000012,-125.09422733333334,-0.05624653738677355,-1.1678900726167911,27.61652405599989,0.931526950764174
43257.0,-0.0042,0.0146,0.9039,2.489152999999999,0.5226879999999987,-128.60562733333336,-0.027767727449803322,-1.1434572337776558,26.84489029199989,0.9040276599750695
43269.0,0.0044,0.0287,0.9259,2.794452999999999,1.0493879999999987,-131.11712733333334,0.007513106979091333,-1.113356806757112,26.058187527999888,0.9263551478779615
43281.0,0.0214,0.0374,0.912,3.221952999999999,2.9653879999999986,-132.14762733333333,0.051607598145306195,-1.0634939846422957,25.265301763999886,0.91301737113814
43293.0,0.0104,0.016,0.9014,3.741052999999999,3.9424879999999987,-131.73542733333335,0.10230281591005454,-1.003723387731225,24.474889199999886,0.9016019742658065
43305.0,0.0381,0.0223,0.9359,3.382252999999999,3.7058879999999985,-131.33082733333336,0.14976191182956017,-0.9518894408546329,23.686904235999886,0.9369406117785694
43317.0,0.0325,0.0184,0.9025,3.1608529999999986,3.4386879999999986,-130.52162733333336,0.19501159323901968,-0.9071367774394908,22.903774471999885,0.9032724173802718
43329.0,-0.0171,0.0133,0.9215,3.626552999999999,3.1256879999999985,-132.94152733333334,0.2453829241908203,-0.8633401560713735,22.106125307999886,0.9217546040026054
43341.0,0.0006,0.019,0.8936,3.9929529999999986,2.4004879999999984,-136.11712733333334,0.3003014861706402,-0.8279372411552699,21.289422543999887,0.8938021705053082
43353.0,0.0061,0.02,0.9197,4.473852999999998,3.6600879999999987,-139.02552733333334,0.3609887871097,-0.7781787110439804,20.455269379999887,0.919937660931435
43365.0,0.0265,0.0319,0.9052,4.199052999999999,5.621887999999998,-140.81172733333335,0.4198360750396652,-0.7086932903387384,19.61039901599989,0.9061494909781719
43377.0,-0.007,0.0444,0.925,4.924252999999998,6.316587999999999,-143.09422733333335,0.4899089127572763,-0.6303180600752811,18.75183365199989,0.926091442569253
43389.0,0.0023,0.0475,0.9174,5.1303529999999995,5.583787999999998,-146.86522733333334,0.564889932320682,-0.5614052408615046,17.87064228799989,0.9186317542954848
43401.0,0.027,0.0612,0.9226,5.328852999999999,5.408187999999999,-146.27742733333335,0.6458973133249968,-0.4983714410506904,16.99297772399989,0.9250217294745026
43413.0,-0.031,0.0,0.9163,5.450952999999999,4.324187999999999,-146.26972733333335,0.7237569116922014,-0.44428704979172784,16.11535935999989,0.916824241607954
43425.0,-0.0138,0.0198,0.9254,5.588352999999999,3.7898879999999986,-151.32322733333334,0.8014573370962105,-0.3951627665866276,15.207419995999889,0.9257146644620037
43437.0,-0.0377,0.0261,0.9063,5.176152999999999,3.0722879999999986,-156.75832733333334,0.8734033373553184,-0.35031332732349435,14.266870031999888,0.90745919467489
43449.0,-0.0117,0.0576,0.9218,5.252452999999999,0.9501879999999986,-160.44532733333335,0.949281095186569,-0.3299356460253955,13.304198067999888,0.9236719601676776
43461.0,-0.0245,0.0514,0.9312,5.328852999999999,0,-161.95682733333334,1.0277498099380853,-0.31830365106408487,12.332457103999888,0.9329392531135133
43473.0,-0.025,0.0383,0.9448,4.710452999999999,-1.0804120000000013,-165.05602733333333,1.0985714395005912,-0.31701434960842834,11.342120939999887,0.945906406575196
43485.0,-0.0187,0.0592,0.9067,4.481452999999998,-2.874312000000001,-170.55222733333335,1.1691090100365824,-0.3352683008386219,10.318807575999887,0.9088229860649432
43497.0,-0.0177,0.0375,0.9558,4.481452999999998,-2.7598120000000015,-171.66672733333334,1.2387666290904886,-0.3505664595769591,9.288807211999888,0.9566991063024988
43509.0,-0.0571,0.0197,0.8942,2.183752999999999,-5.339912000000002,-178.42242733333336,1.2785406790873814,-0.38980463770481266,8.218272647999887,0.8962377697910304
43521.0,-0.0718,-0.0328,0.9166,5.206652999999999,-2.874312000000001,-187.30792733333334,1.345109861299582,-0.39196719660679524,7.094425083999887,0.9199927391017823
43533.0,-0.019,-0.0004,0.8094,2.3288529999999987,-2.9811120000000018,-195.38422733333334,1.373701718047732,-0.3950706358996468,5.922119719999888,0.8096230727937538
43545.0,-0.0216,0.0596,0.8831,3.847952999999999,-2.1109120000000012,-196.26212733333335,1.4243790464889916,-0.387497550695573,4.744546955999887,0.8853724244632877
43557.0,-0.0299,0.0859,1.0297,2.786852999999999,-2.2407120000000016,-193.67432733333334,1.468582461208402,-0.38061899302330654,3.582500991999887,1.0337092966593655
43569.0,0.002,0.108,0.8469,1.786852999999999,-4.614712000000001,-192.55222733333335,1.5099957030652802,-0.40441502955607983,2.4271876279998867,0.8537608623027879
43581.0,0.0238,0.1284,0.9788,1.6646529999999988,-2.3475120000000014,-187.48352733333334,1.559838398543352,-0.40647992787838017,1.3022864639998866,0.9874727540545106
43593.0,0.0024,0.0892,0.8928,1.908952999999999,-1.7598120000000015,-183.85752733333334,1.6168046089449066,-0.4035944382941991,0.1991412999998865,0.8972481485074238
43605.0,-0.0002,0.0535,0.8859,3.7257529999999988,-2.7598120000000015,-183.51402733333336,1.694328150030144,-0.4140014531535165,-0.9019428640001137,0.8875139998895792
43617.0,-0.0208,0.0195,0.9084,4.328852999999999,-5.141412000000001,-182.75832733333334,1.7732704537513613,-0.4509869885041426,-1.9984928280001137,0.9088473194106917
43629.0,-0.01,0.0427,0.8977,4.542552999999999,-3.0040120000000017,-183.20102733333334,1.8524119579699285,-0.4623368154112135,-3.097698992000114,0.8987705936444517
43641.0,0.0111,0.1167,0.9293,3.0845529999999988,-1.6758120000000014,-181.49112733333334,1.9212156680322015,-0.46075684485972984,-4.1866457560001145,0.9366646091317852
43653.0,0.0616,0.1506,0.8699,3.840252999999999,0.5379879999999986,-175.03312733333334,2.009808079642192,-0.44209880733388335,-5.236844520000115,0.8849864010254621
43665.0,0.049,0.1566,0.9489,3.687552999999999,0,-166.89572733333335,2.1059093334224652,-0.43661933458206637,-6.238218884000115,0.9629827464705688
43677.0,0.051,0.1382,0.9097,3.1608529999999986,0,-159.01022733333335,2.2019077988070235,-0.4373214943810104,-7.192280248000115,0.9215499606640977
43689.0,0.0535,0.119,0.9254,3.313552999999999,0,-150.20872733333334,2.3024136285362498,-0.4437649734091249,-8.093532612000114,0.9345525185884419
43701.0,0.032,0.0746,0.9196,2.7257529999999988,0.7440879999999985,-143.18582733333335,2.3927040428638366,-0.4438121175858425,-8.952647576000114,0.9231756712565599
43713.0,0.0327,0.0668,0.941,1.8860529999999989,-0.9888120000000016,-138.94152733333334,2.4689446082776,-0.4665099301391057,-9.786296740000115,0.9439346004888262
43725.0,0.0138,0.0325,0.9167,2.718152999999999,-2.156712000000001,-137.05602733333333,2.5473356729904184,-0.5022186725011055,-10.608632904000114,0.9173797359872301
43737.0,0.0612,0.109,0.8984,2.8631529999999987,-0.5078120000000013,-135.30032733333334,2.630044298293878,-0.5235530667183323,-11.420434868000115,0.9070551251164396
43749.0,0.0669,0.0784,0.9124,4.221952999999999,3.7134879999999986,-125.14762733333333,2.7268877164541103,-0.5006614798032831,-12.171320632000114,0.9182025539062718
43761.0,0.0172,0.028,0.9069,3.061652999999999,4.820387999999999,-123.17812733333334,2.801777912710392,-0.4642660438154817,-12.910389396000115,0.9074951515021996
43773.0,-0.0015,0.0189,0.9318,2.534952999999999,5.0646879999999985,-125.22392733333334,2.861862762167932,-0.4224551694587734,-13.661732960000116,0.931992864779554
43785.0,-0.0013,0.0354,0.902,2.748652999999999,5.1256879999999985,-125.61322733333333,2.9191901954301804,-0.37793396256114414,-14.415412324000116,0.902695325123599
43797.0,0.002,0.0481,0.9357,3.672352999999999,4.0646879999999985,-123.32322733333334,2.9838505958079766,-0.3445596625955117,-15.155351688000115,0.9369376179874517
43809.0,0.0186,0.0746,0.9197,3.6112529999999987,2.9119879999999987,-120.33842733333333,3.0477913610291525,-0.32552765485500923,-15.877382252000116,0.922908018168658
43821.0,0.0387,0.1101,0.9358,3.4738529999999987,2.8432879999999985,-115.07132733333333,3.114255241659381,-0.310258532713306,-16.567810216000115,0.94304895949256
43833.0,0.0377,0.0756,0.939,3.1074529999999987,2.8356879999999984,-106.60562733333333,3.1756355419081324,-0.297557981158989,-17.207443980000114,0.9427924745138773
43845.0,0.0536,0.0937,0.922,3.573052999999999,3.1943879999999987,-100.12472733333333,3.24415556245203,-0.2848716706856801,-17.808192344000116,0.9282977162527117
43857.0,0.0392,0.1012,0.9221,3.237252999999999,2.8127879999999985,-94.28502733333333,3.3108856934197215,-0.27871520359406277,-18.373902508000114,0.9284645873699223
43869.0,0.0049,0.053,0.9263,3.0998529999999986,2.5226879999999987,-91.69722733333333,3.37185347416058,-0.2734249178041265,-18.924085872000113,0.9278279474126655
43881.0,-0.0242,0.0098,0.9291,2.8631529999999987,1.2096879999999985,-94.57512733333333,3.420931593336364,-0.27765973867850063,-19.491536636000113,0.9294667772438131
43893.0,-0.0319,0.0034,0.9059,2.298252999999999,0.5760879999999986,-100.55982733333333,3.454686030513986,-0.28293738648252653,-20.094895600000115,0.9064678593309308
43905.0,-0.0261,0.0488,0.9126,2.3822529999999986,0.7821879999999986,-103.35372733333334,3.4873758119340352,-0.28068815327925994,-20.715017964000115,0.9142764406895761
43917.0,0.0214,0.0986,0.9192,2.1914529999999988,0,-100.31552733333334,3.522046420658151,-0.2890883654617838,-21.316911128000115,0.9247208011070153
43929.0,0.0912,0.1682,0.9329,2.031152999999999,-0.5384120000000014,-89.32322733333334,3.567000304982328,-0.31357639893795614,-21.852850492000115,0.9523187964122097
43941.0,0.1339,0.1748,0.9204,1.6723529999999989,0,-71.72012733333334,3.6192889291267756,-0.3454996295063582,-22.283171256000117,0.9463722364904837
43953.0,0.1368,0.1693,0.9244,1.0998529999999989,0,-52.72012733333333,3.6742377784055718,-0.38994504132305435,-22.599492020000117,0.949679993471485
43965.0,0.0726,0.0801,0.9222,0.5959529999999988,0,-39.10182733333333,3.7206228487319666,-0.43737861932572064,-22.83410298400012,0.9285147333241406
43977.0,-0.0275,-0.0217,0.9075,0.5425529999999988,0,-39.620927333333334,3.7517363728644506,-0.4750036106234802,-23.07182854800012,0.9081758585208043
43989.0,-0.1001,-0.0858,0.918,0.8555529999999989,0,-53.10942733333333,3.7654717079775426,-0.4947941288983724,-23.39048511200012,0.9274188104626734
44001.0,-0.0997,-0.0669,0.9178,1.2982529999999988,-1.0422120000000015,-71.48352733333333,3.768014950013097,-0.5111037905272399,-23.81938627600012,0.9256200840517669
44013.0,-0.0742,-0.0243,0.9229,1.260152999999999,-2.3094120000000014,-85.24682733333333,3.760775379856445,-0.5313482445015629,-24.33086724000012,0.9261968149373005
44025.0,-0.0608,-0.0166,0.9182,1.542552999999999,-2.2178120000000017,-93.95682733333334,3.749622378511812,-0.5422055815886808,-24.89460820400012,0.920360494588941
44037.0,-0.0645,-0.0312,0.8966,1.6265529999999988,-3.0117120000000015,-103.45292733333334,3.7313025409805944,-0.5545756408577575,-25.51532576800012,0.8994583092061577
44049.0,-0.0615,-0.0149,0.9445,2.489152999999999,-2.2407120000000016,-113.26972733333334,3.717785575879559,-0.5512263671613903,-26.19494413200012,0.9466174042346781
44061.0,-0.0026,0.0698,0.9178,1.512052999999999,-2.401012000000001,-119.07132733333333,3.698560420979225,-0.5513616754529965,-26.90937209600012,0.9204540401345414
44073.0,0.0521,0.12,0.9299,1.153252999999999,-3.0117120000000015,-113.48352733333333,3.686645906758251,-0.5668822453381048,-27.59027326000012,0.939057197405994
44085.0,0.0387,0.0991,0.9203,1.1685529999999988,-2.935312000000001,-105.71252733333333,3.6826177047932895,-0.5868960405485848,-28.22454842400012,0.9264289449277803
44097.0,-0.0104,0.0298,0.8954,1.321152999999999,-2.889512000000001,-106.57512733333333,3.6787261376272506,-0.6049820830341817,-28.86399918800012,0.8959561149967112
44109.0,-0.0499,-0.0105,0.8953,3.1303529999999986,-3.0651120000000014,-117.43002733333333,3.689582917787579,-0.6189355818672521,-29.568579352000118,0.8967509966540321
44121.0,-0.0381,0.0219,0.9481,3.4662529999999987,-3.5384120000000014,-130.66672733333334,3.7019905480137227,-0.6344575003995995,-30.35257971600012,0.9491179220729109
44133.0,-0.0026,0.0544,0.9093,1.5654529999999989,-3.4926120000000016,-137.59802733333333,3.6940799700252724,-0.6501636041463336,-31.178167880000117,0.9109295307541632
44145.0,0.0131,0.082,0.9133,2.038752999999999,-3.439112000000001,-138.09422733333335,3.697370807708351,-0.6678235587818441,-32.00673324400012,0.917067336677084
44157.0,0.0166,0.0735,0.9049,3.710452999999999,-3.355212000000001,-136.40712733333334,3.724180576473997,-0.687184885830935,-32.82517600800011,0.9080318386488438
44169.0,0.0071,0.0538,0.934,2.9089529999999986,-3.8437120000000013,-136.01022733333335,3.7419254458160838,-0.7134753245355527,-33.64123737200011,0.9355751439622582
44181.0,-0.0024,0.0287,0.9247,1.0540529999999988,-4.233012000000002,-136.24682733333336,3.735242781863068,-0.7440388930484478,-34.45871833600011,0.9251483880978228
44193.0,0.0006,-0.0043,0.8903,0.7257529999999989,-3.484912000000002,-136.55222733333335,3.7188839508774274,-0.7657494211257135,-35.27803170000011,0.8903105862562795
44205.0,0.0032,0.0143,0.9125,1.542552999999999,-3.9430120000000017,-136.34612733333336,3.7092861058923163,-0.7932510730282224,-36.09610846400011,0.91261765268923
44217.0,-0.0079,0.0289,0.9302,2.008252999999999,-3.607112000000001,-135.51402733333336,3.7042364472700804,-0.8156258100435778,-36.90919262800011,0.9306823625706034
44229.0,0.0142,0.0667,0.915,0.7333529999999988,-4.553612000000001,-134.97972733333336,3.6880798002797186,-0.850875684426438,-37.71907099200011,0.9175377539916274
44241.0,0.0155,-0.021,0.8119,2.473852999999999,-3.5842120000000013,-137.21632733333334,3.68565190819696,-0.8761580914523923,-38.54236895600011,0.8123194322432524
44253.0,0.0289,-0.0515,0.8251,8.832652999999999,0,-145.39192733333334,3.747611218046392,-0.8624575248334347,-39.41472052000011,0.8272106563626945
44265.0,0.0118,0.0385,1.0886,8.435652999999999,0,-149.20102733333334,3.804696328623163,-0.8500513964074424,-40.30992668400011,1.0893445047366788
44277.0,0.1149,0.1239,0.9829,-1.1749470000000013,-3.920112000000002,-145.07132733333336,3.759473609184488,-0.8977287460496631,-41.18035464800011,0.9973192217138904
44289.0,0.2252,0.1998,0.8674,-3.755147000000001,-6.355212000000002,-127.83462733333333,3.70543016236981,-0.9994173986200274,-41.94736241200011,0.9181600296244657
44301.0,0.2509,0.2891,0.9084,-2.3887470000000013,-3.7140120000000016,-100.02552733333333,3.697893396188192,-1.0948366984713782,-42.54751557600011,0.9857586824370355
44313.0,0.2123,0.274,0.9314,-2.365847000000001,-2.927712000000001,-70.39192733333333,3.714915756178821,-1.1982037977503601,-42.96986714000011,0.9938074511694909
44325.0,0.1138,0.1509,0.8896,-1.6559470000000012,-3.355212000000001,-51.414827333333335,3.747056935739358,-1.3098928330123374,-43.27835610400011,0.9094555569130357
44337.0,0.0105,0.0173,0.9097,0,-2.927712000000001,-47.99492733333333,3.787802335279758,-1.4061038766253071,-43.56632566800011,0.9099250683435423
44349.0,-0.0258,0.0151,0.9448,0,-1.4162120000000016,-52.60562733333333,3.817840350821367,-1.4703864974480574,-43.88195943200011,0.9452728124726745
44361.0,-0.0222,0.0101,0.9181,-1.625347000000001,-2.431512000000001,-57.483527333333335,3.8189379757685926,-1.5350058546894938,-44.22686059600011,0.9184238999503443
44373.0,-0.0055,0.0249,0.8715,0,-2.851412000000001,-60.60562733333333,3.83308118828049,-1.5963515908922041,-44.59049436000011,0.871872989603417
44385.0,-0.0013,0.0151,0.8451,3.557852999999999,-3.156712000000001,-63.30792733333334,3.8822902106550434,-1.6544506391173113,-44.97034192400011,0.8452358901513825
44397.0,-0.0148,0.0242,0.9633,5.588352999999999,-3.4468120000000018,-66.40712733333334,3.9485923602737647,-1.707363837743555,-45.36878468800011,0.9637175779241551
44409.0,-0.0254,0.0117,1.0194,2.771552999999999,-6.423912000000001,-70.21632733333334,3.9732896715921435,-1.7860623667835767,-45.79008265200011,1.0197835113395393
44421.0,0.0179,0.0122,0.9596,0,-13.866612000000002,-74.81942733333334,3.9590614190582585,-1.9490642473057218,-46.23899921600011,0.9598444717765477
44433.0,0.0443,-0.0157,0.833,1.6341529999999989,-11.828512000000002,-78.86522733333334,3.9564632059025087,-2.087131191656992,-46.71219058000011,0.8343248647858938
44445.0,0.0339,-0.0309,0.8517,1.290652999999999,-1.9964120000000012,-85.65912733333333,3.940640994997965,-2.107526085889169,-47.22614534400011,0.852934294069596
44457.0,0.0237,-0.0255,0.9125,2.1074529999999987,0,-91.65142733333333,3.9267235439359625,-2.103143511970929,-47.77605390800011,0.9131638352453518
44469.0,0.0435,0.0001,0.9001,1.5883529999999988,2.5684879999999986,-97.58272733333334,3.9030250304193443,-2.070382195186529,-48.36155027200011,0.9011505257169858
44481.0,0.0581,0.0287,0.9155,2.0998529999999986,3.1104879999999984,-98.20872733333333,3.885785129586446,-2.035236513718715,-48.950802636000105,0.9177905806882091
44493.0,0.066,0.0618,0.9645,1.107452999999999,2.4004879999999984,-94.16292733333333,3.8611314169023476,-2.0128819792698947,-49.51578020000011,0.9687288010583768
44505.0,0.0898,0.0548,0.9241,1.649452999999999,-1.5078120000000013,-87.10182733333333,3.846137429654121,-2.043451479169298,-50.03839116400011,0.9300687555229452
44517.0,0.0682,0.0233,0.9491,1.8479529999999988,-4.8972120000000015,-80.66672733333333,3.83225276786541,-2.1162758184362147,-50.522391528000114,0.9518324117196262
44529.0,0.0712,0.0155,0.9155,0.9700529999999988,-6.118512000000001,-76.30032733333333,3.8061335385487873,-2.2052809719332784,-50.98019349200011,0.9183953070437588
44541.0,0.1129,0.0262,0.8706,0,-1.8132120000000014,-71.46062733333333,3.768666684153939,-2.250338218874655,-51.408957256000114,0.8782808263875513
44553.0,0.1128,0.0302,0.8862,0,3.8127879999999985,-63.53692733333334,3.7319635048238036,-2.235878716012571,-51.790178820000115,0.8938603470341439
44565.0,0.1116,0.0333,0.9036,0,8.270787999999998,-53.84992733333333,3.6963213587305153,-2.1758017960402363,-52.11327838400012,0.9110743163979544
44577.0,0.0889,0.0292,0.9192,0,9.751687999999998,-45.506427333333335,3.6611127441720246,-2.1023974395614595,-52.386316948000115,0.9239504802747819
44589.0,0.0681,0.0323,0.9459,-0.5490470000000012,9.018887999999999,-38.346127333333335,3.62018211751678,-2.0388274056305766,-52.61639371200012,0.948898155757508
44601.0,0.0374,0.0552,0.9697,-1.228447000000001,2.1180879999999984,-32.28502733333333,3.574857263475673,-2.05343852920515,-52.81010387600012,0.9719896552947465
44613.0,0.0469,0.0576,0.8942,0,-1.4239120000000014,-27.36902733333333,3.5480122173834605,-2.107440868005135,-52.97431804000012,0.8972797835680909
44625.0,0.0293,0.0485,0.9287,1.573052999999999,-4.889512000000002,-23.842327333333333,3.541730923200146,-2.1968635345020204,-53.117372004000124,0.9304270148700541
44637.0,0.0046,0.0634,0.9349,0,-5.164312000000001,-23.010227333333333,3.5202718991505675,-2.280795963203415,-53.255433368000126,0.9370585520659848
44649.0,0.0005,0.0597,0.8691,-1.091047000000001,-2.0804120000000013,-22.956827333333333,3.4891914994304742,-2.3204844140089995,-53.39317433200013,0.8711481791291308
44661.0,-0.0144,0.051,0.8678,0,3.011187999999999,-23.43772733333333,3.473012893848927,-2.291906161416769,-53.53380069600013,0.869416585993159
44673.0,-0.0647,0.0529,0.9102,0,7.5684879999999986,-25.65142733333333,3.4584687903789493,-2.1968610379627864,-53.687709260000126,0.9140287413424153
44685.0,-0.1044,0.0322,0.9253,-0.991747000000001,9.385288,-30.42242733333333,3.4310454644758726,-2.065209354653616,-53.87024382400013,0.9317275835779469
44697.0,-0.0992,0.032,0.8893,-0.5490470000000012,9.705887999999998,-35.681927333333334,3.408193633836389,-1.9177145244871003,-54.08433538800013,0.8953876981509182
44709.0,-0.1404,0.0187,0.988,0,8.194387999999998,-39.95682733333333,3.3889694536509247,-1.7725568663697429,-54.32407635200013,0.9981011221314201
44721.0,-0.0906,0.0557,0.9115,0,2.0417879999999986,-44.08652733333333,3.372212075864306,-1.6923751573253836,-54.588595516000126,0.9176835511220629
44733.0,-0.0697,0.0857,0.9824,1.748652999999999,-4.721612000000002,-43.681927333333334,3.381536658142195,-1.6868936675798558,-54.85068708000013,0.9885910883676831
44745.0,-0.0251,0.0778,0.9098,1.321152999999999,-10.668212,-37.84232733333333,3.389751459430582,-1.7510151711293334,-55.07774104400013,0.9134653195387333
44757.0,-0.0078,0.0405,0.8672,1.4204529999999989,-5.698712000000002,-29.47582733333333,3.3983242113951206,-1.7570483560736831,-55.25459600800013,0.8681802405030881
44769.0,-0.0146,0.045,0.8983,1.3746529999999988,0,-22.62092733333333,3.4059597889291875,-1.6966647065338805,-55.390321572000126,0.8995449127197597
44781.0,0.0015,0.076,0.9213,0.6036529999999989,1.5913879999999985,-14.582727333333334,3.4078926023133223,-1.6215012375917413,-55.47781793600013,0.9244306031282176
44793.0,0.0992,0.0964,0.9103,0,1.9501879999999987,-2.7965273333333336,3.408481603649645,-1.5582828067043046,-55.49459710000013,0.9207495262013443
44805.0,0.0354,0.0336,0.8893,-0.732247000000001,6.1256879999999985,0,3.39796880469839,-1.4524362244260145,-55.49459710000013,0.8906383160408046
44817.0,0.0381,0.0383,0.896,-1.335347000000001,11.553187999999999,1.0660726666666662,3.3788716125273646,-1.2899328275760518,-55.488200664000125,0.8976271497676528
44829.0,-0.001,0.0331,0.9766,-0.9688470000000011,12.118087999999998,1.6996726666666662,3.361728621942436,-1.1236547091849938,-55.47800262800013,0.9771612814679059
44841.0,0.027,0.0449,0.9275,-1.1749470000000013,1.9195879999999985,2.577572666666666,3.3418582307116633,-1.0838005196180642,-55.46253719200013,0.9289786111638955
44853.0,0.0521,0.0555,0.9279,0,-1.7750120000000016,5.562272666666666,3.3369349724841846,-1.0941615674188176,-55.42916355600013,0.9310172232563692
44865.0,0.0642,0.0443,0.9143,-0.991747000000001,-1.2559120000000012,7.974472666666666,3.3198021189920803,-1.1051055645405379,-55.38131672000013,0.9176211745595237
44877.0,0.0614,0.0466,0.9171,-0.7169470000000011,0,9.943972666666665,3.3059285020088134,-1.1069152968267313,-55.32165288400013,0.9203335971266072
44889.0,0.0493,0.0472,0.9117,-0.8085470000000012,0,11.783672666666666,3.291082418990157,-1.112465978631006,-55.25095084800013,0.9142511799281421
44901.0,0.0592,0.0452,0.9138,-0.8085470000000012,0,14.615772666666667,3.27611240972343,-1.1225378098675913,-55.16325621200013,0.9168304750606843
44913.0,0.0378,0.0406,0.9122,-0.869647000000001,0,16.050872666666667,3.259785101561551,-1.1339145133366306,-55.06695097600013,0.9138851350142424
44925.0,0.0392,0.0458,0.9213,-1.014647000000001,0,17.54707266666667,3.241823028329434,-1.1465605843295177,-54.961668540000126,0.923270258375087
44937.0,0.0594,0.0521,0.9092,-0.7246470000000009,0,19.890572666666667,3.2282585406762934,-1.1628705807646669,-54.842325104000125,0.9126266542239494
44949.0,0.0703,0.064,0.9169,-0.5872470000000012,0,23.38677266666667,3.2185756138378787,-1.1837095644897484,-54.702004468000126,0.9218154370588508
44961.0,0.0972,0.0758,0.9075,-0.6253470000000012,0,28.081372666666667,3.211958678540894,-1.21190925624247,-54.533516232000125,0.9158328067939038
44973.0,0.1083,0.0942,0.9197,0,0,34.85997266666667,3.2180124512156985,-1.2478603077567207,-54.32435639600013,0.9308332933452692
44985.0,0.1149,0.1064,0.923,0,0,43.730272666666664,3.2300837422759523,-1.2913623273532273,-54.061974760000126,0.9361901356028058
44997.0,0.1108,0.1222,0.9103,-0.701747000000001,0,53.98977266666667,3.241243050524689,-1.3410149370386806,-53.738036124000125,0.9251246240372158
45009.0,0.0588,0.1085,0.9116,-0.6635470000000012,0.9043879999999986,67.51647266666667,3.2577693594595742,-1.378872824618626,-53.332937288000124,0.9199153493664511
45021.0,-0.0205,0.0592,0.9258,-0.8238470000000011,0,76.16537266666667,3.270499245176475,-1.4164678704610012,-52.87594505200013,0.927917307738141
45033.0,-0.0509,0.0115,0.9327,-1.7780470000000013,0,79.78367266666666,3.2643601874203405,-1.4403671154856632,-52.397243016000125,0.934158632139103
45045.0,-0.0699,0.011,0.9095,-1.0604470000000012,0,80.56997266666667,3.26025849676168,-1.4498981120777592,-51.91382318000012,0.9122484639614363
45057.0,-0.0829,0.0114,0.9211,-0.6788470000000011,-1.1949120000000013,79.31807266666667,3.254792214297362,-1.459101851638771,-51.437914744000125,0.9248932803302228
45069.0,-0.0474,0.0327,0.9375,0,-2.637612000000001,76.61577266666667,3.25459851316768,-1.4767229241318967,-50.97822010800012,0.9392668949771412
45081.0,-0.0452,0.0272,0.9276,-0.8543470000000011,-4.943012000000001,73.24927266666667,3.241213998112093,-1.5138866889123588,-50.538724472000126,0.9290988322024735
45093.0,-0.0325,0.0319,0.9122,-0.6864470000000011,-5.637612000000001,68.56997266666667,3.227922603378449,-1.5535766464406446,-50.127304636000126,0.9133360279765602
45105.0,-0.0178,0.0304,0.8973,-0.7475470000000013,-3.5307120000000016,63.62337266666667,3.212146253667501,-1.5651136023487338,-49.74556440000013,0.8979912527413616
45117.0,-0.0104,0.0179,0.8981,-1.014647000000001,0,58.585172666666665,3.1901404546214054,-1.5334902881002779,-49.39405336400013,0.8983385664658954
45129.0,0.0044,0.0045,0.8969,-1.564347000000001,4.354687999999999,53.608072666666665,3.1573629454779812,-1.4518716656183648,-49.07240492800013,0.8969220813426325
45141.0,0.0007,-0.0144,0.9257,-2.083347000000001,6.423387999999999,48.401972666666666,3.112341111536328,-1.3476186393772178,-48.781993092000135,0.9258122595861431
45153.0,-0.0126,0.0052,0.9227,-1.8849470000000013,0.8814879999999987,42.516472666666665,3.0669109417319036,-1.3090139769226043,-48.52689425600013,0.9228006772862707
45165.0,-0.0087,0.0079,0.916,0,0,37.340972666666666,3.041646873721042,-1.2805876161801515,-48.30284842000013,0.9160753789945454
45177.0,0.0028,0.0353,0.9188,-0.7246470000000009,0,34.16537266666667,3.009161842653499,-1.253305353761746,-48.09785618400013,0.9194821205439505
45189.0,-0.004,0.0256,0.9193,0,0,33.363872666666666,2.9853500543371156,-1.2262361114792815,-47.89767294800013,0.9196650749049895
45201.0,-0.0281,0.0009,0.9104,0,0,30.37147266666667,2.958512868816182,-1.1963911277693182,-47.71544411200013,0.9108340024395224
45213.0,-0.0468,-0.0199,0.9185,0,0,23.798972666666668,2.926429302914479,-1.1618222066151085,-47.572650276000125,0.9199067887563391
45225.0,-0.0547,-0.0242,0.9221,0,0,15.913472666666665,2.8892381348151646,-1.1221776687868537,-47.477169440000125,0.9240379537659695
45237.0,-0.0227,0.0035,0.9225,0.6188529999999989,-1.4620120000000014,9.432572666666665,2.8583596808676353,-1.0993339088969905,-47.42057400400012,0.9227858852409913
45249.0,0.0341,0.0535,0.9185,0,-2.1185120000000013,8.989772666666665,2.8255377158227346,-1.0906878586728144,-47.366635368000125,0.9206884978101986
45261.0,0.0568,0.0741,0.9197,0.6646529999999988,-2.393312000000001,14.592872666666667,2.807998936191707,-1.0936994875723984,-47.27907813200012,0.9244269251812173
45273.0,0.0427,0.0559,0.9314,1.000552999999999,-3.9964120000000016,21.066072666666667,2.7985700330720134,-1.1211643881102764,-47.15268169600012,0.9340524931715561
45285.0,0.0267,0.04,0.9347,1.214352999999999,-6.6453120000000006,25.898172666666667,2.7932702568003713,-1.1823170264511316,-46.99729266000012,0.9359364187806777
45297.0,0.014,0.0089,0.9136,1.0845529999999988,-7.141412000000001,27.67677266666667,2.784045314276861,-1.2492857747883135,-46.83123202400012,0.9137506060189509
45309.0,0.0013,-0.0125,0.8879,0.5959529999999988,-4.072712000000001,26.050872666666667,2.7644167372812443,-1.2783473489190555,-46.67492678800012,0.8879889357418819
45321.0,-0.0043,-0.0114,0.9167,0,-0.8132120000000014,21.55467266666667,2.73384455777941,-1.2673431928876864,-46.545598752000124,0.9167809662073051
45333.0,-0.0197,0.0095,0.933,1.1379529999999989,-3.874312000000001,15.127172666666667,2.7159407904723296,-1.289591395834336,-46.454835716000126,0.933256309917056
45345.0,-0.0029,0.0347,0.9233,2.435652999999999,-6.370412000000002,8.493572666666667,2.715632072099125,-1.3401827682505396,-46.403874280000124,0.9239563788404731
45357.0,-0.0326,-0.01,0.9463,3.786852999999999,-9.110912,0.8981726666666662,2.7273724639469994,-1.417786194205448,-46.39848524400013,0.9469141724570396
45369.0,0.0148,0.0247,0.9442,3.3898529999999987,-12.103312,-2.3384273333333336,2.735073193283166,-1.5311437755723458,-46.41251580800013,0.9446389627789021
45381.0,0.0056,-0.0159,0.8651,0.9471529999999988,-8.233012,-7.307927333333334,2.7098003705830767,-1.5974771470874831,-46.456363372000126,0.8652642255403837
45393.0,0.0387,0.0083,0.8247,-3.0757470000000016,4.713487999999998,-14.620927333333334,2.637110214113065,-1.5151013727874556,-46.54408893600013,0.8256492415063433
45405.0,0.0438,0.0219,0.8417,-5.3124470000000015,18.957787999999997,-18.52932733333333,2.5407020927474835,-1.2719578065069432,-46.65526490000013,0.8431233243126417
45417.0,0.1614,0.1963,0.9852,-3.6711470000000013,23.453988,-9.949127333333333,2.4881708915308285,-1.0000209721901725,-46.714959664000126,1.01744910929245
45429.0,-0.0389,0.0203,0.9646,-2.457447000000001,9.965387999999999,0.8981726666666662,2.449142452379171,-0.8841952276572096,-46.70957062800013,0.9655974627141478
45441.0,-0.0186,0.0265,0.9946,0,-1.4086120000000015,0,2.43881531857584,-0.8998363912795523,-46.70957062800013,0.9951268110145561
45453.0,0.0238,0.0278,0.8917,0,-6.546012000000001,0,2.42840869141336,-0.976919575328254,-46.70957062800013,0.8924506540980292
45465.0,0.0536,0.0433,0.8763,0,0,0,2.419949177217284,-0.980452272332936,-46.70957062800013,0.8790048577795233
45477.0,0.0328,0.0345,0.8842,-0.9307470000000011,8.148587999999998,0,2.401154741748238,-0.8899686314506455,-46.70957062800013,0.885480507972931
45489.0,0.0167,0.035,0.9452,-1.213147000000001,9.125687999999998,0,2.379606729051408,-0.7893181533134257,-46.70957062800013,0.9459952061189316
45501.0,-0.0137,0.0247,0.9513,0,3.9577879999999985,0,2.371621280016834,-0.747218066771113,-46.70957062800013,0.9517192180470037
45513.0,0.0032,0.0334,0.9545,0,-2.164312000000001,0,2.36384500445045,-0.7762615130900014,-46.70957062800013,0.955089550775214
45525.0,0.0055,0.0286,0.9297,1.0234529999999988,-7.538412000000001,0,2.3678158350977685,-0.8667403889927939,-46.70957062800013,0.9301560621745149
45537.0,0.0281,0.0325,0.8995,0.7257529999999989,-7.011712000000001,0,2.368417054137231,-0.951016013255979,-46.70957062800013,0.9005254632713058
45549.0,0.0337,0.0369,0.9011,0.6494529999999988,-4.225412000000002,0,2.368839879960583,-1.0031617613120207,-46.70957062800013,0.9024846314480929
45561.0,0.0356,0.0322,0.8921,0,0.5226879999999987,0,2.3617301487209716,-1.0007863874929601,-46.70957062800013,0.8933905137172657
45573.0,0.0199,0.0344,0.9203,0,1.9501879999999987,0,2.3550171974461915,-0.9817654713382659,-46.70957062800013,0.9211576737996595
45585.0,0.016,0.0341,0.9282,0,0,0,2.348595396467755,-0.9856367912036033,-46.70957062800013,0.9289639659319407
45597.0,0.0221,0.0326,0.9207,0,-1.4773120000000013,0,2.3422887428260872,-1.0072043379685187,-46.70957062800013,0.921542001213184
45609.0,0.0267,0.0344,0.9103,0,-0.8361120000000013,0,2.3363663161331325,-1.0217619758799334,-46.70957062800013,0.9113409570517502
45621.0,0.0231,0.0349,0.9125,0,0.7669879999999987,0,2.3308478559697354,-1.0175873664715878,-46.70957062800013,0.9134592875437854
45633.0,0.0225,0.0327,0.9202,0,0.6295879999999987,0,2.325387895236014,-1.0153862417071748,-46.70957062800013,0.9210556877844033
45645.0,0.0209,0.0337,0.9225,0,0,0,2.3201050077834218,-1.0206735630307509,-46.70957062800013,0.9233519101621006
45657.0,0.0234,0.0333,0.9138,0,-0.6605120000000015,0,2.314977759670651,-1.033995536777366,-46.70957062800013,0.9147059035558915
45669.0,0.0244,0.033,0.9167,0,0,0,2.3099475108234366,-1.0397357612899998,-46.70957062800013,0.9176182485107846
45681.0,0.0217,0.0319,0.9178,0,0,0,2.304871027865078,-1.045428036765143,-46.70957062800013,0.9186105486004392
45693.0,0.0197,0.0308,0.9183,0,0,0,2.2996247322765178,-1.0508155284881409,-46.70957062800013,0.9190275403925608
45705.0,0.0219,0.0331,0.915,0,0,0,2.294540455176351,-1.0562075503855743,-46.70957062800013,0.9158603714540771
45717.0,0.0221,0.0364,0.9138,0,0,0,2.290026383031952,-1.0616212858289693,-46.70957062800013,0.9147916757382524
45729.0,0.0182,0.0349,0.9154,0,0,0,2.2858304742999747,-1.0665515505814889,-46.70957062800013,0.9162458240013975
45741.0,0.0225,0.0338,0.9187,0,0,0,2.2817709180862633,-1.071573224680501,-46.70957062800013,0.9195968573239036
45753.0,0.0234,0.0332,0.9114,0,0,0,2.27779789491367,-1.0767990100551286,-46.70957062800013,0.9123046421015296
45765.0,0.0222,0.0334,0.9147,0,0,0,2.273919258554348,-1.0820349857857707,-46.70957062800013,0.9155787732358149
45777.0,0.0204,0.0345,0.9167,0,0,0,2.2702600858383293,-1.087038659690416,-46.70957062800013,0.9175757734378125
45789.0,0.0236,0.035,0.9167,0,0,0,2.2668638709071836,-1.092227410145141,-46.70957062800013,0.917671428126647
45801.0,0.0251,0.0352,0.9165,0,0,0,2.263732080937106,-1.0977570631736384,-46.70957062800013,0.9175191006186193
45813.0,0.0203,0.0342,0.9139,0,0,0,2.2607274211351087,-1.1029841164006329,-46.70957062800013,0.9147649643487664
45825.0,0.0184,0.0322,0.9182,0,0,0,2.257571588682681,-1.1076835830926757,-46.70957062800013,0.9189486601546356
45837.0,0.0228,0.031,0.9152,0,0,0,2.254152181656426,-1.1124671402236253,-46.70957062800013,0.9160086680812579
45849.0,0.0226,0.0334,0.9183,0,0,0,2.250792721873571,-1.117281175429919,-46.70957062800013,0.9191850792957857
45861.0,0.0232,0.0317,0.915,0,0,0,2.2472955268351753,-1.1221971944582256,-46.70957062800013,0.9158428522404922
45873.0,0.0231,0.0352,0.9194,0,0,0,2.2441008597963332,-1.1271677192296523,-46.70957062800013,0.9203635205721704
45885.0,0.0247,0.0355,0.917,0,0,0,2.2412275079818493,-1.1323834061866676,-46.70957062800013,0.9180192481642202
45897.0,0.0226,0.0314,0.9155,0,0,0,2.2381386239381,-1.1375470469776623,-46.70957062800013,0.9163170684866674
45909.0,0.0233,0.0308,0.9153,0,0,0,2.2347916768307785,-1.142742555498751,-46.70957062800013,0.9161144142518445
45921.0,0.0244,0.0334,0.9197,0,0,0,2.231528388650957,-1.148079762960587,-46.70957062800013,0.9206296812508273
45933.0,0.0211,0.0334,0.9136,0,0,0,2.228373317796534,-1.153137629022333,-46.70957062800013,0.914453787788098
45945.0,0.0215,0.0348,0.9188,0,0,0,2.2254712037297377,-1.1579730732309177,-46.70957062800013,0.919710133683434
45957.0,0.0208,0.0345,0.9154,0,0,0,2.222776042031461,-1.1625255600523023,-46.70957062800013,0.9162860088422173
45969.0,0.0223,0.0332,0.9211,0,0,0,2.220080441566323,-1.1669895545789772,-46.70957062800013,0.9219678627804768
45981.0,0.0182,0.0336,0.9159,0,0,0,2.217463871992028,-1.1708701540263715,-46.70957062800013,0.9166967928382864
45993.0,0.0225,0.0339,0.9172,0,0,0,2.214953291001372,-1.17476163518129,-46.70957062800013,0.9181020095828132
46005.0,0.0231,0.033,0.9158,0,0,0,2.212435220413736,-1.1787340581818269,-46.70957062800013,0.916685469504126
46017.0,0.0228,0.0348,0.917,0,0,0,2.2101347619136273,-1.182728871406215,-46.70957062800013,0.9179432880085785
46029.0,0.0232,0.0334,0.9154,0,0,0,2.2078633971075567,-1.1867902391729388,-46.70957062800013,0.9163028756912204
46041.0,0.0204,0.0343,0.918,0,0,0,2.2057229777032825,-1.1905445606246776,-46.70957062800013,0.9188670469659906
46053.0,0.0238,0.0326,0.9122,0,0,0,2.2035162979883105,-1.1944628120199101,-46.70957062800013,0.9130925692392858
46065.0,0.0208,0.0352,0.9193,0,0,0,2.2015479927793327,-1.198121562254859,-46.70957062800013,0.920208764357306
46077.0,0.02,0.0327,0.9174,0,0,0,2.1994906042792564,-1.2014499424875085,-46.70957062800013,0.9182004410802687
46089.0,0.0214,0.0322,0.9167,0,0,0,2.1972994134413026,-1.204657284359116,-46.70957062800013,0.9175149535566164
46101.0,0.0214,0.0319,0.9191,0,0,0,2.1949462743873744,-1.2077443422009293,-46.70957062800013,0.9199023752551136
46113.0,0.0193,0.0322,0.915,0,0,0,2.192511247242857,-1.2104689420023418,-46.70957062800013,0.9157698018607079
46125.0,0.0206,0.0319,0.9185,0,0,0,2.189955483403312,-1.213020515319231,-46.70957062800013,0.9192846240419775
46137.0,0.0236,0.0343,0.9137,0,0,0,2.1876191602073054,-1.215803211738985,-46.70957062800013,0.9146480962643502
46149.0,0.0225,0.0305,0.9231,0,0,0,2.184964708571407,-1.2186190534805197,-46.70957062800013,0.9238777570652948
46161.0,0.0233,0.0355,0.9181,0,0,0,2.182681121459031,-1.2215730932111164,-46.70957062800013,0.9190814708174678
46173.0,0.0222,0.0339,0.9208,0,0,0,2.180517541621782,-1.224497717137035,-46.70957062800013,0.9216912118491746
46185.0,0.0239,0.0333,0.9166,0,0,0,2.178408085928434,-1.2276152386201598,-46.70957062800013,0.9175160271079736
46197.0,0.0229,0.033,0.9172,0,0,0,2.176310579109229,-1.2307700735313165,-46.70957062800013,0.9180791087918295
46209.0,0.0237,0.0316,0.9161,0,0,0,2.174058084409864,-1.2340547160930984,-46.70957062800013,0.9169511764537958
46221.0,0.0247,0.0341,0.9164,0,0,0,2.1719836973897237,-1.2375712601393454,-46.70957062800013,0.9173668077710246
46233.0,0.022,0.033,0.9163,0,0,0,2.169934114526189,-1.2409485473526636,-46.70957062800013,0.9171579416872537
46245.0,0.0254,0.0342,0.9163,0,0,0,2.1680598229729884,-1.2446208098091784,-46.70957062800013,0.9172897524773729
46257.0,0.0232,0.0317,0.913,0,0,0,2.16604711683591,-1.248281483070375,-46.70957062800013,0.9138446968714105
46269.0,0.0206,0.0321,0.9186,0,0,0,2.1639412992430107,-1.251582449553492,-46.70957062800013,0.9193914998519401
46281.0,0.0221,0.0338,0.918,0,0,0,2.161972231585025,-1.2547488161115476,-46.70957062800013,0.9188878331983724
46293.0,0.0258,0.0331,0.9205,0,0,0,2.1600287181359015,-1.258244388334306,-46.70957062800013,0.9214561845253414
46305.0,0.0228,0.0314,0.9155,0,0,0,2.157922387036842,-1.2616642517601635,-46.70957062800013,0.9163220230901361
46317.0,0.0204,0.0343,0.9161,0,0,0,2.1560359796637965,-1.2647089200800816,-46.70957062800013,0.9169688435274124
46329.0,0.0227,0.0311,0.9185,0,0,0,2.153937114117549,-1.2676963681265498,-46.70957062800013,0.9193066680928622
46341.0,0.0253,0.0326,0.9156,0,0,0,2.151854857470791,-1.2709610031726497,-46.70957062800013,0.9165294376068889
46353.0,0.0236,0.0314,0.916,0,0,0,2.149640081545324,-1.2742501049706374,-46.70957062800013,0.9168418184179864
46365.0,0.0226,0.0349,0.9166,0,0,0,2.1477469971259895,-1.2774274441341091,-46.70957062800013,0.9175425494220962
46377.0,0.0236,0.0333,0.9156,0,0,0,2.145946166213032,-1.2806278877404271,-46.70957062800013,0.9165092525446756
46389.0,0.0243,0.0309,0.918,0,0,0,2.1439200026494847,-1.2839222159114412,-46.70957062800013,0.9188412811797259
46401.0,0.025,0.033,0.9188,0,0,0,2.141957566695396,-1.287377601497628,-46.70957062800013,0.9197322653903145
46413.0,0.0229,0.0315,0.92,0,0,0,2.1398630751944543,-1.2907020654585457,-46.70957062800013,0.9208239028174714
46425.0,0.0219,0.0348,0.9163,0,0,0,2.1380844558420007,-1.2937912934597977,-46.70957062800013,0.9172220777979562
46437.0,0.0197,0.0342,0.915,0,0,0,2.136519278523724,-1.2963961685301189,-46.70957062800013,0.9158508230055811
46449.0,0.0233,0.0344,0.9142,0,0,0,2.1351737206649792,-1.2990206123773425,-46.70957062800013,0.9151436444624418
46461.0,0.0229,0.0343,0.9138,0,0,0,2.1340140284218947,-1.3016083697394183,-46.70957062800013,0.9147302006602821
46473.0,0.0212,0.0359,0.9164,0,0,0,2.1332087915424047,-1.3039380644998837,-46.70957062800013,0.9173479220012438
46485.0,0.0222,0.0354,0.9166,0,0,0,2.132654347543594,-1.3061598297958412,-46.70957062800013,0.9175519385844051
46497.0,0.0248,0.0323,0.9199,0,0,0,2.1319198735380405,-1.308596568344836,-46.70957062800013,0.9208009231098763
46509.0,0.0219,0.0331,0.9193,0,0,0,2.131131059002139,-1.3108576108330408,-46.70957062800013,0.9201563508447899
46521.0,0.0227,0.035,0.9143,0,0,0,2.130555685811062,-1.313074596655814,-46.70957062800013,0.9152512114168437
46533.0,0.0221,0.0345,0.9167,0,0,0,2.1300964563386584,-1.3151658999460865,-46.70957062800013,0.9176151426387862
46545.0,0.0228,0.0356,0.9194,0,0,0,2.129865310904967,-1.3172212615100267,-46.70957062800013,0.9203714250236151
46557.0,0.0226,0.0325,0.9163,0,0,0,2.129463326848622,-1.31922541567112,-46.70957062800013,0.9171546761588255
46569.0,0.0204,0.0342,0.9174,0,0,0,2.129118739073222,-1.3209022465584739,-46.70957062800013,0.9182638836412984
46581.0,0.0212,0.0322,0.9187,0,0,0,2.128569917085927,-1.322382998060376,-46.70957062800013,0.919508548084247
46593.0,0.0233,0.0333,0.9144,0,0,0,2.127998731421265,-1.3239632027585124,-46.70957062800013,0.9153027586542062
46605.0,0.0198,0.0311,0.916,0,0,0,2.1271274917515424,-1.3251859182389456,-46.70957062800013,0.9167416484484602
46617.0,0.0231,0.0337,0.9148,0,0,0,2.126322857405,-1.3265067269032182,-46.70957062800013,0.9157119306856277
46629.0,0.0226,0.033,0.9183,0,0,0,2.1254753697769218,-1.3278383372053437,-46.70957062800013,0.9191706316022069
46641.0,0.0238,0.0344,0.9164,0,0,0,2.124774994821264,-1.3293324879999597,-46.70957062800013,0.917354217301038
46653.0,0.0229,0.0331,0.9167,0,0,0,2.1240422775615,-1.3308536685396,-46.70957062800013,0.9175831896890876
46665.0,0.0211,0.0321,0.9194,0,0,0,2.123145672344425,-1.3321625605119696,-46.70957062800013,0.9202021408364577
46677.0,0.0217,0.0336,0.9185,0,0,0,2.12229750223378,-1.333359330059146,-46.70957062800013,0.9193704911514182
46689.0,0.0228,0.0361,0.9197,0,0,0,2.121799942060768,-1.334588525611873,-46.70957062800013,0.9206905777730106
46701.0,0.0209,0.0334,0.9166,0,0,0,2.1212901901559817,-1.335616070158248,-46.70957062800013,0.9174464180539373
46713.0,0.0225,0.0321,0.9181,0,0,0,2.120601564998365,-1.3366589084338172,-46.70957062800013,0.9189364885562005
46725.0,0.0221,0.0331,0.9167,0,0,0,2.119887671483924,-1.3376674461313298,-46.70957062800013,0.9175635727294321
46737.0,0.0221,0.0348,0.9141,0,0,0,2.119376800436245,-1.3386515709832405,-46.70957062800013,0.915029103362292
46749.0,0.0236,0.033,0.9161,0,0,0,2.118812215768131,-1.3397934972871612,-46.70957062800013,0.9169979116661062
46761.0,0.0221,0.0308,0.9158,0,0,0,2.117928371123106,-1.340885894971106,-46.70957062800013,0.9165842514466414
46773.0,0.0236,0.0306,0.9148,0,0,0,2.116743991388249,-1.3421228708884665,-46.70957062800013,0.9156158364729172
46785.0,0.0232,0.0331,0.9156,0,0,0,2.1156053473349457,-1.3434325091233668,-46.70957062800013,0.9164917948350656
46797.0,0.0217,0.0355,0.9176,0,0,0,2.1148000666723754,-1.3446100640249607,-46.70957062800013,0.9185428133734431
46809.0,0.0221,0.0336,0.9175,0,0,0,2.1140536433488486,-1.3457190640737042,-46.70957062800013,0.9183809775904551
46821.0,0.0228,0.033,0.9138,0,0,0,2.1133024016815676,-1.3468641508464674,-46.70957062800013,0.91467987842742
46833.0,0.0239,0.0361,0.9167,0,0,0,2.1129221552568556,-1.3481673756435648,-46.70957062800013,0.9177218042522473
46845.0,0.0214,0.0322,0.9164,0,0,0,2.1123846642288546,-1.3492959797176176,-46.70957062800013,0.9172152201092174
46857.0,0.0217,0.0331,0.9185,0,0,0,2.1118123398792124,-1.3502993878115312,-46.70957062800013,0.9193523535620062
46869.0,0.02,0.0336,0.9182,0,0,0,2.1112743961460168,-1.3509789583530427,-46.70957062800013,0.9190322083583361
46881.0,0.0244,0.0334,0.9143,0,0,0,2.110760120900497,-1.3519330778737428,-46.70957062800013,0.9152351665009382
46893.0,0.0221,0.0326,0.9172,0,0,0,2.1101549778584663,-1.352831279597136,-46.70957062800013,0.9180452113049771
46905.0,0.0238,0.0327,0.9192,0,0,0,2.1094741579589233,-1.3538846260420305,-46.70957062800013,0.920089327185138
46917.0,0.0219,0.0312,0.9166,0,0,0,2.1085527636842976,-1.35484330396962,-46.70957062800013,0.9173922879553762
46929.0,0.0234,0.0322,0.9155,0,0,0,2.1075505657859943,-1.3559073097376102,-46.70957062800013,0.9163649109388683
46941.0,0.0206,0.0338,0.9164,0,0,0,2.106675051992641,-1.3567095330249985,-46.70957062800013,0.9172544685091483
46953.0,0.0219,0.0345,0.9176,0,0,0,2.1059948362974836,-1.3574380162556963,-46.70957062800013,0.9185094555855154
46965.0,0.021,0.0339,0.9199,0,0,0,2.105403028977833,-1.3579806506796337,-46.70957062800013,0.9207639328296913
46977.0,0.0219,0.0371,0.9199,0,0,0,2.1052893149254586,-1.3584707370685194,-46.70957062800013,0.9209082636180436
46989.0,0.025,0.0349,0.921,0,0,0,2.105317581834133,-1.3592970604545576,-46.70957062800013,0.9220000054229934
47001.0,0.0211,0.0333,0.9172,0,0,0,2.1052893663336016,-1.3599430644459218,-46.70957062800013,0.9180468070855646
47013.0,0.0208,0.0334,0.9132,0,0,0,2.105242189997077,-1.36040332815286,-46.70957062800013,0.9140472854289323
47025.0,0.0223,0.0331,0.918,0,0,0,2.105118820318214,-1.3608715909568538,-46.70957062800013,0.9188671830030715
47037.0,0.0229,0.0328,0.9156,0,0,0,2.1049019684754207,-1.3614281367670416,-46.70957062800013,0.9164734638820701
47049.0,0.0231,0.0338,0.9171,0,0,0,2.1047209616771596,-1.3620818850414642,-46.70957062800013,0.9180133223434179
47061.0,0.0254,0.0333,0.9163,0,0,0,2.104512951863521,-1.363109726281854,-46.70957062800013,0.9172566380244953
47073.0,0.0238,0.0344,0.9181,0,0,0,2.1044107224013113,-1.364260117832099,-46.70957062800013,0.9190524522572148
47085.0,0.0212,0.0363,0.9177,0,0,0,2.1046410845314427,-1.3651928812644372,-46.70957062800013,0.9186622992155495
47097.0,0.0199,0.0333,0.9161,0,0,0,2.1047976382958153,-1.3657744015303523,-46.70957062800013,0.9169209944155494
47109.0,0.0244,0.0345,0.9163,0,0,0,2.1050370443072497,-1.3666062805056123,-46.70957062800013,0.9172738413363808
47121.0,0.0229,0.0328,0.9194,0,0,0,2.105122890231668,-1.3674604811270306,-46.70957062800013,0.9202698571614741
47133.0,0.0233,0.0311,0.9067,0,0,0,2.104919075146399,-1.3684217457126207,-46.70957062800013,0.9075323630593015
47145.0,0.0314,0.0367,0.9083,2.2219529999999987,0,0,2.1312814264214084,-1.3704841129561527,-46.70957062800013,0.9095832782104122
47157.0,0.0315,0.0359,0.892,1.260152999999999,4.522687999999999,0,2.146170967381112,-1.3203951816475235,-46.70957062800013,0.8932777059795011
47169.0,0.0203,0.0461,0.949,0,6.423387999999999,0,2.1472806847290538,-1.2483347966669347,-46.70957062800013,0.9503358879890835
47181.0,0.0022,0.0356,0.9611,-2.480347000000001,3.9501879999999985,0.6767726666666661,2.119032876396591,-1.2039567737231023,-46.70550999200013,0.9617616180738343
47193.0,-0.0115,0.0277,0.9639,0,-6.714012,0,2.1193816637144334,-1.281637892552798,-46.70550999200013,0.9643665019068217
47205.0,0.0226,0.0283,0.9055,0.6570529999999989,-11.851412000000002,0,2.1267701326455577,-1.4187491476589376,-46.70550999200013,0.9062239789367748
47217.0,0.0778,0.0475,0.83,0,-2.8056120000000013,0,2.128407594763692,-1.4543661993165113,-46.70550999200013,0.8349904729995427
47229.0,0.0205,0.0294,0.9159,-1.0452470000000011,8.041787999999999,0,2.116978005860362,-1.3611691690580143,-46.70550999200013,0.9166010146186836
47241.0,0.0037,0.0325,0.9561,-0.6559470000000012,2.9043879999999986,0,2.1098886123794114,-1.327543430668082,-46.70550999200013,0.9566593698908719
47253.0,0.0046,0.0332,0.9451,0,-3.7216120000000017,0,2.1103759883895954,-1.3702372608572335,-46.70550999200013,0.9456941418873229
47265.0,0.0413,0.0354,0.8788,0,-3.8666120000000013,0,2.1111808403873225,-1.4165001962534502,-46.70550999200013,0.8804818510338529
47277.0,0.0319,0.0338,0.9005,0,3.3012879999999987,0,2.1119651058300497,-1.3787618339596786,-46.70550999200013,0.9016985638227445
47289.0,0.0153,0.0461,0.9728,-1.678847000000001,2.3623879999999984,0,2.094179005489376,-1.351616484176882,-46.70550999200013,0.9740118787776667
47301.0,0.0472,0.0262,0.8379,-4.457447000000001,6.5608879999999985,0,2.043299132910181,-1.2789730887428843,-46.70550999200013,0.8396372371447088
47313.0,-0.0396,0.0195,1.0377,-2.976547000000001,5.202087999999998,0,2.008404319527952,-1.2153230401591326,-46.70550999200013,1.0386383875054879
47325.0,0.0382,0.0325,0.8677,-3.182647000000001,0,0,1.971962575741511,-1.216701472294774,-46.70550999200013,0.8691483072525654
47337.0,0.0034,0.0443,1.0386,-5.358247000000001,1.0417879999999986,-1.0484273333333338,1.9115233002889689,-1.2033556054795838,-46.71180055600013,1.0395499074118568
47349.0,0.0083,0.0397,1.0281,-12.022347000000002,1.9730879999999986,-1.6972273333333339,1.774165063532596,-1.1777965230188912,-46.72198392000013,1.0288996987073133
47361.0,-0.0045,0.0388,1.0742,-20.564347,3.5913879999999985,-2.8804273333333335,1.5390018229407205,-1.1307338828573428,-46.739266484000126,1.0749099171558518
47373.0,-0.005,0.036,1.0787,-30.396347000000002,6.110487999999998,-4.5827273333333345,1.192480239474567,-1.0523060510983,-46.76676284800013,1.0793121374282788
47385.0,0.0104,0.0332,1.0466,-39.503247,8.217287999999998,-5.720127333333334,0.7452141115943732,-0.9501705218698212,-46.80108361200013,1.0471780937357313
47397.0,0.0446,0.0355,1.0032,-45.831447000000004,9.873788,-5.536927333333334,0.2324088960112061,-0.8342289046831003,-46.83430517600013,1.0048182173905886
47409.0,0.0709,0.046,1.0602,-49.732247,5.209687999999998,-2.2545273333333338,-0.31509249835606545,-0.7816320821388514,-46.84783234000013,1.063563279734685
47421.0,0.0044,-0.0035,0.9531,-53.655947,1.2783879999999987,0.6157726666666662,-0.9022634918131281,-0.7743736185436313,-46.84413770400013,0.953116582585782
47433.0,0.0157,-0.0085,0.972,-55.984147,1.7287879999999987,0,-1.509775142166582,-0.7614783626242835,-46.84413770400013,0.9721639470788864
47445.0,-0.0043,-0.0254,0.9537,-58.594847,1.1562879999999987,0,-2.1420048284192785,-0.7528372204560233,-46.84413770400013,0.9540478709163394
47457.0,0.0232,-0.0255,0.9729,-62.098647,1.5913879999999985,0,-2.8084304206879045,-0.7399617893921282,-46.84413770400013,0.9735106060028313
47469.0,0.0096,-0.0452,0.978,-65.869647,1.8661879999999986,0,-3.513268294762871,-0.7231476577806607,-46.84413770400013,0.9790910070059882
47481.0,0.0133,-0.056,0.9608,-69.312447,2.2020879999999985,0,-4.252407623838117,-0.7023191521723086,-46.84413770400013,0.9625224828542968
47493.0,0.0101,-0.0729,0.9504,-71.823847,2.8814879999999987,0,-5.015432609968266,-0.6731998415352521,-46.84413770400013,0.9532452884751123
47505.0,0.0072,-0.0875,0.9346,-73.84674700000001,3.1256879999999985,0,-5.796992630395291,-0.6408289962300174,-46.84413770400013,0.9387146797616408
47517.0,0.0073,-0.1019,0.915,-75.136847,3.6524879999999986,0,-6.588922388175227,-0.6020841676609101,-46.84413770400013,0.9206855597868363
47529.0,0.0044,-0.1244,0.8937,-75.251347,3.9424879999999987,0,-7.378975269335137,-0.5596412721331718,-46.84413770400013,0.9023272189178381
47541.0,0.0023,-0.1439,0.8615,-74.022347,4.385287999999999,0,-8.152798040931582,-0.5116671321075633,-46.84413770400013,0.8734384637740658
47553.0,0.0022,-0.1598,0.8701,-72.007047,4.202087999999998,-0.6896273333333338,-8.90217154679577,-0.4657061840340165,-46.84827546800013,0.8846552379317041
47565.0,0.0005,-0.1727,0.8811,-70.701747,2.6142879999999984,-0.7201273333333338,-9.636134773716599,-0.4381071863171422,-46.85259623200013,0.8978656636713535
47577.0,-0.0038,-0.188,0.8872,-69.793347,1.9348879999999986,-1.025527333333334,-10.360121437196476,-0.41739217493795466,-46.85874939600013,0.9069080879559956
47589.0,-0.0106,-0.2068,0.8732,-69.060447,1.6676879999999987,-1.7659273333333336,-11.077436322228007,-0.39789798954767586,-46.86934496000013,0.8974167593710294
47601.0,-0.0023,-0.2141,0.8977,-68.923047,1.2783879999999987,-2.3613273333333336,-11.794265601894148,-0.3822607878354082,-46.88351292400013,0.9228810270018558
47613.0,-0.0122,-0.2301,0.8978,-69.617747,1.6066879999999986,-2.895727333333334,-12.520855739331246,-0.36083545300872477,-46.90088728800013,0.9268978854221214
47625.0,-0.0161,-0.2535,0.8501,-69.510847,1.5760879999999986,-3.8804273333333343,-13.249713151890923,-0.33769872641173587,-46.92416985200013,0.8872381134734914
47637.0,-0.0226,-0.2798,0.8064,-66.75514700000001,1.7516879999999986,-5.391927333333334,-13.952111735412545,-0.30985273687357356,-46.95652141600013,0.8538616749802043
47649.0,-0.0126,-0.297,0.7446,-61.694047,1.9043879999999986,-6.704927333333334,-14.603258203537065,-0.279179157936966,-46.99675098000013,0.8017461693079675
47661.0,-0.0009,-0.3123,0.7036,-53.778047,1.7821879999999986,-7.3842273333333335,-15.171899511039953,-0.2506060136800981,-47.04105634400013,0.7697954663415472
47673.0,0.0221,-0.3147,0.7067,-45.106247,1.3317879999999986,-7.132327333333334,-15.649344034979283,-0.23104397870249213,-47.08385030800013,0.7739182062724717
47685.0,0.0317,-0.3225,0.7064,-36.655947,0.8966879999999986,-5.849927333333334,-16.039378635801988,-0.22123640441718045,-47.11894987200013,0.7771821536808472
47697.0,0.0471,-0.3214,0.7373,-29.228447000000003,0.7440879999999985,-3.8728273333333343,-16.352907031267712,-0.21946805898021304,-47.14218683600013,0.8056845908914977
47709.0,0.0461,-0.3206,0.7664,-23.320047000000002,0,-1.4453273333333339,-16.60655972674119,-0.23185489671309675,-47.15085880000013,0.8320327697873443
47721.0,0.0039,-0.3363,0.8003,-19.388747000000002,0,0,-16.82408194486339,-0.24290025713486152,-47.15085880000013,0.868097339012164
47733.0,-0.0109,-0.3423,0.8275,-16.839147,0.5455879999999986,-0.6819273333333338,-17.020620066939365,-0.24420206864579316,-47.15495036400013,0.8955692882183935
47745.0,0.0073,-0.3289,0.8713,-16.655947,0,-1.0026273333333338,-17.219545695044626,-0.25157968474916426,-47.160966128000126,0.9313389232712225
47757.0,-0.0026,-0.3308,0.9492,-19.785647,0,-0.9033273333333338,-17.455974481067134,-0.257064012325073,-47.166386092000124,1.005194528437158
47769.0,-0.0015,-0.337,0.9313,-24.426947000000002,0,-1.315527333333334,-17.747797555626285,-0.2610790560529637,-47.174279256000126,0.990399384087046
47781.0,0.0079,-0.3387,0.9136,-28.633047,0,-1.4377273333333338,-18.089016058635078,-0.265094335327057,-47.18290562000013,0.9743947146818891
47793.0,0.006,-0.3365,0.915,-32.304747,0,-1.430027333333334,-18.4713687779738,-0.2688459215066943,-47.19148578400013,0.9749324335562952
47805.0,0.022,-0.3398,0.9186,-36.312447,0,-1.0865273333333338,-18.897682136174762,-0.2744742891783269,-47.198004948000126,0.9796805601827567
47817.0,0.0167,-0.3435,0.9353,-41.098647,0.5302879999999985,0,-19.375496310125392,-0.27476741659513915,-47.198004948000126,0.9965225687359018
47829.0,0.0043,-0.3519,0.9678,-47.419247,0.8203879999999986,0,-19.921089619153854,-0.2708829863153494,-47.198004948000126,1.0298004369779612
47841.0,0.0039,-0.3557,0.9849,-55.953647000000004,1.0340879999999986,0,-20.558544506553822,-0.2638212771577935,-47.198004948000126,1.0471703347593455
47853.0,0.0051,-0.3571,1.0031,-65.167347,1.2325879999999985,0,-21.293169095694132,-0.2540455858279843,-47.198004948000126,1.0647798035274711
47865.0,0.0054,-0.3628,0.9985,-75.037547,1.5837879999999986,0,-22.131367215402037,-0.23991979217394455,-47.198004948000126,1.0623818757866683
47877.0,0.0052,-0.375,0.973,-84.587247,1.8661879999999986,0,-23.06938012438294,-0.22238949966242358,-47.198004948000126,1.0427756422164836
47889.0,0.0062,-0.3951,0.9213,-92.854347,2.507387999999999,0,-24.093891702139658,-0.1975186451740124,-47.198004948000126,1.0024650318090902
47901.0,0.0071,-0.4177,0.8523,-98.358247,2.8737879999999985,0.5012726666666661,-25.175121615157337,-0.16888135723112732,-47.194997312000126,0.9491780602184187
47913.0,0.0093,-0.4381,0.7971,-100.694047,3.1180879999999984,0.8065726666666662,-26.278096168739435,-0.138320799168027,-47.19015787600013,0.9096078880484711
47925.0,0.0122,-0.4597,0.7507,-100.365847,3.0875879999999984,1.2340726666666662,-27.374136051510167,-0.10950433083757792,-47.18275344000013,0.8803541446486182
47937.0,0.0168,-0.4829,0.6968,-98.228447,3.1409879999999983,1.974472666666666,-28.445683619130417,-0.08203196761033828,-47.17090660400013,0.8479415604863344
47949.0,0.0051,-0.5077,0.6703,-94.136847,3.034087999999999,2.348572666666666,-29.472637695621355,-0.0561338433459361,-47.15681516800013,0.8408848851061601
47961.0,-0.0153,-0.5266,0.6862,-89.98414700000001,3.0951879999999985,2.302772666666666,-30.454520167427457,-0.026982977502651332,-47.14299853200013,0.8651081377492642
47973.0,0.0,-0.5413,0.6794,-86.022347,3.4539879999999985,2.027972666666666,-31.394449769971317,0.006501307209602909,-47.130830696000125,0.8686714281015578
47985.0,0.0177,-0.5443,0.6863,-83.655947,3.4233879999999983,2.478372666666666,-32.30984425839159,0.03708630679196635,-47.115960460000124,0.8761184109468309
47997.0,0.0283,-0.5503,0.6747,-82.770447,2.7898879999999986,3.4706726666666663,-33.217992450055284,0.05632098425087965,-47.095136424000124,0.8711205829275301
48009.0,0.0277,-0.5681,0.658,-80.625347,3.6371879999999983,5.302772666666666,-34.105318022317064,0.08213724814456841,-47.06331978800012,0.8697522060909072
48021.0,0.0532,-0.5839,0.6021,-77.281847,3.1104879999999984,7.692072666666666,-34.96153030369679,0.09447351502895292,-47.01716735200012,0.8404129104196341
48033.0,0.0427,-0.6082,0.5619,-72.312447,2.8966879999999984,10.470672666666665,-35.771415496629174,0.09915348516556335,-46.95434331600012,0.8291333668355169
48045.0,0.016,-0.6401,0.5101,-64.999447,2.6142879999999984,12.608072666666667,-36.51326054482668,0.0998183789512112,-46.87869488000012,0.8186488991014401
48057.0,-0.0154,-0.674,0.4431,-54.984147,2.8814879999999987,13.463072666666665,-37.16287093396094,0.10797591101180107,-46.797916444000116,0.8067532274493856
48069.0,-0.0341,-0.7032,0.3848,-40.945947000000004,2.507387999999999,12.630972666666667,-37.67968709570048,0.11888468982322975,-46.722130608000114,0.8023241801167407
48081.0,-0.0504,-0.7198,0.3556,-26.121547,1.6066879999999986,10.982172666666665,-38.05801984175994,0.12909838237416638,-46.656237572000116,0.8044274734244226
48093.0,-0.074,-0.7255,0.3738,-10.648247000000001,0.6371879999999985,8.745472666666666,-38.28818532084828,0.14215649092152308,-46.603764736000116,0.8194831846963061
48105.0,-0.088,-0.7245,0.4187,3.3593529999999987,0,5.401972666666666,-38.38218557306397,0.16411982649498497,-46.571352900000115,0.8413999881150463
48117.0,-0.087,-0.7117,0.4904,13.962452999999998,-1.2025120000000014,1.615772666666666,-38.37109282496856,0.18670527526828434,-46.561658264000116,0.868664520974582
48129.0,-0.0099,-0.6646,0.5905,19.779152999999997,-1.6376120000000012,0,-38.29680159456929,0.20159382004305196,-46.561658264000116,0.8890902203938585
48141.0,-0.0237,-0.656,0.6564,21.214353,-1.6682120000000014,0,-38.204210273687934,0.2162149159442135,-46.561658264000116,0.9283095658238151
48153.0,-0.0162,-0.646,0.7212,19.267753,-1.6834120000000015,0,-38.12666037135673,0.22885447370736794,-46.561658264000116,0.9683531793720719
48165.0,-0.0139,-0.6334,0.7667,14.527252999999998,-1.3628120000000012,0,-38.092493815286645,0.24301969750121782,-46.561658264000116,0.9945942187646176
48177.0,-0.016,-0.6304,0.7935,7.695252999999999,-0.8666120000000013,0,-38.12447741700809,0.2612749849330781,-46.561658264000116,1.0135592779901923
48189.0,-0.0148,-0.6326,0.7744,0.6875529999999989,0,0,-38.2271267604961,0.2879916094067718,-46.561658264000116,1.0000485788200493
48201.0,-0.0145,-0.6365,0.7518,-5.213147000000001,0,0,-38.38967912494784,0.313048831497301,-46.561658264000116,0.9851627987292252
48213.0,-0.0161,-0.6405,0.7252,-9.716947000000001,0,0,-38.59802247432607,0.33701762809495217,-46.561658264000116,0.9676851244077279
48225.0,-0.0231,-0.6244,0.7904,-13.762747000000001,0,0,-38.83927786066265,0.3608866167139694,-46.561658264000116,1.0075421231889017
48237.0,-0.027,-0.6384,0.7346,-19.404047000000002,1.4004879999999986,0,-39.138694429782134,0.40198448347114607,-46.561658264000116,0.9736122020599371
48249.0,-0.0038,-0.6427,0.683,-24.213147000000003,0.7592879999999986,0,-39.490427502998386,0.432173040400455,-46.561658264000116,0.9378521898465665
48261.0,-0.0176,-0.6512,0.703,-27.106247,0.9119879999999987,0,-39.86979318678149,0.46349030439987216,-46.561658264000116,0.9584258969789996
48273.0,-0.0222,-0.6609,0.6698,-28.381147000000002,1.8127879999999985,0,-40.26077432535361,0.5056306240335481,-46.561658264000116,0.941229881591102
48285.0,-0.012,-0.6652,0.6338,-29.335347000000002,1.7440879999999985,0,-40.662370162004514,0.5453356860024307,-46.561658264000116,0.9188783815064974
48297.0,-0.012,-0.663,0.6729,-31.159747000000003,1.0188879999999987,0.5775726666666662,-41.080393617998304,0.5748374670519144,-46.55819282800012,0.9447261031642982
48309.0,-0.0156,-0.6661,0.6801,-34.136847,1.7211879999999986,0.5241726666666662,-41.52742488945494,0.6117929974628468,-46.55504779200012,0.9520864351517672
48321.0,-0.012,-0.6802,0.6155,-35.197947,1.9806879999999987,0.9210726666666662,-41.986841518047896,0.6505231215357781,-46.54952135600012,0.9174182742893233
48333.0,-0.0162,-0.6935,0.5574,-33.862047000000004,2.003587999999999,1.1118726666666663,-42.43553160585822,0.6892225450676759,-46.54285012000012,0.8898873243281984
48345.0,-0.0125,-0.7028,0.5098,-29.671147,1.7745879999999987,1.256972666666666,-42.84387230829618,0.724450505314826,-46.535308284000116,0.868320292288508
48357.0,-0.0176,-0.7172,0.4648,-22.823847,1.4081879999999987,1.531772666666666,-43.18519288250967,0.7557938003384408,-46.52611764800012,0.8548243328310209
48369.0,-0.0249,-0.7289,0.4487,-14.770447,0.8127879999999985,1.508872666666666,-43.447293020842395,0.7820330127365814,-46.51706441200012,0.8562983767355863
48381.0,-0.0314,-0.7307,0.4539,-6.297147000000001,0,1.012672666666666,-43.624518464494344,0.8018141027124107,-46.510988376000114,0.8607750344892677
48393.0,-0.0248,-0.7257,0.4814,1.3364529999999988,0,0,-43.72357634224934,0.8231477116120811,-46.510988376000114,0.871206915720944
48405.0,-0.0183,-0.7148,0.5219,7.061652999999999,-0.7521120000000012,0.5088726666666661,-43.76220084702963,0.8354627797599379,-46.507935140000114,0.8852420798854966
48417.0,-0.0148,-0.7057,0.5702,10.359352999999999,-1.0804120000000013,0.9439726666666661,-43.76379811522502,0.8428900446026606,-46.50227130400012,0.9073916298930689
48429.0,-0.0225,-0.6963,0.6288,10.931852999999998,-1.2941120000000015,1.180572666666666,-43.75438438760853,0.8481040527281949,-46.495187868000116,0.9384718322890677
48441.0,-0.0267,-0.6616,0.8142,7.420452999999999,-1.4086120000000015,1.0355726666666663,-43.76212766574938,0.8519041529620597,-46.48897443200011,1.0494518045151002
48453.0,-0.0269,-0.6499,0.9465,-4.976547000000001,0.7516879999999986,1.012672666666666,-43.8812930369181,0.8803267562955573,-46.48289839600011,1.1484580401564526
48465.0,-0.0009,-0.6299,0.9929,-26.930747,-0.5231120000000016,1.8065726666666662,-44.221167757712294,0.8879511232551828,-46.47205896000011,1.175850853637484
48477.0,0.0106,-0.6232,1.0331,-49.900147000000004,2.4157879999999987,1.760772666666666,-44.79029608296084,0.9237100140488318,-46.461494324000114,1.206559658699063
48489.0,-0.0327,-0.6462,0.9915,-72.098647,4.285987999999999,3.104272666666666,-45.584831999306736,0.9824496510568166,-46.44286868800011,1.1839408684558532
48501.0,0.0012,-0.6337,0.9209,-94.091047,5.782187999999999,4.898172666666666,-46.60532117155101,1.054165080069511,-46.41347965200011,1.1178702697540535
48513.0,0.0327,-0.6217,0.8596,-113.350547,6.515087999999999,6.134772666666666,-47.82061966718877,1.125560360427333,-46.37667101600011,1.0613634344558889
48525.0,-0.0059,-0.6429,0.819,-129.762747,8.118087999999998,7.478372666666666,-49.19930771374591,1.2135721124175536,-46.33180078000011,1.0412090184012046
48537.0,0.0093,-0.6594,0.6842,-141.44214699999998,9.896688,9.798972666666666,-50.69435571740462,1.3179943106629102,-46.27300694400011,0.9502760072736763
48549.0,0.0122,-0.6812,0.5239,-148.434547,10.202088,12.890572666666666,-52.26180576842431,1.4211564211360517,-46.19566350800011,0.8594495273138499
48561.0,0.0312,-0.7028,0.3954,-149.007047,11.056987999999999,15.333272666666666,-53.835468846000836,1.5267015061431337,-46.10366387200011,0.8069959355535813
48573.0,0.0226,-0.772,0.1832,-140.747547,11.056987999999999,16.249272666666666,-55.33371670645863,1.6260574660356009,-46.006168236000114,0.7937612991321762
48585.0,-0.0248,-0.8417,-0.0879,-121.465047,10.843288,17.195872666666666,-56.65760963493115,1.7258222413259101,-45.902993000000116,0.8466406203342715
48597.0,-0.0381,-0.9015,-0.2764,-90.129147,9.576087999999999,16.997372666666667,-57.69106521012626,1.817809330924389,-45.801008764000116,0.9436900020663566
48609.0,-0.0654,-0.9652,-0.3527,-51.465047,7.5608879999999985,16.340972666666666,-58.36312292098345,1.9037912976830662,-45.70296292800012,1.0297016509649775
48621.0,-0.0746,-0.9977,-0.2579,-13.388747,2.1638879999999987,16.997372666666667,-58.67067367904756,1.952060601582852,-45.60097869200012,1.033190621327933
48633.0,-0.0651,-0.9506,-0.1688,20.237253,-5.568912000000001,17.692072666666668,-58.65053299280084,1.93748590229211,-45.49482625600012,0.9676630663614273
48645.0,-0.0599,-0.9244,-0.132,49.634153,-11.729212,18.134772666666667,-58.34557865401654,1.8828812533827142,-45.38601762000012,0.9356961953540262
48657.0,-0.1003,-0.8698,0.228,70.748653,-7.080412000000001,16.714972666666668,-57.80286683332881,1.9188073313559917,-45.285727784000116,0.9047630242223651
48669.0,-0.0898,-0.8481,0.2981,78.275353,-10.691112,15.066072666666665,-57.17660038076622,1.9332736536137332,-45.19533134800012,0.9034385756652191
48681.0,-0.1055,-0.8036,0.5278,78.733353,-9.523112000000001,12.829472666666666,-56.52112636201141,1.97021660980698,-45.11835451200012,0.967200108560788
48693.0,-0.1066,-0.7968,0.5654,73.252453,-8.484912000000001,10.760772666666666,-55.906196248700795,2.0234094193615184,-45.05378987600012,0.9828178671554563
48705.0,-0.1133,-0.7869,0.6475,63.634153,-7.866612000000002,8.417272666666666,-55.37364595290887,2.083970344343101,-45.003286240000115,1.0253315317496092
48717.0,-0.1074,-0.7743,0.7058,50.924253,-5.698712000000002,5.806572666666666,-54.956180479140606,2.1649990027291524,-44.968446804000116,1.053199359095893
48729.0,-0.0942,-0.7708,0.7302,37.221953,-4.309412000000002,3.9439726666666663,-54.66610012206646,2.2532376289495435,-44.94478296800012,1.0659260387100036
48741.0,-0.0933,-0.7667,0.7589,22.015853,-2.935312000000001,2.623372666666666,-54.520477949512056,2.348780679683385,-44.92904273200012,1.082803301620382
48753.0,-0.0797,-0.7598,0.7822,5.847952999999999,-0.9201120000000014,1.508872666666666,-54.53013369415233,2.4566174518668435,-44.91998949600012,1.0933823530677638
48765.0,-0.0732,-0.7571,0.7942,-11.526147000000002,0.9501879999999986,0.9744726666666661,-54.70957956603766,2.5750008782635527,-44.91414266000012,1.0996873601165014
48777.0,-0.0688,-0.7594,0.7529,-28.358247000000002,2.7821879999999988,0.8523726666666661,-55.05757140019146,2.7053117724947118,-44.90902842400012,1.0715783732420134
48789.0,-0.0726,-0.7671,0.6819,-42.213147,4.621887999999998,0.7225726666666662,-55.546109718178954,2.8512522250825953,-44.90469298800012,1.0289318636333507
48801.0,-0.0688,-0.7802,0.6036,-52.457447,5.965387999999999,0.6157726666666662,-56.140082835955305,3.008379488197374,-44.90099835200012,0.9888267997986301
48813.0,-0.0706,-0.8007,0.5031,-58.312447,6.812787999999999,0.6157726666666662,-56.79735336428068,3.1737709910639826,-44.897303716000124,0.9482691917382954
48825.0,-0.0717,-0.8248,0.3782,-58.442147,6.980687999999999,0.6080726666666662,-57.46252526074042,3.342777156243646,-44.893655280000125,0.9102039167131726
48837.0,-0.0667,-0.8424,0.2482,-52.007047,6.278387999999998,0.7912726666666662,-58.070794801887985,3.507702551842371,-44.88890764400013,0.8807325871114343
48849.0,-0.075,-0.8698,0.1481,-39.816247000000004,4.5989879999999985,1.2340726666666662,-58.565050553356365,3.662597403716508,-44.881503208000126,0.8855002258610666
48861.0,-0.084,-0.8884,0.1075,-23.495647,2.8432879999999985,1.2034726666666662,-58.900995413723884,3.8112488065203953,-44.874282372000124,0.8988141131513234
48873.0,-0.0942,-0.8898,0.124,-6.411647000000001,0.6753879999999985,0.6309726666666662,-59.06716921586221,3.9517725234681835,-44.870496536000125,0.9033236850653259
48885.0,-0.0886,-0.8766,0.1978,8.137953,-1.1643120000000016,0,-59.08447231935522,4.0829461826892555,-44.870496536000125,0.9029963233590712
48897.0,-0.0776,-0.859,0.3011,17.588352999999998,-2.141412000000001,0,-59.001120611011736,4.20531207686703,-44.870496536000125,0.9135447279690251
48909.0,-0.073,-0.8402,0.3958,21.649452999999998,-2.7521120000000017,0,-58.86994119734152,4.315928538528091,-44.870496536000125,0.9316236793899133
48921.0,-0.074,-0.826,0.4607,21.389853,-2.7521120000000017,0,-58.73489265651322,4.419024958742624,-44.870496536000125,0.9486814481162789
48933.0,-0.0731,-0.822,0.5078,18.015853,-2.3170120000000014,0,-58.62830130708917,4.517819068385336,-44.870496536000125,0.9689625637763308
48945.0,-0.0723,-0.8107,0.5386,11.970052999999998,-1.5766120000000012,0,-58.57855327821141,4.615347015626029,-44.870496536000125,0.9759875716421803
48957.0,-0.0697,-0.8107,0.557,5.191452999999999,-0.7750120000000016,0,-58.59296357411043,4.712070002140649,-44.870496536000125,0.9860738207659709
48969.0,-0.0695,-0.8138,0.5537,-1.8009470000000012,0,0,-58.67509192382062,4.809064765394909,-44.870496536000125,0.9867544679402267
48981.0,-0.0718,-0.819,0.5272,-8.060447000000002,0.6905879999999986,0,-58.81955925976595,4.908001498994554,-44.870496536000125,0.9766555585261367
48993.0,-0.0753,-0.824,0.4886,-12.350547,1.2707879999999987,0,-59.007264178913346,5.010510215423763,-44.870496536000125,0.9609245808074637
49005.0,-0.0756,-0.829,0.4568,-14.938347,1.5455879999999986,0,-59.22139185616242,5.114424857637003,-44.870496536000125,0.9495380982351366
49017.0,-0.0757,-0.8336,0.4271,-15.991747,1.6142879999999986,0,-59.44678005619138,5.218503737814141,-44.870496536000125,0.9396988134503523
49029.0,-0.0785,-0.838,0.4008,-15.571947000000002,1.6829879999999986,0,-59.6685416140077,5.324411081326728,-44.870496536000125,0.9322268447110929
49041.0,-0.0846,-0.8477,0.3773,-14.144447000000001,1.4386879999999986,0,-59.877261257187975,5.43074372377606,-44.870496536000125,0.9317229953156678
49053.0,-0.0785,-0.8457,0.3804,-12.022347000000002,1.2859879999999986,-0.5140273333333338,-60.063891993573264,5.536455261710981,-44.873580700000126,0.9306314522946234
49065.0,-0.0782,-0.8485,0.3745,-9.907847,1.0875879999999984,-0.6132273333333338,-60.22906446435557,5.640959540416798,-44.877260064000126,0.930761913702962
49077.0,-0.0781,-0.8512,0.3687,-7.533747000000002,0.7974879999999986,-0.7507273333333337,-60.37022377473572,5.7432020827620756,-44.881764428000125,0.9309031850842493
49089.0,-0.0833,-0.8494,0.375,-5.1291470000000015,0.5379879999999986,-0.7583273333333338,-60.48589947033831,5.84441398853878,-44.88631439200012,0.9322254287456442
49101.0,-0.0767,-0.85,0.3738,-3.5185470000000008,0,-1.1552273333333338,-60.58567309894144,5.939293344439381,-44.89324575600013,0.9317238485731703
49113.0,-0.0723,-0.8398,0.4109,-3.1062470000000015,0,-1.140027333333334,-60.67895787825978,6.031061609236319,-44.90008592000013,0.937726047414702
49125.0,-0.0664,-0.8363,0.4359,-3.9230470000000013,0,-0.9797273333333338,-60.77753692117871,6.117085218406747,-44.90596428400013,0.9454181402956049
49137.0,-0.0791,-0.8441,0.4225,-4.930747000000001,0,-0.9797273333333338,-60.88541432617829,6.201942351629398,-44.911842648000125,0.9472422446238343
49149.0,-0.0802,-0.8435,0.421,-5.762747000000001,0,-1.2239273333333338,-61.00050316161307,6.2859657195260885,-44.91918621200013,0.9461317508677108
49161.0,-0.0735,-0.8379,0.4415,-7.060447000000002,0,-1.9339273333333338,-61.12580648335877,6.36630515362309,-44.930789776000125,0.9499478459368177
49173.0,-0.0721,-0.8284,0.5033,-10.671147000000001,0.9043879999999986,-1.7965273333333338,-61.281513970293716,6.45062812155374,-44.941568940000124,0.9719855245835711
49185.0,-0.0569,-0.8254,0.4717,-15.930747,1.7211879999999986,0,-61.49085986602924,6.5359824038598315,-44.941568940000124,0.9523778976855773
49197.0,-0.0872,-0.8411,0.4486,-19.510847000000002,1.6524879999999986,0,-61.73631246162804,6.621512797575707,-44.941568940000124,0.9572329967150108
49209.0,-0.0806,-0.8461,0.4196,-21.258947000000003,2.4233879999999988,0,-61.99925661243774,6.716411928901028,-44.941568940000124,0.9478637718575386
49221.0,-0.0717,-0.8466,0.3986,-21.793347,2.3775879999999985,0,-62.26730208852747,6.809350887750224,-44.941568940000124,0.9384851677037842
49233.0,-0.0653,-0.8459,0.3978,-22.052847,2.285987999999999,0,-62.536877297073595,6.8981525578575145,-44.941568940000124,0.937046284876046
49245.0,-0.0698,-0.8502,0.4041,-22.823847,2.392887999999999,0,-62.81307082320404,6.986234270346274,-44.941568940000124,0.9439326723871783
49257.0,-0.0878,-0.8578,0.3942,-23.671147,2.4310879999999986,0,-63.09748739743643,7.078036892954126,-44.941568940000124,0.9481156680489993
49269.0,-0.0824,-0.8627,0.37,-24.167347,2.3012879999999987,0,-63.38839970999264,7.170800996292624,-44.941568940000124,0.9423062400302781
49281.0,-0.0813,-0.8726,0.3279,-23.808547,2.5531879999999987,0,-63.68005177189324,7.270487285680032,-44.941568940000124,0.9357130222456029
49293.0,-0.0857,-0.8861,0.275,-21.022347,2.3165879999999985,0,-63.94914150034464,7.374939896953016,-44.941568940000124,0.9317417560676349
49305.0,-0.0969,-0.8949,0.2369,-15.358247000000002,1.9653879999999986,-0.7736273333333339,-64.1650380126374,7.487824635875049,-44.94621070400012,0.9307831272643483
49317.0,-0.097,-0.8954,0.226,-8.129147000000001,1.0798879999999986,-1.781227333333334,-64.30974584492203,7.602989094933186,-44.95689806800012,0.9285613388462821
49329.0,-0.0803,-0.8862,0.2621,-1.465047000000001,0,-2.430027333333334,-64.38553870728735,7.709848103799906,-44.97147823200012,0.9276286649301002
49341.0,-0.0658,-0.8728,0.3151,2.550152999999999,0,-2.3155273333333337,-64.4176157812439,7.812498809580493,-44.985371396000126,0.9302674292911689
49353.0,-0.059,-0.863,0.3518,3.847952999999999,-0.7827120000000014,-1.514027333333334,-64.4339579213306,7.897266883957118,-44.99445556000013,0.9338164916084959
49365.0,-0.0585,-0.8564,0.4053,2.6646529999999986,0,-0.7430273333333339,-64.45781213131978,7.979846462252995,-44.998913724000126,0.9492688238849941
49377.0,-0.0653,-0.8586,0.4071,0,0,0,-64.50679997018938,8.05424083673512,-44.998913724000126,0.9524644140334063
49389.0,-0.0782,-0.863,0.4048,-2.907847000000001,0,0,-64.58403345056463,8.12545013063335,-44.998913724000126,0.9564242155027234
49401.0,-0.0721,-0.8688,0.3741,-4.472747000000001,0,0,-64.67744816585848,8.193792948046587,-44.998913724000126,0.9486636179384135
49413.0,-0.0802,-0.8739,0.3601,-5.1062470000000015,0,0,-64.77743410177389,8.262775623729866,-44.998913724000126,0.9485806555058984
49425.0,-0.0937,-0.8842,0.339,-4.747547000000001,0.7974879999999986,-1.1171273333333338,-64.87458281496177,8.346984194813347,-45.00561648800013,0.9515830652129115
49437.0,-0.0992,-0.8822,0.3512,-4.0681470000000015,0.6295879999999987,-2.391927333333334,-64.96326150216035,8.434967976451782,-45.01996805200013,0.9547035770332066
49449.0,-0.0803,-0.8638,0.4586,-5.510847000000001,0.5913879999999987,-3.3766273333333343,-65.0563228833378,8.514744022844685,-45.04022781600013,0.9812810453687567
49461.0,-0.0286,-0.8307,0.5105,-12.487947000000002,1.4768879999999986,-2.1171273333333342,-65.21378164424516,8.580288962316418,-45.05293058000013,0.975443847691911
49473.0,-0.0438,-0.8284,0.5747,-23.900147,2.8127879999999985,0,-65.48071173587297,8.641817657974725,-45.05293058000013,1.0091804050812718
49485.0,-0.0608,-0.8293,0.6174,-37.533747,3.9424879999999987,0.5928726666666662,-65.87854203039313,8.702806504353166,-45.04937334400013,1.035672675124723
49497.0,-0.0686,-0.8304,0.6105,-54.220847,5.858587999999999,0.7225726666666662,-66.4438628328572,8.777011452833657,-45.04503790800013,1.0329474187972978
49509.0,-0.0767,-0.8417,0.5195,-67.594847,8.629587999999998,0.6538726666666661,-67.14650734315003,8.881009664639475,-45.041114672000134,0.9920796490201782
49521.0,-0.0713,-0.8522,0.4336,-76.93834700000001,10.453987999999999,0.6996726666666662,-67.94675004930724,9.005223456096857,-45.036916636000136,0.9588208852543836
49533.0,-0.0726,-0.8705,0.3445,-83.213147,10.774588,0,-68.816616246363,9.135400810536106,-45.036916636000136,0.9390001384451443
49545.0,-0.1107,-0.9012,0.2291,-83.70934700000001,11.499787999999999,-1.4606273333333337,-69.6987269190703,9.291130012241743,-45.04568040000014,0.9364308516916773
49557.0,-0.1129,-0.927,0.1095,-79.251347,10.644787999999998,-3.514027333333334,-70.5463176842991,9.460320863245663,-45.06676456400014,0.940247658864408
49569.0,-0.1099,-0.9579,-0.0168,-67.747547,9.950187999999999,-4.949127333333334,-71.28910207571546,9.653677489880863,-45.09645932800014,0.9643301613036895
49581.0,-0.0712,-0.968,-0.132,-51.373447,10.270788,-6.017827333333334,-71.88163590683918,9.883809667367284,-45.132566292000135,0.9795496107905919
49593.0,-0.0782,-0.9664,-0.0687,-32.976547000000004,7.316587999999999,-5.765927333333334,-72.29029185106504,10.113639388207734,-45.167161856000135,0.9719896552947465
49605.0,-0.0698,-0.9639,-0.0865,-16.045247,0.9806879999999986,-4.735427333333334,-72.53359632881737,10.308217007626562,-45.195574420000135,0.970287328578499
49617.0,-0.0786,-0.9713,-0.0734,1.4127529999999988,-2.355212000000001,-4.254527333333334,-72.6024960346159,10.512743067062958,-45.22110158400014,0.9772354936247456
49629.0,-0.0874,-0.9534,0.0532,14.741052999999999,-5.194912000000002,-4.437727333333334,-72.53007832493441,10.714934526495368,-45.24772794800014,0.958874632055724
49641.0,-0.0651,-0.9465,0.0817,22.336453,-7.339912000000002,-4.872827333333334,-72.38249422635064,10.904047304765559,-45.27696491200014,0.9522474205793366
49653.0,-0.0511,-0.8954,0.3616,25.420453,-1.8590120000000012,-4.216327333333334,-72.18155537323754,11.096328530395738,-45.30226287600014,0.9670092708966135
49665.0,-0.007,-0.8871,0.3167,18.588352999999998,-3.3094120000000014,-2.1247273333333334,-72.05307789443378,11.209105331957499,-45.31501124000014,0.9419630035197774
49677.0,-0.061,-0.8854,0.4855,8.420452999999998,-1.4315120000000014,0,-72.01447211303508,11.295435830878844,-45.31501124000014,1.0116147537476903
49689.0,-0.0668,-0.8899,0.4452,-2.930747000000001,0.8508879999999985,0,-72.08554215114546,11.380092941290586,-45.31501124000014,0.9972899728764949
49701.0,-0.0609,-0.8984,0.3787,-13.694047000000001,1.1485879999999986,0,-72.2676238374623,11.45011630836532,-45.31501124000014,0.9768546770118879
49713.0,-0.0725,-0.9084,0.3341,-20.862047,1.9806879999999987,0,-72.52268646025509,11.5237532833917,-45.31501124000014,0.9706027096603429
49725.0,-0.0709,-0.9238,0.2288,-23.655947,2.7363879999999985,0,-72.81099387669411,11.610422443594587,-45.31501124000014,0.954349354272323
49737.0,-0.0701,-0.9347,0.1554,-22.327647000000002,2.5760879999999986,0,-73.09146200529536,11.706262477148284,-45.31501124000014,0.9501196029974331
49749.0,-0.078,-0.9423,0.1111,-17.472747000000002,2.3165879999999985,0,-73.3263588399247,11.818411830024647,-45.31501124000014,0.9520275731301064
49761.0,-0.0695,-0.9435,0.0957,-11.144447000000001,1.4997879999999986,0,-73.49952902332312,11.938210067445228,-45.31501124000014,0.9508843199885042
49773.0,-0.0724,-0.9443,0.1285,-4.930747000000001,0.7898879999999986,0,-73.60800841336159,12.06321813869349,-45.31501124000014,0.9557491825787768
49785.0,-0.0686,-0.9382,0.1594,-1.098647000000001,0,0,-73.6763763275897,12.185071576761763,-45.31501124000014,0.9541140183437198
49797.0,-0.0697,-0.9321,0.1921,0.7410529999999989,0,0,-73.72427520168868,12.307786946952797,-45.31501124000014,0.9542383926461983
49809.0,-0.078,-0.9341,0.2158,1.2448529999999989,0,0,-73.76467516708237,12.43125316272904,-45.31501124000014,0.9618713271534817
49821.0,-0.0673,-0.9291,0.2223,1.0616529999999988,-0.6834120000000015,0,-73.80540014104744,12.540803723729946,-45.31501124000014,0.95769169882588
49833.0,-0.0729,-0.9077,0.3389,-2.1139470000000014,0,0,-73.86793842523012,12.638051666611956,-45.31501124000014,0.9716413484408739
49845.0,-0.063,-0.9146,0.2627,-6.9001470000000005,0.7974879999999986,0,-73.98128035006286,12.733873743269175,-45.31501124000014,0.9536631742916363
49857.0,-0.064,-0.921,0.2458,-10.205547000000001,0.7440879999999985,0,-74.12945251367043,12.822149776310201,-45.31501124000014,0.9553819340975629
49869.0,-0.0731,-0.9269,0.2367,-11.770447,1.4615879999999986,0,-74.29235532236922,12.918027599001256,-45.31501124000014,0.9594342655961376
49881.0,-0.0691,-0.9294,0.2108,-12.923047,1.6371879999999985,0,-74.46801073877575,13.016636959519605,-45.31501124000014,0.9555081422991644
49893.0,-0.0715,-0.9307,0.2092,-13.564347000000001,1.5150879999999987,0,-74.65003807213164,13.115534136964818,-45.31501124000014,0.9565978151762631
49905.0,-0.0709,-0.928,0.2262,-13.961247000000002,2.3470879999999985,0,-74.83324758281714,13.222902038862891,-45.31501124000014,0.9577981259117185
49917.0,-0.0597,-0.9321,0.1969,-14.610147000000001,2.0722879999999986,0,-75.0243273199512,13.324475075385825,-45.31501124000014,0.954538689629708
49929.0,-0.0817,-0.9404,0.1981,-14.472747000000002,2.0875879999999984,0,-75.21282817844208,13.434026167757072,-45.31501124000014,0.9645053965634407
49941.0,-0.0756,-0.9288,0.2008,-14.961247,2.0646879999999985,-0.7201273333333338,-75.40543849383828,13.546810905342342,-45.31933200400014,0.953260426116599
49953.0,-0.0537,-0.9236,0.2161,-16.411647000000002,2.0569879999999987,0,-75.6121021460534,13.64967729520424,-45.31933200400014,0.9500630821161298
49965.0,-0.0725,-0.9319,0.234,-18.487947000000002,2.4310879999999986,0,-75.83740186652082,13.754321318798961,-45.31933200400014,0.9635610307603768
49977.0,-0.056,-0.9325,0.2003,-20.602447,2.5226879999999987,0,-76.08591482675983,13.854617127429059,-45.31933200400014,0.9554121309675736
49989.0,-0.0745,-0.9313,0.218,-22.549047,2.8127879999999985,0,-76.3522717846611,13.959502886866025,-45.31933200400014,0.9593716381048587
50001.0,-0.0743,-0.9347,0.2031,-24.571947,3.0493879999999987,0,-76.63877634940175,14.070106527822443,-45.31933200400014,0.9593926151477298
50013.0,-0.069,-0.9327,0.192,-26.327647000000002,3.1714879999999983,0,-76.94307253813595,14.183684826961404,-45.31933200400014,0.9547535231671052
50025.0,-0.0656,-0.937,0.1854,-27.778047,3.6600879999999987,0,-77.2618995628168,14.303569551076015,-45.31933200400014,0.9574160642061528
50037.0,-0.0765,-0.9421,0.1754,-29.236047000000003,3.698287999999999,0,-77.59554558924053,14.431162577504015,-45.31933200400014,0.9613375161721298
50049.0,-0.0901,-0.9523,0.1458,-29.625347,3.9730879999999984,-0.6514273333333338,-77.9337333484232,14.580406990706683,-45.32324056800014,0.9676006097559054
50061.0,-0.071,-0.9475,0.1296,-29.350547000000002,3.8050879999999987,-1.0865273333333338,-78.27023820927359,14.73770095538069,-45.329759732000134,0.9589543315507782
50073.0,-0.0702,-0.9475,0.1157,-28.472747000000002,3.8356879999999984,-0.9186273333333339,-78.5986976587536,14.907074926584459,-45.33527149600013,0.9571158655042764
50085.0,-0.0771,-0.9557,0.094,-27.113947,3.7058879999999985,-0.9491273333333339,-78.9149413874412,15.094527168992588,-45.34096626000013,0.9634017334424928
50097.0,-0.0784,-0.9591,0.0747,-24.663547,2.980687999999999,-1.3079273333333339,-79.20735293831326,15.29772319508718,-45.34881382400013,0.9651940012246243
50109.0,-0.0911,-0.9679,0.0587,-21.617747,2.7821879999999988,-1.9568273333333337,-79.46940656609088,15.534350066040505,-45.36055478800013,0.9739483097166912
50121.0,-0.0988,-0.9742,0.0436,-17.907847,2.507387999999999,-3.1018273333333335,-79.69379452561454,15.812204197291996,-45.37916575200013,0.9801673530576296
50133.0,-0.1063,-0.9747,0.0447,-14.106247000000002,2.3699879999999984,-4.5827273333333345,-79.87815389717717,16.136222889417922,-45.40666211600013,0.9814977687188086
50145.0,-0.1177,-0.9777,0.0725,-11.335347,1.6905879999999986,-6.529327333333334,-80.03068116974643,16.493843900675497,-45.44583808000013,0.9874243414054568
50157.0,-0.1145,-0.973,0.0698,-9.274247,0.9348879999999986,-8.918627333333333,-80.16000420041367,16.87962144394157,-45.49934984400013,0.9821971747057715
50169.0,-0.0831,-0.9646,0.0857,-7.640647000000001,0,-10.567427333333335,-80.27150943678919,17.26105194796359,-45.56275440800013,0.9719584661908142
50181.0,-0.0454,-0.9503,0.0858,-6.426947000000001,0,-10.407127333333333,-80.37240534249317,17.623862437150628,-45.62519717200013,0.955244937175801
50193.0,-0.0245,-0.9474,0.0875,-5.518547000000001,0,-8.811727333333334,-80.46708278624955,17.95360547453947,-45.67806753600013,0.951747477012679
50205.0,-0.0115,-0.9454,0.0793,-4.3124470000000015,0,-6.590327333333334,-80.5530698022344,18.245944778728585,-45.71760950000013,0.9487897027265841
50217.0,-0.0035,-0.9435,0.0736,-2.8696470000000014,0,-3.994927333333334,-80.62797217890723,18.498392686320578,-45.74157906400013,0.946372791240323
50229.0,-0.0104,-0.9445,0.0721,-1.4116470000000012,0,-1.1476273333333338,-80.69074316606273,18.718502983059036,-45.74846482800013,0.9473050300721516
50241.0,-0.0587,-0.9596,0.0891,-0.6940470000000012,0,0,-80.74529319214531,18.941287040833952,-45.74846482800013,0.9655136767545035
50253.0,-0.0676,-0.963,0.1022,-0.5414470000000011,0,0,-80.79645474461016,19.16718465652271,-45.74846482800013,0.9707644410463333
50265.0,-0.053,-0.9556,0.1099,-0.6864470000000011,0,0,-80.84781406188465,19.379266229645655,-45.74846482800013,0.9633578618561225
50277.0,-0.061,-0.957,0.1268,-1.602447000000001,0,0,-80.9062888763435,19.577544354066198,-45.74846482800013,0.9672891191365691
50289.0,-0.0594,-0.9552,0.1354,-3.3353470000000014,0,0,-80.9807740454122,19.75836882208691,-45.74846482800013,0.9665756876727244
50301.0,-0.0579,-0.9545,0.1318,-5.167347000000001,0,0,-81.07286868576101,19.924278986349574,-45.74846482800013,0.9652947218336999
50313.0,-0.054,-0.9496,0.1412,-7.0986470000000015,0.8203879999999986,0,-81.18277187146602,20.079642452227745,-45.74846482800013,0.9615579025726948
50325.0,-0.0603,-0.9554,0.1372,-9.258947000000001,1.0340879999999986,0,-81.31328084023495,20.22635551909485,-45.74846482800013,0.9670827730861512
50337.0,-0.0649,-0.9565,0.1188,-11.098647000000001,1.2096879999999985,0,-81.46218091981096,20.37602764736511,-45.74846482800013,0.9660319352899261
50349.0,-0.064,-0.9602,0.0859,-11.633047000000001,1.2096879999999985,0,-81.61736545066539,20.53888640826814,-45.74846482800013,0.9661567419420102
50361.0,-0.0614,-0.9651,0.072,-11.106247000000002,1.2554879999999986,-0.6361273333333339,-81.76756395452367,20.718149824016418,-45.75228159200013,0.9697277813902208
50373.0,-0.0638,-0.9683,0.0536,-9.701747000000001,1.1409879999999986,-0.8728273333333338,-81.90386803482156,20.92136724180616,-45.75751855600013,0.9718787424365244
50385.0,-0.0725,-0.975,0.037,-7.663547000000001,1.0951879999999985,-1.422427333333334,-82.01966186063277,21.164052630359357,-45.76605312000013,0.9783916649277016
50397.0,-0.0708,-0.9706,0.0353,-4.793347000000002,0.7134879999999986,-2.3766273333333334,-82.10497356799209,21.439986418706482,-45.78031288400013,0.9738188178506308
50409.0,-0.0626,-0.9696,0.0455,-2.3887470000000013,0.5455879999999986,-2.689627333333334,-82.16474726064982,21.736214242289883,-45.79645064800013,0.972683489116578
50421.0,-0.0579,-0.9691,0.0582,-0.7933470000000011,0,-2.8346273333333336,-82.20762462839859,22.03416213315463,-45.81345841200013,0.9725710565300614
50433.0,-0.0546,-0.968,0.0624,0,0,-2.7965273333333336,-82.2428770055124,22.333569824617392,-45.83023757600013,0.9715446052549517
50445.0,-0.0499,-0.963,0.0684,1.1990529999999988,0,-2.6285273333333334,-82.2653330934104,22.62547721997524,-45.84600874000013,0.9667148338574307
50457.0,-0.0544,-0.9604,0.0875,1.4051529999999988,0,-2.521627333333334,-82.28457132668609,22.901158035522922,-45.86113850400013,0.965910849923532
50469.0,-0.0618,-0.9652,0.1041,0.6723529999999989,0,-2.7888273333333338,-82.30968795645255,23.15781829228097,-45.87787146800013,0.9727626072171977
50481.0,-0.0526,-0.9626,0.1102,-0.701747000000001,0,-3.0789273333333336,-82.34832730136738,23.385490950494027,-45.89634503200013,0.9703141553125978
50493.0,-0.0394,-0.9513,0.1014,-2.068147000000001,0,-2.765927333333334,-82.40187291237027,23.581091490735755,-45.91294059600013,0.9574998746736211
50505.0,-0.0282,-0.9491,0.1011,-3.0681470000000015,0,-1.750727333333334,-82.466391241216,23.737812328626834,-45.923444960000126,0.9548859931949992
50517.0,-0.0297,-0.9525,0.0937,-3.961247000000001,0,0,-82.54099141919276,23.865277180799637,-45.923444960000126,0.9575583689781004
50529.0,-0.051,-0.9598,0.0874,-4.663547000000001,0,0,-82.62258743049112,23.99049471638613,-45.923444960000126,0.9651195780834622
50541.0,-0.0541,-0.9641,0.0725,-4.724647000000001,0,0,-82.70486158137837,24.124942880476645,-45.923444960000126,0.9683345857708481
50553.0,-0.0521,-0.9642,0.0693,-4.3429470000000014,0,0,-82.78286851607575,24.26746525964044,-45.923444960000126,0.9680901507607645
50565.0,-0.0573,-0.9659,0.0735,-4.045247000000001,0.5150879999999987,0,-82.85676063408702,24.425719172688613,-45.923444960000126,0.9703856707515832
50577.0,-0.0519,-0.9674,0.0714,-3.785647000000001,0,0,-82.92752888783042,24.582179904520874,-45.923444960000126,0.971418720223159
50589.0,-0.0482,-0.9624,0.0687,-3.533747000000001,0,0,-82.99562374714517,24.740375032292555,-45.923444960000126,0.9660521155714117
50601.0,-0.0554,-0.9663,0.0754,-3.213147000000001,0.5837879999999986,0,-83.05904026066001,24.909669575744637,-45.923444960000126,0.9708192468219818
50613.0,-0.0515,-0.9655,0.0764,-3.243747000000001,0.5302879999999985,0,-83.12209507725522,25.077101816885556,-45.923444960000126,0.9698863129253861
50625.0,-0.0547,-0.964,0.0712,-3.3124470000000015,0,0,-83.18547662630075,25.24353648062036,-45.923444960000126,0.9681722625648805
50637.0,-0.0529,-0.9652,0.0625,-3.0986470000000015,0.5455879999999986,0,-83.24675614115199,25.424964121636467,-45.923444960000126,0.9686669706354192
50649.0,-0.05,-0.9648,0.0564,-2.266647000000001,0,0,-83.29930844059984,25.608701217314696,-45.923444960000126,0.9677396344058664
50661.0,-0.0536,-0.9657,0.047,-1.0757470000000011,0,0,-83.33951449217486,25.811002369325802,-45.923444960000126,0.9683276563230031
50673.0,-0.0526,-0.9657,0.0426,0,0,0,-83.36915453035428,26.032655925731884,-45.923444960000126,0.9680692175665953
50685.0,-0.0483,-0.9622,0.0546,1.710452999999999,0,0,-83.37980009941494,26.257683780109023,-45.923444960000126,0.9649574550206865
50697.0,-0.0511,-0.9666,0.076,2.000552999999999,0,0.6386726666666662,-83.38619650952317,26.471075849049445,-45.91961292400013,0.9709288181942073
50709.0,-0.0658,-0.9666,0.0956,1.321152999999999,0,0,-83.3970015022048,26.673999325321642,-45.91961292400013,0.9735422743774408
50721.0,-0.0507,-0.9607,0.089,0,0,0,-83.421630709836,26.857192774769462,-45.91961292400013,0.9661449063158176
50733.0,-0.0558,-0.9629,0.0861,-0.671147000000001,0,0,-83.45225197047,27.03027157072639,-45.91961292400013,0.9683507938758557
50745.0,-0.0525,-0.9604,0.0852,-1.365847000000001,0,0,-83.48944277018161,27.191531057252607,-45.91961292400013,0.9656000466031472
50757.0,-0.0541,-0.9612,0.0719,-1.6864470000000011,0,0,-83.52995111363236,27.353200948295076,-45.91961292400013,0.965402434221087
50769.0,-0.0548,-0.9648,0.0604,-1.480347000000001,0,0,-83.56858068869157,27.524021953179606,-45.91961292400013,0.9682407964964087
50781.0,-0.0549,-0.9678,0.0511,-0.5185470000000012,0,0,-83.59724108227246,27.71002077637235,-45.91961292400013,0.9707018388774176
50793.0,-0.0537,-0.9672,0.0577,0,0,0,-83.62056993883922,27.90319815684069,-45.91961292400013,0.9704065230613405
50805.0,-0.052,-0.9645,0.0713,0.9776529999999989,0,0,-83.63195438287536,28.0899845419873,-45.91961292400013,0.9685287502185983
50817.0,-0.052,-0.9668,0.0762,1.008252999999999,0,0,-83.64233219054819,28.266939735086584,-45.91961292400013,0.9711913714608466
50829.0,-0.0493,-0.9608,0.0797,0.6875529999999989,0,0,-83.65568705068796,28.429446424450514,-45.91961292400013,0.9653596324686463
50841.0,-0.0519,-0.9635,0.0828,0,0,0,-83.67587786800205,28.579348636451826,-45.91961292400013,0.9684429255252991
50853.0,-0.0513,-0.9653,0.0815,0,0,0,-83.69496036278673,28.718317720076403,-45.91961292400013,0.9700917637007336
50865.0,-0.0541,-0.9623,0.0803,-0.6253470000000012,0,0,-83.72026866577383,28.851199625974548,-45.91961292400013,0.9671588235651888
50877.0,-0.0544,-0.963,0.0745,-0.7246470000000009,0,0,-83.74611067303421,28.98298833053743,-45.91961292400013,0.9674081920265095
50889.0,-0.0494,-0.9615,0.0726,-0.9001470000000009,0,0,-83.7738916863686,29.109810344355477,-45.91961292400013,0.9655016157417864
50901.0,-0.052,-0.9625,0.0706,-0.9154470000000012,0,0.6691726666666662,-83.80167583255708,29.23612539737925,-45.91559788800013,0.9664857008771522
50913.0,-0.0458,-0.9626,0.0624,-0.5872470000000012,0,0.9744726666666661,-83.82659828132729,29.361390882968788,-45.909751052000125,0.9657070777414858
50925.0,-0.0548,-0.9692,0.0538,0,0,1.180572666666666,-83.84578349177659,29.501571328161106,-45.90266761600012,0.9722376869881151
50937.0,-0.0621,-0.967,0.0602,0.8937529999999989,0,0.9592726666666662,-83.85440792583918,29.65763641759517,-45.89691198000012,0.9708601598582568
50949.0,-0.0651,-0.9688,0.0708,1.2677529999999988,0,0,-83.85755576108379,29.82206666890612,-45.89691198000012,0.973562576314435
50961.0,-0.0627,-0.9657,0.075,1.1990529999999988,0,0,-83.86037804469521,29.987615294928542,-45.89691198000012,0.9706352455994991
50973.0,-0.0504,-0.96,0.0795,0.9776529999999989,0,0,-83.86519202851387,30.13787689312518,-45.89691198000012,0.9646037580270979
50985.0,-0.0564,-0.9608,0.0836,0.5196529999999988,0,0,-83.87398294537878,30.27738632278519,-45.89691198000012,0.9660779264634919
50997.0,-0.0543,-0.9615,0.0857,0,0,0,-83.88748014263584,30.403627084005052,-45.89691198000012,0.9668377475047196
51009.0,-0.0542,-0.9646,0.0864,-0.8925470000000013,0,0,-83.91006525058278,30.517501300033505,-45.89691198000012,0.9699771956082266
51021.0,-0.0531,-0.964,0.0807,-1.6559470000000012,0,0,-83.94075891115097,30.623399820190023,-45.89691198000012,0.968828209746186
51033.0,-0.0509,-0.9655,0.0754,-1.9230470000000013,0,0,-83.97427741560216,30.72368042439923,-45.89691198000012,0.9697763762847598
51045.0,-0.0518,-0.9644,0.0708,-1.839147000000001,0,0,-84.00677223494728,30.823004388996427,-45.89691198000012,0.9683817635622844
51057.0,-0.0553,-0.9663,0.0627,-1.465047000000001,0,0,-84.03533892313682,30.930769176545503,-45.89691198000012,0.9699098257054622
51069.0,-0.0557,-0.9678,0.0596,-0.8238470000000011,0,0,-84.05707566411944,31.048695407825804,-45.89691198000012,0.9712319444911189
51081.0,-0.0543,-0.9669,0.0613,0,0,0,-84.06976253591208,31.17285379527665,-45.89691198000012,0.9703616799935991
51093.0,-0.0564,-0.9662,0.0664,0,0,0,-84.08252199101918,31.300545209268,-45.89691198000012,0.9701197658021404
51105.0,-0.0532,-0.9637,0.0748,0,0,0,-84.09473616805926,31.421308814735802,-45.89691198000012,0.9680614494958468
51117.0,-0.0536,-0.9636,0.0802,0,0,0,-84.10590664263556,31.532006656466507,-45.89691198000012,0.9684162121732577
51129.0,-0.05,-0.9609,0.077,0,0,0,-84.1166555670533,31.63245836766612,-45.89691198000012,0.9652760278801085
51141.0,-0.0543,-0.9646,0.0731,-0.671147000000001,0,0,-84.13500967655237,31.731003772565412,-45.89691198000012,0.9688886726554296
51153.0,-0.0551,-0.9634,0.0597,0,0,0,-84.14623238618755,31.838711839841,-45.89691198000012,0.9668193523094167
51165.0,-0.0521,-0.9668,0.0623,0,0,0,-84.15824683002282,31.94937128500265,-45.89691198000012,0.9702051020274012
51177.0,-0.0587,-0.9672,0.0629,0,0,0,-84.170405772325,32.06880071085013,-45.89691198000012,0.9710190214408778
51189.0,-0.0533,-0.9631,0.0725,0.6799529999999988,0,0,-84.17412140765087,32.18259254797965,-45.89691198000012,0.9672945518299997
51201.0,-0.0524,-0.9633,0.068,0.8173529999999989,0,0,-84.17644923773801,32.29383433699062,-45.89691198000012,0.9671177022472498
51213.0,-0.0533,-0.9607,0.0714,0.8250529999999989,0,0,-84.17850216463084,32.40082752511232,-45.89691198000012,0.9648229578528902
51225.0,-0.0524,-0.9617,0.0818,0.6494529999999988,0,0,-84.18155492618843,32.49480240071141,-45.89691198000012,0.9665939633579345
51237.0,-0.0516,-0.9602,0.0737,0,0,0,-84.19205937113932,32.582661022824404,-45.89691198000012,0.9644056667191457
51249.0,-0.051,-0.9635,0.0718,0,0,0,-84.2024980595838,32.66579638965712,-45.89691198000012,0.9675166613552452
51261.0,-0.0527,-0.9655,0.0721,0,0,0,-84.212731059334,32.74611664272103,-45.89691198000012,0.9696215498842835
51273.0,-0.0554,-0.9669,0.0778,0,0,0,-84.22204830556494,32.82221873782201,-45.89691198000012,0.97160568647986
51285.0,-0.0614,-0.9678,0.0758,0,0,0,-84.23031661089573,32.90209068670315,-45.89691198000012,0.9727036753297481
51297.0,-0.0548,-0.9623,0.0714,0,0,0,-84.23846238036234,32.98173889815925,-45.89691198000012,0.9665000206932227
51309.0,-0.0525,-0.9622,0.0674,0,0,0,-84.24702215651412,33.06175276090844,-45.89691198000012,0.9659854294967394
51321.0,-0.0535,-0.9645,0.0646,0,0,0,-84.25614696861246,33.14513516342989,-45.89691198000012,0.9681403100790711
51333.0,-0.0552,-0.9644,0.064,0.7410529999999989,0,0,-84.25696840186556,33.233591511926,-45.89691198000012,0.9680962762039734
51345.0,-0.056,-0.9663,0.0668,1.1379529999999989,0,0,-84.25333938209687,33.32500622726611,-45.89691198000012,0.9702236494746972
51357.0,-0.054,-0.9645,0.0764,1.153252999999999,0,0,-84.24904237947591,33.40924083109106,-45.89691198000012,0.9690269397699942
51369.0,-0.0526,-0.9659,0.0723,1.183752999999999,0,0,-84.24446552953066,33.48878402952559,-45.89691198000012,0.9700293088355629
51381.0,-0.0477,-0.958,0.0756,1.1608529999999988,0,0,-84.24019406979258,33.55645329908539,-45.89691198000012,0.9621614469516018
51393.0,-0.0724,-0.9661,0.0782,0.7944529999999989,0,0,-84.23835213840857,33.63663532891686,-45.89691198000012,0.9719599837441868
51405.0,-0.0527,-0.9674,0.0869,0,0,0,-84.24472476133153,33.70123775926458,-45.89691198000012,0.9727238354229839
51417.0,-0.0466,-0.969,0.0774,0,0,0,-84.25125303843915,33.75310692967303,-45.89691198000012,0.9732026099430683
51429.0,-0.0643,-0.9663,0.0751,0,0,0,-84.2568520730115,33.81308016772548,-45.89691198000012,0.9713445269316135
51441.0,-0.0544,-0.9635,0.0691,0,0,0,-84.26284833805784,33.87464735517917,-45.89691198000012,0.9675052557996778
51453.0,-0.0509,-0.9631,0.0695,0,0,0,-84.26938800853118,33.93371339288914,-45.89691198000012,0.9669450191194947
51465.0,-0.0522,-0.9606,0.0739,0,0,0,-84.27585932313683,33.98844197810581,-45.89691198000012,0.9648514963454221
51477.0,-0.0531,-0.9574,0.0756,0,0,0,-84.2819969139708,34.03886809076628,-45.89691198000012,0.9618470408542098
51489.0,-0.0576,-0.9607,0.0892,0,0,0,-84.28625715701965,34.07992435875946,-45.89691198000012,0.9665499935337023
51501.0,-0.0516,-0.9647,0.0907,-1.228447000000001,0,0,-84.30360761966455,34.1058457337763,-45.89691198000012,0.970327336521032
51513.0,-0.0538,-0.9623,0.0956,-2.327647000000001,0,0,-84.33172984222335,34.11746720791216,-45.89691198000012,0.9685324413771591
51525.0,-0.0559,-0.9617,0.0928,-3.6482470000000013,0,0,-84.37330621732549,34.1207447980602,-45.89691198000012,0.9677827958793234
51537.0,-0.0538,-0.9619,0.077,-4.434547000000001,0,0,-84.42361248254947,34.12524381246904,-45.89691198000012,0.9664755816884356
51549.0,-0.0562,-0.9642,0.0629,-4.526147000000001,0,0,-84.47550464509972,34.14279466585759,-45.89691198000012,0.9678824773700575
51561.0,-0.0532,-0.9673,0.0547,-3.945947000000001,0,0,-84.5219127403285,34.17499693974595,-45.89691198000012,0.9703049108398865
51573.0,-0.0541,-0.9686,0.0494,-3.1062470000000015,0,0,-84.56009210379915,34.22548412813166,-45.89691198000012,0.9713666300630261
51585.0,-0.0573,-0.9673,0.0438,-1.9459470000000012,0,0,-84.58642842293318,34.30044009425126,-45.89691198000012,0.9699850617406436
51597.0,-0.0547,-0.9659,0.0483,-0.762747000000001,0,0,-84.6003517330798,34.39150817189375,-45.89691198000012,0.9686525641322589
51609.0,-0.0491,-0.968,0.0553,0,0,0,-84.60663362142623,34.485485546775514,-45.89691198000012,0.9708207352544547
51621.0,-0.0557,-0.9645,0.0571,0.8097529999999988,0,0,-84.60401709788232,34.58730103370708,-45.89691198000012,0.9677929272318536
51633.0,-0.0532,-0.9653,0.0612,1.2448529999999989,0,0,-84.59683117481771,34.68980209086707,-45.89691198000012,0.9687000412924529
51645.0,-0.0544,-0.9672,0.0636,1.5807529999999987,0,0,-84.58599567602934,34.79189239710445,-45.89691198000012,0.9708141737737453
51657.0,-0.0531,-0.9645,0.076,1.260152999999999,0,0,-84.5782315236505,34.881425217222336,-45.89691198000012,0.9689457466752202
51669.0,-0.0566,-0.9623,0.0854,0.5959529999999988,0,0,-84.57645711755012,34.955704846693635,-45.89691198000012,0.9677386062362089
51681.0,-0.0532,-0.9648,0.0786,0,0,0,-84.58084020065695,35.01878076279771,-45.89691198000012,0.9694571883275712
51693.0,-0.0541,-0.9653,0.0725,0,0,0,-84.5848396189775,35.0777647110817,-45.89691198000012,0.9695293445791107
51705.0,-0.0535,-0.962,0.0679,-0.6482470000000011,0,0,-84.5965509201178,35.136094588710876,-45.89691198000012,0.9658761100679527
51717.0,-0.054,-0.9625,0.0736,-1.0223470000000012,0,0,-84.61201835393969,35.189687490862035,-45.89691198000012,0.9668191195875266
51729.0,-0.0527,-0.9648,0.0699,-1.2437470000000013,0,0,-84.62987450956741,35.240617178292226,-45.89691198000012,0.9687633044247702
51741.0,-0.0532,-0.9669,0.0642,-1.1749470000000013,0,0,-84.64716643519948,35.29416012169946,-45.89691198000012,0.9704882740146838
51753.0,-0.0502,-0.9641,0.0607,-0.7933470000000011,0,0,-84.66067840575816,35.349668251365095,-45.89691198000012,0.9673124314305073
51765.0,-0.0574,-0.9652,0.068,0,0,0,-84.66434887090705,35.40835666132611,-45.89691198000012,0.9692934540168936
51777.0,-0.0568,-0.9666,0.0693,-0.6559470000000012,0,0,-84.67538020801771,35.46803658346853,-45.89691198000012,0.9707441939048619
51789.0,-0.0499,-0.9625,0.0728,-0.8620470000000013,0,0,-84.68849826944349,35.51852053116463,-45.89691198000012,0.9665382041078356
51801.0,-0.0532,-0.9657,0.0693,-0.991747000000001,0,0,-84.70289198996485,35.5670356314072,-45.89691198000012,0.969643862456727
51813.0,-0.0525,-0.9636,0.0657,-1.152047000000001,0,0,-84.71925717206729,35.61590138087255,-45.89691198000012,0.9672629942264928
51825.0,-0.0583,-0.9666,0.0636,-1.091047000000001,0,0,-84.73471733143393,35.672712095500316,-45.89691198000012,0.9704428937346082
51837.0,-0.0554,-0.9679,0.0573,-0.7704470000000012,0,0,-84.74702407163788,35.738686795258666,-45.89691198000012,0.9711760190614264
51849.0,-0.0549,-0.9661,0.0626,-0.5337470000000011,0,0,-84.7566625458977,35.80776003246135,-45.89691198000012,0.9696813806606787
51861.0,-0.0563,-0.9669,0.0671,-0.564347000000001,0,0,-84.76628602338165,35.87709219512646,-45.89691198000012,0.970859263745266
51873.0,-0.0543,-0.9635,0.0636,-0.6406470000000011,0,0,-84.7768827054969,35.947406559225826,-45.89691198000012,0.9671223810873162
51885.0,-0.0516,-0.965,0.0632,0,0,0,-84.7802288357213,36.016003726681,-45.89691198000012,0.9684429771545664
51897.0,-0.052,-0.9626,0.0586,0,0,0,-84.78431752190416,36.08731302837355,-45.89691198000012,0.9657829569836072
51909.0,-0.0544,-0.9709,0.0562,0,0,0,-84.78917314651343,36.16554103112283,-45.89691198000012,0.9740454866175398
51921.0,-0.0533,-0.9606,0.0598,0.6265529999999988,0,0,-84.78697711926753,36.245484262968745,-45.89691198000012,0.9639342768052187
51933.0,-0.0535,-0.9629,0.0674,0.8860529999999989,0,0,-84.78146870163634,36.32029653890798,-45.89691198000012,0.9667375134957782
51945.0,-0.0538,-0.9633,0.085,0,0,0,-84.7845951626038,36.375643029800685,-45.89691198000012,0.9685382439532267
51957.0,-0.0551,-0.9629,0.0859,-0.7093470000000011,0,0,-84.79409233982375,36.414885630523415,-45.89691198000012,0.9682929463752176
51969.0,-0.0555,-0.9644,0.069,-1.289547000000001,0,0,-84.8100459895228,36.45430520533331,-45.89691198000012,0.9684568188618428
51981.0,-0.0531,-0.9655,0.0571,-1.1749470000000013,0,0,-84.82545777595986,36.501127324254035,-45.89691198000012,0.9686435205998128
51993.0,-0.0554,-0.9691,0.0532,-0.8238470000000011,0,0,-84.83766161031829,36.56024715215924,-45.89691198000012,0.9721389869766565
52005.0,-0.0553,-0.9648,0.0542,0,0,0,-84.84089980951394,36.6293854762147,-45.89691198000012,0.9679022522961707
52017.0,-0.0564,-0.9696,0.052,0,0,0,-84.84509677951735,36.71051466690053,-45.89691198000012,0.9726300015936173
52029.0,-0.0541,-0.9672,0.0588,1.008252999999999,0,0,-84.8378115885016,36.79372677298247,-45.89691198000012,0.9704947655706341
52041.0,-0.0533,-0.9659,0.0576,1.3822529999999988,0,0,-84.82684116443812,36.878893650087086,-45.89691198000012,0.9690827931606256
52053.0,-0.0549,-0.9691,0.0662,1.534952999999999,0,0,-84.81394890177944,36.959494024053875,-45.89691198000012,0.9729086596387144
52065.0,-0.0522,-0.9642,0.0709,1.466252999999999,0,0,-84.80154809949165,37.02890967947473,-45.89691198000012,0.9682113870431394
52077.0,-0.0542,-0.9656,0.0667,1.1990529999999988,0,0,-84.79225530156887,37.094202145406086,-45.89691198000012,0.9694172940483371
52089.0,-0.0547,-0.9611,0.0796,0.7333529999999988,0,0,-84.78712077350045,37.14503969533885,-45.89691198000012,0.96594071246635
52101.0,-0.0548,-0.9653,0.0774,0,0,0,-84.78958521807466,37.185301471783106,-45.89691198000012,0.9699473645512936
52113.0,-0.0546,-0.9647,0.0771,0,0,0,-84.79101542268205,37.21637747178823,-45.89691198000012,0.9693150468243027
52125.0,-0.0522,-0.9624,0.0724,-0.7856470000000013,0,0,-84.8013500629988,37.24078928604221,-45.89691198000012,0.966530061612157
52137.0,-0.0555,-0.9629,0.0753,-1.228447000000001,0,0,-84.8159036619448,37.2603510099651,-45.89691198000012,0.9674330726205301
52149.0,-0.0551,-0.9641,0.0743,-1.625347000000001,0,0,-84.83426350669549,37.2760414689815,-45.89691198000012,0.9685273924882042
52161.0,-0.0505,-0.964,0.0636,-1.732247000000001,0,0,-84.85432526364816,37.292171240226914,-45.89691198000012,0.9674147042504574
52173.0,-0.0558,-0.9678,0.057,-1.510847000000001,0,0,-84.87237502718,37.31956809127537,-45.89691198000012,0.9710816031621647
52185.0,-0.0551,-0.9675,0.0502,-0.8238470000000011,0,0,-84.88353756457103,37.3620749512099,-45.89691198000012,0.9703670954850026
52197.0,-0.0547,-0.967,0.0419,0,0,0,-84.88693976531069,37.425157357712585,-45.89691198000012,0.9694517522806383
52209.0,-0.057,-0.9697,0.0446,1.183752999999999,0,0,-84.8778677333806,37.50697008600189,-45.89691198000012,0.972397166799657
52221.0,-0.0547,-0.9668,0.0483,2.1074529999999987,0,0,-84.85928208462698,37.599749628953106,-45.89691198000012,0.9695500090248053
52233.0,-0.0555,-0.9681,0.0571,2.8479529999999986,0,0,-84.83258588326235,37.69467642953926,-45.89691198000012,0.9713692758163601
52245.0,-0.0535,-0.9662,0.0681,3.252452999999999,0,0,-84.80104901960642,37.77882096650917,-45.89691198000012,0.9700733477423239
52257.0,-0.054,-0.9612,0.0674,3.214352999999999,0,0,-84.77000280804796,37.854554498417286,-45.89691198000012,0.9650721216572365
52269.0,-0.0538,-0.9644,0.0699,2.992952999999999,0,0,-84.74147471598552,37.920289421308986,-45.89691198000012,0.9684254282080785
52281.0,-0.0515,-0.9596,0.0765,2.6646529999999986,0,0,-84.71627398643643,37.96888231372851,-45.89691198000012,0.9640210889809413
52293.0,-0.0521,-0.9612,0.0763,2.275352999999999,0,0,-84.69513457539618,38.00334527474994,-45.89691198000012,0.9656301258763627
52305.0,-0.0516,-0.9606,0.0804,1.8784529999999988,0,0,-84.67781033720078,38.021510963655416,-45.89691198000012,0.9653388420653134
52317.0,-0.059,-0.9659,0.0702,1.641752999999999,0,0,-84.66290303130934,38.041728530607045,-45.89691198000012,0.9702431911639473
52329.0,-0.0564,-0.964,0.0637,1.7562529999999987,0,0,-84.64707281295242,38.0664659894191,-45.89691198000012,0.9677472035609299
52341.0,-0.0513,-0.9673,0.0659,1.9242529999999989,0,0,-84.62990980517772,38.088021585734154,-45.89691198000012,0.9708984447407464
52353.0,-0.056,-0.9634,0.0641,2.2219529999999987,0,0,-84.60965580664654,38.11311392511521,-45.89691198000012,0.9671527128638994
52365.0,-0.0538,-0.9646,0.066,2.588352999999999,0,0,-84.58556127376379,38.13739138042333,-45.89691198000012,0.9683509694320547
52377.0,-0.0558,-0.965,0.067,2.931852999999999,0,0,-84.55772955720221,38.16212201148967,-45.89691198000012,0.9689311843469587
52389.0,-0.058,-0.9659,0.077,3.0845529999999988,0,0,-84.52743009292266,38.18106370758523,-45.89691198000012,0.9706986195519184
52401.0,-0.0621,-0.9657,0.0706,3.0769529999999987,0,-0.6972273333333339,-84.49699705457078,38.20440631822425,-45.90109534400012,0.970266592231228
52413.0,-0.0579,-0.9675,0.0732,3.0845529999999988,0,-1.1247273333333339,-84.46643271008396,38.22515389852129,-45.90784370800012,0.9719912036639015
52425.0,-0.0621,-0.9679,0.0737,3.1303529999999986,0,-1.4835273333333336,-84.4350015778531,38.247384468865384,-45.91674487200012,0.9726862340960727
52437.0,-0.0609,-0.9659,0.0768,3.1074529999999987,0,-1.8804273333333337,-84.4034086491519,38.267156035893535,-45.92802743600012,0.9708603710111974
52449.0,-0.0609,-0.9657,0.0708,3.298252999999999,0,-2.208727333333334,-84.36979436770719,38.28956558565731,-45.941279800000125,0.9702051020274012
52461.0,-0.061,-0.9679,0.0687,3.6036529999999987,0,-2.720127333333334,-84.33309901788226,38.316029422409464,-45.957600564000124,0.9722505335560377
52473.0,-0.0643,-0.9709,0.0677,4.061652999999999,0,-3.2774273333333337,-84.291478788083,38.350016346505996,-45.97726512800013,0.975379203182024
52485.0,-0.0674,-0.973,0.0596,4.924252999999998,-0.5384120000000014,-3.8804273333333343,-84.24080561333703,38.39383155707724,-46.000547692000126,0.9771509197662355
52497.0,-0.069,-0.9708,0.0503,6.328852999999999,-0.6834120000000015,-4.781227333333334,-84.17550486236799,38.45967846862328,-46.029235056000125,0.9745479618777108
52509.0,-0.0667,-0.9746,0.0483,7.924252999999998,-0.6376120000000012,-5.681927333333334,-84.09389193860387,38.54682911500393,-46.063326620000126,0.9780730749795744
52521.0,-0.0634,-0.9744,0.0536,9.618853,-0.9124120000000016,-6.727827333333334,-83.99479668297363,38.64138965939666,-46.103693584000126,0.9779304065218548
52533.0,-0.0546,-0.97,0.0566,11.336452999999999,-1.1033120000000012,-7.445327333333333,-83.87862464260324,38.73209920521665,-46.14836554800013,0.9731827783104261
52545.0,-0.0406,-0.9658,0.0544,13.260152999999999,-2.0193120000000016,-7.437727333333335,-83.74445513915164,38.798964411018346,-46.19299191200013,0.9681825034568637
52557.0,-0.0128,-0.9558,0.0333,15.977652999999998,-3.1185120000000013,-6.567427333333334,-83.58701424884629,38.83224460847829,-46.23239647600013,0.9564655613246094
52569.0,0.0099,-0.9573,0.0032,19.771552999999997,-2.7903120000000015,-4.430027333333334,-83.39794671638136,38.85356169311134,-46.258976640000135,0.9573565375553666
52581.0,0.0292,-0.9531,-0.0469,26.191453,-2.5842120000000013,-1.2087273333333337,-83.15194752861446,38.89481903335295,-46.26622900400014,0.9546998795433044
52593.0,0.0543,-0.9492,-0.1011,34.351753,0,2.493572666666666,-82.83487850442397,39.04229307776666,-46.25126756800014,0.9561120959385464
52605.0,0.0537,-0.9521,-0.1573,44.641753,6.202087999999998,6.9210726666666655,-82.42417319973633,39.62580367131187,-46.20974113200014,0.9664995550956037
52617.0,-0.0177,-0.9678,-0.1044,59.870853,1.3775879999999985,10.600472666666667,-81.84589782997416,40.70364725816382,-46.14613829600014,0.9735756210998713
52629.0,-0.0797,-0.9657,-0.0585,72.741053,-2.660512000000001,10.989772666666665,-81.11998057831202,41.93587684993801,-46.08019966000014,0.9707475624486522
52641.0,-0.1162,-0.9741,-0.0911,85.641753,-7.836112000000002,8.814172666666666,-80.24371576229233,43.259764935451,-46.02731462400014,0.985227110873427
52653.0,-0.1086,-0.9601,-0.0898,99.542553,-9.729212,4.356172666666666,-79.20994535993873,44.63043778624057,-46.00117758800014,0.9703865260812312
52665.0,-0.1292,-0.9447,-0.0071,112.137953,-10.439112000000002,1.1958726666666661,-78.04013767443419,45.856304221916055,-45.99400235200014,0.9535203930698074
52677.0,-0.1233,-0.9248,0.0277,122.718153,-12.423912000000001,-2.979727333333334,-76.76285965857562,46.899615867137314,-46.011880716000135,0.9333944610934864
52689.0,-0.0764,-0.8943,0.075,132.603653,-13.630012,-5.972027333333334,-75.39444365814064,47.734335692676275,-46.047712880000134,0.9006855444604404
52701.0,-0.0394,-0.8591,0.1279,140.412753,-13.660512,-6.376627333333334,-73.9635227960626,48.294736516405095,-46.08597264400014,0.8694616610293981
52713.0,-0.0188,-0.8262,0.1855,146.94715300000001,-14.225412,-5.8270273333333344,-72.48249077861148,48.48289695167364,-46.120934808000136,0.846977053998513
52725.0,0.0073,-0.7946,0.2544,151.359353,-14.301712,-4.323227333333334,-70.96830186845266,48.2599366908411,-46.14687417200014,0.8343631163947745
52737.0,0.0118,-0.7756,0.3085,153.939553,-13.920112000000001,-2.201027333333334,-69.43124260295457,47.732540449114076,-46.16008033600014,0.8347855113740295
52749.0,0.0005,-0.76,0.3489,155.359353,-10.729212,-0.6361273333333339,-67.87705655840945,47.06636913314693,-46.16389710000014,0.8362604020279808
52761.0,-0.0271,-0.7415,0.4808,153.51205299999998,-11.233012,0,-66.32731505731408,46.29198933618603,-46.16389710000014,0.8841523058840033
52773.0,-0.0294,-0.7324,0.4736,150.50435299999998,-10.813212000000002,0,-64.79921155223819,45.47701286976104,-46.16389710000014,0.872680399688225
52785.0,-0.0439,-0.7211,0.5221,147.50435299999998,-9.904812000000002,0,-63.28888917254546,44.653815019929596,-46.16389710000014,0.8913477604167747
52797.0,-0.035,-0.7095,0.5106,145.14565299999998,-9.469712000000001,-0.8652273333333338,-61.793799020247995,43.82578174594599,-46.16908846400014,0.8748300463518615
52809.0,-0.0276,-0.6912,0.5459,143.382253,-9.561312000000001,-0.8728273333333338,-60.30533763197976,42.989361585701324,-46.17432542800014,0.8812071322907005
52821.0,-0.0195,-0.6719,0.5641,141.886053,-9.691112,-0.7659273333333338,-58.82114627651854,42.1469315509657,-46.17892099200014,0.877518472740033
52833.0,-0.0215,-0.6528,0.6083,139.809753,-9.477312000000001,-0.6056273333333337,-57.34542465880778,41.307164788816685,-46.18255475600014,0.8925463461355942
52845.0,-0.0051,-0.6322,0.6298,137.260153,-9.553612000000001,0,-55.88428033018725,40.4649139707286,-46.18255475600014,0.8923849449648957
52857.0,0.0125,-0.6058,0.6587,134.32115299999998,-9.523112000000001,1.4554726666666662,-54.44133291184249,39.61996977043372,-46.17382192000014,0.8950059105950083
52869.0,0.0114,-0.5927,0.677,131.298253,-9.332312000000002,3.302772666666666,-53.01851804743636,38.778712381317185,-46.154005284000135,0.8998623505847992
52881.0,0.0074,-0.5774,0.6953,128.374653,-9.233012,5.1653726666666655,-51.615407621867455,37.944062885640925,-46.12301304800013,0.9038183501124548
52893.0,-0.0024,-0.5652,0.7206,125.176153,-9.172012,6.623372666666666,-50.23538559889863,37.11987203854241,-46.08327281200013,0.9158172088359118
52905.0,-0.0132,-0.546,0.7555,121.977653,-9.492612000000001,7.501272666666666,-48.87706685789171,36.305000954237926,-46.03826517600013,0.9322395024884967
52917.0,-0.0345,-0.5406,0.8053,116.657053,-9.683412,7.348572666666666,-47.563871969545616,35.50568354645533,-45.99417374000013,0.9705393861147521
52929.0,-0.0461,-0.5316,0.8253,110.412753,-9.172012,6.218772666666666,-46.30800266589223,34.73179356028794,-45.956861104000126,0.982773554792761
52941.0,-0.0369,-0.5157,0.8035,104.832653,-8.538412000000001,5.058472666666666,-45.1061458383804,33.981999788743494,-45.92651026800013,0.9554686546402242
52953.0,-0.036,-0.5022,0.7769,101.481453,-8.034612000000001,4.188272666666666,-43.93636138468653,33.254130234902895,-45.90138063200013,0.9257831549558461
52965.0,-0.0436,-0.4941,0.7694,99.931853,-8.004012000000001,3.287472666666666,-42.78003775362527,32.5434850657467,-45.881655796000125,0.9154300246332321
52977.0,-0.0548,-0.4823,0.7766,98.855553,-7.630012000000001,1.4783726666666661,-41.63245292072259,31.855379859477495,-45.872785560000125,0.9158186993068006
52989.0,-0.0398,-0.4553,0.8079,97.519653,-7.9048120000000015,0,-40.49401519447772,31.1782887555318,-45.872785560000125,0.9282157831021836
53001.0,-0.0094,-0.4299,0.8396,95.008253,-8.004012000000001,-0.6056273333333337,-39.37641325460966,30.508564005412047,-45.876419324000125,0.9433082900091571
53013.0,-0.0043,-0.4113,0.8701,91.420453,-7.790312,0,-38.2909262265772,29.849432892814104,-45.876419324000125,0.9624241216844058
53025.0,0.0002,-0.4032,0.8716,87.237253,-7.034612000000001,0,-37.24653168921235,29.207107094004193,-45.876419324000125,0.9603420432325142
53037.0,0.0026,-0.3892,0.8473,83.931853,-6.446812000000001,1.1653726666666662,-36.23571288516014,28.579754347139776,-45.86942708800012,0.9324165860815647
53049.0,-0.0199,-0.3818,0.8318,82.489153,-6.1720120000000005,1.3867726666666662,-35.23891658106931,27.967592180971398,-45.86110645200012,0.9154553457159994
53061.0,-0.0015,-0.3558,0.9039,81.031153,-5.981112000000001,0.7912726666666662,-34.25056342590871,27.366297601774036,-45.856358816000125,0.9714067634106734
53073.0,-0.0327,-0.348,0.9326,76.870853,-4.797912000000002,0,-33.30260421670065,26.792369748717462,-45.856358816000125,0.9959498230332691
53085.0,-0.0316,-0.3369,0.9441,71.504353,-5.614712000000001,-1.1552273333333338,-32.40971129463204,26.221336979601453,-45.86329018000013,1.002908261008952
53097.0,-0.033,-0.3263,0.9698,65.21435299999999,-5.080412000000001,-2.521627333333334,-31.582009548233337,25.66898795135708,-45.87841994400013,1.023754233202481
53109.0,-0.0287,-0.323,0.9403,59.084553,-3.9811120000000018,-3.8499273333333344,-30.820779651246028,25.14097446655635,-45.90151950800013,0.9946440468831048
53121.0,-0.0104,-0.3038,0.9276,54.168552999999996,-3.5613120000000014,-4.6132273333333345,-30.111513318770115,24.626296945573532,-45.92919887200013,0.9761374698268681
53133.0,-0.0011,-0.2963,0.9261,50.122752999999996,-3.187212000000001,-4.536927333333334,-29.444443878077866,24.123151128439684,-45.95642043600013,0.9723456741303476
53145.0,0.0013,-0.2849,0.9374,46.244853,-2.8132120000000014,-4.437727333333334,-28.81696283419983,23.631326672344066,-45.98304680000013,0.9797389754419287
53157.0,0.0126,-0.2704,0.9578,41.443353,-2.607112000000001,-3.7888273333333338,-28.23857249387467,23.1474427999966,-46.00577976400013,0.995316914354418
53169.0,0.0056,-0.2708,0.9523,36.473853,-2.3246120000000015,-3.0636273333333337,-27.712719170766093,22.673695438175923,-46.02416152800013,0.990070345985577
53181.0,0.0078,-0.2625,0.9612,31.420453,-2.0727120000000014,-2.6361273333333335,-27.239868944687938,22.209558514543943,-46.03997829200013,0.9964298921650233
53193.0,0.0056,-0.2551,0.9604,26.519652999999998,-1.9048120000000015,-2.1018273333333335,-26.81819381522138,21.754469976994724,-46.052589256000125,0.9937180334481206
53205.0,0.0074,-0.2567,0.9503,21.794452999999997,-1.2636120000000015,-1.5751273333333338,-26.44690940280951,21.313850145161176,-46.062040020000126,0.984388002771265
53217.0,0.0017,-0.2596,0.9272,18.183753,-0.8514120000000016,-1.140027333333334,-26.114610682997853,20.885707915141424,-46.06888018400013,0.9628576686094368
53229.0,-0.0054,-0.2626,0.9037,15.901352999999999,-0.8132120000000014,-1.0178273333333339,-25.807293276938786,20.466446801517378,-46.074987148000126,0.9410959621632642
53241.0,-0.0011,-0.2584,0.887,14.657053,-0.6682120000000014,-1.132327333333334,-25.51327552930747,20.05662331575316,-46.08178111200013,0.9238727022701775
53253.0,0.0015,-0.257,0.8868,14.008252999999998,-0.8285120000000012,-1.063627333333334,-25.225840652854398,19.65218973232095,-46.088162876000126,0.9232905772290758
53265.0,0.014,-0.2445,0.8983,12.886052999999999,-0.9201120000000014,-0.6285273333333339,-24.949196762043822,19.25232995083307,-46.091934040000126,0.931084926309088
53277.0,0.0035,-0.2483,0.8961,11.718153,-0.7292120000000013,0,-24.68497092674166,18.861863826447614,-46.091934040000126,0.9298711469875812
53289.0,0.0004,-0.2517,0.8772,11.176153,0,0,-24.427331313410484,18.487421509696116,-46.091934040000126,0.9125967839084247
53301.0,-0.0038,-0.2566,0.8529,12.176153,-0.5689120000000014,0,-24.159983903148227,18.113999141854325,-46.091934040000126,0.8906718868359997
53313.0,0.0024,-0.2551,0.8344,14.252453,-0.6300120000000016,0,-23.871278541889026,17.746730941540807,-46.091934040000126,0.872528011011681
53325.0,0.0,-0.2521,0.8358,16.908952999999997,-0.8208120000000014,0,-23.554613265367006,17.38433419885468,-46.091934040000126,0.8729925830154572
53337.0,0.0,-0.2502,0.8298,19.649452999999998,-1.1109120000000012,0,-23.209786214182817,17.025565912830682,-46.091934040000126,0.8666995327101543
53349.0,0.0026,-0.2445,0.8188,22.878453,-1.0117120000000015,0,-22.831557800694913,16.67460978617592,-46.091934040000126,0.8545293733980125
53361.0,-0.0032,-0.2434,0.7985,27.061653,-1.1033120000000012,0,-22.410225402262206,16.329886455150717,-46.091934040000126,0.8347790426214592
53373.0,-0.001,-0.2394,0.772,32.496753,-1.4010120000000015,0,-21.932592939928472,15.988533149867656,-46.091934040000126,0.8082681238302053
53385.0,-0.0062,-0.235,0.7666,38.962453,-1.7979120000000015,0,-21.38740070955452,15.650024760557805,-46.091934040000126,0.8018347710095889
53397.0,0.001,-0.2202,0.7839,45.473853,-2.652912000000001,-0.674327333333334,-20.773030023308646,15.307870014851138,-46.095980004000126,0.8142409041555209
53409.0,0.0007,-0.2058,0.7944,51.275352999999996,-3.3475120000000014,-0.7125273333333337,-20.097299252124138,14.964098912436969,-46.100255168000125,0.8206250605483603
53421.0,0.0007,-0.1915,0.8077,56.825053,-4.568912000000001,-0.7049273333333339,-19.362559998818472,14.612572703462527,-46.104484732000124,0.830091579285081
53433.0,0.0092,-0.178,0.7952,62.046352999999996,-5.347512000000002,-0.6285273333333339,-18.573267377829715,14.257503964983254,-46.108255896000124,0.8149304755621796
53445.0,0.0308,-0.1464,0.9106,66.527253,-3.3017120000000015,-0.7965273333333338,-17.731699768153714,13.929365190667697,-46.11303506000012,0.9228076505968077
53457.0,0.0385,-0.116,1.0112,62.893753,-3.484912000000002,0,-16.92883640424461,13.600958259571547,-46.11303506000012,1.01855961533923
53469.0,0.0443,-0.1001,1.0414,56.076952999999996,-2.897212000000001,1.8828726666666662,-16.20109352271747,13.281266208116183,-46.101737824000125,1.0471372689385094
53481.0,0.0476,-0.0944,1.0577,47.695253,-2.881912000000001,3.8905726666666665,-15.56694486832446,12.963640410293126,-46.07839438800013,1.0629705593289025
53493.0,0.0375,-0.0961,1.0215,39.420453,-2.2330120000000018,5.943972666666666,-15.02689657716661,12.657291396620144,-46.04273055200013,1.0266955293561963
53505.0,0.0364,-0.0983,0.9913,33.603653,-1.6376120000000012,7.088972666666666,-14.553041439264291,12.36176280119836,-46.00019671600013,0.9968267351952393
53517.0,0.0154,-0.0884,0.9835,29.038753,-1.0651120000000014,7.821872666666666,-14.129789367052,12.07943158577458,-45.953265480000134,0.9875849178678257
53529.0,-0.012,-0.0991,0.9901,24.512052999999998,-1.5002120000000012,7.035572666666666,-13.758211731605758,11.80152453368145,-45.91105204400014,0.99511950036164
53541.0,-0.0289,-0.0734,1.0122,19.412753,-1.8514120000000016,5.661572666666666,-13.441610233473904,11.530606790708365,-45.87708260800014,1.0152692303029773
53553.0,-0.0162,-0.0679,1.027,13.405152999999999,-2.126212000000001,4.188272666666666,-13.190035056329084,11.265267207166975,-45.851952972000134,1.0293696372052168
53565.0,0.0011,-0.0671,1.0173,7.054052999999999,-1.3017120000000015,3.3790726666666657,-13.007652541073897,11.015837375833726,-45.83167853600013,1.0195111132302581
53577.0,-0.01,-0.0724,0.9929,1.3669529999999988,-0.5842120000000013,2.9973726666666662,-12.887451903238627,10.781948544136302,-45.81369430000014,0.9955863448239937
53589.0,-0.0171,-0.0892,0.9249,-1.426947000000001,0,1.6920726666666661,-12.798081295232631,10.562315068455645,-45.80354186400014,0.9293487289494725
53601.0,-0.0078,-0.0957,0.8816,-0.762747000000001,0,0,-12.7001129796739,10.348391862178916,-45.80354186400014,0.8868133343607324
53613.0,0.0096,-0.0901,0.8855,1.046352999999999,0,0,-12.57974476247229,10.137828625505293,-45.80354186400014,0.8901238228471362
53625.0,0.0055,-0.089,0.9221,1.611252999999999,0,0,-12.45164409699467,9.931158145353143,-45.80354186400014,0.9264014572527399
53637.0,0.0054,-0.0864,0.9149,1.2295529999999988,0,0,-12.327226185807211,9.728342413736739,-45.80354186400014,0.9189864688884163
53649.0,0.0109,-0.0984,0.8544,2.573052999999999,0,0,-12.188789532309006,9.528622494965882,-45.80354186400014,0.8601166955710139
53661.0,0.0055,-0.0951,0.8419,6.038752999999999,0,0,-12.011497673186563,9.332683229484699,-45.80354186400014,0.8472720165330613
53673.0,0.0105,-0.0955,0.8188,10.672353,-0.7369120000000016,0,-11.782859339500519,9.131156346000308,-45.80354186400014,0.8244173336363082
53685.0,0.0111,-0.0931,0.8323,15.664653,-0.6071120000000012,0,-11.499211761980723,8.934348351262505,-45.80354186400014,0.8375643915544644
53697.0,0.0083,-0.09,0.8486,19.695252999999997,-1.0498120000000015,0,-11.17240419583229,8.735876119086006,-45.80354186400014,0.8533995840167723
53709.0,0.0133,-0.0769,0.8528,23.412753,-1.1949120000000013,0,-10.805386444303304,8.538669278143896,-45.80354186400014,0.8563634392009037
53721.0,0.0171,-0.0708,0.8602,26.534952999999998,-1.0956120000000014,0,-10.405355618320893,8.34518587262598,-45.80354186400014,0.8632781069852287
53733.0,0.0264,-0.0598,0.8474,29.763952999999997,-1.2941120000000015,0.9210726666666662,-9.970824630866554,8.150758823555758,-45.79801542800014,0.8499175018788588
53745.0,0.0483,-0.0463,0.8503,33.420453,-1.1796120000000014,2.333272666666666,-9.49608885401374,7.956472857508572,-45.78401579200014,0.8529282912414149
53757.0,0.0645,-0.0354,0.8491,37.183752999999996,-1.2178120000000012,4.936372666666666,-8.979841980746144,7.7588885849765035,-45.75439755600014,0.8522817726550298
53769.0,0.0693,-0.0214,0.8502,40.832653,-1.0422120000000015,8.005072666666667,-8.42305158660482,7.560594853469235,-45.706367120000145,0.8532880463243346
53781.0,0.0631,-0.0125,0.8727,44.038753,0,10.936372666666665,-7.831078974496117,7.373341564259716,-45.640748884000146,0.8750675116812417
53793.0,0.0553,-0.0165,0.9031,45.893753,-0.5689120000000014,13.493572666666665,-7.221588608750392,7.179636240294499,-45.559787448000144,0.9049419594648046
53805.0,0.037,0.0043,0.9988,45.992953,-4.767412000000002,15.875272666666666,-6.612852446740278,6.940107077557268,-45.46453581200014,0.9994943371525424
53817.0,0.046,0.0299,1.0167,42.458553,-11.339912000000002,18.165372666666666,-6.04546587408803,6.626730329353212,-45.355543576000144,1.0181792081947065
53829.0,0.0713,0.0641,0.9907,37.504353,-9.530712000000001,21.111872666666667,-5.532677750433664,6.3364207551129645,-45.228872340000144,0.9953285839359785
53841.0,0.0491,0.0514,1.0822,29.634152999999998,-6.714012,23.859972666666668,-5.110640158517459,6.084311721666526,-45.08571250400014,1.084531977398546
53853.0,0.0337,0.0421,1.0721,19.275353,-4.080412000000001,25.34857266666667,-4.8095362327838975,5.869400112148297,-44.93362106800014,1.0734554066192037
53865.0,0.0122,0.0212,1.0259,10.351752999999999,-0.9124120000000016,25.55467266666667,-4.6138507372166115,5.699450064656902,-44.780293032000145,1.0261915464473481
53877.0,-0.0054,0.0123,0.968,4.939552999999998,0.9959879999999987,24.707372666666668,-4.481991856265939,5.56023755703961,-44.63204879600015,0.9680932031576298
53889.0,-0.0245,0.0183,0.9114,3.664652999999999,0.7440879999999985,23.104272666666667,-4.363778476278241,5.427350858755785,-44.49342316000015,0.9119128796107663
53901.0,-0.0494,0.0089,0.8809,5.244852999999999,0,20.058472666666667,-4.226907819641124,5.297224191870006,-44.37307232400015,0.8823289522621368
53913.0,-0.057,0.0269,0.9161,6.733352999999999,0.6295879999999987,15.966872666666665,-4.070811127651086,5.186161004699076,-44.27727108800015,0.9182656587284532
53925.0,-0.0758,0.0321,0.955,5.6570529999999986,1.5226879999999987,11.119572666666667,-3.9258104270916574,5.098324815951621,-44.21055365200015,0.9585411050132383
53937.0,-0.0509,0.0139,0.9148,3.733352999999999,3.5913879999999985,5.035572666666666,-3.8043478817016574,5.042986845918617,-44.180340216000154,0.9163203915661813
53949.0,0.0292,0.0829,0.8542,5.573052999999999,7.263087999999998,2.4248726666666665,-3.6533754288814566,5.0279326306243854,-44.16579098000015,0.8587098986270042
53961.0,0.053,0.1337,0.875,9.000553,11.484487999999999,3.7149726666666663,-3.44942914771435,5.056215748091035,-44.143501144000155,0.8867410501380885
53973.0,0.0251,0.089,0.9199,10.519652999999998,14.598987999999999,4.218772666666666,-3.223157575771633,5.118065578743466,-44.11818850800015,0.924536110706337
53985.0,0.0079,0.0728,0.9366,9.931852999999998,15.339488,3.4477726666666664,-3.002712572165601,5.187289977851851,-44.09750187200015,0.9394582534631328
53997.0,-0.0065,0.0593,0.9026,9.985352999999998,15.232588,1.867672666666666,-2.7825223338488327,5.255541016629442,-44.086295836000154,0.9045692344978354
54009.0,-0.0096,0.0352,0.9076,11.176153,16.537988,0,-2.552563123265679,5.3396755921667545,-44.086295836000154,0.9083330666666275
54021.0,-0.0098,0.0455,0.9269,11.557853,16.018887999999997,-2.3079273333333337,-2.321373467326593,5.417767879437556,-44.10014340000016,0.9280678315726711
54033.0,-0.0232,0.0514,0.9406,10.099853,15.453987999999999,-3.735427333333334,-2.1100850197728107,5.490888881297627,-44.122555964000156,0.9422890002541683
54045.0,-0.0254,0.0458,0.9343,9.702853,15.095187999999998,-4.926227333333334,-1.906676416916496,5.561501614678813,-44.152113328000155,0.9357666856647548
54057.0,-0.0355,0.0349,0.957,8.992953,10.774588,-5.552227333333334,-1.7162347138985088,5.583974873645926,-44.185426692000156,0.958293931943639
54069.0,-0.0454,0.033,0.9633,7.481452999999999,4.484487999999999,-5.338427333333334,-1.5481345229030197,5.536888014275659,-44.21745725600016,0.9649337023858168
54081.0,-0.0375,0.0553,0.9341,5.8937529999999985,-2.0193120000000016,-4.514027333333334,-1.399865927633948,5.4176807960682325,-44.24454142000016,0.9364865989430923
54093.0,-0.0312,0.1099,0.9059,6.908952999999999,-5.019312000000001,-4.193427333333334,-1.2337746264889888,5.267935242472208,-44.26970198400016,0.9130751666757781
54105.0,-0.0231,0.1095,0.8679,8.031153,-2.0498120000000015,-3.979727333333334,-1.0495900787979917,5.15731498657787,-44.293580348000155,0.8750852929857752
54117.0,-0.046,0.0803,0.9243,10.939552999999998,3.202087999999999,-7.8804273333333335,-0.8314575673674368,5.114490971193511,-44.340862912000155,0.92892119149043
54129.0,-0.0343,0.0631,0.8936,11.015852999999998,1.3699879999999987,-10.849927333333333,-0.6156003095343874,5.053046903696452,-44.405962476000155,0.896481488933263
54141.0,-0.0326,0.0748,0.9548,13.702853,-0.5002120000000012,-12.048427333333334,-0.3704054030087314,4.972324512312718,-44.478253040000155,0.9582801469299048
54153.0,-0.0305,0.0668,0.9097,12.901352999999999,-2.2788120000000016,-11.376627333333333,-0.13833423905558379,4.873502300658578,-44.54651280400015,0.9126590710665182
54165.0,-0.0259,0.0298,0.9135,12.748653,-6.393312000000002,-10.842327333333333,0.08377630367469652,4.728771482541982,-44.61156676800015,0.9143528312418571
54177.0,-0.0134,0.0624,0.9218,12.756253,-9.675812,-9.994927333333335,0.30233730050407576,4.547206105600093,-44.67153633200015,0.9240067965118005
54189.0,0.0026,0.1274,0.9004,10.748653,-8.576612,-7.0484273333333345,0.5018729832946762,4.3792510448499575,-44.71382689600015,0.9093721350470334
54201.0,-0.0284,0.1334,0.921,9.634153,-6.965912000000001,-2.017827333333334,0.6929410758328411,4.234746435342309,-44.72593386000015,0.9310441020703584
54213.0,-0.0519,0.1281,0.9299,12.298252999999999,-8.156712,0,0.9185200696612279,4.083060706331534,-44.72593386000015,0.9401155407714521
54225.0,-0.0583,0.0901,0.9205,14.603653,-8.271212,-2.3537273333333335,1.1683871609722445,3.937422511023132,-44.74005622400015,0.926734670766126
54237.0,-0.0154,0.1116,0.9382,17.267753,-13.278812,-6.216327333333334,1.4485810978431675,3.7343347163851397,-44.777354188000146,0.9449396594492159
54249.0,0.0249,0.0858,0.9406,18.687552999999998,-16.813212000000004,-7.842327333333333,1.740259271963462,3.4874211787002736,-44.824408152000146,0.9448333239254424
54261.0,0.035,0.0712,0.9065,16.290653,-16.240712000000002,-6.811727333333334,1.9968390645424214,3.245326738710585,-44.865278516000146,0.9099652136208284
54273.0,0.0526,0.0449,0.9435,8.031153,-14.568912,-4.666727333333334,2.1465508331696928,3.019313190324509,-44.893278880000146,0.9460311939888664
54285.0,0.076,0.0101,0.8394,-4.060447000000001,-8.874312000000002,-2.895727333333334,2.143641373304457,2.8543440754955007,-44.910653244000144,0.8428940443495849
54297.0,0.0907,-0.0153,0.8462,-14.281847,1.6905879999999986,-0.567427333333334,2.0105196278802078,2.805504706943955,-44.914057808000145,0.8511844805916048
54309.0,0.0664,0.028,0.9163,-18.029947,9.797487999999998,2.3561726666666662,1.8316833816636982,2.8457885637848586,-44.899920772000144,0.9191292890556801
54321.0,0.0194,0.1238,0.9573,-12.793347,9.392888,4.256972666666666,1.7257862149484935,2.8800485816918533,-44.87437893600014,0.9654667731206498
54333.0,-0.0035,0.1361,0.9329,-4.281847000000001,5.545587999999999,5.150072666666666,1.7307947791278968,2.8707797464291316,-44.84347850000014,0.9427819843420853
54345.0,-0.0007,0.1199,0.9404,1.9547529999999989,0,3.6920726666666663,1.814744639318647,2.798295453715269,-44.82132606400014,0.9480130062398934
54357.0,0.0085,0.0833,0.9276,2.9089529999999986,-3.393312000000001,2.730272666666666,1.9089481487335525,2.6878162861792187,-44.80494442800014,0.9313715155618622
54369.0,0.0244,0.0358,0.8994,0,-3.683412000000001,1.508872666666666,1.9621001779173064,2.5745202049199967,-44.79589119200014,0.9004428688151181
54381.0,0.021,-0.0011,0.9022,-3.0833470000000007,0,0,1.9688288099004605,2.505778112314836,-44.79589119200014,0.9024450398777756
54393.0,0.0195,0.031,0.901,-3.442147000000001,2.9119879999999987,-1.4911273333333337,1.966991926301432,2.4719124429188937,-44.80483795600014,0.901744004693128
54405.0,0.0138,0.1099,0.9236,-1.373447000000001,3.5455879999999986,-1.063627333333334,1.9953619300574172,2.446263461900616,-44.81121972000014,0.9302179368298592
54417.0,-0.0027,0.1279,0.9431,3.092152999999999,-0.8743120000000015,0.5241726666666662,2.0829706358459696,2.371325261256481,-44.80807468400014,0.9517369962337285
54429.0,-0.0029,0.1191,0.9563,9.267752999999999,-8.920112000000001,0,2.2467452939230865,2.2052589708669683,-44.80807468400014,0.9636923316079671
54441.0,0.0095,0.0959,0.936,13.122753,-13.263612,-1.758327333333334,2.4546650469726505,1.9916482246856022,-44.81862464800014,0.940947958178347
54453.0,0.0178,0.0754,0.9366,14.771552999999999,-13.110912,-3.743027333333334,2.6771588716223005,1.7832698015249742,-44.84108281200014,0.9397986805694079
54465.0,0.0468,0.0831,0.8379,14.512052999999998,-8.958212000000001,-5.117127333333334,2.8935551189210122,1.623355027773948,-44.871785576000136,0.843310298763154
54477.0,0.0499,0.0937,0.8398,13.657053,1.5073879999999986,-5.361327333333334,3.0981582453728045,1.5851685341458777,-44.90395354000014,0.8464831599033734
54489.0,0.025,0.1023,0.9092,13.435652999999999,8.682987999999998,-4.246827333333334,3.298721574030749,1.6313246308270568,-44.92943450400014,0.915278607856646
54501.0,0.0013,0.1328,0.9777,13.779152999999999,4.041787999999999,-2.147627333333334,3.5046959933224135,1.624403982918925,-44.942320268000145,0.986678681233156
54513.0,-0.001,0.1517,0.9543,16.443353,-3.156712000000001,0.6462726666666662,3.7452749808687775,1.5353571438892415,-44.93844263200015,0.9662827639981995
54525.0,0.0133,0.1173,0.9099,17.214353,-6.324612,2.241672666666666,3.9930497484066336,1.411102966554126,-44.924992596000145,0.9175261249686573
54537.0,0.0222,0.0656,0.8726,16.206653,-1.8972120000000015,1.4172726666666662,4.220753034572725,1.3404471718683237,-44.916488960000144,0.8753439095578378
54549.0,0.0079,0.0276,0.9229,13.595953,0.5989879999999985,-0.6285273333333339,4.4048969473384,1.3016002964394033,-44.920260124000144,0.9233464030362604
54561.0,0.0076,-0.0143,0.9323,9.008253,-1.8972120000000015,-2.6361273333333335,4.51863460266181,1.2351658585089353,-44.936076888000144,0.9324406361801271
54573.0,0.0,-0.045,0.8871,2.458552999999999,-1.6682120000000014,-4.788827333333334,4.538185972767865,1.174509677357576,-44.964809852000144,0.8882406261818923
54585.0,0.0125,0.0657,0.8994,-4.060447000000001,1.4692879999999986,-6.246827333333334,4.480933340203788,1.152004008964622,-45.00229081600014,0.901883085549341
54597.0,0.0221,0.0669,0.9337,-6.640647000000001,0.7821879999999986,-4.605627333333334,4.3945524441813,1.120762634901602,-45.02992458000014,0.9363544788166498
54609.0,0.028,0.054,0.9178,-6.716947000000001,0,-0.6819273333333338,4.307596531219008,1.079186105116684,-45.03401614400014,0.9198134810927702
54621.0,0.0302,0.0796,0.8978,-7.5719470000000015,1.8203879999999986,3.6233726666666666,4.214429051987988,1.0579433132412626,-45.01227590800014,0.9018276110210866
54633.0,0.0131,0.1025,0.9218,-8.617747000000001,3.3928879999999983,7.394372666666666,4.115364578261449,1.0561004124743785,-44.96790967200014,0.9275737706511541
54645.0,-0.0006,0.0947,0.9445,-8.228447000000001,0,9.776072666666666,4.025744361263359,1.0165889921375635,-44.90925323600014,0.9492358505661278
54657.0,0.0018,0.0715,0.901,-9.266647,-1.6605120000000015,11.180572666666666,3.925835237332608,0.9599248050331441,-44.84216980000014,0.9038343266329288
54669.0,0.0009,0.0326,0.9235,-12.121547000000001,-0.9506120000000013,11.753172666666666,3.7894095471398086,0.91432356609921,-44.77165076400014,0.9240756570757613
54681.0,-0.0072,0.0017,0.95,-15.579547000000002,-3.164312000000001,11.585172666666667,3.606541574107707,0.8460710666035215,-44.70213972800014,0.9500288048264642
54693.0,0.0037,-0.0094,0.8901,-17.953647,-2.8666120000000013,10.547072666666667,3.3908660772661765,0.7834604850819695,-44.63885729200014,0.8901573231738309
54705.0,0.012,0.0337,0.8875,-18.236047000000003,1.2707879999999987,9.211172666666666,3.1738440649655995,0.7704164632661356,-44.58359025600014,0.8882206595210449
54717.0,0.0089,0.0803,0.9261,-17.121547,5.110487999999998,9.455472666666665,2.9777021820528327,0.8029205060918895,-44.52685742000014,0.9296173997941304
54729.0,-0.0033,0.0995,0.9579,-15.281847000000003,1.5837879999999986,9.844772666666666,2.8123359916231196,0.7949817422241553,-44.46778878400014,0.9630594737605773
54741.0,-0.005,0.0831,0.9458,-12.404047,-3.920112000000002,8.279872666666666,2.686845798800517,0.724175161211787,-44.41810954800014,0.9494568183967083
54753.0,-0.0012,0.0137,0.9402,-9.129147000000001,-4.790312000000002,6.409672666666666,2.5962920782776613,0.6455963642207825,-44.37965151200014,0.9403005742846274
54765.0,-0.0021,-0.0049,0.9053,-8.617747000000001,-4.477312000000001,4.6157726666666665,2.5060441617848195,0.5732932134166305,-44.35195687600014,0.9053156963181407
54777.0,0.0043,-0.0176,0.8929,-8.854347,-3.6987120000000018,3.111872666666666,2.406516497508436,0.5117109630590103,-44.333285640000135,0.8930837922613981
54789.0,0.006,-0.0239,0.903,-7.304747000000001,-3.0346120000000014,1.7378726666666662,2.3188431724232395,0.4590722895209305,-44.32285840400014,0.9033361555921472
54801.0,0.0111,-0.0172,0.8844,-5.648247000000001,-1.2101120000000014,0.9363726666666662,2.2457687198892575,0.4282009424292833,-44.31724016800014,0.8846368803073948
54813.0,0.0074,-0.0094,0.9272,-3.0910470000000014,0,-0.7278273333333338,2.199031686384331,0.4120071215330847,-44.32160713200014,0.9272771753904008
54825.0,0.0062,0.0037,0.9312,-1.6101470000000013,0,-2.8423273333333334,2.16760211032936,0.3961372097700646,-44.33866109600014,0.931227990343933
54837.0,0.0188,0.0114,0.9116,-2.2208470000000013,-1.0040120000000012,-4.185827333333334,2.127912814869509,0.3671857913490576,-44.363776060000134,0.9118650996720952
54849.0,0.0312,0.0251,0.9119,-3.0681470000000015,-0.9048120000000015,-4.979727333333334,2.079226792372074,0.3369951016555892,-44.39365442400013,0.9127787574215342
54861.0,0.0371,0.0756,0.9634,-6.907847,0.7134879999999986,-5.0484273333333345,1.9926267160534696,0.3230997749867532,-44.42394498800013,0.9670735907882089
54873.0,0.045,0.0712,0.8843,-11.136847000000001,3.8585879999999984,-4.399527333333334,1.863419120631176,0.34234595473070123,-44.45034215200013,0.8883022740036187
54885.0,0.0409,0.0691,0.8586,-12.716947000000001,11.186787999999998,-5.208727333333334,1.7229697843059348,0.4440980706069274,-44.48159451600013,0.8623465544663584
54897.0,-0.0304,0.0863,0.8381,-15.022347,21.698287999999998,-6.918627333333334,1.5648467651229347,0.6734113175373607,-44.52310628000013,0.8430797471176733
54909.0,-0.0511,0.0671,0.8796,-14.426947000000002,30.285987999999996,-12.536927333333335,1.4202384708981663,1.0072806975950068,-44.59832784400013,0.8836344153551287
54921.0,-0.0879,0.0786,1.0493,-14.709347000000001,25.827987999999998,-21.117127333333332,1.2785656184409204,1.2940502411024737,-44.72503060800013,1.0559047589626633
54933.0,-0.079,0.0903,0.9774,-18.411647000000002,16.415788,-30.140027333333332,1.1010541680280606,1.473874198325611,-44.905870772000135,0.9847364368195177
54945.0,-0.0588,0.1506,1.0507,-21.579547,12.072287999999999,-37.323227333333335,0.9009799314242564,1.6048039428391203,-45.12981013600014,1.0630655153846353
54957.0,-0.0726,0.1573,1.032,-21.007047,-9.843712000000002,-38.506427333333335,0.7223677348726832,1.48217115321671,-45.36084870000014,1.0464406576581398
54969.0,-0.0537,0.0999,0.9216,-11.068147000000002,-23.088012000000003,-43.544527333333335,0.6678534422181504,1.2102974732697178,-45.62211586400014,0.9285527771753203
54981.0,-0.0388,0.1362,1.0496,-16.281847000000003,-32.958211999999996,-50.05602733333333,0.5594974325075257,0.8292257343572563,-45.922452028000144,1.0591109668018739
54993.0,0.0208,0.1202,0.8864,-20.877247,-35.782712,-52.437727333333335,0.4047276595160912,0.41716687889766463,-46.23707839200014,0.8947545138192933
55005.0,0.0914,0.0923,0.5719,-4.205547000000001,-22.049812000000003,-46.223927333333336,0.45429110120145116,0.1617372532354774,-46.51442195600014,0.586466418475943
55017.0,0.1492,0.101,0.7828,-2.5032470000000013,19.247887999999996,-41.04842733333333,0.5263831073445188,0.37693939299624596,-46.76071252000014,0.8032667551940638
55029.0,0.0759,-0.0062,0.9857,-4.258947000000001,2.5837879999999984,-33.552227333333335,0.5636197062937243,0.3831245574484416,-46.96202588400014,0.9886373146912876
55041.0,0.0929,0.0775,0.7229,-1.1368470000000013,-2.385712000000001,-26.40712733333333,0.6388115159976928,0.32010674485493984,-47.12046864800014,0.732953661563949
55053.0,0.0726,0.1431,1.125,0.9547529999999989,-1.4849120000000013,-18.59802733333333,0.7426732880487307,0.2631860492248246,-47.23205681200014,1.1363861007597726
55065.0,0.0579,0.104,0.8562,-1.2818470000000013,0,-13.056027333333335,0.8212764175954603,0.22066933132040925,-47.31039297600014,0.8644344104673297
55077.0,0.0428,0.1316,0.8907,-0.6024470000000011,-1.4010120000000015,-9.124727333333334,0.912182764472745,0.16077539426130089,-47.365141340000136,0.9013860937467363
55089.0,0.0271,0.1536,0.9465,0,0,-5.063627333333334,1.0156845771819216,0.11920167091258457,-47.395523104000134,0.9592651458277841
55101.0,0.0188,0.1442,0.8912,0,0,-2.0713273333333335,1.1232518251320915,0.07985382489600051,-47.40795106800013,0.9029864450809879
55113.0,-0.0023,0.1328,0.9281,0,0,0,1.2322580875073852,0.04535584262443792,-47.40795106800013,0.9375557263437732
55125.0,0.0132,0.0344,0.9092,0,0,0,1.3303220772219275,0.01317468945713711,-47.40795106800013,0.909946284128904
55137.0,0.016,0.032,0.9176,0,0,0,1.4181211493397172,-0.01722368313251902,-47.40795106800013,0.9182972067909169
55149.0,0.0184,0.0282,0.9189,0,0,0,1.4962041785277205,-0.04628837506488161,-47.40795106800013,0.919516726329652
55161.0,0.0187,0.0308,0.9215,0,0,0,1.5658622839233136,-0.07414936099110442,-47.40795106800013,0.9222041964771143
55173.0,0.0203,0.0325,0.9166,0,0,0,1.6282196647542262,-0.10111025902182806,-47.40795106800013,0.9174006213209145
55185.0,0.0177,0.0293,0.9252,0,0,0,1.683533064077838,-0.1268712188240006,-47.40795106800013,0.9258330411040643
55197.0,0.0172,0.0302,0.922,0,0,0,1.7326742865900195,-0.1514707902454613,-47.40795106800013,0.9226548000200292
55209.0,0.0139,0.028,0.9175,0,0,0,1.776043278775271,-0.17459766494613377,-47.40795106800013,0.9180323850496779
55221.0,0.0186,0.0291,0.9194,0,0,0,1.8143557821817422,-0.1969629283024561,-47.40795106800013,0.9200484389422113
55233.0,0.0184,0.0304,0.9172,0,0,0,1.8483127632152854,-0.2185931055961913,-47.40795106800013,0.9178880977548407
55245.0,0.0179,0.0291,0.9183,0,0,0,1.8781903926689019,-0.23946620072689404,-47.40795106800013,0.9189353132838024
55257.0,0.0177,0.0277,0.9164,0,0,0,1.9042497409136552,-0.25961014013769634,-47.40795106800013,0.9169893892515878
55269.0,0.0179,0.0278,0.9166,0,0,0,1.9268999461598773,-0.27909519527543575,-47.40795106800013,0.9171961676762501
55281.0,0.0197,0.0284,0.9213,0,0,0,1.9465426144700333,-0.2981726453592468,-47.40795106800013,0.9219481221847572
55293.0,0.017,0.028,0.9185,0,0,0,1.963462991658647,-0.31652256394286377,-47.40795106800013,0.9190839189105638
55305.0,0.0187,0.0321,0.9183,0,0,0,1.9784611976874642,-0.33440716733070386,-47.40795106800013,0.9190511356828847
55317.0,0.0153,0.0305,0.9189,0,0,0,1.991531855169383,-0.3514193291299816,-47.40795106800013,0.9195333327291622
55329.0,0.0173,0.0287,0.9221,0,0,0,2.0026343423981676,-0.36786976969677543,-47.40795106800013,0.9227087243545495
55341.0,0.0162,0.0298,0.9154,0,0,0,2.0121534130092447,-0.38367171671405476,-47.40795106800013,0.9160281873392324
55353.0,0.0189,0.0289,0.9156,0,0,0,2.0201426409742607,-0.3992066974590621,-47.40795106800013,0.9162509372437225
55365.0,0.0205,0.0289,0.9186,0,0,0,2.026750521528622,-0.41466736272878646,-47.40795106800013,0.919283101117387
55377.0,0.0149,0.0305,0.9166,0,0,0,2.0323372056661904,-0.42933727609654915,-47.40795106800013,0.9172283358030322
55389.0,0.0186,0.0282,0.9172,0,0,0,2.0367216682699607,-0.44374096233480614,-47.40795106800013,0.9178218999348403
55401.0,0.0212,0.0289,0.9153,0,0,0,2.0401331287186197,-0.4582105721876618,-47.40795106800013,0.9160014956319668
55413.0,0.0188,0.0303,0.9198,0,0,0,2.042832834669411,-0.4723982040232896,-47.40795106800013,0.9204909396620914
55425.0,0.0164,0.0267,0.917,0,0,0,2.0444639662247077,-0.4860161707005792,-47.40795106800013,0.9175352036843055
55437.0,0.0188,0.0293,0.9149,0,0,0,2.045482929610124,-0.4994094509673535,-47.40795106800013,0.9155620896476656
55449.0,0.0182,0.0292,0.9146,0,0,0,2.0459485783424847,-0.5125035830181611,-47.40795106800013,0.915246983059764
55461.0,0.0142,0.0322,0.9156,0,0,0,2.0462953947202145,-0.5248053032684327,-47.40795106800013,0.9162760719346544
55473.0,0.0215,0.0309,0.9158,0,0,0,2.046372844452167,-0.5372952202820183,-47.40795106800013,0.9165733467650038
55485.0,0.0161,0.0269,0.9193,0,0,0,2.0456982302455513,-0.5492426401446975,-47.40795106800013,0.9198343927033823
55497.0,0.0189,0.0305,0.9196,0,0,0,2.0448096388484225,-0.5610368135273834,-47.40795106800013,0.9202997446484488
55509.0,0.0181,0.0276,0.9183,0,0,0,2.0433781206543555,-0.5725755236683586,-47.40795106800013,0.9188929535043785
55521.0,0.0188,0.0304,0.9209,0,0,0,2.041808818100818,-0.5839467826490771,-47.40795106800013,0.9215934081795508
55533.0,0.0186,0.0302,0.9156,0,0,0,2.0401189004367795,-0.5951358065256225,-47.40795106800013,0.9162867236842406
55545.0,0.0205,0.0302,0.9185,0,0,0,2.0383134449363083,-0.6063717017788375,-47.40795106800013,0.919224967023851
55557.0,0.0197,0.0272,0.9175,0,0,0,2.0360398459367435,-0.6175290819702595,-47.40795106800013,0.9181144699872669
55569.0,0.0184,0.0323,0.9205,0,0,0,2.033981478816421,-0.6284250026333821,-47.40795106800013,0.921250291723156
55581.0,0.0187,0.0288,0.9199,0,0,0,2.0316831731367917,-0.6391074942427986,-47.40795106800013,0.9205406780800076
55593.0,0.0165,0.0281,0.9176,0,0,0,2.0291004028485675,-0.6493116839717086,-47.40795106800013,0.918178424926223
55605.0,0.0184,0.0322,0.9137,0,0,0,2.0267991155979184,-0.659320441106713,-47.40795106800013,0.9144523443023151
55617.0,0.0172,0.0276,0.9158,0,0,0,2.0241683337266996,-0.66898171659928,-47.40795106800013,0.9163772367316857
55629.0,0.017,0.0275,0.9169,0,0,0,2.021235107953519,-0.6782894449199119,-47.40795106800013,0.9174698142173399
55641.0,0.0149,0.031,0.9189,0,0,0,2.0184696056355302,-0.6869996165776723,-47.40795106800013,0.9195434845617689
55653.0,0.0156,0.0267,0.9163,0,0,0,2.0153317099609933,-0.6952590532671116,-47.40795106800013,0.916821651140504
55665.0,0.0153,0.0277,0.9207,0,0,0,2.0119786222138174,-0.7030564865838258,-47.40795106800013,0.9212436539808564
55677.0,0.017,0.0276,0.9188,0,0,0,2.0084375980119527,-0.7106476321902339,-47.40795106800013,0.9193716332365275
55689.0,0.0172,0.0294,0.9154,0,0,0,2.004975955126319,-0.7180746327994019,-47.40795106800013,0.9160334928374617
55701.0,0.0187,0.0284,0.9156,0,0,0,2.001465577769105,-0.7255288287058126,-47.40795106800013,0.9162311989885522
55713.0,0.0156,0.0291,0.9153,0,0,0,1.9980079740343593,-0.7326057068867851,-47.40795106800013,0.9158953324479823
55725.0,0.0177,0.0299,0.9159,0,0,0,1.9947011243640125,-0.7395964690001093,-47.40795106800013,0.9165588415371924
55737.0,0.0171,0.0309,0.9152,0,0,0,1.9916615511093385,-0.7464240007095496,-47.40795106800013,0.9158811385763985
55749.0,0.0167,0.028,0.9135,0,0,0,1.9885086091070938,-0.7530479113682709,-47.40795106800013,0.9140815827922583
55761.0,0.0181,0.0302,0.9215,0,0,0,1.9855045210123072,-0.7596350770875157,-47.40795106800013,0.9221723808486134
55773.0,0.0172,0.0299,0.9214,0,0,0,1.982600694126192,-0.7660644359509489,-47.40795106800013,0.9220454489882807
55785.0,0.0167,0.0269,0.9198,0,0,0,1.9794233674400856,-0.7722831238609901,-47.40795106800013,0.9203447940853471
55797.0,0.0181,0.0302,0.9176,0,0,0,1.976431452443853,-0.7784835006043251,-47.40795106800013,0.9182752365168082
55809.0,0.0166,0.0303,0.9181,0,0,0,1.9736196420334,-0.7844669124366389,-47.40795106800013,0.9187498353741349
55821.0,0.0182,0.0297,0.917,0,0,0,1.9709017520154113,-0.7904493035681226,-47.40795106800013,0.9176613373134994
55833.0,0.015,0.0303,0.9158,0,0,0,1.9683520379595458,-0.7960221542827542,-47.40795106800013,0.9164238811816287
55845.0,0.016,0.0283,0.9122,0,0,0,1.9657205753638027,-0.801355761860835,-47.40795106800013,0.9127791244326308
55857.0,0.0178,0.0271,0.9149,0,0,0,1.9628614137596363,-0.806686261385848,-47.40795106800013,0.9154743360684667
55869.0,0.017,0.0276,0.9194,0,0,0,1.9598517496916055,-0.8118929377271021,-47.40795106800013,0.919971260420672
55881.0,0.0176,0.0302,0.9137,0,0,0,1.957062459322518,-0.8170682332223633,-47.40795106800013,0.9143683557516631
55893.0,0.0173,0.0284,0.9153,0,0,0,1.954242080231296,-0.8221643012526105,-47.40795106800013,0.9159038923380552
55905.0,0.019,0.0305,0.9171,0,0,0,1.9516548920672872,-0.8273885491703198,-47.40795106800013,0.9178037153988864
55917.0,0.016,0.0292,0.9169,0,0,0,1.9491172304120252,-0.8323409436047096,-47.40795106800013,0.9175043596626667
55929.0,0.0223,0.031,0.9197,0,0,0,1.9468413988124404,-0.8378241969623306,-47.40795106800013,0.9204924660202276
55941.0,0.0166,0.0298,0.9208,0,0,0,1.9446472209831172,-0.843049831686751,-47.40795106800013,0.9214316252441089
55953.0,0.0172,0.0287,0.9164,0,0,0,1.9424097405449248,-0.8481233125921986,-47.40795106800013,0.9170106269831337
55965.0,0.0177,0.0298,0.9176,0,0,0,1.9402709634065398,-0.8531120164524475,-47.40795106800013,0.9182543710759018
55977.0,0.0146,0.031,0.9142,0,0,0,1.9383871492956453,-0.8576368457288961,-47.40795106800013,0.914841953563565
55989.0,0.0176,0.0283,0.9177,0,0,0,1.9363807414836283,-0.8621099111031973,-47.40795106800013,0.9183049275703578
56001.0,0.0167,0.0312,0.9143,0,0,0,1.9346459260160442,-0.8664239436734239,-47.40795106800013,0.9149846009633168
56013.0,0.0184,0.032,0.9167,0,0,0,1.9332442560721323,-0.8707958401848915,-47.40795106800013,0.9174428865057487
56025.0,0.0131,0.0309,0.9121,0,0,0,1.9320210681797778,-0.8745583976063257,-47.40795106800013,0.9127172782411868
56037.0,0.0188,0.0302,0.9169,0,0,0,1.930850353283162,-0.8784772454155562,-47.40795106800013,0.9175898266654879
56049.0,0.0151,0.0286,0.9165,0,0,0,1.9295303399813306,-0.8820644938338533,-47.40795106800013,0.917070455308642
56061.0,0.0188,0.0302,0.9186,0,0,0,1.9282722948773028,-0.8858097244042906,-47.40795106800013,0.9192885510001743
56073.0,0.0203,0.0303,0.9154,0,0,0,1.927096810311566,-0.8898817321542886,-47.40795106800013,0.9161262685896524
56085.0,0.0178,0.03,0.9166,0,0,0,1.9259543382506739,-0.8939185277282048,-47.40795106800013,0.9172635390115536
56097.0,0.0206,0.0288,0.9191,0,0,0,1.9246830469335743,-0.8982600935255687,-47.40795106800013,0.9197818273916918
56109.0,0.017,0.0277,0.9155,0,0,0,1.9231782466711327,-0.9024205671220499,-47.40795106800013,0.9160767107617134
56121.0,0.0187,0.0321,0.9191,0,0,0,1.9220051310085042,-0.9066167118600204,-47.40795106800013,0.9198504824154847
56133.0,0.0181,0.0288,0.921,0,0,0,1.9207072999610026,-0.910756315462554,-47.40795106800013,0.921627934689482
56145.0,0.019,0.0297,0.9186,0,0,0,1.9194240568636247,-0.9149559547436797,-47.40795106800013,0.9192763730239127
56157.0,0.0195,0.0303,0.9187,0,0,0,1.9182306458133687,-0.9192622855549608,-47.40795106800013,0.9194063465084412
56169.0,0.0166,0.0293,0.9176,0,0,0,1.9169987961165884,-0.9232947513185743,-47.40795106800013,0.9182177356161227
56181.0,0.0179,0.032,0.9166,0,0,0,1.9160762557375213,-0.9272423395152501,-47.40795106800013,0.9173330747334906
56193.0,0.0149,0.0287,0.9193,0,0,0,1.9150060062304866,-0.9307260882025871,-47.40795106800013,0.9198685721340848
56205.0,0.0175,0.0294,0.9149,0,0,0,1.9139125760457139,-0.9341289467156423,-47.40795106800013,0.9155395239966433
56217.0,0.0184,0.0288,0.9133,0,0,0,1.9127323835993701,-0.9375699185126861,-47.40795106800013,0.9139392157031013
56229.0,0.0166,0.0304,0.9187,0,0,0,1.9116559890788707,-0.9407998066599783,-47.40795106800013,0.9193527125102747
56241.0,0.0177,0.0295,0.9169,0,0,0,1.9105681737091416,-0.9439787863463104,-47.40795106800013,0.9175451759995255
56253.0,0.0156,0.0312,0.9177,0,0,0,1.9096815244803442,-0.9468423083348063,-47.40795106800013,0.9183627224577443
56265.0,0.0176,0.0299,0.9196,0,0,0,1.9088039682983604,-0.9496671666307586,-47.40795106800013,0.9202542746436987
56277.0,0.0181,0.0328,0.9198,0,0,0,1.9082970248785902,-0.9525142057719594,-47.40795106800013,0.9205625942867762
56289.0,0.016,0.0295,0.9209,0,0,0,1.9077020087401992,-0.9551104040459144,-47.40795106800013,0.9215112913035847
56301.0,0.0187,0.0305,0.9171,0,0,0,1.9071705389576001,-0.9578261269670478,-47.40795106800013,0.9177975539300592
56313.0,0.0188,0.0288,0.9142,0,0,0,1.9064960218312843,-0.9606612940475807,-47.40795106800013,0.9148467194016712
56325.0,0.0211,0.0303,0.9155,0,0,0,1.9058782577030258,-0.963880329362257,-47.40795106800013,0.9162442632835416
56337.0,0.0156,0.0302,0.9226,0,0,0,1.905270751991614,-0.9667276010664376,-47.40795106800013,0.9232259528414483
56349.0,0.0173,0.0305,0.917,0,0,0,1.9047336487556528,-0.969467094726672,-47.40795106800013,0.9176701695053622
56361.0,0.0178,0.0305,0.917,0,0,0,1.9042596843156863,-0.9721684531218757,-47.40795106800013,0.9176797317147198
56373.0,0.02,0.03,0.9156,0,0,0,1.9037855597436089,-0.9751088217820219,-47.40795106800013,0.9163096419879035
56385.0,0.0183,0.0316,0.9225,0,0,0,1.9034836150121686,-0.9780250798396843,-47.40795106800013,0.9232224542329979
56397.0,0.0148,0.0311,0.9198,0,0,0,1.9032830789676938,-0.9804841522751138,-47.40795106800013,0.9204446153897582
56409.0,0.0155,0.032,0.9169,0,0,0,1.9032964692374919,-0.9826293849496477,-47.40795106800013,0.917589156431134
56421.0,0.0186,0.0284,0.9189,0,0,0,1.9030412485632624,-0.9848755454998204,-47.40795106800013,0.9195269055334923
56433.0,0.0175,0.0306,0.9222,0,0,0,1.9028103823087026,-0.9870611154981118,-47.40795106800013,0.9228734745348357
56445.0,0.0182,0.0302,0.9174,0,0,0,1.902571302675684,-0.9892876198224688,-47.40795106800013,0.9180773605748047
56457.0,0.0153,0.0315,0.9163,0,0,0,1.9024922390640928,-0.9911866458675604,-47.40795106800013,0.9169689362241231
56469.0,0.0161,0.0306,0.9181,0,0,0,1.9024348241853108,-0.9928885298982805,-47.40795106800013,0.9187508802716872
56481.0,0.0203,0.0312,0.9159,0,0,0,1.9024801926705814,-0.9949423586290277,-47.40795106800013,0.9166560641811082
56493.0,0.02,0.0289,0.9163,0,0,0,1.9023277293831529,-0.9972642434339588,-47.40795106800013,0.9169737727983281
56505.0,0.0168,0.0309,0.9175,0,0,0,1.9022457482010018,-0.9994156647200555,-47.40795106800013,0.9181738942052317
56517.0,0.0161,0.0303,0.9182,0,0,0,1.9021484422317032,-1.001323385553861,-47.40795106800013,0.9188408676152797
56529.0,0.0171,0.0311,0.921,0,0,0,1.902125900792559,-1.0031305058561326,-47.40795106800013,0.9216835791094469
56541.0,0.0161,0.032,0.9214,0,0,0,1.9022798692772127,-1.0047196505432816,-47.40795106800013,0.9220960741701485
56553.0,0.0181,0.0272,0.9138,0,0,0,1.9020222566039007,-1.0063808261258445,-47.40795106800013,0.9143838854660552
56565.0,0.0195,0.0302,0.9207,0,0,0,1.9017474896302617,-1.008260531061455,-47.40795106800013,0.9214015302787378
56577.0,0.0162,0.0302,0.9198,0,0,0,1.9014621072445852,-1.0099196773531003,-47.40795106800013,0.920438221718329
56589.0,0.0189,0.03,0.9198,0,0,0,1.9011428066541192,-1.0117177323639097,-47.40795106800013,0.9204831611713491
56601.0,0.0188,0.0288,0.9156,0,0,0,1.9006618978464545,-1.0136323182153744,-47.40795106800013,0.9162457312315294
56613.0,0.019,0.031,0.9181,0,0,0,1.9003033354584211,-1.015664821667773,-47.40795106800013,0.9188196830717114
56625.0,0.0161,0.0304,0.9164,0,0,0,1.8999858200211854,-1.017439583068234,-47.40795106800013,0.9170454350794185
56637.0,0.017,0.0321,0.9174,0,0,0,1.8999129165735005,-1.0190933106234703,-47.40795106800013,0.9181188212862211
56649.0,0.0208,0.0287,0.9147,0,0,0,1.8996428155401568,-1.0211177580367203,-47.40795106800013,0.9153864866819915
56661.0,0.0184,0.0305,0.9165,0,0,0,1.8994165508392942,-1.0231612919948945,-47.40795106800013,0.9171919428342139
56673.0,0.015,0.031,0.9161,0,0,0,1.8992937039458304,-1.024794039040298,-47.40795106800013,0.9167470807152865
56685.0,0.0173,0.0295,0.9156,0,0,0,1.8990770653947278,-1.02634953029275,-47.40795106800013,0.9162384514961157
56697.0,0.0182,0.0302,0.9159,0,0,0,1.8988641552576941,-1.0279454504813983,-47.40795106800013,0.9165784690903448
56709.0,0.0154,0.0293,0.9149,0,0,0,1.8985469544559774,-1.0292264559938207,-47.40795106800013,0.9154985854713267
56721.0,0.0183,0.0311,0.9165,0,0,0,1.8983562732983776,-1.0305855900006624,-47.40795106800013,0.9172100904373
56733.0,0.0161,0.03,0.9142,0,0,0,1.898149891954256,-1.0317415023775816,-47.40795106800013,0.9148337827168387
56745.0,0.0193,0.0306,0.9154,0,0,0,1.8979998055923117,-1.0331129221008049,-47.40795106800013,0.9161146271073287
56757.0,0.0166,0.0314,0.9176,0,0,0,1.897990708413599,-1.0343289591055782,-47.40795106800013,0.9182871446339647
56769.0,0.0182,0.032,0.9164,0,0,0,1.8981857224294902,-1.035608358740971,-47.40795106800013,0.917139138844265
56781.0,0.0166,0.0303,0.9203,0,0,0,1.8983320352041495,-1.0367318293356491,-47.40795106800013,0.9209482830213649
56793.0,0.0178,0.0292,0.915,0,0,0,1.898319698739965,-1.0378781129559191,-47.40795106800013,0.9156388370968108
56805.0,0.0194,0.0284,0.9139,0,0,0,1.8980719047911063,-1.0392448595931587,-47.40795106800013,0.9145469534146402
56817.0,0.0179,0.0282,0.9178,0,0,0,1.8975760108700543,-1.0406064840624045,-47.40795106800013,0.9184075838101512
56829.0,0.0198,0.0292,0.9158,0,0,0,1.8969951869580135,-1.0422031665231026,-47.40795106800013,0.9164793069131457
56841.0,0.0137,0.033,0.917,0,0,0,1.8968107023014118,-1.0432386901826938,-47.40795106800013,0.9176958592039086
56853.0,0.0176,0.0289,0.92,0,0,0,1.8964516010616095,-1.0442574770380662,-47.40795106800013,0.9206220560034395
56865.0,0.0187,0.0278,0.9177,0,0,0,1.8958113166765838,-1.0454023627171072,-47.40795106800013,0.9183113959872217
56877.0,0.0187,0.0277,0.9153,0,0,0,1.8949215484654507,-1.0466619553368979,-47.40795106800013,0.9159099682829094
56889.0,0.0194,0.0294,0.9153,0,0,0,1.8940256312092565,-1.048107716453144,-47.40795106800013,0.9159775160996039
56901.0,0.0175,0.027,0.9138,0,0,0,1.8928325215068462,-1.049481036940057,-47.40795106800013,0.9143662778121249
56913.0,0.0178,0.0287,0.9156,0,0,0,1.8915846788104866,-1.050820819595516,-47.40795106800013,0.9162226203276145
56925.0,0.0148,0.0323,0.9154,0,0,0,1.8907417852005586,-1.0517537538709087,-47.40795106800013,0.9160892369196354
56937.0,0.0183,0.0264,0.9186,0,0,0,1.8895076808730673,-1.0527558489489037,-47.40795106800013,0.9191614711246332
56949.0,0.0192,0.0284,0.9165,0,0,0,1.8881891705845049,-1.0539344590426416,-47.40795106800013,0.9171409106565904
56961.0,0.0192,0.0276,0.9143,0,0,0,1.8867076415934452,-1.055271774796411,-47.40795106800013,0.9149179690005
56973.0,0.0188,0.031,0.9166,0,0,0,1.8855008954425887,-1.056690794363955,-47.40795106800013,0.917316739190995
56985.0,0.0168,0.0295,0.9202,0,0,0,1.8843373551234923,-1.0579202271196664,-47.40795106800013,0.9208260041940606
56997.0,0.0201,0.0294,0.918,0,0,0,1.8832102583084167,-1.0593977448729808,-47.40795106800013,0.9186905735883002
57009.0,0.0184,0.0299,0.9174,0,0,0,1.8821824944299008,-1.0608801588648766,-47.40795106800013,0.9180715277144804
57021.0,0.0208,0.0284,0.916,0,0,0,1.881062534016233,-1.0626672556762726,-47.40795106800013,0.9166761696477115
57033.0,0.0201,0.0292,0.9139,0,0,0,1.879971773991013,-1.0646374100478515,-47.40795106800013,0.9145872621024196
57045.0,0.0175,0.0309,0.9183,0,0,0,1.8791038992067983,-1.0664290687838125,-47.40795106800013,0.9189863709544337
57057.0,0.0175,0.0306,0.9139,0,0,0,1.8784145117660969,-1.068070778340631,-47.40795106800013,0.9145795864767593
57069.0,0.0161,0.0264,0.9171,0,0,0,1.8773466931601746,-1.069393924870658,-47.40795106800013,0.917621152764037
57081.0,0.0184,0.0309,0.9147,0,0,0,1.8765186476990372,-1.070726889355117,-47.40795106800013,0.9154067183498272
57093.0,0.0175,0.0308,0.9188,0,0,0,1.8758748961773413,-1.0719432035538028,-47.40795106800013,0.9194826425767917
57105.0,0.0182,0.0292,0.9177,0,0,0,1.8751995131923094,-1.0731444204055176,-47.40795106800013,0.9183447990814779
57117.0,0.0181,0.0321,0.9175,0,0,0,1.8748604512557712,-1.07431791589304,-47.40795106800013,0.9182397671632393
57129.0,0.0201,0.0287,0.9139,0,0,0,1.874408586198554,-1.0757234803142866,-47.40795106800013,0.9145714351541929
57141.0,0.0178,0.0303,0.9138,0,0,0,1.874058526323619,-1.077043749154907,-47.40795106800013,0.914475461671881
57153.0,0.0198,0.0283,0.9178,0,0,0,1.8735328201391708,-1.0785261802518087,-47.40795106800013,0.918449655669814
57165.0,0.0161,0.0295,0.9188,0,0,0,1.8729994244007748,-1.0796837024413328,-47.40795106800013,0.9194144332127923
57177.0,0.0176,0.0303,0.9144,0,0,0,1.8725778241588682,-1.0807507552391489,-47.40795106800013,0.9150711502391494
57189.0,0.0211,0.0316,0.9178,0,0,0,1.8724040050670714,-1.0821648995068434,-47.40795106800013,0.9185862017252381
57201.0,0.017,0.0284,0.9181,0,0,0,1.8720485947116605,-1.0833691606614182,-47.40795106800013,0.918696451500712
57213.0,0.0168,0.0299,0.9171,0,0,0,1.8717250930596565,-1.084363432251147,-47.40795106800013,0.9177410636993422
57225.0,0.0197,0.0289,0.9189,0,0,0,1.8712980476208674,-1.0855283809942895,-47.40795106800013,0.9195653919107657
57237.0,0.0156,0.0298,0.9172,0,0,0,1.8709000704008556,-1.0863335569485473,-47.40795106800013,0.9178165611929215
57249.0,0.017,0.0299,0.9167,0,0,0,1.8705429134925013,-1.0869959218793281,-47.40795106800013,0.9173450277839849
57261.0,0.0165,0.0276,0.9188,0,0,0,1.8699270060241748,-1.0874634470401394,-47.40795106800013,0.9193625237086837
57273.0,0.0192,0.0295,0.9159,0,0,0,1.8693326811577278,-1.0881024947168454,-47.40795106800013,0.9165760743113471
57285.0,0.0175,0.0316,0.9174,0,0,0,1.8690147900588978,-1.0886755525958745,-47.40795106800013,0.9181108702112181
57297.0,0.0165,0.0289,0.9181,0,0,0,1.8686016306477622,-1.089062668045807,-47.40795106800013,0.9187029280458401
57309.0,0.0159,0.031,0.9198,0,0,0,1.8683604936879872,-1.0892060483375374,-47.40795106800013,0.9204595862937166
57321.0,0.0153,0.0288,0.9181,0,0,0,1.8680039881929287,-1.089063392660359,-47.40795106800013,0.9186790190267763
57333.0,0.017,0.0317,0.9128,0,0,0,1.8679295753373242,-1.0888934907206984,-47.40795106800013,0.9135084728671102
57345.0,0.0181,0.0284,0.9146,0,0,0,1.8676849360653986,-1.0888330792931664,-47.40795106800013,0.9152198260527358
57357.0,0.016,0.0302,0.9183,0,0,0,1.8675005076400368,-1.0885982556090765,-47.40795106800013,0.9189357594522046
57369.0,0.0181,0.0293,0.9149,0,0,0,1.8672708042608157,-1.0884804587477357,-47.40795106800013,0.9155479834503487
57381.0,0.019,0.0291,0.9177,0,0,0,1.8669652616614791,-1.0885719632311512,-47.40795106800013,0.9183578278644986
57393.0,0.0197,0.0304,0.9169,0,0,0,1.8667589046727497,-1.0889372312352068,-47.40795106800013,0.9176153115549022
57405.0,0.0159,0.0331,0.9189,0,0,0,1.866969595701584,-1.0890636750025373,-47.40795106800013,0.9196334215327323
57417.0,0.0209,0.03,0.9163,0,0,0,1.867170968023331,-1.089610074741991,-47.40795106800013,0.9170291707464926
57429.0,0.0192,0.0317,0.9181,0,0,0,1.8675686419121769,-1.0903090417284047,-47.40795106800013,0.9188477240544267
57441.0,0.0168,0.03,0.9172,0,0,0,1.8679303781667895,-1.0908435923952737,-47.40795106800013,0.9178442569412307
57453.0,0.0156,0.0312,0.916,0,0,0,1.8684144847627329,-1.0910850630311628,-47.40795106800013,0.9166639515111304
57465.0,0.0197,0.031,0.9149,0,0,0,1.8689848345951303,-1.0915823985857487,-47.40795106800013,0.9156369913890549
57477.0,0.0171,0.0315,0.9176,0,0,0,1.869681580841813,-1.0919730384809236,-47.40795106800013,0.9182997440923089
57489.0,0.0159,0.0305,0.9176,0,0,0,1.870363677378881,-1.0921188938625301,-47.40795106800013,0.9182444227982003
57501.0,0.0166,0.032,0.9208,0,0,0,1.8712053035423688,-1.0921284084221137,-47.40795106800013,0.9215053987904791
57513.0,0.0178,0.032,0.9191,0,0,0,1.8721928378528825,-1.0921715939609418,-47.40795106800013,0.9198291417431826
57525.0,0.0171,0.0292,0.918,0,0,0,1.8729624714457,-1.0921596157432352,-47.40795106800013,0.9186234538699739
57537.0,0.0192,0.0302,0.9185,0,0,0,1.8736608725388972,-1.092359969928596,-47.40795106800013,0.9191968940330466
57549.0,0.0176,0.0311,0.9169,0,0,0,1.874414076946803,-1.0925512939801125,-47.40795106800013,0.9175960876115373
57561.0,0.0187,0.0303,0.9169,0,0,0,1.875114245786277,-1.092871604040159,-47.40795106800013,0.9175910799479254
57573.0,0.0153,0.0295,0.9156,0,0,0,1.8756720968499985,-1.0928836384752671,-47.40795106800013,0.9162028705477843
57585.0,0.0178,0.0292,0.9177,0,0,0,1.876056958451037,-1.0929308748476319,-47.40795106800013,0.9183369588555172
57597.0,0.0204,0.028,0.9163,0,0,0,1.8761443079053695,-1.0933371076543916,-47.40795106800013,0.916954660820261
57609.0,0.0181,0.0314,0.9174,0,0,0,1.876388944761007,-1.0937692966271775,-47.40795106800013,0.9181156408644828
57621.0,0.0164,0.0303,0.92,0,0,0,1.8766240142755104,-1.0940049529457176,-47.40795106800013,0.9206449098322328
57633.0,0.0212,0.0309,0.9164,0,0,0,1.8769394416153595,-1.0946748233588952,-47.40795106800013,0.9171658574107521
57645.0,0.0193,0.031,0.9177,0,0,0,1.8773323881281383,-1.095485946949375,-47.40795106800013,0.9184262518025059
57657.0,0.0183,0.0317,0.9138,0,0,0,1.877896494895165,-1.0963048340690573,-47.40795106800013,0.9145327878211912
57669.0,0.0188,0.0299,0.9172,0,0,0,1.8783717253511123,-1.0971829656722838,-47.40795106800013,0.9178797797097396
57681.0,0.0172,0.0294,0.9187,0,0,0,1.8786991643484676,-1.0979080464315307,-47.40795106800013,0.9193312188759827
57693.0,0.0194,0.0298,0.9208,0,0,0,1.8789367104482184,-1.0987661969743319,-47.40795106800013,0.921486321113884
57705.0,0.0146,0.0315,0.9183,0,0,0,1.8793172182195375,-1.0991470040230802,-47.40795106800013,0.9189560925310849
57717.0,0.0165,0.0308,0.9137,0,0,0,1.8797546285784439,-1.0993543562513801,-47.40795106800013,0.9143678581402563
57729.0,0.0179,0.0309,0.9202,0,0,0,1.8802268129620174,-1.0995673476464811,-47.40795106800013,0.9208926430371784
57741.0,0.0171,0.0289,0.9176,0,0,0,1.8804901004013304,-1.0996913021759407,-47.40795106800013,0.9182142342612643
57753.0,0.02,0.0295,0.9186,0,0,0,1.8806391066914603,-1.100096067839705,-47.40795106800013,0.9192911453941021
57765.0,0.0205,0.0299,0.9143,0,0,0,1.880754534205366,-1.100820693055526,-47.40795106800013,0.9150184424370911
57777.0,0.0181,0.0306,0.9143,0,0,0,1.8809276484319009,-1.101526407382704,-47.40795106800013,0.9149909617039941
57789.0,0.0176,0.0316,0.9141,0,0,0,1.8812770329306285,-1.10215204905639,-47.40795106800013,0.9148153529538079
57801.0,0.0166,0.0312,0.9148,0,0,0,1.8817285138708284,-1.102579076980354,-47.40795106800013,0.9154824083509195
57813.0,0.0176,0.0304,0.9187,0,0,0,1.8821530095688181,-1.1029454679363073,-47.40795106800013,0.91937131236514
57825.0,0.0187,0.0311,0.9154,0,0,0,1.8826538502362624,-1.1034031800580493,-47.40795106800013,0.9161190206517927
57837.0,0.0183,0.0298,0.9156,0,0,0,1.8830579205156912,-1.10389006174462,-47.40795106800013,0.9162675864615095
57849.0,0.0186,0.03,0.9161,0,0,0,1.883398694540872,-1.1044379680965437,-47.40795106800013,0.9167797827177473
57861.0,0.0187,0.0291,0.9188,0,0,0,1.883559424136013,-1.105044422232009,-47.40795106800013,0.919450890477572
57873.0,0.0164,0.0306,0.9153,0,0,0,1.8837629557884001,-1.1054225221986478,-47.40795106800013,0.915958192277355
57885.0,0.0195,0.0306,0.9199,0,0,0,1.8839845909972301,-1.1059745003216785,-47.40795106800013,0.9206153485576917
57897.0,0.0179,0.0295,0.92,0,0,0,1.8840842025682887,-1.1064785564574766,-47.40795106800013,0.9206468704123205
57909.0,0.0203,0.0305,0.9159,0,0,0,1.8842174771268427,-1.1072492224525634,-47.40795106800013,0.9166325054240658
57921.0,0.0171,0.0315,0.9189,0,0,0,1.8844928484773724,-1.1078463858119112,-47.40795106800013,0.9195987548925891
57933.0,0.0182,0.0283,0.9147,0,0,0,1.8845109205635056,-1.1084371314356125,-47.40795106800013,0.9153186439705027
57945.0,0.017,0.0287,0.9186,0,0,0,1.8843359847913943,-1.1088614951950027,-47.40795106800013,0.9192054449360056
57957.0,0.0178,0.0303,0.9133,0,0,0,1.8842124570516932,-1.1092512402807444,-47.40795106800013,0.9139758311903001
57969.0,0.0192,0.0288,0.9169,0,0,0,1.8839324386022605,-1.1097757237162496,-47.40795106800013,0.9175530992809081
57981.0,0.0161,0.0317,0.9172,0,0,0,1.8838759924557273,-1.1100299405025087,-47.40795106800013,0.9178888494801536
57993.0,0.0205,0.0315,0.9183,0,0,0,1.8839869825755444,-1.1105922668234025,-47.40795106800013,0.919068762389409
58005.0,0.0173,0.0336,0.9152,0,0,0,1.884520595199483,-1.111033112032815,-47.40795106800013,0.9159799615712125
58017.0,0.0171,0.0326,0.9146,0,0,0,1.8853037119242801,-1.1113423737943793,-47.40795106800013,0.9153405541108729
58029.0,0.0193,0.0326,0.9165,0,0,0,1.8862972317709241,-1.11180520444795,-47.40795106800013,0.9172826718084235
58041.0,0.0164,0.0275,0.9138,0,0,0,1.886849074987799,-1.112046754559521,-47.40795106800013,0.9143607876544138
58053.0,0.0177,0.0284,0.9181,0,0,0,1.8871045449446422,-1.1122445704895325,-47.40795106800013,0.9187096712237224
58065.0,0.0173,0.0295,0.9198,0,0,0,1.8872285498928905,-1.1123493003444203,-47.40795106800013,0.9204355382100367
58077.0,0.0159,0.0319,0.9166,0,0,0,1.8875493037809126,-1.1122046211283445,-47.40795106800013,0.9172927449838464
58089.0,0.0166,0.0308,0.9198,0,0,0,1.8878922998285106,-1.1119200423975035,-47.40795106800013,0.920465230196122
58101.0,0.0166,0.0304,0.9193,0,0,0,1.8882063822330006,-1.1115139106999412,-47.40795106800013,0.9199522868062234
58113.0,0.0194,0.032,0.9146,0,0,0,1.888713276550666,-1.1113623166879019,-47.40795106800013,0.9153652385796611
58125.0,0.0157,0.0294,0.9176,0,0,0,1.8890525973719003,-1.1109662121939803,-47.40795106800013,0.9182051023600337
58137.0,0.0197,0.0304,0.9156,0,0,0,1.8893762197685433,-1.1108596794913586,-47.40795106800013,0.9163163263851627
58149.0,0.0192,0.0317,0.9163,0,0,0,1.8898447423448417,-1.1109446651806527,-47.40795106800013,0.9170491917012957
58161.0,0.0162,0.031,0.9176,0,0,0,1.8903475875124016,-1.110820468662813,-47.40795106800013,0.9182664101446812
58173.0,0.0182,0.033,0.9192,0,0,0,1.8911224021085378,-1.110758013791805,-47.40795106800013,0.9199722169717953
58185.0,0.0194,0.031,0.9185,0,0,0,1.8918887728524798,-1.1109016581291193,-47.40795106800013,0.919227724777707
58197.0,0.0189,0.0298,0.9175,0,0,0,1.8925007001005345,-1.1111667645686343,-47.40795106800013,0.9181783595794446
58209.0,0.0172,0.0299,0.9136,0,0,0,1.8930040900957303,-1.1113357068669467,-47.40795106800013,0.9142509557008951
58221.0,0.0167,0.0308,0.915,0,0,0,1.8935172285007866,-1.111353550381015,-47.40795106800013,0.9156705357277802
58233.0,0.0139,0.0295,0.9131,0,0,0,1.8938837718245107,-1.110892617142539,-47.40795106800013,0.9136821493276532
58245.0,0.0166,0.0325,0.9204,0,0,0,1.8944641473239083,-1.1103303652972063,-47.40795106800013,0.921123211085249
58257.0,0.0155,0.0319,0.9167,0,0,0,1.8951725683908602,-1.1095512111697912,-47.40795106800013,0.9173858239584913
58269.0,0.0186,0.0278,0.918,0,0,0,1.8954750468953263,-1.108966584822483,-47.40795106800013,0.9186091660766291
58281.0,0.0177,0.0271,0.9137,0,0,0,1.8953493676989472,-1.1084523916143607,-47.40795106800013,0.9142731484627555
58293.0,0.0162,0.0348,0.9185,0,0,0,1.8957878291218835,-1.1078025915495884,-47.40795106800013,0.9193017622086884
58305.0,0.0164,0.0278,0.9167,0,0,0,1.8958565465747015,-1.107063725942586,-47.40795106800013,0.9172680578762131
58317.0,0.0135,0.0305,0.9186,0,0,0,1.8959284189394412,-1.105881073197622,-47.40795106800013,0.9192053415858722
58329.0,0.0156,0.0302,0.9183,0,0,0,1.8959665700409145,-1.1045725011186598,-47.40795106800013,0.9189288819054497
58341.0,0.0154,0.0298,0.9196,0,0,0,1.895919651513061,-1.1031276177026457,-47.40795106800013,0.9202115843652481
58353.0,0.0188,0.0314,0.9143,0,0,0,1.896019083697274,-1.1020020393490086,-47.40795106800013,0.9150321797620016
58365.0,0.0172,0.0317,0.9155,0,0,0,1.8962800574950451,-1.1009578279962118,-47.40795106800013,0.9162101178223256
58377.0,0.0181,0.0298,0.9191,0,0,0,1.8964308358993014,-1.1000916432637295,-47.40795106800013,0.9197610885441937
58389.0,0.0183,0.0309,0.9113,0,0,0,1.8966537928483707,-1.099427259972126,-47.40795106800013,0.912007340979227
58401.0,0.0143,0.03,0.9155,0,0,0,1.8968104624190432,-1.0984325420802155,-47.40795106800013,0.9161030182244789
58413.0,0.0166,0.028,0.9185,0,0,0,1.8966460164773484,-1.0974290590455564,-47.40795106800013,0.9190766072531712
58425.0,0.0184,0.0311,0.9181,0,0,0,1.8965872892212874,-1.0966456900639858,-47.40795106800013,0.9188108510460682
58437.0,0.0182,0.0326,0.9186,0,0,0,1.8968070552762883,-1.096031823589059,-47.40795106800013,0.9193584502249381
58449.0,0.0204,0.0311,0.9176,0,0,0,1.8970887248644275,-1.0958457878578927,-47.40795106800013,0.9183534885870472
58461.0,0.0198,0.0304,0.9196,0,0,0,1.8973287940587757,-1.0959576696072972,-47.40795106800013,0.9203153589938614
58473.0,0.0165,0.0309,0.9205,0,0,0,1.8975905936017345,-1.095917804974397,-47.40795106800013,0.9211662770640271
58485.0,0.0187,0.0288,0.918,0,0,0,1.8976193472826266,-1.096024818726864,-47.40795106800013,0.9186420031764279
58497.0,0.0175,0.0304,0.9175,0,0,0,1.89764421277865,-1.0961125627189487,-47.40795106800013,0.9181702783253224
58509.0,0.0164,0.0288,0.9183,0,0,0,1.897462843478094,-1.0960439125536696,-47.40795106800013,0.9188978670124336
58521.0,0.0177,0.0286,0.9203,0,0,0,1.8970667432473345,-1.0959949736461667,-47.40795106800013,0.9209144042743603
58533.0,0.0155,0.0328,0.9163,0,0,0,1.8970223163210405,-1.0956984622293986,-47.40795106800013,0.91701787332636
58545.0,0.0184,0.028,0.9216,0,0,0,1.8966677006992678,-1.095533560626844,-47.40795106800013,0.9222088266764746
58557.0,0.0194,0.0287,0.9181,0,0,0,1.896141807152757,-1.0956180702167082,-47.40795106800013,0.9187533183613543
58569.0,0.0195,0.031,0.915,0,0,0,1.8957652436421515,-1.0959423748243509,-47.40795106800013,0.9157326301928964
58581.0,0.0153,0.0311,0.916,0,0,0,1.8955299253142777,-1.0959509532930582,-47.40795106800013,0.916655496901644
58593.0,0.019,0.0304,0.9167,0,0,0,1.895329219171415,-1.0961411949785709,-47.40795106800013,0.9174007030736351
58605.0,0.0184,0.0309,0.9186,0,0,0,1.8952140465794394,-1.096411809245796,-47.40795106800013,0.9193037202143804
58617.0,0.0157,0.0294,0.9178,0,0,0,1.8949909723819902,-1.0964176702632398,-47.40795106800013,0.9184049705875943
58629.0,0.0179,0.0328,0.9207,0,0,0,1.8950850248141415,-1.0964576830057216,-47.40795106800013,0.9214579426105133
58641.0,0.0161,0.0288,0.916,0,0,0,1.8949793507701391,-1.0963143216701452,-47.40795106800013,0.9165940486387636
58653.0,0.0186,0.03,0.9152,0,0,0,1.8948504146374245,-1.0963234438539842,-47.40795106800013,0.9158804507139565
58665.0,0.0181,0.0317,0.9139,0,0,0,1.8949187195765123,-1.0964077897855777,-47.40795106800013,0.9146287279546822
58677.0,0.0164,0.0316,0.9182,0,0,0,1.8951307825897785,-1.09633571976666,-47.40795106800013,0.9188899607678821
58689.0,0.0155,0.0305,0.9181,0,0,0,1.8953324439381725,-1.0960137169464836,-47.40795106800013,0.9187372366460391
58701.0,0.0166,0.0297,0.9174,0,0,0,1.895427541372004,-1.0956109438933985,-47.40795106800013,0.9180307238867336
58713.0,0.0209,0.0276,0.9167,0,0,0,1.8951690056557635,-1.0956763534286065,-47.40795106800013,0.9173535087413139
58725.0,0.0199,0.0312,0.917,0,0,0,1.8950470651210696,-1.0960290067987601,-47.40795106800013,0.917746397432319
58737.0,0.0155,0.0327,0.9183,0,0,0,1.8952279666659426,-1.0960817124654838,-47.40795106800013,0.9190127474632765
58749.0,0.021,0.0319,0.9207,0,0,0,1.8955653261658456,-1.0965506586166285,-47.40795106800013,0.9214917796703342
58761.0,0.0173,0.0293,0.9181,0,0,0,1.8957268457735639,-1.096930160697345,-47.40795106800013,0.9187303140748105
58773.0,0.0167,0.0278,0.9229,0,0,0,1.8955262592930653,-1.097143550528458,-47.40795106800013,0.923469620507356
58785.0,0.0183,0.0308,0.9159,0,0,0,1.895409387965461,-1.0974265776009997,-47.40795106800013,0.9166004254853912
58797.0,0.016,0.0304,0.9196,0,0,0,1.8953017049211416,-1.0974745696160944,-47.40795106800013,0.9202414465780163
58809.0,0.0177,0.0312,0.9176,0,0,0,1.8953101525841183,-1.0975320776583326,-47.40795106800013,0.918300871174584
58821.0,0.0179,0.0306,0.9161,0,0,0,1.8953524049294903,-1.097626420322312,-47.40795106800013,0.9167856783349094
58833.0,0.016,0.0303,0.9175,0,0,0,1.89538135981142,-1.0975125928665117,-47.40795106800013,0.9181396081206823
58845.0,0.0193,0.0303,0.9139,0,0,0,1.8954131309037625,-1.0976358784481233,-47.40795106800013,0.9146058112651593
58857.0,0.0183,0.0295,0.9196,0,0,0,1.895324094706744,-1.0978295627691692,-47.40795106800013,0.9202550190028849
58869.0,0.0182,0.0299,0.9175,0,0,0,1.8951872450544047,-1.0980775216508516,-47.40795106800013,0.9181674683847169
58881.0,0.0171,0.0315,0.9177,0,0,0,1.8952073018717908,-1.0982350644218428,-47.40795106800013,0.9183996679006369
58893.0,0.0189,0.0283,0.9197,0,0,0,1.894958289615375,-1.0985323791599348,-47.40795106800013,0.920329392120017
58905.0,0.0188,0.0315,0.9185,0,0,0,1.8948764161516156,-1.0989427711492807,-47.40795106800013,0.9192322557438897
58917.0,0.0154,0.0281,0.9149,0,0,0,1.8945332098764571,-1.0990364611046215,-47.40795106800013,0.9154609658527227
58929.0,0.0182,0.027,0.91,0,0,0,1.893842432970111,-1.099211917882471,-47.40795106800013,0.9105823631061608
58941.0,0.0179,0.0339,0.9175,0,0,0,1.8936770953469095,-1.099403603804579,-47.40795106800013,0.9183005335945308
58953.0,0.0195,0.0317,0.9156,0,0,0,1.8937086012723712,-1.0998137257562406,-47.40795106800013,0.9163560989047871
58965.0,0.0221,0.0243,0.9088,0,0,0,1.8930171713233952,-1.1007576446023186,-47.40795106800013,0.9093933912229625
58977.0,0.0178,0.0273,0.9146,0,0,0,1.892040527965731,-1.1016186609187235,-47.40795106800013,0.9151804685415876
58989.0,0.017,0.03,0.9126,0,0,0,1.891159776747236,-1.1023097104554074,-47.40795106800013,0.9132512031199301
59001.0,0.0176,0.0284,0.9163,0,0,0,1.8901504168245757,-1.102915311412183,-47.40795106800013,0.9169089431344859
59013.0,0.0155,0.0331,0.9147,0,0,0,1.8896237846580375,-1.1031855454214805,-47.40795106800013,0.9154299263187761
59025.0,0.0186,0.0315,0.9156,0,0,0,1.8893200838182405,-1.1035450851108317,-47.40795106800013,0.9163304916895432
59037.0,0.0208,0.0303,0.9154,0,0,0,1.8890642450427717,-1.1042584212905282,-47.40795106800013,0.9161374842238472
59049.0,0.0168,0.0316,0.915,0,0,0,1.889015614312633,-1.1047828998841778,-47.40795106800013,0.9156996232389746
59061.0,0.0198,0.0298,0.9149,0,0,0,1.888924988652418,-1.1055153808477065,-47.40795106800013,0.915599306465443
59073.0,0.0182,0.0302,0.9163,0,0,0,1.88884188294332,-1.1062261666269926,-47.40795106800013,0.9169781731317272
59085.0,0.015,0.031,0.9181,0,0,0,1.8888584114647045,-1.106511643413772,-47.40795106800013,0.91874567209865
59097.0,0.0175,0.0309,0.9189,0,0,0,1.8889467357165537,-1.1067323055162108,-47.40795106800013,0.9195859231197486
59109.0,0.0177,0.0314,0.9148,0,0,0,1.8891775815098868,-1.1069303848441494,-47.40795106800013,0.9155098524865802
59121.0,0.0206,0.0294,0.918,0,0,0,1.8892703243360183,-1.107462943669467,-47.40795106800013,0.9187016490678571
59133.0,0.0203,0.0288,0.9194,0,0,0,1.889160462459217,-1.108248310782236,-47.40795106800013,0.9200749371654463
59145.0,0.0173,0.03,0.9185,0,0,0,1.889025983789642,-1.108882324985177,-47.40795106800013,0.9191526206240179
59157.0,0.0171,0.032,0.9181,0,0,0,1.8891213837740635,-1.1093576298522159,-47.40795106800013,0.9188166411205231
59169.0,0.0167,0.0326,0.9165,0,0,0,1.8895008526709995,-1.1096459923772257,-47.40795106800013,0.9172316501298895
59181.0,0.0166,0.0282,0.9193,0,0,0,1.889569312251021,-1.1097495804639483,-47.40795106800013,0.9198822152862833
59193.0,0.0182,0.0312,0.9148,0,0,0,1.889756247959201,-1.1099008419174545,-47.40795106800013,0.9155128180424346
59205.0,0.0203,0.0309,0.9203,0,0,0,1.889986936206633,-1.1103427209470267,-47.40795106800013,0.9210423388748207
59217.0,0.0167,0.0312,0.9176,0,0,0,1.8903046404812405,-1.1105969972808265,-47.40795106800013,0.9182821407388907
59229.0,0.02,0.031,0.9172,0,0,0,1.8906748892289973,-1.1110984131917658,-47.40795106800013,0.9179416321313681
59241.0,0.0145,0.0287,0.9182,0,0,0,1.8908000792377773,-1.1111274984433177,-47.40795106800013,0.9187628529713203
59253.0,0.0204,0.0302,0.9182,0,0,0,1.8908955644270413,-1.1114766998579926,-47.40795106800013,0.9189229782740227
59265.0,0.0188,0.0286,0.9154,0,0,0,1.890776702982167,-1.1119146456709375,-47.40795106800013,0.9160396061306519
59277.0,0.0176,0.0306,0.9154,0,0,0,1.890718646348263,-1.1122801286199446,-47.40795106800013,0.9160803894855516
59289.0,0.0193,0.0292,0.9208,0,0,0,1.8905173356199656,-1.1127799427484952,-47.40795106800013,0.9214650129006526
59301.0,0.0192,0.03,0.918,0,0,0,1.8903014074624216,-1.1133916304533522,-47.40795106800013,0.9186907205365689
59313.0,0.0186,0.0315,0.9199,0,0,0,1.8902523609347088,-1.1140211062633634,-47.40795106800013,0.9206270797668294
59325.0,0.0159,0.0322,0.9132,0,0,0,1.8904657408269838,-1.1143445624690629,-47.40795106800013,0.9139058430713747
59337.0,0.0193,0.0303,0.9169,0,0,0,1.8906576116787948,-1.1148128165139284,-47.40795106800013,0.9176035036986292
59349.0,0.0179,0.0315,0.9149,0,0,0,1.8909882811826233,-1.1152379634870428,-47.40795106800013,0.91561709791812
59361.0,0.0183,0.031,0.9154,0,0,0,1.8913762406818995,-1.1156729632927231,-47.40795106800013,0.9161075537293643
59373.0,0.0188,0.0286,0.9188,0,0,0,1.8915002455700123,-1.1161698092419796,-47.40795106800013,0.9194372409251216
59385.0,0.0167,0.0328,0.9156,0,0,0,1.8919288440418403,-1.1164658104308915,-47.40795106800013,0.9163395058601369
59397.0,0.0153,0.0295,0.9191,0,0,0,1.8921989441482958,-1.116400595280291,-47.40795106800013,0.9197005762746917
59409.0,0.0175,0.0287,0.9215,0,0,0,1.8922188840192227,-1.116285977976447,-47.40795106800013,0.9221128943898356
59421.0,0.0159,0.0308,0.9204,0,0,0,1.892284826471557,-1.1159310275381278,-47.40795106800013,0.9210524469323124
59433.0,0.0177,0.0305,0.9159,0,0,0,1.892372219206393,-1.1156003021476766,-47.40795106800013,0.9165786109221621
59445.0,0.0214,0.0327,0.9176,0,0,0,1.8927454189196466,-1.1157494085530115,-47.40795106800013,0.9184318210950663
59457.0,0.0164,0.032,0.9166,0,0,0,1.8932872346824052,-1.1156997031753397,-47.40795106800013,0.9173050310556461
59469.0,0.0181,0.0302,0.915,0,0,0,1.8937587266164972,-1.1156908529894103,-47.40795106800013,0.9156771538047677
59481.0,0.015,0.0321,0.9186,0,0,0,1.89438948075592,-1.115322238719899,-47.40795106800013,0.919283073922282
59493.0,0.0159,0.0306,0.9181,0,0,0,1.894974328763477,-1.1147506813945844,-47.40795106800013,0.9187473972752249
59505.0,0.0197,0.0302,0.9166,0,0,0,1.895473598212095,-1.1144793076141244,-47.40795106800013,0.9173089392347596
59517.0,0.016,0.0315,0.9186,0,0,0,1.8960504762539152,-1.114006490348715,-47.40795106800013,0.9192791795749536
59529.0,0.0172,0.0306,0.9166,0,0,0,1.8965906645844826,-1.1135115393204187,-47.40795106800013,0.9172719117033945
59541.0,0.0168,0.0312,0.9117,0,0,0,1.8971928524864217,-1.1129596999729336,-47.40795106800013,0.9123883876946264
59553.0,0.0165,0.0314,0.9182,0,0,0,1.8978462505349747,-1.1123058922845024,-47.40795106800013,0.9188848948589807
59565.0,0.0187,0.031,0.9193,0,0,0,1.898488779443138,-1.1118356634674682,-47.40795106800013,0.9200125977398352
59577.0,0.0195,0.0295,0.9159,0,0,0,1.8989474835249118,-1.1116362702697626,-47.40795106800013,0.9165824076426518
59589.0,0.0178,0.0295,0.9197,0,0,0,1.899227392801848,-1.111454712320516,-47.40795106800013,0.9203451417810602
59601.0,0.0166,0.027,0.9138,0,0,0,1.8990617010209194,-1.1111535312914698,-47.40795106800013,0.9143494955431429
59613.0,0.0188,0.032,0.9194,0,0,0,1.8991038912986016,-1.111008796122413,-47.40795106800013,0.9201487923156776
59625.0,0.0192,0.0291,0.9166,0,0,0,1.8989790122998536,-1.1110590047310718,-47.40795106800013,0.9172627813227788
59637.0,0.0162,0.0327,0.9155,0,0,0,1.8991610565637287,-1.1109090177491174,-47.40795106800013,0.9162270351828743
59649.0,0.0175,0.032,0.9208,0,0,0,1.8995039249408914,-1.1107323760404348,-47.40795106800013,0.9215220507399701
59661.0,0.0179,0.0317,0.9177,0,0,0,1.8999633675779624,-1.110589980667103,-47.40795106800013,0.9184217930776686
59673.0,0.016,0.0309,0.9143,0,0,0,1.9004393057698372,-1.1102489476682957,-47.40795106800013,0.9149619117755667
59685.0,0.0168,0.0299,0.9172,0,0,0,1.9007918461610553,-1.1098263461765885,-47.40795106800013,0.9178409938546
59697.0,0.0179,0.0322,0.9169,0,0,0,1.901323021603298,-1.1094707543739941,-47.40795106800013,0.9176398313063792
59709.0,0.0161,0.0288,0.9218,0,0,0,1.901566127381277,-1.108938574001848,-47.40795106800013,0.9223903132622328
59721.0,0.0195,0.0326,0.9189,0,0,0,1.9020405276647192,-1.1086830589155685,-47.40795106800013,0.9196848481952935
59733.0,0.017,0.0281,0.9177,0,0,0,1.9021619998415826,-1.108362845743873,-47.40795106800013,0.91828748221894
59745.0,0.0187,0.0302,0.9158,0,0,0,1.902241578540243,-1.1082029638568227,-47.40795106800013,0.9164886087671793
59757.0,0.0182,0.0316,0.9164,0,0,0,1.9024562324793592,-1.1081209880269653,-47.40795106800013,0.9171252695242892
59769.0,0.0187,0.0298,0.9166,0,0,0,1.902564179936792,-1.1081698585864586,-47.40795106800013,0.9172749260717857
59781.0,0.0192,0.0317,0.918,0,0,0,1.9028089603481892,-1.1083930819167076,-47.40795106800013,0.9187478054395558
59793.0,0.0154,0.032,0.9181,0,0,0,1.9032112302094242,-1.1082949234346116,-47.40795106800013,0.918786574782196
59805.0,0.0157,0.0298,0.9155,0,0,0,1.9034880013804552,-1.1079571801302615,-47.40795106800013,0.9161194136137493
59817.0,0.0167,0.0325,0.9141,0,0,0,1.9039962183796737,-1.107536933911832,-47.40795106800013,0.9148300115321972
59829.0,0.0157,0.0312,0.9149,0,0,0,1.9045421050387303,-1.106917863564669,-47.40795106800013,0.9155664585381009
59841.0,0.0192,0.0317,0.9166,0,0,0,1.9051751194655857,-1.1065579791470483,-47.40795106800013,0.9173489466936776
59853.0,0.019,0.0316,0.9174,0,0,0,1.9058678651521281,-1.1064005127451466,-47.40795106800013,0.9181406863874403
59865.0,0.0177,0.0303,0.9142,0,0,0,1.9064632372733314,-1.106267124787222,-47.40795106800013,0.9148732261903831
59877.0,0.0187,0.0312,0.9172,0,0,0,1.9070711487518235,-1.1062730193779133,-47.40795106800013,0.9179210042263986
59889.0,0.0166,0.0322,0.9143,0,0,0,1.907826206673142,-1.1061462670344455,-47.40795106800013,0.9150174260635696
59901.0,0.0168,0.0327,0.9189,0,0,0,1.9087524425606677,-1.1059167327272974,-47.40795106800013,0.9196351124223129
59913.0,0.0168,0.0276,0.912,0,0,0,1.9092201978581498,-1.1056134666976933,-47.40795106800013,0.9125721889253475
59925.0,0.0172,0.0311,0.9209,0,0,0,1.9096820969308441,-1.1052745877209853,-47.40795106800013,0.9215855142090723
59937.0,0.0194,0.0322,0.9214,0,0,0,1.9102728833535314,-1.105178614136693,-47.40795106800013,0.9221665576239468
59949.0,0.0181,0.0291,0.9166,0,0,0,1.9106096421251264,-1.1051461108077616,-47.40795106800013,0.9172404155945157
59961.0,0.0156,0.028,0.9155,0,0,0,1.9105891458933022,-1.104859986277117,-47.40795106800013,0.9160609204632626
59973.0,0.0189,0.0282,0.9182,0,0,0,1.9102670408295541,-1.1047565250492206,-47.40795106800013,0.9188273450436704
59985.0,0.0192,0.03,0.9191,0,0,0,1.9099005089854804,-1.1048496282258493,-47.40795106800013,0.9197898944867791
59997.0,0.0157,0.0298,0.9186,0,0,0,1.909472929840134,-1.10468002795357,-47.40795106800013,0.9192173246844295
60009.0,0.0153,0.0322,0.9137,0,0,0,1.9093120645076664,-1.104240748180074,-47.40795106800013,0.9143952208973972
60021.0,0.019,0.0293,0.918,0,0,0,1.9090068395959532,-1.1040164109210329,-47.40795106800013,0.9186639701218287
60033.0,0.0166,0.0294,0.92,0,0,0,1.9085793691575281,-1.1036775840586526,-47.40795106800013,0.9206193132886145
60045.0,0.0181,0.0302,0.9185,0,0,0,1.9081508200128334,-1.1034293291059423,-47.40795106800013,0.919174575366399
60057.0,0.0171,0.028,0.9156,0,0,0,1.9074596937448653,-1.1031434846539299,-47.40795106800013,0.9161876281635766
60069.0,0.0179,0.0293,0.9182,0,0,0,1.906689834677705,-1.1029187722687432,-47.40795106800013,0.918841738277055
60081.0,0.0187,0.0293,0.9147,0,0,0,1.9058662434205025,-1.102856689034951,-47.40795106800013,0.9153601859377541
60093.0,0.02,0.0311,0.9159,0,0,0,1.9052165510344883,-1.1030977411680214,-47.40795106800013,0.9166460712837862
60105.0,0.0181,0.0303,0.9177,0,0,0,1.9046145112587056,-1.1033639957480126,-47.40795106800013,0.9183784568466313
60117.0,0.0179,0.0314,0.918,0,0,0,1.9041917503251933,-1.103626232934172,-47.40795106800013,0.9187112549653454
60129.0,0.0168,0.0321,0.9189,0,0,0,1.9040116402024547,-1.1037448554065976,-47.40795106800013,0.9196139733605618
60141.0,0.0189,0.0289,0.922,0,0,0,1.9036337850806397,-1.1039912584953424,-47.40795106800013,0.9226464219840664
60153.0,0.0162,0.0303,0.9169,0,0,0,1.9032780815910326,-1.104025214674332,-47.40795106800013,0.9175435357518466
60165.0,0.0171,0.0305,0.9183,0,0,0,1.9029617485292216,-1.1039806749302166,-47.40795106800013,0.918965478132884
60177.0,0.0198,0.0311,0.9154,0,0,0,1.9027673200447068,-1.1042110172538202,-47.40795106800013,0.9161421341691474
60189.0,0.0153,0.0309,0.9202,0,0,0,1.9026364353655445,-1.104110040117737,-47.40795106800013,0.9208457742749326
60201.0,0.0199,0.0295,0.9187,0,0,0,1.902393106730441,-1.1042948040266993,-47.40795106800013,0.9193889003028043
60213.0,0.0188,0.0326,0.9211,0,0,0,1.9024277281397433,-1.1045880618941204,-47.40795106800013,0.9218684342139067
60225.0,0.0168,0.0319,0.9158,0,0,0,1.902642263751736,-1.104739766564372,-47.40795106800013,0.916509405298167
60237.0,0.0194,0.0306,0.9155,0,0,0,1.9028540665745686,-1.1050915044352037,-47.40795106800013,0.9162166610578526
60249.0,0.017,0.031,0.9193,0,0,0,1.903097279150826,-1.10531018604888,-47.40795106800013,0.9199796139045691
60261.0,0.0175,0.0323,0.9177,0,0,0,1.903536418339664,-1.1054773806044333,-47.40795106800013,0.9184349895338265
60273.0,0.019,0.0319,0.9191,0,0,0,1.9040916108299613,-1.105782610285451,-47.40795106800013,0.9198496725008929
60285.0,0.0187,0.0328,0.917,0,0,0,1.9048691065643992,-1.1061766611166426,-47.40795106800013,0.9177769500265301
60297.0,0.0189,0.028,0.9172,0,0,0,1.9052418049960653,-1.1066727497207356,-47.40795106800013,0.9178219053825203
60309.0,0.0179,0.0322,0.9171,0,0,0,1.9057808956094142,-1.1071332919771386,-47.40795106800013,0.9178396700949464
60321.0,0.0194,0.0278,0.916,0,0,0,1.905921442395375,-1.1077515176747317,-47.40795106800013,0.9166270779330055
60333.0,0.0157,0.0298,0.9127,0,0,0,1.905973567377901,-1.1080537391826186,-47.40795106800013,0.9133213125729629
60345.0,0.0182,0.0306,0.9181,0,0,0,1.9060247345412968,-1.1083755304720049,-47.40795106800013,0.9187900793979004
60357.0,0.0195,0.0302,0.915,0,0,0,1.906037815861459,-1.1088839353848583,-47.40795106800013,0.9157058971088916
60369.0,0.019,0.0316,0.9152,0,0,0,1.9061912342813556,-1.109493024904236,-47.40795106800013,0.9159424654420167
60381.0,0.0145,0.0298,0.9209,0,0,0,1.9062201103656526,-1.1096135241996445,-47.40795106800013,0.9214961204476121
60393.0,0.0154,0.0298,0.918,0,0,0,1.9061511101312731,-1.1094225116301764,-47.40795106800013,0.9186126495972065
60405.0,0.0176,0.0287,0.9174,0,0,0,1.9058609987445254,-1.1092333228574875,-47.40795106800013,0.9180175434053535
60417.0,0.0176,0.0311,0.9138,0,0,0,1.9056907577901476,-1.1090547553535817,-47.40795106800013,0.9144984472376101
60429.0,0.0188,0.0273,0.9204,0,0,0,1.9051251075303564,-1.1090199363828295,-47.40795106800013,0.9209966829473384
60441.0,0.0188,0.0315,0.9149,0,0,0,1.9047585250985903,-1.1091252368692965,-47.40795106800013,0.9156351347561975
60453.0,0.0165,0.0317,0.9167,0,0,0,1.904586047098828,-1.1090622732275104,-47.40795106800013,0.9173963320179561
60465.0,0.0178,0.0282,0.9148,0,0,0,1.9041559954871767,-1.109017995676332,-47.40795106800013,0.9154076250501739
60477.0,0.0173,0.0309,0.9176,0,0,0,1.9038251570877334,-1.1089210646041139,-47.40795106800013,0.918283104494469
60489.0,0.0159,0.0298,0.9158,0,0,0,1.9034526829198548,-1.1086072912621532,-47.40795106800013,0.9164226590389393
60501.0,0.0177,0.0309,0.9133,0,0,0,1.9031917144214519,-1.1083337500302308,-47.40795106800013,0.9139939770042251
60513.0,0.0181,0.0302,0.9188,0,0,0,1.902919538930636,-1.1081330938191778,-47.40795106800013,0.9194743552704447
60525.0,0.0193,0.0305,0.9166,0,0,0,1.9026844471826132,-1.108152335829661,-47.40795106800013,0.917310361873232
60537.0,0.0188,0.0304,0.9196,0,0,0,1.90245772119094,-1.1082957100026303,-47.40795106800013,0.9202943876825502
60549.0,0.019,0.0297,0.916,0,0,0,1.9021662696037318,-1.1085820005518159,-47.40795106800013,0.9166782914414413
60561.0,0.0205,0.0294,0.9131,0,0,0,1.9017926303846524,-1.1091884187671692,-47.40795106800013,0.9138031626121679
60573.0,0.0197,0.0304,0.9148,0,0,0,1.9014651824454774,-1.109971916854469,-47.40795106800013,0.9155169523280275
60585.0,0.0199,0.028,0.921,0,0,0,1.9008540268694822,-1.1109194358383374,-47.40795106800013,0.9216403908249682
60597.0,0.0193,0.0316,0.9193,0,0,0,1.900450326236321,-1.1119389432210824,-47.40795106800013,0.9200454010536654
60609.0,0.0161,0.0331,0.9178,0,0,0,1.9004239343522857,-1.1126240019559421,-47.40795106800013,0.9185377836539985
60621.0,0.0198,0.0322,0.9171,0,0,0,1.900620629889148,-1.1134766035238914,-47.40795106800013,0.9178786902417988
60633.0,0.0205,0.0328,0.9183,0,0,0,1.9010834724522565,-1.1145596453261708,-47.40795106800013,0.9191142366430846
60645.0,0.0195,0.0317,0.9193,0,0,0,1.9016387249730806,-1.1157162915800767,-47.40795106800013,0.9200530582526205
60657.0,0.0193,0.028,0.9156,0,0,0,1.9018283078442457,-1.1169200215051165,-47.40795106800013,0.9162313299598523
60669.0,0.0187,0.0325,0.9154,0,0,0,1.9022572941411056,-1.1180884686246755,-47.40795106800013,0.9161676156686613
60681.0,0.0192,0.0317,0.9224,0,0,0,1.902767366858134,-1.1192679505248297,-47.40795106800013,0.9231442411671104
60693.0,0.0175,0.0283,0.9159,0,0,0,1.9029512247786928,-1.120259218605598,-47.40795106800013,0.9165042007541483
60705.0,0.0211,0.0299,0.9187,0,0,0,1.9030345707128749,-1.1215247681008496,-47.40795106800013,0.9194285779765603
60717.0,0.0166,0.0322,0.917,0,0,0,1.9033234279071392,-1.1224722743437003,-47.40795106800013,0.917715315334772
60729.0,0.0195,0.0295,0.9199,0,0,0,1.903443896043088,-1.1234919887707009,-47.40795106800013,0.9205794425251957
60741.0,0.019,0.0273,0.9138,0,0,0,1.9031665273060863,-1.1245265347545312,-47.40795106800013,0.9144051235639484
60753.0,0.0175,0.0327,0.9204,0,0,0,1.9031852069900514,-1.125367961959992,-47.40795106800013,0.9211469481032871
60765.0,0.0167,0.031,0.9136,0,0,0,1.9032811547108337,-1.1259547470054294,-47.40795106800013,0.9142783219567223
60777.0,0.0151,0.032,0.9152,0,0,0,1.903563382368637,-1.126111738248127,-47.40795106800013,0.9158837535408083
60789.0,0.0203,0.0304,0.9171,0,0,0,1.9038013439763308,-1.1265340770116665,-47.40795106800013,0.917828230117161
60801.0,0.0177,0.0297,0.9159,0,0,0,1.9039176408869825,-1.1268678383632265,-47.40795106800013,0.9165523389310619
60813.0,0.017,0.0302,0.9147,0,0,0,1.9039938287063927,-1.1270383046731227,-47.40795106800013,0.9153562858253609
60825.0,0.0186,0.0278,0.9159,0,0,0,1.9037297093474816,-1.1272613287058513,-47.40795106800013,0.9165105618594911
60837.0,0.0172,0.0323,0.9231,0,0,0,1.9036980605195644,-1.1273375404313042,-47.40795106800013,0.9238250591968157
60849.0,0.0182,0.0316,0.9152,0,0,0,1.9038167127227883,-1.127428559880456,-47.40795106800013,0.9159262197360659
60861.0,0.0189,0.0315,0.9182,0,0,0,1.9040426923428526,-1.1276124794608546,-47.40795106800013,0.9189345460912872
60873.0,0.0176,0.0312,0.9181,0,0,0,1.9043259560071502,-1.1277158572901,-47.40795106800013,0.9187985687842576
60885.0,0.0168,0.0309,0.9187,0,0,0,1.9046193000722695,-1.1276466398677898,-47.40795106800013,0.9193730146137638
60897.0,0.0187,0.0308,0.9188,0,0,0,1.90490789757557,-1.1276623292412633,-47.40795106800013,0.9195062642527239
60909.0,0.0189,0.0297,0.9156,0,0,0,1.905067862283513,-1.1277857231532507,-47.40795106800013,0.9162765193979381
60921.0,0.0205,0.0308,0.9177,0,0,0,1.9052423732092583,-1.1281984693141776,-47.40795106800013,0.9184455236975135
60933.0,0.0156,0.0323,0.9192,0,0,0,1.9056105990918166,-1.128250087287364,-47.40795106800013,0.9198996086530312
60945.0,0.0173,0.0317,0.9178,0,0,0,1.906079796226751,-1.128198822100179,-47.40795106800013,0.918510217689493
60957.0,0.0177,0.0302,0.9199,0,0,0,1.9064412055103157,-1.1281017128322668,-47.40795106800013,0.9205657716860867
60969.0,0.0177,0.0332,0.9148,0,0,0,1.9071023615213396,-1.1279768447982192,-47.40795106800013,0.9155733558814388
60981.0,0.0199,0.03,0.9188,0,0,0,1.907610485330203,-1.1280925786645026,-47.40795106800013,0.9195050027052599
60993.0,0.0176,0.0297,0.9159,0,0,0,1.9079575848598804,-1.1281403131322205,-47.40795106800013,0.9165504132343185
61005.0,0.0176,0.0293,0.9178,0,0,0,1.9081040884161613,-1.1281232864889799,-47.40795106800013,0.9184362198868248
61017.0,0.0177,0.0304,0.9152,0,0,0,1.9082214096158465,-1.12806803870565,-47.40795106800013,0.9158758048993324
61029.0,0.0177,0.0278,0.9153,0,0,0,1.9079878737449159,-1.1279789287463329,-47.40795106800013,0.9158931269531397
61041.0,0.0172,0.0305,0.9175,0,0,0,1.9077731662973776,-1.1277922863316567,-47.40795106800013,0.9181679258174944
61053.0,0.0166,0.0323,0.9181,0,0,0,1.907797651666952,-1.1274436118516251,-47.40795106800013,0.918817968914409
61065.0,0.0172,0.0303,0.9166,0,0,0,1.907789675632266,-1.1270312958610589,-47.40795106800013,0.9172619527703086
61077.0,0.0195,0.0338,0.9176,0,0,0,1.9081854478183815,-1.1268485032297253,-47.40795106800013,0.9184293385993285
61089.0,0.0161,0.0282,0.9174,0,0,0,1.908238913759486,-1.1264443761421723,-47.40795106800013,0.9179745148967917
61101.0,0.0164,0.0314,0.9185,0,0,0,1.9083850122083912,-1.1258806791401539,-47.40795106800013,0.9191828816943883
61113.0,0.0178,0.0275,0.9213,0,0,0,1.908114350831283,-1.1253454973068646,-47.40795106800013,0.9218821942092168
61125.0,0.0205,0.0294,0.9166,0,0,0,1.907732896605558,-1.1251848313612727,-47.40795106800013,0.9173004796684672
61137.0,0.0198,0.0312,0.916,0,0,0,1.9074815081695302,-1.1252689701206384,-47.40795106800013,0.9167450463460384
61149.0,0.0167,0.0317,0.9187,0,0,0,1.9073968157712184,-1.1251752343747308,-47.40795106800013,0.9193984283214758
61161.0,0.0175,0.0306,0.9154,0,0,0,1.907335719449844,-1.125032735771076,-47.40795106800013,0.9160784737128146
61173.0,0.016,0.0283,0.9167,0,0,0,1.9070033400810824,-1.124657018163727,-47.40795106800013,0.917276283351968
61185.0,0.0176,0.0298,0.9146,0,0,0,1.9066279819424585,-1.124281198840288,-47.40795106800013,0.9152545875328897
61197.0,0.0194,0.0311,0.9132,0,0,0,1.9063833600534787,-1.124134349165404,-47.40795106800013,0.913935342351963
61209.0,0.0164,0.0317,0.9192,0,0,0,1.9063049157731577,-1.123800369957212,-47.40795106800013,0.919892651345797
61221.0,0.0172,0.0341,0.913,0,0,0,1.9066985430155452,-1.1234169502528768,-47.40795106800013,0.9137984734064728
61233.0,0.0162,0.0295,0.9158,0,0,0,1.9069218567450834,-1.1228589235928852,-47.40795106800013,0.9164182069339303
61245.0,0.0176,0.0337,0.9161,0,0,0,1.9075176195771253,-1.1223222708762595,-47.40795106800013,0.9168885755641194
61257.0,0.0171,0.0309,0.9211,0,0,0,1.9080699867563284,-1.1217311206713911,-47.40795106800013,0.9217767788353101
61269.0,0.0178,0.0299,0.9165,0,0,0,1.9084775068469422,-1.1211915340392211,-47.40795106800013,0.9171603458501681
61281.0,0.0164,0.0321,0.9154,0,0,0,1.9090358164558134,-1.1205261960739041,-47.40795106800013,0.9161094530676998
61293.0,0.016,0.0283,0.9188,0,0,0,1.9092373952279866,-1.119693245329827,-47.40795106800013,0.9193749670292312
61305.0,0.017,0.03,0.9156,0,0,0,1.9093494742673438,-1.1188466192763664,-47.40795106800013,0.9162490709408659
61317.0,0.0177,0.0315,0.9138,0,0,0,1.909577121506934,-1.118081336291917,-47.40795106800013,0.914514067688409
61329.0,0.017,0.0308,0.9133,0,0,0,1.9098210240598728,-1.1173030230342287,-47.40795106800013,0.9139773137228298
61341.0,0.0186,0.0288,0.9158,0,0,0,1.9098183381943792,-1.1167089366543699,-47.40795106800013,0.916441509317425
61353.0,0.0173,0.0298,0.9178,0,0,0,1.9097148703526106,-1.116111238127839,-47.40795106800013,0.9184466070490979
61365.0,0.0184,0.0317,0.9169,0,0,0,1.9097636846536574,-1.115651194113237,-47.40795106800013,0.9176323119855796
61377.0,0.0195,0.0317,0.9177,0,0,0,1.9099432602767688,-1.115449034868122,-47.40795106800013,0.9184543701240688
61389.0,0.0166,0.0303,0.917,0,0,0,1.9100661353584498,-1.1151139343128902,-47.40795106800013,0.9176506143407741
61401.0,0.0183,0.0305,0.9196,0,0,0,1.9101527459711227,-1.1148684633410664,-47.40795106800013,0.9202876180846942
61413.0,0.017,0.0283,0.9182,0,0,0,1.9099385850693351,-1.1145434712516258,-47.40795106800013,0.91879330102042
61425.0,0.0178,0.0326,0.9166,0,0,0,1.9100028414020211,-1.1142527729154155,-47.40795106800013,0.9173522551343077
61437.0,0.0159,0.0314,0.9167,0,0,0,1.9101625076656796,-1.1137552997300484,-47.40795106800013,0.9173754193349634
61449.0,0.016,0.0312,0.9182,0,0,0,1.9103747609763502,-1.113085394832512,-47.40795106800013,0.9188692398812793
61461.0,0.0162,0.0342,0.9194,0,0,0,1.9110021989071657,-1.112286959604926,-47.40795106800013,0.9201784826869187
61473.0,0.0179,0.0306,0.9158,0,0,0,1.9115604187876287,-1.1115975247187437,-47.40795106800013,0.916485902783016
61485.0,0.0164,0.0302,0.9178,0,0,0,1.9119982309020098,-1.110813576697768,-47.40795106800013,0.9184431610067113
61497.0,0.0168,0.0304,0.9181,0,0,0,1.9123526408178948,-1.1099971032246547,-47.40795106800013,0.9187567741246865
61509.0,0.0166,0.0321,0.9158,0,0,0,1.912854587163934,-1.109133957590568,-47.40795106800013,0.9165127440466935
61521.0,0.0156,0.0305,0.9169,0,0,0,1.9132814647881702,-1.108103899251875,-47.40795106800013,0.917539764805864
61533.0,0.0176,0.0304,0.9172,0,0,0,1.9136273782921918,-1.1071777965677156,-47.40795106800013,0.9178724094339038
61545.0,0.0208,0.0316,0.9193,0,0,0,1.9140418272209097,-1.106739949154963,-47.40795106800013,0.9200780890772261
61557.0,0.0148,0.0302,0.9177,0,0,0,1.9143484432856972,-1.105988078768442,-47.40795106800013,0.9183160512590423
61569.0,0.0177,0.0304,0.9175,0,0,0,1.9145849022971653,-1.1053233372612803,-47.40795106800013,0.9181741120288679
61581.0,0.0168,0.0276,0.9161,0,0,0,1.914415599690233,-1.1046276592526876,-47.40795106800013,0.9166696296921809
61593.0,0.0164,0.0294,0.916,0,0,0,1.9141137075020607,-1.103856348181453,-47.40795106800013,0.9166184156997939
61605.0,0.017,0.0311,0.9186,0,0,0,1.9138967778956217,-1.10308876013732,-47.40795106800013,0.919283509043864
61617.0,0.0188,0.0309,0.9133,0,0,0,1.9137521142425837,-1.1025631873818813,-47.40795106800013,0.9140159407800282
61629.0,0.0164,0.0323,0.9169,0,0,0,1.9138314803163365,-1.1019439126557935,-47.40795106800013,0.9176153115549022
61641.0,0.0161,0.0282,0.9172,0,0,0,1.9135953060920576,-1.101205053879273,-47.40795106800013,0.9177746400941791
61653.0,0.0184,0.0308,0.9167,0,0,0,1.9134077199793142,-1.100650711190625,-47.40795106800013,0.9174018149099118
61665.0,0.0188,0.0309,0.9197,0,0,0,1.91326335473455,-1.1003031135961876,-47.40795106800013,0.92041096255966
61677.0,0.0182,0.0286,0.917,0,0,0,1.9128816474277608,-1.100069947237389,-47.40795106800013,0.9176263945637135
61689.0,0.0204,0.0295,0.9208,0,0,0,1.9123878616136418,-1.1002037854942688,-47.40795106800013,0.9214982636988525
61701.0,0.0154,0.0316,0.9177,0,0,0,1.9120713297428855,-1.1000441747870877,-47.40795106800013,0.9183730233407338
61713.0,0.0156,0.0311,0.9158,0,0,0,1.9118572474826472,-1.0996555114539681,-47.40795106800013,0.9164606974660724
61725.0,0.0178,0.0281,0.922,0,0,0,1.9113340190017596,-1.0993256439951884,-47.40795106800013,0.9225998319965163
61737.0,0.019,0.0323,0.9187,0,0,0,1.9110764457720046,-1.0992058052499283,-47.40795106800013,0.9194639634047654
61749.0,0.0181,0.0331,0.9167,0,0,0,1.9111617898176954,-1.0991638927158125,-47.40795106800013,0.9174759451887553
61761.0,0.0182,0.03,0.9196,0,0,0,1.9111508246810291,-1.0991963387641712,-47.40795106800013,0.9202691997453788
61773.0,0.0149,0.0322,0.9176,0,0,0,1.9113378112209587,-1.0988872811542019,-47.40795106800013,0.9182856908391854
61785.0,0.0172,0.0306,0.9166,0,0,0,1.9115035408507632,-1.0985669990791385,-47.40795106800013,0.9172719117033945
61797.0,0.0144,0.0295,0.9203,0,0,0,1.9114978299305598,-1.0978793593190068,-47.40795106800013,0.9208852805860239
61809.0,0.0171,0.0339,0.9132,0,0,0,1.9119190017685344,-1.097222538348616,-47.40795106800013,0.9139889824281254
61821.0,0.0162,0.0284,0.9177,0,0,0,1.9120112026364935,-1.0964714199154704,-47.40795106800013,0.9182822496378769
61833.0,0.0172,0.0337,0.9164,0,0,0,1.9124794928972693,-1.0957664821275395,-47.40795106800013,0.9171807291913628
61845.0,0.0186,0.0302,0.9194,0,0,0,1.912829289175437,-1.0952715092145682,-47.40795106800013,0.9200838874798319
61857.0,0.0178,0.032,0.9165,0,0,0,1.9133106377807048,-1.0948695912528625,-47.40795106800013,0.9172312085837463
61869.0,0.0176,0.03,0.9178,0,0,0,1.9136521541024305,-1.0945225444373374,-47.40795106800013,0.918458817802954
61881.0,0.0154,0.0309,0.917,0,0,0,1.9139854439055215,-1.0939517975037232,-47.40795106800013,0.9176496989592489
61893.0,0.0188,0.0317,0.9154,0,0,0,1.9144170768994218,-1.0936131345644708,-47.40795106800013,0.9161416320635145
61905.0,0.019,0.0291,0.9169,0,0,0,1.9146038836921773,-1.093501354990514,-47.40795106800013,0.9175584014110493
61917.0,0.0175,0.0305,0.9182,0,0,0,1.9147437172876458,-1.0933995092091,-47.40795106800013,0.9188730815515275
61929.0,0.0195,0.0317,0.9226,0,0,0,1.9149729214195126,-1.0935457884825415,-47.40795106800013,0.9233503668705612
61941.0,0.0175,0.0319,0.9142,0,0,0,1.9153408130033622,-1.093681036420083,-47.40795106800013,0.9149237673161628
61953.0,0.0181,0.0316,0.9164,0,0,0,1.9157836235660721,-1.0938759222340937,-47.40795106800013,0.9171232905122408
61965.0,0.0176,0.0311,0.9131,0,0,0,1.9162432396605857,-1.094068531320384,-47.40795106800013,0.9137989822712652
61977.0,0.0184,0.0289,0.9185,0,0,0,1.9164193764947384,-1.0943456761924695,-47.40795106800013,0.9191387381674215
61989.0,0.0172,0.0308,0.9146,0,0,0,1.916598711579646,-1.0945563373640217,-47.40795106800013,0.9152800882789923
62001.0,0.0167,0.0308,0.9182,0,0,0,1.916765449300782,-1.0946367998298745,-47.40795106800013,0.9188682005597973
62013.0,0.0165,0.0304,0.9144,0,0,0,1.9168867634503441,-1.0945863645504024,-47.40795106800013,0.915053971085859
62025.0,0.0173,0.0293,0.9182,0,0,0,1.9168144839647012,-1.0945114599357242,-47.40795106800013,0.9188302454751911
62037.0,0.0183,0.0312,0.9193,0,0,0,1.9168040963475477,-1.0945374171842168,-47.40795106800013,0.9200113151478083
62049.0,0.019,0.0315,0.9132,0,0,0,1.916911194504638,-1.094754343875994,-47.40795106800013,0.913940638116065
62061.0,0.0201,0.0314,0.9169,0,0,0,1.9170936707728141,-1.0952678658163728,-47.40795106800013,0.9176576594787406
62073.0,0.0214,0.0303,0.9186,0,0,0,1.9171977182822284,-1.096200141809079,-47.40795106800013,0.9193486879307545
62085.0,0.0184,0.031,0.9224,0,0,0,1.9173040928498855,-1.097115583525143,-47.40795106800013,0.9231041761361498
62097.0,0.0166,0.03,0.915,0,0,0,1.9173186739319614,-1.097807979350325,-47.40795106800013,0.9156421571771366
62109.0,0.0188,0.031,0.916,0,0,0,1.9173726543565761,-1.0985744999422806,-47.40795106800013,0.9167172083036295
62121.0,0.0193,0.0311,0.9174,0,0,0,1.9174678615270144,-1.0994638532081955,-47.40795106800013,0.9181298709877596
62133.0,0.0167,0.0297,0.9192,0,0,0,1.9174172597600703,-1.1001305956935599,-47.40795106800013,0.9198312997501227
62145.0,0.0181,0.0293,0.9202,0,0,0,1.9171840526950088,-1.1007720518013635,-47.40795106800013,0.9208442539322271
62157.0,0.0178,0.0291,0.9185,0,0,0,1.9167724556395007,-1.1013566752080743,-47.40795106800013,0.9191332329972625
62169.0,0.0176,0.0297,0.9192,0,0,0,1.9162763199054047,-1.101863330447744,-47.40795106800013,0.9198480798479715
62181.0,0.0171,0.0305,0.9166,0,0,0,1.915817125372392,-1.1022441805998606,-47.40795106800013,0.9172667114858142
62193.0,0.0184,0.0303,0.9146,0,0,0,1.9153746346584304,-1.1026804595833835,-47.40795106800013,0.9152867364929964
62205.0,0.0186,0.0319,0.9205,0,0,0,1.9151229479775467,-1.1031752684649236,-47.40795106800013,0.9212403703702959
62217.0,0.0186,0.0334,0.9143,0,0,0,1.9152528676034066,-1.103735948272194,-47.40795106800013,0.9150989072226018
62229.0,0.0162,0.0312,0.9182,0,0,0,1.9154286600183548,-1.104044367064773,-47.40795106800013,0.9188727441816957
62241.0,0.0156,0.0295,0.9163,0,0,0,1.9154404929572135,-1.1040593781343984,-47.40795106800013,0.9169074653420595
62253.0,0.0194,0.0316,0.9161,0,0,0,1.9155701926058755,-1.1042905513738186,-47.40795106800013,0.9168501131591793
62265.0,0.0159,0.0293,0.9171,0,0,0,1.9155127316892904,-1.1042724092556446,-47.40795106800013,0.9177056772190091
62277.0,0.0176,0.0314,0.9165,0,0,0,1.9155546967838883,-1.1042481552383006,-47.40795106800013,0.9172066124925179
62289.0,0.0161,0.0309,0.9164,0,0,0,1.9156224279488245,-1.1040314364183346,-47.40795106800013,0.9170621462038437
62301.0,0.0171,0.0288,0.9183,0,0,0,1.9154426980089638,-1.1037657684465134,-47.40795106800013,0.9189106267749872
62313.0,0.0172,0.0319,0.9171,0,0,0,1.9154368780080726,-1.103472807347808,-47.40795106800013,0.917815809408402
62325.0,0.0175,0.0306,0.9144,0,0,0,1.915433489770307,-1.1032002424772902,-47.40795106800013,0.9150792151502514
62337.0,0.0197,0.0299,0.9166,0,0,0,1.9153355242587495,-1.1032158443517952,-47.40795106800013,0.9172991115225174
62349.0,0.0194,0.0311,0.9178,0,0,0,1.9152991376697173,-1.1034451936649063,-47.40795106800013,0.9185316597700919
62361.0,0.0187,0.0341,0.9172,0,0,0,1.915694086105687,-1.1037766003613867,-47.40795106800013,0.9180241500091378
62373.0,0.0176,0.0319,0.9175,0,0,0,1.9161929292969615,-1.1040592171121684,-47.40795106800013,0.918223077470829
62385.0,0.0195,0.0309,0.9161,0,0,0,1.916663372642309,-1.104539000145144,-47.40795106800013,0.9168283754334833
62397.0,0.0197,0.0315,0.9169,0,0,0,1.9171793082248283,-1.105214759321844,-47.40795106800013,0.9176524124089688
62409.0,0.0217,0.0295,0.9187,0,0,0,1.9174769810480177,-1.1063073086056083,-47.40795106800013,0.9194296221027468
62421.0,0.0199,0.0306,0.9229,0,0,0,1.917701362424731,-1.1075296750784391,-47.40795106800013,0.9236215566994959
62433.0,0.0198,0.0314,0.9153,0,0,0,1.9179923855137369,-1.1088708955484252,-47.40795106800013,0.9160524493717596
62445.0,0.0205,0.0306,0.9199,0,0,0,1.91822243476174,-1.1103898599442015,-47.40795106800013,0.9206370729011515
62457.0,0.0153,0.0298,0.9167,0,0,0,1.9183123703680471,-1.1114216775271928,-47.40795106800013,0.9173118444673
62469.0,0.019,0.0304,0.9167,0,0,0,1.9183530387423569,-1.1124835969246238,-47.40795106800013,0.9174007030736351
62481.0,0.0182,0.0303,0.9178,0,0,0,1.9183331654600115,-1.1134672830764143,-47.40795106800013,0.9184803590714392
62493.0,0.0179,0.0302,0.9182,0,0,0,1.9182458233426876,-1.1143415438325017,-47.40795106800013,0.9188708777624852
62505.0,0.0182,0.0312,0.9176,0,0,0,1.9182263435468014,-1.115156510413898,-47.40795106800013,0.9183106446078036
62517.0,0.0173,0.0293,0.9171,0,0,0,1.9180319483128259,-1.1158064521187725,-47.40795106800013,0.9177310008929632
62529.0,0.0179,0.0314,0.9177,0,0,0,1.917943032637421,-1.1163829373738416,-47.40795106800013,0.9184114872974967
62541.0,0.0186,0.0305,0.9165,0,0,0,1.9178400157566573,-1.1169838644673664,-47.40795106800013,0.917195976877352
62553.0,0.02,0.0316,0.9188,0,0,0,1.9178522620307021,-1.1177741654048747,-47.40795106800013,0.9195607647132407
62565.0,0.0161,0.0317,0.9203,0,0,0,1.9179726323044786,-1.118239353063667,-47.40795106800013,0.9209865308461357
62577.0,0.0173,0.0312,0.9166,0,0,0,1.9181411568677327,-1.1185758762672036,-47.40795106800013,0.9172940041229966
62589.0,0.0186,0.0303,0.9149,0,0,0,1.9182465971610183,-1.118964709507203,-47.40795106800013,0.9155905525943352
62601.0,0.0188,0.0303,0.9154,0,0,0,1.9182940461994842,-1.119422666410609,-47.40795106800013,0.9160942582507544
62613.0,0.0192,0.0311,0.9219,0,0,0,1.9183628179494612,-1.1199744103511973,-47.40795106800013,0.9226242246982247
62625.0,0.0184,0.0292,0.9158,0,0,0,1.9182388609907326,-1.1205231167891163,-47.40795106800013,0.9164501295760724
62637.0,0.0175,0.0298,0.9177,0,0,0,1.9180121312520741,-1.1209509414074832,-47.40795106800013,0.9183504668698111
62649.0,0.0164,0.0311,0.9163,0,0,0,1.917863268205209,-1.12113742144813,-47.40795106800013,0.9169742962591699
62661.0,0.0155,0.0333,0.9185,0,0,0,1.9180487045354373,-1.1209928784477736,-47.40795106800013,0.9192341323079772
62673.0,0.0148,0.0303,0.9181,0,0,0,1.918156140151136,-1.120470296384373,-47.40795106800013,0.9187190756700331
62685.0,0.0184,0.0316,0.9193,0,0,0,1.9183513721346834,-1.1200618844905492,-47.40795106800013,0.9200269615614534
62697.0,0.016,0.0325,0.9163,0,0,0,1.9187486761231725,-1.119462572275151,-47.40795106800013,0.9170157795807006
62709.0,0.0192,0.03,0.9137,0,0,0,1.919022317886405,-1.119101800433611,-47.40795106800013,0.9143939687027687
62721.0,0.0176,0.0331,0.9166,0,0,0,1.9195610198253956,-1.1187454453704988,-47.40795106800013,0.9173663008853115
62733.0,0.0192,0.0287,0.9178,0,0,0,1.9197782341621317,-1.1185906367565084,-47.40795106800013,0.9184493290323641
62745.0,0.0173,0.0317,0.9177,0,0,0,1.920086354327483,-1.1183768499334859,-47.40795106800013,0.9184102950206949
62757.0,0.0203,0.0323,0.9133,0,0,0,1.9205672630774422,-1.1184968823854238,-47.40795106800013,0.9140964227038634
62769.0,0.0178,0.0304,0.9148,0,0,0,1.920956366300576,-1.118595215517288,-47.40795106800013,0.9154780390593757
62781.0,0.0189,0.0298,0.9189,0,0,0,1.92117141090096,-1.118801592639124,-47.40795106800013,0.9195773268192295
62793.0,0.0182,0.0316,0.9188,0,0,0,1.921457667142718,-1.1190156200276165,-47.40795106800013,0.9195233765380846
62805.0,0.0195,0.0302,0.9198,0,0,0,1.921627153190076,-1.1193958264034767,-47.40795106800013,0.920502216184187
62817.0,0.0201,0.0291,0.9175,0,0,0,1.9215657324508828,-1.1200024164292763,-47.40795106800013,0.9181813927541769
62829.0,0.019,0.0319,0.9182,0,0,0,1.9216472266157638,-1.1206683489860083,-47.40795106800013,0.9189504067140947
62841.0,0.0182,0.0292,0.916,0,0,0,1.9215270683731127,-1.1212909273712306,-47.40795106800013,0.9166459949184309
62853.0,0.0146,0.0322,0.9172,0,0,0,1.921598830122081,-1.1214214581773225,-47.40795106800013,0.9178811687794886
62865.0,0.0171,0.0306,0.9199,0,0,0,1.9216285926940153,-1.1214233190064185,-47.40795106800013,0.9205676401003894
62877.0,0.0161,0.0315,0.9202,0,0,0,1.9217323172678884,-1.1211862157643664,-47.40795106800013,0.9208797424202576
62889.0,0.0171,0.0317,0.912,0,0,0,1.921960375252315,-1.120883463264174,-47.40795106800013,0.912710961915107
62901.0,0.0192,0.0294,0.9165,0,0,0,1.92199161596211,-1.1207747956846659,-47.40795106800013,0.9171724210855885
62913.0,0.0171,0.0314,0.917,0,0,0,1.9220968177808107,-1.1205740465257297,-47.40795106800013,0.91769677453939
62925.0,0.0175,0.0289,0.9153,0,0,0,1.9219621514786411,-1.1203465502916548,-47.40795106800013,0.9159233319443282
62937.0,0.0183,0.0326,0.9171,0,0,0,1.922070345397768,-1.1201914952520458,-47.40795106800013,0.9178616780321532
62949.0,0.0177,0.0308,0.918,0,0,0,1.9221641483875187,-1.1200235090251223,-47.40795106800013,0.9186870685930003
62961.0,0.0188,0.033,0.9191,0,0,0,1.9225148396592362,-1.1199791582278908,-47.40795106800013,0.9198843677332494
62973.0,0.0219,0.0316,0.9192,0,0,0,1.9229159952863648,-1.1204306880547923,-47.40795106800013,0.9200037010795119
62985.0,0.0186,0.0326,0.9171,0,0,0,1.9234947414780352,-1.120911811773848,-47.40795106800013,0.9178677083327423
62997.0,0.017,0.0319,0.9189,0,0,0,1.9241341305776896,-1.1212138462272467,-47.40795106800013,0.9196106893680608
63009.0,0.0159,0.0311,0.9154,0,0,0,1.9247409329227145,-1.1212286209145619,-47.40795106800013,0.9160661439001007
63021.0,0.0204,0.0291,0.9167,0,0,0,1.9250623552153647,-1.1215486804178751,-47.40795106800013,0.9173886090419915
63033.0,0.017,0.0281,0.9158,0,0,0,1.9250106787834982,-1.1217150150478732,-47.40795106800013,0.9163887002795266
63045.0,0.0214,0.0293,0.918,0,0,0,1.9247701478519152,-1.1222894867004582,-47.40795106800013,0.9187167408946024
63057.0,0.0159,0.0287,0.915,0,0,0,1.9243015803469168,-1.1225433477895856,-47.40795106800013,0.9155880623948742
63069.0,0.0201,0.0276,0.9153,0,0,0,1.923493831518636,-1.123037791167424,-47.40795106800013,0.9159366026095911
63081.0,0.0165,0.0315,0.9161,0,0,0,1.922872323089934,-1.1232916908921582,-47.40795106800013,0.9167898941415094
63093.0,0.0186,0.0312,0.9158,0,0,0,1.9223799599920737,-1.123596042297641,-47.40795106800013,0.9165200707022186
63105.0,0.0176,0.0278,0.9194,0,0,0,1.9215633036518205,-1.1238104139679221,-47.40795106800013,0.9199885651463283
63117.0,0.0195,0.0305,0.9146,0,0,0,1.920818869953356,-1.1241942865324783,-47.40795106800013,0.91531615303129
63129.0,0.0165,0.0315,0.9182,0,0,0,1.9202499165078837,-1.1243431306698923,-47.40795106800013,0.9188883174793333
63141.0,0.0159,0.027,0.9167,0,0,0,1.9192813682427976,-1.124213149745895,-47.40795106800013,0.9172353569286347
63153.0,0.0176,0.0336,0.9187,0,0,0,1.9187777780137623,-1.124045026200936,-47.40795106800013,0.919482686079515
63165.0,0.0177,0.0316,0.9155,0,0,0,1.9184488254486214,-1.123863878368924,-47.40795106800013,0.916216186279199
63177.0,0.0203,0.0299,0.9188,0,0,0,1.9180485194462789,-1.1239883406365216,-47.40795106800013,0.9195104893365817
63189.0,0.0167,0.0298,0.9172,0,0,0,1.9175805256736236,-1.1239363268928197,-47.40795106800013,0.9178359167084278
63201.0,0.0167,0.032,0.9149,0,0,0,1.917337853275257,-1.123734354214329,-47.40795106800013,0.9156117627029483
63213.0,0.0138,0.0306,0.9207,0,0,0,1.917095847533451,-1.1230242986269474,-47.40795106800013,0.9213117224913617
63225.0,0.016,0.0281,0.9128,0,0,0,1.9165754567250444,-1.122161129131138,-47.40795106800013,0.9133725691085758
63237.0,0.019,0.0308,0.9192,0,0,0,1.9161208692947744,-1.1215242762637199,-47.40795106800013,0.9199121044969459
63249.0,0.0159,0.0294,0.9159,0,0,0,1.9155643410013456,-1.1207088499701745,-47.40795106800013,0.9165096726167161
63261.0,0.0179,0.0314,0.9199,0,0,0,1.9151519752445303,-1.1199779395281206,-47.40795106800013,0.9206097870433488
63273.0,0.0167,0.0314,0.9174,0,0,0,1.9148779555025968,-1.1191790581106091,-47.40795106800013,0.9180891078757007
63285.0,0.0175,0.0295,0.9182,0,0,0,1.914486074546463,-1.118419848325922,-47.40795106800013,0.9188404322840827
63297.0,0.0186,0.0302,0.9175,0,0,0,1.9140811697773494,-1.1178361519161768,-47.40795106800013,0.9181853026486538
63309.0,0.0199,0.0311,0.9163,0,0,0,1.9137827260297984,-1.11757363694769,-47.40795106800013,0.9170435703934683
63321.0,0.0176,0.0331,0.9163,0,0,0,1.9138285397085417,-1.1173077272655905,-47.40795106800013,0.9170665515653703
63333.0,0.0164,0.0289,0.9187,0,0,0,1.913643966394152,-1.1168837282366075,-47.40795106800013,0.9193007451318638
63345.0,0.0195,0.031,0.9185,0,0,0,1.9135191660432758,-1.1167087274599596,-47.40795106800013,0.9192298406818612
63357.0,0.0161,0.0338,0.9236,0,0,0,1.9137754414663903,-1.116316975111179,-47.40795106800013,0.9243584856536992
63369.0,0.0193,0.0332,0.9247,-0.9688470000000011,0.6066879999999986,0,1.9028935853884614,-1.1089968218524535,-47.40795106800013,0.925497066445918
63381.0,0.0178,0.0303,0.9152,-0.9230470000000013,0.5302879999999985,0,1.8926812863942954,-1.1027358473036157,-47.40795106800013,0.9158744291659201
63393.0,0.0255,0.0371,0.9254,-1.2666470000000012,0.8661879999999986,0,1.8793576581302427,-1.093597886341883,-47.40795106800013,0.9264943712727023
63405.0,0.0265,0.0396,0.9304,-2.426947000000001,1.4844879999999985,1.1271726666666662,1.8535960305817887,-1.0783348512237583,-47.40118803200013,0.931619326763888
63417.0,0.0282,0.0345,0.9167,-2.014647000000001,1.6753879999999985,2.2187726666666663,1.8334695487167982,-1.0622458734232065,-47.387875396000126,0.9177823162384422
63429.0,0.0686,0.0365,0.9071,-2.091047000000001,0.9577879999999986,3.9439726666666663,1.8133786480290064,-1.0609848006572824,-47.36421156000013,0.9104222207305795
63441.0,0.1071,0.0475,0.9047,-1.6864470000000011,0.5684879999999986,13.203472666666666,1.8003026133916784,-1.0746145848647102,-47.28499072400013,0.912254761566088
63453.0,0.0475,0.033,0.8885,0,0,19.798972666666668,1.8072684123039773,-1.0965697671571952,-47.16619688800013,0.8903805366246501
63465.0,0.0101,0.0334,0.9203,1.1990529999999988,-0.6605120000000015,20.241672666666666,1.8280559814935342,-1.1227502138583738,-47.04474685200013,0.9209612695439477
63477.0,-0.0195,0.0258,0.9344,0,0,17.60807266666667,1.8331915666992769,-1.1340958642176415,-46.93909841600013,0.9349594911010851
63489.0,-0.0074,0.0321,0.9127,0,0,15.325672666666666,1.8380864704277293,-1.140925372200617,-46.84714438000013,0.9132942899197388
63501.0,0.0109,0.0356,0.9196,0,0,15.340972666666666,1.8431623822958858,-1.1460208176831725,-46.755098544000134,0.9203533723521634
63513.0,0.0273,0.0442,0.912,0,0,17.57757266666667,1.8494943215387436,-1.1516492433482761,-46.64963310800013,0.9134784781263322
63525.0,0.0436,0.051,0.9097,0,0,22.058472666666667,1.8577809427359944,-1.1597829084531766,-46.51728227200013,0.9121710640006072
63537.0,0.0568,0.0426,0.9091,0,0,28.39437266666667,1.8667281723211806,-1.1717667526375244,-46.34691603600013,0.9118683073777704
63549.0,0.0175,0.0239,0.9236,0,0,32.287472666666666,1.8738377754192628,-1.1821529064573812,-46.15319120000013,0.9240748995617184
63561.0,-0.006,0.0045,0.92,0,0,31.41727266666667,1.8769123360698634,-1.188187168499239,-45.96468756400013,0.9200305701442751
63573.0,-0.0138,0.0032,0.9152,-0.732247000000001,0,28.33327266666667,1.8676694487700474,-1.189411997304684,-45.79468792800013,0.9153096306715013
63585.0,-0.0171,0.0063,0.9127,-0.6024470000000011,0,23.776072666666668,1.857252042144349,-1.1859836961950692,-45.65203149200013,0.9128819145979395
63597.0,-0.0226,0.0164,0.9294,-0.5108470000000012,0,17.684472666666668,1.8467237909381176,-1.1777381140866061,-45.545924656000125,0.9298193803099611
63609.0,-0.0396,0.0181,0.9175,-0.7246470000000009,0,9.814172666666666,1.8328912693549977,-1.1631626915305229,-45.487039620000125,0.9185325361684256
63621.0,-0.0282,0.0232,0.917,0,0,1.2416726666666662,1.8275940932189076,-1.1444578671156904,-45.479589584000124,0.9177268003060607
63633.0,0.015,0.0305,0.9181,0,0,0,1.8230727152910362,-1.1275447533928504,-45.479589584000124,0.9187289371735279
63645.0,0.0146,0.031,0.9233,0,0,0,1.8192883535979054,-1.112191451283446,-45.479589584000124,0.923935630874792
63657.0,0.014,0.0284,0.9165,0,0,0,1.815861104163611,-1.0981744564296836,-45.479589584000124,0.9170467872469757
63669.0,0.0031,0.0238,0.9199,0,0,-1.0026273333333338,1.8121699731144871,-1.0840003644801655,-45.48560534800012,0.9202130514179856
63681.0,0.0132,0.0341,0.934,0,-0.6682120000000014,-1.865227333333334,1.809486266872326,-1.0788216295299715,-45.49679671200012,0.9347154914732076
63693.0,0.0385,0.0476,0.9153,0,-0.6224120000000015,-1.6285273333333337,1.8094440544986048,-1.0771467378400268,-45.50656787600012,0.9173451367942167
63705.0,0.0073,0.0225,0.9125,0,0,-1.544527333333334,1.8086181252091396,-1.0678465220172824,-45.51583504000012,0.9128065457696938
63717.0,-0.0253,-0.0112,0.9044,-0.5490470000000012,0.5837879999999986,-2.391927333333334,1.7964689829327731,-1.0474985230238973,-45.53018660400012,0.9048231263622742
63729.0,-0.085,-0.0603,0.9299,0,0,-11.414827333333333,1.780414019543602,-1.023019273198955,-45.59867556800012,0.9357217000796765
63741.0,-0.0466,-0.0061,0.9268,-0.5108470000000012,0.6982879999999987,-19.903327333333333,1.7559083182572421,-0.9853643413530735,-45.71809553200012,0.9279908458600223
63753.0,-0.0095,0.0345,0.9227,-0.839147000000001,0,-23.46062733333333,1.7306133931890664,-0.9563918923276378,-45.85885929600012,0.9233936267919548
63765.0,0.0083,0.036,0.9003,0,0,-23.025527333333333,1.7182554739665599,-0.9299443404306889,-45.99701246000012,0.9010577007051213
63777.0,0.0322,0.0426,0.9319,0,0,-20.827027333333334,1.7091984932941082,-0.9087827336494095,-46.121974624000124,0.9334287385762235
63789.0,0.0844,0.0745,0.9417,0,0,-18.35372733333333,1.7069966791102569,-0.8988037301683358,-46.23209698800012,0.9484052403904145
63801.0,0.0458,0.0275,0.8845,-0.9612470000000011,0.6295879999999987,-13.903327333333333,1.69388356909367,-0.8865492332583232,-46.315516952000124,0.8861118101007344
63813.0,0.0203,0.0172,0.9103,0.8555529999999989,0,-14.185827333333334,1.7013374770712046,-0.8831774819001488,-46.40063191600012,0.910688761322989
63825.0,0.0291,0.0378,0.9288,1.2066529999999989,0,-12.842327333333333,1.7143225433737643,-0.8820521467662784,-46.477685880000124,0.9300242416195397
63837.0,0.0168,0.0182,0.9241,0.5654529999999989,0,-12.223927333333334,1.7184755672828504,-0.8813810760802605,-46.55102944400012,0.9244318741800285
63849.0,-0.0057,0.0009,0.9178,0,0,-14.315527333333334,1.7128340078199662,-0.878317187542423,-46.63692260800012,0.9178181410279489
63861.0,-0.006,0.007,0.9188,0,0,-17.140027333333332,1.7053062259179594,-0.8731096848942839,-46.73976277200012,0.9188462548217737
63873.0,-0.0007,0.0184,0.9165,0,0,-19.65142733333333,1.6975573588329151,-0.8666857649106896,-46.85767133600012,0.9166849513327903
63885.0,0.0189,0.0341,0.925,0,0,-20.147627333333332,1.6915605295684277,-0.8616357058833807,-46.97855710000012,0.9258212678481739
63897.0,0.0122,0.0237,0.9218,0,0,-19.765927333333334,1.6858339297046825,-0.8569755889023768,-47.09715266400012,0.9221853230235232
63909.0,0.0082,0.0176,0.9147,0,0,-20.231627333333332,1.6796187632051782,-0.8521797141987592,-47.21854242800012,0.9149060552865522
63921.0,0.016,0.0236,0.9163,0,0,-20.39192733333333,1.6737276144275297,-0.8482442604430785,-47.34089399200012,0.9167435028403528
63933.0,-0.0043,0.0094,0.9154,-0.6864470000000011,0.5913879999999987,-20.720127333333334,1.65829399392972,-0.8355896812072187,-47.465214756000115,0.9154583606041292
63945.0,0.0013,0.0181,0.9097,0,0,-21.712527333333334,1.6509129059039942,-0.8291883376078845,-47.59548992000011,0.9098809757325405
63957.0,0.0222,0.0544,0.9094,0,0,-20.827027333333334,1.6479183683037082,-0.8246672172140155,-47.720452084000115,0.9112960879977484
63969.0,0.0392,0.0564,0.9132,0.5043529999999988,0,-18.124727333333333,1.65497047923959,-0.8239360955949241,-47.829200448000115,0.9157793620736384
63981.0,0.0588,0.0754,0.923,0,0,-14.094227333333334,1.661931177212183,-0.828979524530659,-47.913765812000115,0.9279394376789899
63993.0,0.0804,0.0862,0.9165,0,0,-8.964427333333335,1.6755008922232357,-0.841814659808652,-47.967552376000114,0.9240491599476729
64005.0,0.0745,0.0845,0.916,0,0,-2.8041273333333336,1.694658554232689,-0.8607600205238515,-47.98437714000011,0.922901132299663
64017.0,0.0203,0.0321,0.9148,0,0,0,1.7121880860828167,-0.8782930441977181,-47.98437714000011,0.9155880842387585
64029.0,0.0137,0.027,0.9146,0,0,0,1.727611787900269,-0.893721038553343,-47.98437714000011,0.9151010053540538
64041.0,0.0146,0.0254,0.9231,0,0,0,1.740902096009006,-0.9073440170252192,-47.98437714000011,0.9235647946949905
64053.0,0.0188,0.0276,0.918,0,0,0,1.7525854549970654,-0.9198906300152515,-47.98437714000011,0.9186072065904992
64065.0,0.016,0.0283,0.9163,0,0,0,1.7629242152480586,-0.9311188325937557,-47.98437714000011,0.9168765347635416
64077.0,0.0233,0.0359,0.9117,0,-0.5766120000000012,1.1347726666666662,1.7730257857740201,-0.9488689497382153,-47.97756850400011,0.9127039991147184
64089.0,0.0227,0.0308,0.9298,0,0,1.791272666666666,1.78217323802621,-0.9593189192163775,-47.96682086800011,0.9305868954589893
64101.0,0.0605,0.0487,0.9237,0,0,4.1805726666666665,1.792715677556292,-0.9741444763337807,-47.94173743200011,0.9269593464656365
64113.0,0.1262,0.0851,0.922,-0.5032470000000011,0,18.737872666666668,1.803070088018077,-1.000983554496775,-47.82931019600011,0.9344797750620396
64125.0,0.0935,0.0743,0.9077,0,0,35.264572666666666,1.8232219883762282,-1.034363360007693,-47.617722760000106,0.9155228178478131
64137.0,0.04,0.0496,0.9078,0,0,43.94397266666667,1.843592265601874,-1.0667844451834363,-47.35405892400011,0.9100335158663114
64149.0,0.0037,0.0386,0.9183,0.6265529999999988,0,44.92867266666667,1.8700580821574835,-1.09370611994241,-47.08448688800011,0.9191183492891435
64161.0,-0.0156,0.0264,0.9281,0,-0.5002120000000012,42.05087266666667,1.8862736894897547,-1.1191532553936203,-46.83218165200011,0.928606445163935
64173.0,-0.0054,0.0159,0.9193,0,0,39.62337266666667,1.8987898557638054,-1.133389585826689,-46.59444141600011,0.9194533484630962
64185.0,-0.0181,0.0056,0.9126,-0.5108470000000012,0,35.82187266666667,1.9007615159224236,-1.141442528056321,-46.37951018000011,0.9127966531489913
64197.0,-0.0151,-0.0098,0.905,0,0,29.55467266666667,1.9029474029345335,-1.1444141840335238,-46.20218214400011,0.9051790154439066
64209.0,0.042,0.082,0.918,0,0,26.959272666666667,1.9112998940795387,-1.1499915821505475,-46.04042650800011,0.9226115108755147
64221.0,0.0162,0.026,0.9122,0,0,30.791272666666668,1.9181155555546539,-1.154649242192003,-45.85567887200011,0.912714237864185
64233.0,0.0132,0.0171,0.9143,0,0,31.096672666666667,1.922439488759261,-1.1581043905161803,-45.66909883600011,0.9145551596267991
64245.0,-0.0101,0.0059,0.9185,0,0,29.40197266666667,1.9231405192508464,-1.157566806897636,-45.49268700000011,0.9185744771111377
64257.0,-0.019,0.0055,0.9114,0,0,24.256972666666666,1.9206234593168938,-1.1524114725789052,-45.34714516400011,0.9116146170394592
64269.0,-0.0167,0.0093,0.921,0,0,17.61577266666667,1.9157090266052734,-1.1434621245656882,-45.24145052800011,0.9211983391213859
64281.0,-0.0104,0.0125,0.9226,0,0,11.302772666666666,1.909085572058173,-1.1319734370826244,-45.173633892000105,0.9227432849931773
64293.0,-0.0085,0.0112,0.913,0,0,5.844772666666666,1.9008387989637414,-1.1185180800382202,-45.138565256000106,0.9131082575467162
64305.0,0.0054,0.0221,0.9163,0,0,0.7454726666666661,1.8925267426363648,-1.1050887704133767,-45.13409242000011,0.9165823803674168
64317.0,0.0156,0.0258,0.9136,0,0,0,1.8846446021166665,-1.0929875719830986,-45.13409242000011,0.9140973471135336
64329.0,0.017,0.0294,0.9209,0,0.7669879999999987,0,1.8775831482693741,-1.0732290179171209,-45.13409242000011,0.9215260007183738
64341.0,0.0123,0.0249,0.9187,0,0.5379879999999986,-0.5827273333333338,1.8707046808194865,-1.0569815654961572,-45.13758878400011,0.9191196820871589
64353.0,0.0054,0.0181,0.9204,0,0.5455879999999986,-1.4148273333333339,1.8631469474504438,-1.0404859326150944,-45.14607774800011,0.9205937920711827
64365.0,0.0127,0.0277,0.9219,0,0,-3.0636273333333337,1.8561986557803396,-1.0312110180306373,-45.16445951200011,0.9224034854660947
64377.0,-0.0214,-0.0074,0.9352,-0.5108470000000012,0.7211879999999986,-5.033127333333334,1.839378487660882,-1.0098001993262717,-45.194658276000105,0.9354740830188724
64389.0,-0.1747,-0.1493,0.9004,0,0.6829879999999986,-20.094227333333333,1.8076779200708877,-0.966693824208906,-45.315223640000106,0.9292635471167476
64401.0,-0.1213,-0.0927,0.9176,0.6494529999999988,0,-41.92622733333333,1.7721653676333182,-0.9188252202625804,-45.566781004000106,0.9302132766199372
64413.0,-0.0483,0.0031,0.9371,0,0.5837879999999986,-52.37662733333333,1.7308251763354796,-0.8619400912778648,-45.881040768000105,0.9383490342084869
64425.0,0.0361,0.0593,0.9497,-1.197947000000001,1.5226879999999987,-53.60562733333333,1.6841946113975619,-0.8028893339189855,-46.2026745320001,0.952234104619237
64437.0,0.0133,0.0198,0.8682,-1.6482470000000013,0.6905879999999986,-52.07132733333333,1.635478609517575,-0.758728971232016,-46.515102496000104,0.8685275873569014
64449.0,0.0095,0.0109,0.9072,0,0,-52.72012733333333,1.6080528753841123,-0.7267395942707633,-46.8314232600001,0.9073152153469047
64461.0,0.0244,0.0325,0.9288,2.0769529999999987,0,-52.23922733333333,1.6091252634073259,-0.7001397405017965,-47.1448586240001,0.929688684453027
64473.0,0.0237,0.021,0.9039,1.5272529999999989,0,-51.92622733333333,1.6054696409829454,-0.6782269913333001,-47.4564159880001,0.9044544764663394
64485.0,0.0348,0.0312,0.9404,1.038752999999999,0,-52.04072733333333,1.5989530327850046,-0.6619041505786852,-47.768660352000104,0.9415607468453643
64497.0,0.0093,0.0109,0.9187,0.9089529999999988,0,-51.79652733333333,1.5910621533669134,-0.6473439536232385,-48.07943951600011,0.9188117271780981
64509.0,0.0138,0.0308,0.9065,1.1685529999999988,0,-53.23922733333333,1.588905083881022,-0.6349295919230439,-48.39887488000011,0.9071280670335362
64521.0,0.0315,0.0472,0.933,0.8173529999999989,0,-51.89572733333333,1.5869294107020917,-0.6266378487507256,-48.71024924400011,0.9347240715847646
64533.0,0.0354,0.0575,0.9094,0,0.6524879999999986,-48.70492733333333,1.5805563625429153,-0.6148212961296872,-49.00247880800011,0.9119033775570743
64545.0,0.0461,0.0637,0.9111,0.7486529999999989,0.7287879999999987,-44.21632733333333,1.5885483915035306,-0.6072693854815415,-49.26777677200011,0.9144868014356468
64557.0,0.0422,0.0635,0.9117,0.7486529999999989,0,-40.28502733333333,1.601248389088484,-0.6123893558031149,-49.50948693600011,0.9148824951872234
64569.0,0.0615,0.0864,0.9243,0,0,-34.46822733333333,1.6120738153769054,-0.623347087080069,-49.71629630000011,0.9303642834932992
64581.0,0.0494,0.0714,0.9172,0,0,-28.35372733333333,1.6273025615366021,-0.6379339042760771,-49.88641866400011,0.9213002550743161
64593.0,0.0554,0.0856,0.9138,0,0,-22.39192733333333,1.6481705769061903,-0.6564525546355191,-50.02077022800011,0.9194710218381001
64605.0,0.0629,0.0934,0.913,0.5043529999999988,0,-14.544527333333335,1.6808774335374397,-0.6793439122966569,-50.108037392000114,0.9199179148163167
64617.0,0.0674,0.1093,0.9203,0,0,-5.933927333333334,1.714616814214539,-0.7065783256209482,-50.14364095600011,0.9292154432638321
64629.0,0.0225,0.0493,0.9243,0,0,-0.7049273333333339,1.747046412806277,-0.7319660159020148,-50.14787052000011,0.9258872663558994
64641.0,0.0143,0.0298,0.9218,0,0,0,1.7758518863262156,-0.7546639290936035,-50.14787052000011,0.9223924164909423
64653.0,0.0155,0.0265,0.9186,0,0,0,1.801014760817451,-0.7751074197112235,-50.14787052000011,0.9191128657569755
64665.0,0.0146,0.0264,0.9171,0,0,0,1.8229108291290113,-0.7934149262535855,-50.14787052000011,0.9175960603664338
64677.0,0.0166,0.0293,0.9198,0,-0.5536120000000015,0,1.842224623026808,-0.8165517818677774,-50.14787052000011,0.9204162590915047
64689.0,0.027,0.0382,0.9271,-0.6559470000000012,-0.5078120000000013,1.0966726666666662,1.8525707405980942,-0.8387748938423392,-50.14129048400011,0.9282794029816669
64701.0,0.0347,0.0443,0.9274,-1.3276470000000011,0,2.485972666666666,1.8547861111178061,-0.8556176233629521,-50.12637464800011,0.9291056667570164
64713.0,0.0411,0.0364,0.9196,-1.7933470000000011,0.8279879999999986,4.127172666666667,1.8505222255806923,-0.8641428314747024,-50.101611612000106,0.9212373906871127
64725.0,0.1404,0.1084,0.9052,-2.014647000000001,0,9.638672666666666,1.8518919403548106,-0.8962448734605171,-50.043779576000105,0.9224151776721803
64737.0,0.1622,0.1353,0.8997,-1.6940470000000012,0,27.38677266666667,1.867719154491988,-0.9430942256325334,-49.879458940000106,0.9241617931942437
64749.0,0.0844,0.082,0.8755,0.5272529999999989,-0.9353120000000015,40.753172666666664,1.9126097935221844,-1.0043685892057705,-49.634939904000106,0.8833728601219305
64761.0,0.0433,0.0609,0.9042,2.710452999999999,-2.0040120000000012,47.753172666666664,1.9823698930670843,-1.0755675801961373,-49.348420868000105,0.9072823926429963
64773.0,-0.0177,0.0623,0.962,2.489152999999999,-1.7827120000000014,49.401972666666666,2.0479395687086486,-1.1334407555641568,-49.05200903200011,0.9641776703491944
64785.0,-0.0251,0.047,0.9351,0,-1.0727120000000014,50.89057266666667,2.0810740469928835,-1.1727430225188653,-48.746665596000106,0.9366167946390883
64797.0,-0.0103,0.0363,0.9073,-0.7246470000000009,-0.7292120000000013,51.08897266666667,2.10224273250842,-1.201058911656842,-48.44013176000011,0.9080842857356358
64809.0,0.0038,0.0387,0.9053,0,-0.8437120000000013,51.90577266666667,2.1293078088734143,-1.2263650131299184,-48.128697124000105,0.9061347692258586
64821.0,0.0156,0.0323,0.9316,-0.5795470000000011,-0.6682120000000014,52.447772666666665,2.146037251289187,-1.2470496439333716,-47.81401048800011,0.9322903034999345
64833.0,0.0088,0.0406,0.9296,0,0,53.11957266666667,2.1676204452196948,-1.2567823056991358,-47.49529305200011,0.9305277857216301
64845.0,0.0096,0.0354,0.9192,0,-0.5384120000000014,53.99737266666667,2.1867351874336407,-1.2703817128950408,-47.171308816000106,0.9199314974496743
64857.0,0.0143,0.0399,0.915,-0.9994470000000013,-0.5307120000000012,55.25697266666667,2.192466812388417,-1.282174979327904,-46.83976698000011,0.9159811679286862
64869.0,0.0338,0.0485,0.9265,-0.8849470000000013,0,57.21117266666667,2.1992966661787774,-1.288582546794942,-46.49649994400011,0.9283840476871628
64881.0,0.0222,0.0405,0.9056,0,0,59.82947266666667,2.2154218865322144,-1.2944707836288727,-46.13752310800011,0.9067769571399573
64893.0,-0.0123,0.014,0.9039,-0.5719470000000011,0,59.745472666666664,2.220331192474576,-1.2955834955496968,-45.77905027200011,0.9040920860177906
64905.0,-0.0045,0.0139,0.9141,-0.5872470000000012,0,57.97447266666667,2.2211267300894617,-1.2934186225307338,-45.43120343600011,0.9142167521982957
64917.0,-0.0171,0.0033,0.9244,-0.6177470000000012,-0.5307120000000012,55.50887266666667,2.2167167509039807,-1.29300937980754,-45.09815020000011,0.924564037803764
64929.0,-0.0095,0.0007,0.9244,-0.526147000000001,0,51.699672666666665,2.208804402576237,-1.283246158568898,-44.78795216400011,0.9244490791817578
64941.0,-0.0051,0.0139,0.9172,-0.816247000000001,-0.7598120000000015,48.82947266666667,2.195118187800456,-1.280368437694122,-44.49497532800011,0.9173194972309265
64953.0,-0.0138,0.0027,0.9052,-0.6788470000000011,-0.6834120000000015,46.608072666666665,2.1797032177545104,-1.2735566583090827,-44.21532689200011,0.905309212368901
64965.0,-0.0145,-0.0039,0.9213,0,-0.6605120000000015,42.34857266666667,2.168431485659595,-1.2637191092353093,-43.961235456000104,0.9214223515847659
64977.0,-0.0161,-0.0143,0.9163,-0.877247000000001,0,37.409672666666665,2.1420546337166573,-1.243512663725022,-43.7367774200001,0.9165529935579284
64989.0,-0.0492,-0.0361,0.9098,-1.0528470000000012,0,30.64627266666667,2.1069163931640844,-1.2170537119181493,-43.552899784000104,0.911844224634888
65001.0,-0.0559,-0.0542,0.9235,-1.197947000000001,0.8279879999999986,19.63097266666667,2.0619795664127443,-1.1745611132110418,-43.4351139480001,0.9267765102763449
65013.0,-0.0331,-0.0237,0.9152,-1.4192470000000013,1.3241879999999986,5.333272666666666,2.011249761450238,-1.1237860111572968,-43.4031143120001,0.9161049830668972
65025.0,0.0105,0.0277,0.9193,-1.197947000000001,1.9882879999999985,0,1.9668764813477497,-1.0687025503425407,-43.4031143120001,0.919777163230312
65037.0,0.0138,0.0253,0.9033,0,1.0798879999999986,-0.6896273333333338,1.9396640619267056,-1.0280405655452196,-43.4072520760001,0.9037596029918575
65049.0,-0.0145,0.0042,0.9023,0.9471529999999988,0,-1.315527333333334,1.9234641686051588,-0.9997242567153197,-43.4151452400001,0.9024262739969399
65061.0,-0.0421,-0.01,0.9135,1.718152999999999,-1.0193120000000016,-6.422427333333334,1.9142571315768842,-0.9794598060899508,-43.4536798040001,0.914524280705548
65073.0,-0.127,-0.1377,0.9249,0.7257529999999989,0,-12.956827333333335,1.8754124047280742,-0.9329568414473052,-43.5314207680001,0.9436791297893581
65085.0,-0.1638,-0.1581,0.9292,0.7868529999999989,0,-34.666727333333334,1.8192459094518645,-0.8696543085244345,-43.7394211320001,0.9566810806115066
65097.0,-0.085,-0.0441,0.9238,0,0,-51.93392733333333,1.7522647940246614,-0.8015089541825196,-44.051024696000106,0.9287498317631071
65109.0,-0.026,0.0417,0.9237,0,1.1791879999999986,-58.33082733333333,1.6948965199811612,-0.7227202340426797,-44.401009660000106,0.9250062594382807
65121.0,-0.0404,0.0175,0.9093,0,1.3546879999999986,-61.10182733333333,1.6430723183671088,-0.6432462959624026,-44.76762062400011,0.9103652563669156
65133.0,-0.0195,0.0236,0.9088,0.9242529999999989,0.7287879999999987,-65.47582733333333,1.6078784274581468,-0.5751511023770481,-45.16047558800011,0.9093154843067395
65145.0,0.0255,0.0431,0.9155,1.435652999999999,0,-66.77362733333334,1.5861053774814398,-0.5248313891045545,-45.56111735200011,0.9168686438089155
65157.0,0.0289,0.035,0.9308,1.008252999999999,0.6982879999999987,-66.62852733333334,1.564768252884218,-0.4748464156166091,-45.96088851600011,0.9319060306704748
65169.0,0.0278,0.0197,0.9198,0,1.1333879999999987,-67.17812733333334,1.5346069154541329,-0.4273458352360129,-46.36395728000011,0.9204308610645342
65181.0,0.0839,0.042,0.8909,0,1.4692879999999986,-66.43772733333333,1.51019700766954,-0.38974899997970697,-46.76258364400011,0.8958270033884891
65193.0,0.0558,0.0122,0.9117,-0.9765470000000009,2.0646879999999985,-65.57512733333333,1.4756934024016715,-0.3540641885533852,-47.15603440800011,0.913487476651979
65205.0,0.0244,0.0044,0.9392,-1.350547000000001,2.8585879999999984,-64.74302733333333,1.4372957110439197,-0.3131744728392802,-47.54449257200011,0.9395272002448891
65217.0,0.032,0.0253,0.8666,-0.9230470000000013,2.4157879999999987,-63.74302733333333,1.4072064587414446,-0.2823478308675966,-47.92695073600011,0.8675595944948106
65229.0,0.0457,0.0627,0.9172,0,1.4615879999999986,-60.39952733333333,1.3954887353528476,-0.26871000599398986,-48.28934790000011,0.9204757574211284
65241.0,0.0427,0.0596,0.931,0,1.7898879999999986,-56.09422733333333,1.3897981073399468,-0.25589763218407013,-48.62591326400011,0.9338824604841875
65253.0,0.0444,0.0551,0.886,0,0.9272879999999986,-51.292627333333336,1.388983228508319,-0.2577427576035991,-48.93366902800011,0.8888213375026501
65265.0,0.0576,0.0901,0.9153,0.7868529999999989,1.1104879999999986,-45.17052733333333,1.4060392370827322,-0.2628384142427288,-49.20469219200011,0.9215258325190889
65277.0,0.0577,0.0911,0.9199,0.8708529999999989,0.7974879999999986,-38.28502733333333,1.4315752592783628,-0.2764044862840177,-49.434402356000106,0.9261989581078139
65289.0,0.0575,0.082,0.9211,0.5654529999999989,0,-31.84232733333333,1.4588967330048108,-0.30344260133150647,-49.625456320000104,0.9265287151513438
65301.0,0.064,0.0829,0.9297,0,0.6524879999999986,-24.949127333333333,1.4843679207284395,-0.3269662617124659,-49.77515108400011,0.935580301203483
65313.0,0.0624,0.0991,0.9243,0,0.5379879999999986,-16.964427333333333,1.5161755629539813,-0.35540502528887785,-49.87693764800011,0.9316893581017227
65325.0,0.0432,0.0958,0.9146,0,0,-10.124727333333334,1.5531566029513104,-0.390878382153426,-49.93768601200011,0.9206177491228376
65337.0,0.0282,0.0934,0.9066,0,0,-4.712527333333334,1.5943933234689822,-0.42495393932383196,-49.96596117600011,0.9118346121967513
65349.0,0.0212,0.0804,0.9205,0.6112529999999988,-0.8132120000000014,-1.1934273333333338,1.644763152109049,-0.46635306049971403,-49.97312174000011,0.9242477211224271
65361.0,0.0138,0.0306,0.9236,0,-0.7674120000000015,0,1.6832048246455775,-0.5040471342360117,-49.97312174000011,0.9242098030209375
65373.0,0.0131,0.0261,0.9181,0,-0.6147120000000013,0,1.7170025223421852,-0.5370242702115294,-49.97312174000011,0.9185643308990394
65385.0,0.0117,0.0276,0.922,0,-0.6376120000000012,0.5393726666666662,1.7467958528196934,-0.5674718840082227,-49.96988550400011,0.9224872085834036
65397.0,0.0215,0.0356,0.9269,-0.877247000000001,-0.5995120000000016,1.0737726666666663,1.7636440820911443,-0.5961443455491864,-49.96344286800011,0.9278325387697933
65409.0,0.0416,0.0511,0.9275,-1.564347000000001,0,2.776072666666666,1.7721672537460706,-0.6190499772672647,-49.94678643200011,0.92983763098726
65421.0,0.0406,0.0437,0.918,-2.4727470000000014,0.8661879999999986,5.409672666666666,1.7690646281549238,-0.6328920488227464,-49.91432839600011,0.9199358945056987
65433.0,0.1698,0.1394,0.9144,-2.350547000000001,0.6600879999999987,13.630972666666667,1.7786412586527054,-0.6664119524246923,-49.83254256000011,0.9404210546345716
65445.0,0.165,0.1466,0.9005,-2.434547000000001,0,31.134772666666667,1.7980910049249061,-0.7223030008247633,-49.645733924000105,0.9271552243286989
65457.0,0.1558,0.1654,0.9022,-1.342947000000001,-0.5918120000000013,49.478372666666665,1.842253544006771,-0.7966560057358947,-49.34886368800011,0.9303739248280769
65469.0,0.0919,0.116,0.8604,0.6417529999999989,-2.3017120000000015,65.19587266666667,1.9142892393659603,-0.8934324706026906,-48.957688452000106,0.8730348045753962
65481.0,0.0341,0.0693,0.8882,3.1608529999999986,-3.706312000000002,75.09667266666666,2.0133266136974095,-1.0007219021468308,-48.50710841600011,0.8915517595742829
65493.0,-0.0105,0.049,0.9281,4.389852999999999,-4.088012000000001,79.99737266666666,2.1208327074202655,-1.1007382167081787,-48.02712418000011,0.9294519137642356
65505.0,-0.0432,0.0276,0.9626,2.008252999999999,-3.3399120000000013,80.97447266666667,2.1915930462284496,-1.1770081661021503,-47.54127734400011,0.9639640864679555
65517.0,-0.0454,0.0381,0.9585,-1.1826470000000011,-1.8590120000000012,77.79897266666667,2.218866275058415,-1.2225458472068182,-47.07448350800011,0.9603306826296868
65529.0,-0.0223,0.0258,0.9261,-2.1139470000000014,-1.2559120000000012,75.55467266666666,2.229326680996751,-1.2525578180620724,-46.621155472000105,0.9267276514704846
65541.0,-0.0176,0.0271,0.9017,-1.426947000000001,-1.3933120000000012,72.79127266666667,2.243230737122853,-1.2774952455323603,-46.184407836000105,0.9022788150012168
65553.0,-0.0018,0.0361,0.8988,-0.5490470000000012,-1.6071120000000012,71.43257266666667,2.264317326397353,-1.3009284141881035,-45.7558124000001,0.8995264809887478
65565.0,-0.0009,0.0391,0.9235,0,-1.9430120000000013,72.11957266666667,2.2890354618322695,-1.324702029193114,-45.323094964000106,0.9243277935884001
65577.0,0.0154,0.0428,0.9216,0,-1.3094120000000014,72.47837266666667,2.3115698755174474,-1.3397659945779312,-44.888224728000104,0.9227218215692095
65589.0,0.0181,0.0454,0.9077,-0.5414470000000011,-0.8285120000000012,72.68447266666666,2.3261914016359233,-1.3485452528446036,-44.4521178920001,0.9090148843665872
65601.0,0.0056,0.024,0.9248,-1.312447000000001,0,73.89817266666667,2.3276806241715335,-1.3455013493012982,-44.008728856000104,0.9251283154244063
65613.0,-0.004,0.0112,0.934,-1.1826470000000011,0,71.65387266666667,2.325624780675539,-1.3395884104323736,-43.578805620000104,0.9340757142758825
65625.0,-0.0117,-0.0123,0.9006,-1.678847000000001,0,67.79127266666667,2.3105170321919144,-1.330270698594164,-43.172057984000105,0.9007599791287354
65637.0,-0.0438,-0.0381,0.9253,-1.7169470000000011,0,62.264572666666666,2.2853676866530255,-1.3139110051663234,-42.798470548000104,0.92711926956568
65649.0,-0.0543,-0.0504,0.9175,-1.976547000000001,0,52.569972666666665,2.2472628910369763,-1.2900756565984273,-42.48305071200011,0.9204862302066229
65661.0,-0.0541,-0.0603,0.9238,-1.762747000000001,0,42.676772666666665,2.2018132791554876,-1.2597217031443018,-42.22699007600011,0.9273453186381003
65673.0,-0.0671,-0.0585,0.9487,-2.228447000000001,1.0646879999999985,30.035572666666667,2.142440183113512,-1.2095791527027362,-42.046776640000104,0.9528674356908206
65685.0,-0.0442,-0.0389,0.9373,-3.5948470000000015,1.9043879999999986,18.64627266666667,2.0622532309676265,-1.1463401975353473,-41.9348990040001,0.9391475602907139
65697.0,-0.0414,-0.0328,0.9178,-4.144447000000001,2.3012879999999987,8.997372666666665,1.9726418486857222,-1.0762137436552555,-41.8809147680001,0.9193185737273015
65709.0,-0.0186,0.0029,0.8871,-2.411647000000001,2.0493879999999987,0,1.9055260195314412,-1.010076974112933,-41.8809147680001,0.8872997126112462
65721.0,0.0138,0.0156,0.877,0.7257529999999989,0.6982879999999987,-0.6438273333333338,1.8785353402984166,-0.9648461314615578,-41.8847777320001,0.8772472855472395
65733.0,-0.0243,0.002,0.8608,3.5807529999999987,-0.5689120000000014,-1.8575273333333338,1.8856665278728586,-0.9339525243101267,-41.8959228960001,0.8611452432661983
65745.0,-0.1012,-0.0503,0.9056,5.977652999999999,-2.9659120000000017,-7.5903273333333345,1.9142452033748385,-0.9209350156759498,-41.9414648600001,0.9126241778519787
65757.0,-0.1799,-0.1614,1.024,3.657052999999999,-2.202512000000002,-20.727827333333334,1.8953388917793472,-0.8800786378228019,-42.0658318240001,1.0521359085213278
65769.0,-0.2256,-0.1976,0.9475,0,0.5531879999999987,-46.20102733333333,1.811793155568936,-0.7846580496711476,-42.3430379880001,0.9938296483804455
65781.0,-0.1443,-0.0709,0.8754,0,0.8432879999999987,-65.49872733333333,1.7254822712547997,-0.6765866952953041,-42.7360303520001,0.8900418304776466
65793.0,-0.0591,0.0426,0.9445,0,1.0493879999999987,-72.91862733333333,1.651303446433152,-0.5693651526419501,-43.1735421160001,0.9473055578850997
65805.0,-0.0422,0.0319,0.9447,-1.0604470000000012,2.3394879999999985,-76.85752733333334,1.5741322985711623,-0.45220106367981205,-43.6346872800001,0.9461799723097081
65817.0,-0.028,0.0133,0.9059,-1.6482470000000013,2.3623879999999984,-82.45292733333334,1.4963461679891001,-0.34131562938657867,-44.1294048440001,0.9064301958783147
65829.0,0.0103,0.0142,0.9102,-0.739847000000001,2.1333879999999987,-87.54452733333333,1.4352125664316058,-0.24392442738518194,-44.6546720080001,0.9103690295698772
65841.0,0.0565,0.0399,0.8983,0,2.0569879999999987,-89.62852733333334,1.391163831116697,-0.16280654891541468,-45.1924431720001,0.9009590168259597
65853.0,0.0709,0.0469,0.9302,0,2.3394879999999985,-90.08652733333334,1.355382800182813,-0.09407210328782777,-45.7329623360001,0.934076260270006
65865.0,0.0194,-0.0179,0.9559,0.7791529999999989,2.5150879999999987,-89.33082733333333,1.3280819934606474,-0.03098246702582265,-46.2689473000001,0.9562643881270493
65877.0,0.032,0.0217,0.9396,0.8097529999999988,2.7134879999999986,-91.04842733333334,1.305324537676711,0.026003048390087068,-46.8152378640001,0.940395156303987
65889.0,0.0385,0.0822,0.936,-0.6024470000000011,3.9195879999999983,-88.81172733333334,1.2771643580633927,0.08879753980096991,-47.3481082280001,0.940390924031065
65901.0,0.046,0.0991,0.9668,-3.220847000000001,5.438687999999999,-83.56742733333333,1.230461687341629,0.1607434364978295,-47.8495127920001,0.9729537758804372
65913.0,0.0199,0.0271,0.9481,-5.381147000000001,7.362387999999999,-79.57512733333333,1.1609194110288714,0.25043262167188196,-48.326963556000095,0.9486959628880056
65925.0,-0.0012,0.0416,0.8717,-4.495647000000001,6.301287999999998,-78.50642733333333,1.1066016466397184,0.32540272672084236,-48.79800212000009,0.8726928955824036
65937.0,0.0337,0.082,0.8984,-2.8925470000000013,5.0875879999999984,-72.74302733333333,1.0802796167743909,0.3798448168483831,-49.23446028400009,0.9027636733940948
65949.0,0.0381,0.0909,0.9434,-2.1749470000000013,4.5608879999999985,-63.96442733333333,1.0711331259237766,0.4221703510516427,-49.61824684800009,0.9485346488136319
65961.0,0.0514,0.0652,0.9001,-1.4421470000000012,3.446387999999999,-56.16292733333333,1.0751665239265595,0.4445211471073741,-49.95522441200009,0.9039209091507951
65973.0,0.0779,0.0894,0.8715,0,2.6371879999999988,-47.30792733333333,1.1031973848018728,0.4481052862374995,-50.23907197600009,0.8795299994883631
65985.0,0.1008,0.1061,0.8969,0.5425529999999988,1.3928879999999986,-35.75072733333333,1.145441673536114,0.4261880204152431,-50.45357634000009,0.9087614978639885
65997.0,0.0828,0.0714,0.9127,1.145652999999999,0.5913879999999987,-25.40712733333333,1.1970689337432645,0.3878480935099522,-50.60601910400009,0.9192252661888706
66009.0,0.08,0.0853,0.9175,0.7639529999999989,0,-17.063627333333333,1.2476948765859872,0.33700005143873557,-50.70840086800009,0.9249228832718974
66021.0,0.0663,0.0977,0.9369,0,0.6066879999999986,-9.056027333333335,1.2937844368794764,0.2904314837242695,-50.76273703200009,0.9443106427442189
66033.0,0.0299,0.0848,0.9149,0,0,-2.506427333333334,1.3424304520874257,0.23860957261534554,-50.77777559600009,0.9193079244736228
66045.0,0.0083,0.028,0.9175,0,-0.5842120000000013,0,1.3861585570098707,0.18451642321344863,-50.77777559600009,0.9179646725228591
66057.0,0.0073,0.0188,0.9236,0,-0.8743120000000015,0,1.4242708528985362,0.13145125429473756,-50.77777559600009,0.9238201610703243
66069.0,0.0057,0.0168,0.9222,-0.6101470000000011,-0.7674120000000015,0.7073726666666662,1.4499417671082953,0.08391704431458771,-50.77353136000009,0.9223706250743244
66081.0,0.0111,0.0208,0.9218,-0.9765470000000009,-0.6300120000000016,1.0355726666666663,1.46723681308254,0.04116410686910065,-50.76731792400009,0.9221014532034965
66093.0,0.042,0.0436,0.9427,-1.953647000000001,0,2.3867726666666664,1.4721973390062741,0.004898178203065082,-50.75299728800009,0.9446418633535145
66105.0,0.0907,0.0752,0.9547,-4.205547000000001,1.9119879999999987,7.295072666666666,1.4539502781648515,-0.0157299273154407,-50.709226852000086,0.9619426282268605
66117.0,0.1039,0.0704,0.9364,-6.258947000000001,3.5226879999999987,13.027972666666665,1.4144608749761511,-0.025497987354389233,-50.63105901600009,0.9447731632513701
66129.0,0.201,0.1565,0.8901,-6.091047000000001,1.7745879999999987,25.852372666666668,1.3909376311964847,-0.07557358850442714,-50.475944780000084,0.9258354389415
66141.0,0.2429,0.2109,0.8735,-4.442147000000001,0,49.379072666666666,1.4060388261881898,-0.16892451435092054,-50.17967034400009,0.9308498643712637
66153.0,0.1624,0.1195,0.8822,-1.236047000000001,-2.6147120000000013,73.45547266666667,1.4641410628306946,-0.3022584564700601,-49.738937508000085,0.9049479819304532
66165.0,0.0717,0.0427,0.8761,0.9089529999999988,-4.4086120000000015,85.08137266666667,1.541976200399604,-0.4528301095146118,-49.228449272000084,0.8800655600578856
66177.0,0.0381,0.0416,0.9176,2.3288529999999987,-4.9124120000000016,90.56227266666667,1.6304979230486136,-0.6005689122867679,-48.685075636000086,0.9193323283775025
66189.0,0.0199,0.0651,0.9607,1.5654529999999989,-4.698712000000002,95.67677266666666,1.706779078810182,-0.7349697417531855,-48.11101500000009,0.963108773711464
66201.0,0.0254,0.067,0.9603,0,-4.347512000000002,99.79897266666667,1.762024692423689,-0.8562200013402096,-47.51222116400009,0.9629694958823982
66213.0,-0.0186,0.0383,0.9247,-1.5566470000000012,-3.6987120000000018,101.98217266666667,1.7936976405943499,-0.956617041052956,-46.90032812800009,0.9256797178290124
66225.0,-0.0546,0.0354,0.9382,-3.1444470000000013,-2.408612000000001,100.08137266666667,1.8018505557262607,-1.0255605909785688,-46.299839892000094,0.9404539116830766
66237.0,-0.0455,0.0408,0.917,-4.365847000000001,-1.7521120000000012,97.02797266666667,1.7925216675293942,-1.0738257582932351,-45.7176720560001,0.9190342159027596
66249.0,-0.0503,0.0433,0.9086,-4.037547000000001,-1.6529120000000015,94.34857266666667,1.7849472363640142,-1.1089552888515588,-45.1515806200001,0.911020823033151
66261.0,-0.0533,0.0215,0.9075,-3.6024470000000015,-2.385712000000001,92.98217266666667,1.777867333695215,-1.141692997383705,-44.593687584000094,0.9093180906591488
66273.0,-0.0782,0.0243,0.9252,-1.8314470000000012,-2.5155120000000015,89.72257266666666,1.787661385426477,-1.1628621306398985,-44.0553521480001,0.928816865695278
66285.0,-0.0909,-0.0073,0.8779,-1.236047000000001,-2.904812000000001,85.18827266666666,1.7969543381002997,-1.1754279387569944,-43.5442225120001,0.8826236513939563
66297.0,-0.1105,-0.0607,0.8857,0,-2.645312000000001,75.21117266666667,1.8072143136422028,-1.170655387819723,-43.0929554760001,0.8946279841364231
66309.0,-0.1273,-0.1449,0.9756,0,-1.8590120000000012,59.318072666666666,1.79431038918602,-1.1421751398583242,-42.7370470400001,0.9944831119732502
66321.0,-0.1299,-0.1051,1.0592,-5.8162470000000015,2.4463879999999985,39.653872666666665,1.6977217499173114,-1.0507468622766238,-42.4991238040001,1.0722987736633853
66333.0,-0.1359,-0.0789,1.0927,-16.320047000000002,10.003587999999999,21.56227266666667,1.4691330865450902,-0.8604689485994598,-42.3697501680001,1.1039417149469442
66345.0,-0.1427,-0.0651,0.9185,-22.358247000000002,14.049387999999999,5.776072666666666,1.1664973530419445,-0.6141775952347298,-42.335093732000104,0.9317958735688842
66357.0,-0.0203,-0.0356,0.72,-14.823847,10.003587999999999,0,0.9549109658084007,-0.42284899086442906,-42.335093732000104,0.7211653416519682
66369.0,0.0021,-0.03,0.702,0,0.5531879999999987,0,0.9191572144737595,-0.35152512952520787,-42.335093732000104,0.7026438713886288
66381.0,-0.0106,-0.0071,0.8491,9.641753,-4.782712000000002,0,0.9981743523893727,-0.3483588809072291,-42.335093732000104,0.8491958431363168
66393.0,0.0083,0.0194,0.9958,8.657052999999998,-4.110912000000001,-0.7201273333333338,1.068236110545785,-0.34415454705543935,-42.3394144960001,0.9960235388784745
66405.0,0.0095,0.02,1.0042,3.1074529999999987,0,-1.2468273333333337,1.0754240700331468,-0.2978711145493718,-42.346895460000106,1.0044440701203825
66417.0,-0.042,-0.0114,0.9016,0,1.3394879999999985,-3.017827333333334,1.0452851213948982,-0.2353856109130743,-42.3650024240001,0.9026497216528679
66429.0,-0.0685,-0.0448,0.8998,0,0,-8.491127333333335,1.0109821397346415,-0.18533097441608204,-42.415949188000106,0.9035149860406302
66441.0,-0.1188,-0.0471,0.8943,1.9471529999999988,-0.7369120000000016,-14.323227333333334,0.9956673926361187,-0.1344749246012204,-42.5018885520001,0.9033849345655482
66453.0,-0.2705,-0.1414,0.9327,1.2066529999999989,0,-31.384227333333335,0.956125472173199,-0.047838377171973395,-42.690193916000105,0.9813732725115352
66465.0,-0.238,-0.1466,0.9164,2.344052999999999,1.2172879999999986,-50.94152733333333,0.9158980334971253,0.07265275275111627,-42.99584308000011,0.958083775042663
66477.0,-0.1803,-0.0979,0.946,0,2.6676879999999987,-68.60562733333333,0.8418183527208555,0.21933026682621837,-43.40747684400011,0.9679919937685435
66489.0,-0.0917,-0.035,0.9277,-1.930747000000001,4.217287999999998,-77.82702733333333,0.7478032367032748,0.3809079702551717,-43.87443900800011,0.932877901978603
66501.0,-0.0575,-0.0028,0.9325,-1.724647000000001,6.194387999999998,-85.20872733333333,0.6632439657824643,0.5578738413525727,-44.38569137200011,0.9342753020389655
66513.0,0.0038,0.0286,0.8652,0,5.026487999999999,-87.07132733333333,0.6088493288419166,0.7065727161938082,-44.90811933600011,0.8656809111907227
66525.0,0.0385,0.0454,0.9254,0,4.805087999999999,-86.55982733333333,0.5653240134628656,0.834757696618277,-45.42747830000011,0.9273125524870242
66537.0,0.0713,0.0405,0.9509,0,3.0569879999999987,-82.72772733333333,0.5309239956392557,0.9221091287094109,-45.923844664000114,0.9544290177902178
66549.0,0.1337,0.0505,0.9399,0.6265529999999988,3.8432879999999985,-79.36902733333334,0.5131946052196233,0.9934197832895757,-46.40005882800011,0.950703923416749
66561.0,0.171,0.0604,0.9238,1.7791529999999989,3.5302879999999988,-70.65142733333333,0.5183312147933269,1.033898909972251,-46.823967392000114,0.9414327379053693
66573.0,0.1669,0.0249,0.8999,1.466252999999999,1.4081879999999987,-61.407127333333335,0.523330430412968,1.0259580583644636,-47.192410156000115,0.9155848567991938
66585.0,0.1478,0.0311,0.9255,1.687552999999999,2.3699879999999984,-53.407127333333335,0.5348959945220729,1.0114570548896393,-47.512852920000114,0.9377431951232704
66597.0,0.1212,0.0469,0.9264,1.3135529999999989,2.5760879999999986,-44.72012733333333,0.547448382917606,0.9867864507646608,-47.781173684000116,0.9354710097058059
66609.0,0.068,0.0398,0.9004,1.321152999999999,2.3241879999999986,-36.361327333333335,0.5640361741108992,0.9545737754759906,-47.99934164800012,0.9038408045668219
66621.0,0.0499,0.0684,0.9332,1.252452999999999,0.6447879999999986,-28.285027333333332,0.5867804862313678,0.9010822252067154,-48.16905181200012,0.937032982343738
66633.0,0.0116,0.0573,0.905,1.008252999999999,0.7516879999999986,-21.231627333333332,0.611441785863197,0.8526060278177553,-48.29644157600012,0.9068863489985942
66645.0,-0.0175,0.0546,0.9299,0.6723529999999989,0,-16.743027333333334,0.635980692815367,0.8024098895122922,-48.39689974000012,0.9316659379842112
66657.0,-0.0074,0.0831,0.9148,0.5501529999999989,0,-12.162927333333334,0.6660732860027206,0.7574374449091147,-48.46987730400012,0.9185964347851563
66669.0,-0.0071,0.0679,0.9192,0,0,-7.834627333333334,0.6939193851595713,0.7171412231678506,-48.51688506800012,0.9217317722634931
66681.0,0.0061,0.0751,0.9291,0,0,-3.987327333333334,0.7263949694407469,0.679430304176384,-48.54080903200012,0.932150218580675
66693.0,0.0042,0.0483,0.9233,0,-0.5689120000000014,-0.7583273333333338,0.7595799500587282,0.6376041700944374,-48.54535899600012,0.9245720199097526
66705.0,-0.0026,0.0081,0.9175,0,-0.8514120000000016,0,0.7883568622627266,0.5957643420472529,-48.54535899600012,0.9175394378444994
66717.0,-0.0007,0.0056,0.9177,0,-0.8056120000000013,0,0.8128730721864743,0.5572898891026664,-48.54535899600012,0.9177173530014565
66729.0,-0.0012,0.0033,0.9196,0,-0.9048120000000015,0,0.8332858820986674,0.520275711510323,-48.54535899600012,0.9196067039773036
66741.0,0.0004,0.0048,0.9185,0,-1.0193120000000016,0.5012726666666661,0.8502283179785218,0.4841261360809783,-48.54235136000012,0.9185126292000562
66753.0,0.0101,0.0129,0.9152,0,-1.1949120000000013,0.9821726666666661,0.8650943282474716,0.44674514004204063,-48.536458324000115,0.9153466337950886
66765.0,0.0459,0.0383,0.9021,0.5272529999999989,-1.3323120000000013,3.577572666666666,0.8875091466689684,0.4041059655471352,-48.514992888000116,0.904078597246943
66777.0,0.0326,0.0247,0.9205,1.0540529999999988,-0.8132120000000014,7.142472666666666,0.9153910695360753,0.36616368991099374,-48.47213805200012,0.9214082157220002
66789.0,0.0173,0.0144,0.916,0.7181529999999988,-0.8285120000000012,8.653872666666667,0.9372456209967865,0.32866627495467904,-48.42021481600012,0.9162765139410701
66801.0,0.1281,0.1459,0.9307,0.7104529999999989,-0.9506120000000013,15.936372666666665,0.9735189531052472,0.2765864655010569,-48.32459658000012,0.9507359833308088
66813.0,0.1644,0.1768,0.913,-0.6406470000000011,-2.2636120000000015,32.92107266666667,1.0105108433742271,0.19303151365731283,-48.12707014400012,0.9443805377071258
66825.0,0.1104,0.1287,0.9263,-0.6940470000000012,-2.2788120000000016,48.46307266666667,1.0556467851037528,0.10240920218861677,-47.836291708000125,0.9416918498107542
66837.0,0.0803,0.0789,0.9169,-1.129147000000001,-2.668212000000002,59.776072666666664,1.09721915536035,0.005006716933044955,-47.47763527200013,0.9237850994684857
66849.0,0.0151,0.0331,0.9077,-1.098647000000001,-2.859012000000001,65.35617266666667,1.1349505312678452,-0.08825593838869206,-47.08549823600013,0.908428813941962
66861.0,-0.0071,0.0339,0.9149,-1.0223470000000012,-2.7903120000000015,67.76837266666666,1.1698359676950072,-0.17203258931232865,-46.67888800000013,0.9155553669767875
66873.0,-0.0116,0.035,0.9253,-1.5032470000000013,-2.920112000000002,70.98217266666667,1.1957351552677744,-0.24890837317455122,-46.25299496400013,0.9260343676127794
66885.0,-0.0475,0.0171,0.9213,-1.7475470000000013,-2.7140120000000016,71.84477266666667,1.213684975880293,-0.31129712777690705,-45.82192632800013,0.9226821500386794
66897.0,-0.0549,0.0215,0.9197,-1.976547000000001,-3.0269120000000016,71.48597266666667,1.2250327391212394,-0.36572730991643937,-45.39301049200013,0.9215879502250449
66909.0,-0.0691,0.0116,0.9158,-1.8925470000000013,-3.179612000000001,70.69967266666667,1.2327331820977523,-0.4097469737266786,-44.96881245600013,0.9184764613205937
66921.0,-0.0455,0.0021,0.8903,-1.2818470000000013,-3.5460120000000015,69.82947266666667,1.2424380975600002,-0.4501454252830479,-44.54983562000013,0.8914643851551222
66933.0,-0.0076,0.0132,0.9181,0,-3.637612000000001,70.56227266666667,1.2637224577643669,-0.4891713213621423,-44.12646198400013,0.9182263391996551
66945.0,0.0024,0.0267,0.9144,-0.8620470000000013,-3.7140120000000016,72.49357266666667,1.2731774752870613,-0.5280912001369868,-43.69150054800013,0.9147928781970266
66957.0,0.0022,0.0228,0.8752,4.649452999999999,-5.462012000000001,77.12717266666667,1.3458171475089398,-0.5865831407681251,-43.22873751200013,0.8754996973157672
66969.0,-0.0054,-0.0051,0.7982,6.206652999999998,-8.614712,79.09667266666666,1.4308216301013998,-0.679866314458026,-42.75415747600013,0.7982345582596634
66981.0,-0.0083,0.0353,1.0238,8.809752999999999,-8.897212000000001,80.86767266666666,1.5448018807812032,-0.7731481887505374,-42.26895144000013,1.0244420042149776
66993.0,-0.0018,0.0171,0.8876,7.031152999999999,-7.8972120000000015,83.31037266666667,1.6339367499511541,-0.8523585709855998,-41.76908920400013,0.8877665289928428
67005.0,-0.0343,0.0088,0.9442,4.802052999999999,-6.301712,82.69967266666667,1.692320105437376,-0.9067330069358621,-41.27289116800013,0.9448637838334158
67017.0,-0.0461,-0.0177,0.929,4.298252999999999,-5.736912000000002,78.59287266666666,1.737885812215446,-0.9478779981826053,-40.80133393200013,0.9303115069695742
67029.0,-0.0629,-0.0409,0.8992,4.0998529999999995,-5.576612000000001,72.19587266666667,1.7722372396792918,-0.9792313282193784,-40.36815869600013,0.9023246976560045
67041.0,-0.0725,-0.0453,0.9298,5.1303529999999995,-5.706312000000002,63.18827266666667,1.8102255858924365,-1.0039582530051074,-39.98902906000013,0.933721789399819
67053.0,-0.0665,-0.051,0.9152,5.176152999999999,-5.194912000000002,53.340972666666666,1.8402977212026752,-1.0161326478165749,-39.66898322400013,0.9190289930138222
67065.0,-0.0503,-0.0497,0.9467,3.9776529999999988,-4.141412000000001,43.172972666666666,1.8489170449906023,-1.01237364772316,-39.40994538800013,0.9493371740324931
67077.0,-0.0293,-0.0479,0.9617,1.8860529999999989,-2.7216120000000017,32.71497266666667,1.8269610074557683,-0.9917050349947704,-39.213655552000134,0.9633378379364116
67089.0,-0.0334,-0.0536,0.9381,0,-1.1109120000000012,22.005072666666667,1.7773481139756853,-0.9516597612321351,-39.08162511600013,0.9402234468465462
67101.0,-0.0083,-0.08,0.922,-0.953647000000001,0,9.882872666666666,1.708900528488675,-0.9016412857815159,-39.022327880000134,0.9255014262549788
67113.0,0.0801,-0.0182,0.9163,-1.7780470000000013,1.0569879999999987,0,1.6320160885476136,-0.8532053787316304,-39.022327880000134,0.9199744235575248
67125.0,0.0182,0.0139,0.8834,-1.678847000000001,1.2020879999999985,0,1.5616614559333823,-0.8080272669706686,-39.022327880000134,0.8836967862338303
67137.0,0.0195,0.021,0.9148,0,1.2172879999999986,-0.6819273333333338,1.5168642689024745,-0.7673973689832554,-39.02641944400013,0.9152487585350771
67149.0,0.0099,0.0173,0.916,0,1.0035879999999986,-1.0560273333333339,1.4764735111376515,-0.7323408237377834,-39.03275560800013,0.9162168411462431
67161.0,-0.0146,0.0022,0.9285,0,0.9577879999999986,-2.987327333333334,1.4381799166916334,-0.6975029583291357,-39.05067957200013,0.9286173862253496
67173.0,-0.0366,0.0038,0.9419,-1.365847000000001,1.0493879999999987,-6.384227333333334,1.385957987643248,-0.6586471059843547,-39.08898493600013,0.9426184859210007
67185.0,-0.1249,-0.0222,0.939,-2.739847000000001,2.7898879999999986,-13.788827333333334,1.316621817021794,-0.5858835035155477,-39.17171790000013,0.9475303952908317
67197.0,-0.2709,-0.1429,0.9363,-4.396347000000001,4.408187999999999,-33.55982733333333,1.212470732690889,-0.4647308272219633,-39.37307686400013,0.9851217741984998
67209.0,-0.2737,-0.1406,0.9341,-4.373447000000001,5.3165879999999985,-61.26212733333333,1.0959999069710025,-0.3073642716771547,-39.740649628000135,0.9834748903759567
67221.0,-0.1917,-0.0544,0.9336,-5.487947000000001,6.438687999999999,-84.94152733333333,0.9662038694623675,-0.12497474963739116,-40.25029879200014,0.9546293573947954
67233.0,-0.126,-0.0028,0.9501,-7.136847000000001,8.423388,-99.20872733333333,0.8237143934241012,0.08230059309639867,-40.845551156000134,0.958422584249766
67245.0,-0.056,0.0358,0.9155,-8.121547000000001,10.263088,-106.68192733333333,0.6807567447154262,0.30354855306272144,-41.485642720000136,0.9179095216850078
67257.0,0.0642,0.068,0.8936,-6.907847,10.789888,-108.65142733333333,0.5662953841250624,0.5088156274084448,-42.13755128400014,0.8984801611610576
67269.0,0.0355,0.0328,0.8438,-3.0528470000000008,8.530287999999999,-107.38422733333333,0.5053450178245622,0.6712283830899792,-42.78185664800014,0.8451831340011465
67281.0,0.043,0.0244,0.8411,1.8860529999999989,4.660087999999998,-105.94152733333333,0.5080306150183146,0.7727973273982074,-43.41750581200014,0.8425518203647773
67293.0,0.0815,0.016,0.8708,6.366952999999999,0.8203879999999986,-101.63612733333333,0.5662806651473762,0.8110936673167036,-44.02732257600014,0.8747519019699244
67305.0,0.1136,0.0187,0.9362,6.802052999999999,0,-97.39952733333334,0.6315056859989115,0.8201066580493092,-44.61171974000014,0.9432523999439387
67317.0,0.1075,-0.0128,0.9359,5.382252999999999,0.6295879999999987,-93.00262733333334,0.6774719076792364,0.8202277160268023,-45.16973550400014,0.9421405946035867
67329.0,0.1116,-0.0088,0.9303,3.7257529999999988,1.5684879999999986,-91.04842733333334,0.7024124098403575,0.8164468485356365,-45.71602606800014,0.9370112539345512
67341.0,0.1268,0.045,0.9343,2.534952999999999,2.5302879999999988,-85.65912733333333,0.7190303901499379,0.8087667670227912,-46.22998083200014,0.9439384143046622
67353.0,0.0913,0.0215,0.924,2.428052999999999,2.3699879999999984,-77.95682733333334,0.7366618033412253,0.7900653679973672,-46.69772179600014,0.9287485881550508
67365.0,0.0919,0.0321,0.9187,2.229552999999999,1.2859879999999986,-71.97202733333333,0.7552717673053744,0.7505511965100923,-47.12955396000014,0.9238429033120296
67377.0,0.0975,0.0394,0.9006,2.2219529999999987,1.3470879999999985,-64.81942733333334,0.7776493149470687,0.7041666628715963,-47.518470524000136,0.9067187932319479
67389.0,0.0695,0.0303,0.8944,2.7257529999999988,0,-57.79652733333333,0.8081905340960354,0.638778361245396,-47.865249688000134,0.8976077651179273
67401.0,0.0865,0.0286,0.8998,2.763952999999999,0,-52.87282733333333,0.8407724627517122,0.5689025978222029,-48.18248665200014,0.904400492038787
67413.0,0.0787,0.0344,0.8987,3.1074529999999987,0.8050879999999987,-47.30792733333333,0.8794604128298984,0.5056369987430677,-48.466334216000135,0.9027949601099909
67425.0,0.0612,0.0382,0.9103,2.962452999999999,0.5226879999999987,-41.246827333333336,0.9185734825095105,0.4387571384623268,-48.71381518000013,0.9131542969290568
67437.0,0.0629,0.0656,0.9363,2.924252999999999,0,-35.552227333333335,0.9624313055871058,0.36563572613248596,-48.927128544000134,0.9407005155733679
67449.0,0.0304,0.0902,0.9679,-0.739847000000001,2.140987999999999,-28.086527333333333,0.970625067032933,0.32214198776951564,-49.095647708000136,0.9725690772382186
67461.0,-0.0021,0.0596,0.926,-1.953647000000001,3.3394879999999985,-23.231627333333332,0.9681660058772387,0.3000466253116439,-49.23503747200014,0.9279184069733718
67473.0,0.0187,0.0975,0.8717,-1.213147000000001,2.1333879999999987,-17.43772733333333,0.98285584203064,0.26710023424924956,-49.339663836000135,0.8773350728199575
67485.0,-0.0066,0.1094,0.9052,0.9166529999999988,0,-8.979727333333335,1.0312121981013098,0.21570190554542754,-49.393542200000134,0.9118108137108267
67497.0,-0.0503,0.1033,0.9119,1.4738529999999987,-0.6529120000000015,-2.8575273333333335,1.092387553289808,0.16855311707229192,-49.41068736400013,0.9191096724548166
67509.0,-0.0591,0.0894,0.9192,1.6341529999999989,-1.2101120000000014,0,1.1589396048987475,0.12673614812995151,-49.41068736400013,0.9254262855570939
67521.0,-0.0702,0.027,0.9114,1.290652999999999,-1.7979120000000015,0.6844726666666662,1.2166193125670555,0.09006173519421605,-49.406580528000134,0.914498223070991
67533.0,-0.0033,0.014,0.9302,1.542552999999999,-1.7445120000000012,0.5012726666666661,1.2711936030576965,0.05648275284111093,-49.403572892000135,0.9303112006205235
67545.0,0.0111,0.016,0.9117,1.397552999999999,-2.0040120000000012,0.8905726666666661,1.3189244078752396,0.020255691299494415,-49.39822945600014,0.9119079449154942
67557.0,0.0132,0.019,0.9253,0.5730529999999988,-1.4697120000000012,1.615772666666666,1.3526541975471718,-0.009450012087134495,-49.38853482000014,0.9255891799281148
67569.0,0.0105,0.0227,0.9124,0.7410529999999989,-1.2941120000000015,2.333272666666666,1.3852087622968423,-0.03661314011728253,-49.37453518400014,0.9127427348382456
67581.0,0.0571,0.0504,0.9072,1.718152999999999,-1.3781120000000016,5.111872666666666,1.4298595574950592,-0.07016960895307568,-49.343863948000134,0.9103913499149693
67593.0,0.066,0.0551,0.9299,1.1227529999999988,-1.8361120000000013,9.440172666666665,1.4682004455093662,-0.11485793466768134,-49.28722291200013,0.933866168141881
67605.0,0.1771,0.145,0.9558,0.5501529999999989,-1.6300120000000016,21.29517266666667,1.5114402117550418,-0.17572003986359222,-49.15945187600013,0.9828240178180425
67617.0,0.1991,0.186,0.9196,-1.6635470000000012,-1.4697120000000012,41.82947266666667,1.5441732401301864,-0.253830573144007,-48.908475040000134,0.9591146803172184
67629.0,0.1641,0.1659,0.9067,-1.5566470000000012,-2.3323120000000013,64.20347266666667,1.5898619699956162,-0.3545786691288508,-48.52325420400013,0.9362459666134749
67641.0,0.1162,0.1219,0.9088,-0.9612470000000011,-3.4926120000000016,80.79127266666667,1.6473230575720272,-0.4736559478425907,-48.03850656800013,0.9242724111429488
67653.0,0.0532,0.0833,0.8987,0,-4.4391120000000015,91.94397266666667,1.7154467426496398,-0.5997826010281502,-47.48684273200013,0.9041188085644497
67665.0,-0.0021,0.0554,0.9296,0.9929529999999989,-5.278812000000002,98.28747266666667,1.7905943575929837,-0.724573973810224,-46.897117896000125,0.931251700669588
67677.0,-0.011,0.0374,0.9026,1.328852999999999,-6.011712000000001,101.33327266666667,1.8632761661767085,-0.8467713022883468,-46.28911826000012,0.9034414867604874
67689.0,-0.0225,0.0428,0.9106,1.8097529999999988,-5.927712000000001,103.73027266666666,1.936313205622818,-0.956174045154373,-45.66673662400012,0.9118829146332329
67701.0,-0.0411,0.0348,0.9203,2.3669529999999988,-5.6758120000000005,103.90577266666666,2.0098892970908233,-1.0496097623008793,-45.043301988000124,0.9218743623726608
67713.0,-0.0519,0.0287,0.9226,2.199052999999999,-4.759812000000002,101.27987266666666,2.075138530801185,-1.1193145942779692,-44.43562275200012,0.9245042238951642
67725.0,-0.0698,0.0049,0.9298,1.1379529999999989,-4.660512000000001,96.73787266666666,2.119191880205814,-1.1742316738830256,-43.85519551600012,0.9324291340364693
67737.0,-0.0544,0.0283,0.9509,-0.6559470000000012,-3.103312000000001,91.24167266666667,2.1373504409470163,-1.2006496155264148,-43.30774548000012,0.9528751544667329
67749.0,-0.0232,0.0309,0.9442,-2.297147000000001,-1.8056120000000013,87.53177266666667,2.1327050938262,-1.2070286255978389,-42.782554844000124,0.9449903121196535
67761.0,-0.0343,0.0283,0.9297,-3.747547000000001,0,83.93637266666667,2.1080577915420085,-1.186871211837306,-42.27893660800012,0.9307628430486469
67773.0,-0.0339,0.0291,0.9023,-3.2895470000000016,-0.8437120000000013,81.45547266666667,2.086832041974961,-1.172435247299588,-41.790203772000126,0.9034053962646006
67785.0,-0.0614,-0.0098,0.8625,-0.7246470000000009,-2.149112000000001,77.86767266666666,2.0893637424747755,-1.1660163552822784,-41.322997736000126,0.8647382551963341
67797.0,-0.0697,-0.0264,0.8746,2.542552999999999,-3.5460120000000015,72.49357266666667,2.1218938727160648,-1.1681854147121302,-40.888036300000124,0.8777700211330984
67809.0,-0.0612,-0.0483,0.8785,4.916652999999998,-4.591812000000001,65.68447266666666,2.1713128233319443,-1.1764596529464704,-40.493929464000125,0.8819527084827167
67821.0,-0.0389,-0.0416,0.9429,5.328852999999999,-4.576612000000001,57.84477266666667,2.2158486885708126,-1.1818150007764119,-40.14686082800012,0.9446185367649736
67833.0,-0.0082,-0.0135,0.9845,2.015852999999999,-2.660512000000001,50.592872666666665,2.216143043386624,-1.1661781943588683,-39.84330359200012,0.9846267008364135
67845.0,-0.019,-0.0256,0.9594,-1.877247000000001,0,43.333272666666666,2.165300361603297,-1.1196285781891828,-39.583303956000115,0.9599295390808641
67857.0,-0.0569,-0.0718,0.9128,-2.8238470000000016,0.5760879999999986,33.20347266666667,2.093882575445965,-1.062466219284352,-39.38408312000011,0.9173857912568735
67869.0,-0.0826,-0.1095,0.8922,-1.4192470000000013,0,18.195872666666666,2.026271085071957,-1.0056479349456404,-39.274907884000115,0.9026814775988261
67881.0,0.0026,-0.0703,0.9188,0,0,2.9210726666666664,1.9688451450771718,-0.9538436191714322,-39.25738144800012,0.921489169768153
67893.0,0.0208,0.0192,0.9056,0,0,0,1.9166295564298879,-0.9087967270968155,-39.25738144800012,0.9060422948185145
67905.0,0.0181,0.0245,0.922,0,0,0,1.8698032479273239,-0.8695158316248329,-39.25738144800012,0.9225030406453955
67917.0,0.004,0.0166,0.8938,1.1914529999999988,0,-0.9491273333333339,1.8408305167856454,-0.8335804552981637,-39.263076212000115,0.8939630864862375
67929.0,-0.0061,0.0055,0.9043,2.702852999999999,-0.5078120000000013,-2.8728273333333334,1.831452745372131,-0.8054048852124736,-39.280313176000114,0.9043372987995132
67941.0,-0.0016,0.0182,0.9332,2.214352999999999,-0.8895120000000012,-4.536927333333334,1.819235720282637,-0.7838608536703031,-39.307534740000115,0.9333788298434886
67953.0,-0.0609,-0.0205,0.9532,0,0.5226879999999987,-8.277427333333334,1.7788385668125406,-0.7402044279495282,-39.35719930400011,0.9553634386975463
67965.0,-0.208,-0.1272,0.9216,-1.3047470000000012,2.0798879999999986,-24.193427333333332,1.7084852905910985,-0.6554168093037013,-39.50235986800011,0.9533049879235921
67977.0,-0.2283,-0.1376,0.9139,-1.2513470000000013,2.6142879999999984,-49.185827333333336,1.6250112401382881,-0.5421806487766301,-39.79747483200011,0.9519810187183356
67989.0,-0.1713,-0.051,0.9386,-1.121547000000001,3.255487999999999,-70.46822733333333,1.5419605750550482,-0.40950685563675293,-40.220284196000115,0.9554656718061617
68001.0,-0.116,0.0127,0.9572,-3.1291470000000015,4.8508879999999985,-84.18582733333334,1.4424045322681707,-0.25504804185175717,-40.725399160000116,0.9642868504755212
68013.0,-0.08,0.0314,0.9833,-6.816247000000001,6.614287999999998,-92.98732733333333,1.308701240980004,-0.08253902389021191,-41.28332312400011,0.987048555036681
68025.0,-0.0283,0.0635,0.9573,-9.854347,9.385288,-97.48352733333333,1.1522388062447355,0.11340427883043874,-41.868224288000114,0.9598210406112173
68037.0,-0.0101,0.0222,0.8865,-10.503247000000002,10.705888,-99.86522733333334,0.9953757667493367,0.31421464588629505,-42.46741565200011,0.8868354413305773
68049.0,0.0078,0.0057,0.8403,-6.800947000000001,9.995987999999999,-100.50642733333333,0.8868342190128015,0.49466179967199475,-43.070454216000115,0.8403555319030155
68061.0,0.0178,0.0134,0.8674,-3.236047000000001,6.576087999999999,-101.01782733333333,0.8248802504150798,0.6225124765039529,-43.676561180000114,0.8676860953132762
68073.0,0.0603,0.0164,0.844,1.748652999999999,3.6295879999999987,-97.75072733333333,0.8254239972608722,0.6999494510533248,-44.26306554400011,0.8463102563481077
68085.0,0.0959,0.0272,0.9204,4.015852999999999,1.1867879999999986,-92.27742733333334,0.8564022171082869,0.7302571846073735,-44.816730108000115,0.9257822692188482
68097.0,0.0905,-0.004,0.9012,5.412752999999999,0.9577879999999986,-86.00262733333334,0.9026579820580316,0.7428401747299486,-45.33274587200012,0.9057415138989711
68109.0,0.0778,0.0175,0.9335,4.351752999999999,1.0035879999999986,-82.23162733333334,0.9377409129586909,0.744289275154182,-45.82613563600012,0.9368998559077699
68121.0,0.0928,0.0431,0.9427,3.252452999999999,1.6142879999999986,-76.09422733333334,0.9643962544345694,0.7407908480243511,-46.28270100000012,0.9482366476782048
68133.0,0.0991,0.041,0.9314,0.7639529999999989,2.759287999999999,-68.84232733333333,0.9656545418785419,0.7391998879196301,-46.695754964000116,0.9375541424365849
68145.0,0.077,0.0118,0.9291,0,3.1714879999999983,-62.88042733333333,0.9582048012476594,0.734817111033169,-47.073037528000114,0.9323599358616822
68157.0,0.0868,0.0216,0.903,0,2.5760879999999986,-57.58272733333333,0.9524338253201501,0.7153156927395484,-47.41853389200011,0.9074193077073025
68169.0,0.0925,0.0277,0.8771,1.2066529999999989,1.8585879999999986,-51.15522733333333,0.9631556480283674,0.6795281266837799,-47.72546525600011,0.8823989743874365
68181.0,0.1027,0.0674,0.9021,2.336452999999999,0.9272879999999986,-43.506427333333335,0.9938712257792872,0.6248923538927719,-47.98650382000012,0.9104254280280181
68193.0,0.0994,0.1018,0.9257,2.122752999999999,0.7592879999999986,-33.91862733333333,1.0319335672566943,0.5621799237248655,-48.190015584000115,0.9365703871039271
68205.0,0.0623,0.0785,0.923,1.5959529999999988,0.8127879999999985,-25.51402733333333,1.0695320499762528,0.49952177067494263,-48.343099748000114,0.9284247627029344
68217.0,0.0486,0.0852,0.9276,0.6952529999999989,0.5684879999999986,-19.063627333333333,1.1024311700912006,0.4353441481327834,-48.457481512000115,0.9327715475935144
68229.0,0.0206,0.1068,0.9193,0,0,-11.796527333333334,1.1352066408911625,0.36929612691208424,-48.528260676000116,0.9257122068980186
68241.0,-0.0111,0.1166,0.8994,0,0,-5.155227333333334,1.1765251678950879,0.31159515728758674,-48.55919204000011,0.9069945589693469
68253.0,-0.0338,0.118,0.9246,0.9318529999999989,-0.8132120000000014,0,1.2362598252692405,0.254793223561781,-48.55919204000011,0.9327119598246824
68265.0,-0.0502,0.0371,0.9366,0,-1.2178120000000012,0.5317726666666662,1.2811094693766294,0.20482310079370564,-48.55600140400011,0.9386777988212995
68277.0,0.0012,0.0168,0.9343,0,-0.6682120000000014,0,1.3200936488676396,0.1652721114383916,-48.55600140400011,0.9344518018603207
68289.0,0.0054,0.011,0.9141,0,-0.8514120000000016,0,1.3532493227317888,0.12643050615994253,-48.55600140400011,0.9141821317439978
68301.0,0.0046,0.0178,0.9133,0,-0.9811120000000013,0.5546726666666661,1.3820429575483075,0.08880567169169146,-48.552673368000114,0.9134850245077912
68313.0,0.0146,0.0201,0.9185,0,-1.1185120000000013,1.081372666666666,1.4071826203377296,0.050852379180868434,-48.54618513200011,0.9188359048274071
68325.0,0.0585,0.0381,0.9325,0,-1.0498120000000015,3.3790726666666657,1.4312063426399324,0.009511976644440145,-48.52591069600011,0.9351096780592103
68337.0,0.0535,0.0406,0.9213,0,-0.8514120000000016,8.279872666666666,1.4545730266991017,-0.03252951610218615,-48.47623146000011,0.9237447158170919
68349.0,0.1825,0.1289,0.9402,-0.5566470000000012,-1.1262120000000015,18.012672666666667,1.481575140570416,-0.09638011267170378,-48.36815542400011,0.9663837229589497
68361.0,0.2042,0.189,0.9253,-2.3811470000000012,-1.2559120000000012,40.06607266666667,1.5036150179519447,-0.18065403918184608,-48.12775898800011,0.9662291291407024
68373.0,0.212,0.1863,0.912,-1.4040470000000012,-2.5842120000000013,65.55467266666666,1.5517380481788998,-0.2980627171511253,-47.73443095200011,0.9546704614682493
68385.0,0.1211,0.1321,0.8936,0,-4.576612000000001,85.75317266666667,1.6225088374367624,-0.44278652039060457,-47.21991191600011,0.9113926596149433
68397.0,0.0669,0.0986,0.9047,1.3517529999999989,-5.561312000000001,99.47837266666667,1.7099595553066675,-0.5949850463990077,-46.62304168000011,0.9125128273071015
68409.0,0.0109,0.0643,0.8866,2.496752999999999,-6.385712000000002,106.93637266666667,1.807115820388674,-0.7459501151659069,-45.98142344400011,0.8889954218104839
68421.0,-0.0697,0.0239,0.9124,2.8555529999999987,-7.026912000000001,107.55467266666666,1.8994775353334143,-0.8839965661862444,-45.336095408000105,0.915370449599505
68433.0,-0.0422,0.0328,0.934,2.6265529999999986,-5.561312000000001,104.21877266666667,1.9817819911476193,-0.9896224455125583,-44.71078277200011,0.9355280220282021
68445.0,-0.0601,0.0132,0.9379,0,-3.920112000000002,101.66157266666667,2.0241287813781743,-1.0604380211964137,-44.10081333600011,0.9399163047846334
68457.0,-0.0441,-0.0067,0.9495,0,-2.9735120000000017,96.16537266666667,2.056394441371413,-1.1086404807130117,-43.523821100000106,0.9505471845205792
68469.0,-0.0814,-0.0298,0.927,-1.426947000000001,-2.5307120000000016,88.20347266666667,2.060259528630648,-1.137094011952977,-42.994600264000105,0.9310440376265776
68481.0,-0.0991,-0.0149,0.9421,-2.945947000000001,-1.2254120000000013,77.02797266666667,2.038058079589737,-1.1352083093252288,-42.53243242800011,0.9474150252133434
68493.0,-0.0291,0.0085,0.9375,-3.3276470000000016,0,68.63097266666666,2.007433571676328,-1.1146917507597753,-42.12064659200011,0.9379900372605244
68505.0,-0.0155,0.0027,0.8851,-3.785647000000001,0,64.78367266666666,1.9676415387458648,-1.0924469965044228,-41.73194455600011,0.8852398262617877
68517.0,-0.0502,-0.0188,0.8989,-2.930747000000001,0,59.791272666666664,1.931970489951193,-1.0643820480261268,-41.37319692000011,0.9004969128209158
68529.0,-0.0543,-0.0366,0.8865,-1.0528470000000012,-1.0346120000000014,53.493572666666665,1.9108278900553202,-1.0428520866710307,-41.052235484000114,0.8889152378039201
68541.0,-0.0624,-0.0402,0.8904,1.2753529999999988,-2.3246120000000015,46.32567266666667,1.9095313694729452,-1.0303036086202855,-40.77428144800012,0.8934886457028987
68553.0,-0.075,-0.0618,0.9016,2.9395529999999988,-2.675812000000001,37.18827266666667,1.9179005819379813,-1.0145966436319365,-40.551151812000114,0.9068223640824039
68565.0,-0.0739,-0.0768,0.9224,3.1379529999999987,-2.4773120000000017,25.38677266666667,1.917587841128851,-0.9902834238076726,-40.398831176000115,0.9285371344216665
68577.0,-0.0684,-0.0704,0.9435,2.305952999999999,-1.6147120000000013,13.127172666666667,1.8985777225328582,-0.9511767158608977,-40.32006814000012,0.9485920988496583
68589.0,-0.0144,-0.0249,0.9462,1.0616529999999988,0,1.936372666666666,1.8630121229060277,-0.8960089391173299,-40.30844990400012,0.9466371057591182
68601.0,0.0186,0.0156,0.9071,0,0,0,1.8186142734656376,-0.8478348473928082,-40.30844990400012,0.907424779251702
68613.0,0.0146,0.0172,0.9138,0,0,0,1.7779623172573615,-0.8054589150469641,-40.30844990400012,0.9140784649033145
68625.0,0.0132,0.0192,0.9153,0,0.5302879999999985,-0.6209273333333338,1.740948387198134,-0.7618785791038031,-40.31217546800012,0.9155965104782783
68637.0,-0.007,0.0055,0.8978,1.3669529999999988,0,-1.788827333333334,1.7215812306611675,-0.7266124047386636,-40.32290843200012,0.897844134580162
68649.0,-0.0439,-0.0079,0.9148,2.305952999999999,-0.6529120000000015,-4.567427333333334,1.712717529218092,-0.6962367722463944,-40.35031299600012,0.9158868161514281
68661.0,-0.1058,-0.0388,0.936,1.962452999999999,-0.6224120000000015,-11.598027333333334,1.6953054273831598,-0.6553009210624169,-40.41990116000012,0.9427592905933094
68673.0,-0.2697,-0.1469,0.9341,0,1.2630879999999987,-30.45292733333333,1.6375185838355995,-0.562929363956452,-40.60261872400012,0.9832906538760552
68685.0,-0.2477,-0.1282,0.9431,0,2.5226879999999987,-56.414827333333335,1.5674759074801259,-0.43349541617929366,-40.94110768800012,0.9834775747316256
68697.0,-0.1753,-0.0549,0.9628,-3.1520470000000014,4.308887999999999,-76.92622733333333,1.4589091208016298,-0.27325132896771115,-41.402665052000124,0.9801673020459314
68709.0,-0.1361,-0.0016,0.9896,-7.174947000000001,7.385287999999999,-90.55222733333333,1.3092858736743636,-0.07409024134595953,-41.94597841600012,0.9989163778815523
68721.0,-0.0736,0.0145,0.9531,-10.655947000000001,10.140987999999998,-99.32322733333334,1.1271618115457482,0.15160623106589277,-42.54191778000013,0.9560474988200115
68733.0,0.0039,0.0194,0.8535,-10.075747000000002,11.102787999999999,-102.62852733333334,0.9606945887770733,0.37399330239936385,-43.15768894400013,0.8537293599262006
68745.0,0.0233,0.0432,0.817,-4.190247000000001,8.278387999999998,-102.12472733333333,0.8744157646269833,0.5473815780040965,-43.770437308000126,0.8184730478152594
68757.0,0.0426,0.0636,0.8612,1.657052999999999,4.751687999999999,-98.25452733333333,0.8682931896833581,0.6626019480431204,-44.35996447200013,0.8645953735707819
68769.0,0.0353,0.0278,0.8501,4.794452999999999,2.2096879999999985,-94.33082733333333,0.9034688352791339,0.7345638532297831,-44.92594943600013,0.8512866379780667
68781.0,0.035,0.0212,0.9443,6.9013529999999985,1.1791879999999986,-92.50642733333333,0.9657897885649984,0.7824070427864239,-45.48098800000013,0.9451861880074212
68793.0,0.0868,0.0377,0.9513,4.191452999999999,1.8661879999999986,-91.12472733333333,0.9998099799777185,0.8214099467316364,-46.027736364000134,0.9559954079387621
68805.0,0.0499,0.0399,0.9733,0.9166529999999988,4.0646879999999985,-86.62852733333334,0.9991881412431126,0.8757985519508381,-46.54750752800013,0.9753947457311835
68817.0,0.0804,0.0441,0.9113,-0.816247000000001,4.285987999999999,-82.85752733333334,0.9828542188346341,0.9193777642195319,-47.044652692000135,0.9159021017554223
68829.0,0.0983,0.0601,0.8856,0,4.247887999999999,-73.34612733333333,0.9826937905866022,0.9482829800069391,-47.48472945600013,0.8930634132019966
68841.0,0.1481,0.0914,0.8783,1.8020529999999988,2.5837879999999984,-62.636127333333334,1.0133389003524054,0.9386657468220886,-47.86054622000013,0.895376155590487
68853.0,0.1505,0.0713,0.8826,3.672352999999999,0,-50.452927333333335,1.0715146695321942,0.8819178762386324,-48.16326378400013,0.8981740922560615
68865.0,0.1398,0.0806,0.9425,4.351752999999999,-0.5307120000000012,-37.87282733333333,1.1429712437923834,0.8064361736799922,-48.39050074800013,0.9562147509843173
68877.0,0.11,0.0708,0.9128,4.366952999999999,-1.6224120000000015,-27.42242733333333,1.2178661104172612,0.710988961600869,-48.55503531200013,0.9221260651342634
68889.0,0.0905,0.0649,0.8295,7.366952999999999,-4.507812000000001,-18.193427333333332,1.3304801001634745,0.5775928724317438,-48.66419587600013,0.8369423576328301
68901.0,0.0109,0.0403,0.7273,16.985352999999996,-12.828512000000002,-8.704927333333334,1.5550313969252467,0.3530294291988688,-48.71642544000013,0.7284972134469698
68913.0,-0.0074,0.0599,0.7051,32.214353,-21.706312000000004,-0.5140273333333338,1.9579100054471683,0.03457087499511189,-48.71950960400013,0.7076784439277488
68925.0,0.067,0.2837,1.8438,29.733352999999997,-6.462012000000001,4.333272666666666,2.3465827875470184,-0.09547527253019525,-48.69350996800013,1.8667011356936603
68937.0,-0.0193,0.0294,0.9994,1.962452999999999,-34.446812,0,2.3963351498908425,-0.5442439652060089,-48.69350996800013,1.0000186048269302
68949.0,0.1833,0.014,0.3077,-3.5948470000000015,9.583787999999998,0,2.3789372505168696,-0.48790066499409634,-48.69350996800013,0.3584329504942312
68961.0,-0.2871,-0.041,1.8281,4.115052999999999,30.270787999999996,0.6462726666666662,2.4345911588696456,-0.1440526245749495,-48.68963233200013,1.850961107100849
68973.0,0.0229,-0.0571,0.6233,-9.449847000000002,-3.164312000000001,1.7378726666666662,2.3192274301596303,-0.20159237000370583,-48.67920509600013,0.6263287555269995
68985.0,-0.0037,0.0662,1.1594,3.145652999999999,0,0,2.3567742191564696,-0.2175852747938679,-48.67920509600013,1.1612943167001206
68997.0,0.0403,0.042,0.8677,-0.7780470000000013,1.5989879999999985,0,2.348185815896223,-0.21743157335596838,-48.67920509600013,0.8696501480480527
69009.0,0.0122,0.0253,0.8765,0,-1.4926120000000016,0,2.347581020449016,-0.25299292278840607,-48.67920509600013,0.8769499301556503
69021.0,0.0144,0.0389,0.9847,0,0,0,2.3468737323089104,-0.26971592118375576,-48.67920509600013,0.9855732646536228
69033.0,0.0151,0.0239,0.8961,0,0.6447879999999986,0,2.3447075787827214,-0.27828932756786434,-48.67920509600013,0.8965458326265311
69045.0,0.0175,0.0278,0.8988,0,-0.5613120000000014,0,2.3416995132197935,-0.3009468352710736,-48.67920509600013,0.8994000945074445
69057.0,0.0138,0.0267,0.9149,0,0,0,2.3377398655323427,-0.31613024083514485,-48.67920509600013,0.915393543783219
69069.0,0.0138,0.0294,0.9156,0,0,0,2.3332672860962482,-0.330627922179856,-48.67920509600013,0.9161758346518424
69081.0,0.0129,0.0297,0.9166,0,0,0,2.3283801769188033,-0.344377843412525,-48.67920509600013,0.9171717723523767
69093.0,0.0115,0.0315,0.9141,0,0,0,2.3233657197978266,-0.3572727780856762,-48.67920509600013,0.9147148790743485
69105.0,0.0109,0.0302,0.9252,0,0,0,2.31804003494928,-0.36928882436146493,-48.67920509600013,0.9257569281404272
69117.0,0.0129,0.0316,0.9271,0,0,0,2.3126124738454212,-0.38074553136794936,-48.67920509600013,0.9277280743838682
69129.0,0.0146,0.0282,0.9188,0,0,0,2.306724835940077,-0.3919105947513455,-48.67920509600013,0.9193485954739911
69141.0,0.0133,0.0303,0.9169,0,0,0,2.3007075765872003,-0.4026399011235017,-48.67920509600013,0.9174969155261504
69153.0,0.015,0.0315,0.9121,0,0,0,2.2947554059672735,-0.4131816960015118,-48.67920509600013,0.9127670348999245
69165.0,0.0128,0.0284,0.9106,0,0,0,2.288496644270335,-0.4232685160307643,-48.67920509600013,0.9111326796905048
69177.0,0.0132,0.0304,0.9115,0,0,0,2.2822217249173935,-0.43298071678883737,-48.67920509600013,0.9121023243035838
69189.0,0.0171,0.0317,0.9233,0,0,0,2.2760549605709213,-0.4428021009981392,-48.67920509600013,0.9240022673132355
69201.0,0.0121,0.0305,0.918,0,0,0,2.2698704006139607,-0.4520919173734196,-48.67920509600013,0.9185862289409743
69213.0,0.0139,0.0284,0.921,0,0,0,2.2634095889316916,-0.46111101738741866,-48.67920509600013,0.9215426034644302
69225.0,0.0115,0.0267,0.9156,0,0,0,2.2565298076347107,-0.4695861345778486,-48.67920509600013,0.9160614062386866
69237.0,0.0154,0.03,0.9104,0,0,0,2.249723811111,-0.478058013803654,-48.67920509600013,0.9110243245929276
69249.0,0.0145,0.0266,0.9155,0,0,0,2.242553106966303,-0.4863886892846132,-48.67920509600013,0.9160011244534583
69261.0,0.0166,0.0287,0.9138,0,0,0,2.2353421368278803,-0.49484272325970935,-48.67920509600013,0.9144012740586049
69273.0,0.0122,0.0293,0.9137,0,0,0,2.2281851114972033,-0.5028415340949756,-48.67920509600013,0.914251070549004
69285.0,0.0145,0.0259,0.915,0,0,0,2.2206613090647678,-0.5107064468592277,-48.67920509600013,0.9154813269532045
69297.0,0.0135,0.0287,0.9185,0,0,0,2.2131631973217996,-0.5183061514232714,-48.67920509600013,0.9190474362077291
69309.0,0.0145,0.0294,0.9174,0,0,0,2.2057941933512795,-0.525783444588346,-48.67920509600013,0.9179854955281156
69321.0,0.0146,0.0288,0.9175,0,0,0,2.198478673151811,-0.5331500974326774,-48.67920509600013,0.9180679985709119
69333.0,0.0121,0.0277,0.9167,0,0,0,2.1910912605767963,-0.5400943370540862,-48.67920509600013,0.9171982283018213
69345.0,0.0145,0.0273,0.9156,0,0,0,2.183609473308445,-0.5469533810090774,-48.67920509600013,0.9161216622261478
69357.0,0.0145,0.0298,0.9171,0,0,0,2.176364922578681,-0.553720706066125,-48.67920509600013,0.9176985888623781
69369.0,0.0144,0.0271,0.9127,0,0,0,2.1690249238786237,-0.560389638010364,-48.67920509600013,0.9132157795395346
69381.0,0.0142,0.028,0.9149,0,0,0,2.161718824617949,-0.5669292571309225,-48.67920509600013,0.915438501484398
69393.0,0.0128,0.0299,0.9171,0,0,0,2.1546856671636987,-0.5731626861893403,-48.67920509600013,0.9176765552197572
69405.0,0.0134,0.0311,0.9199,0,0,0,2.148045876476759,-0.5791831570184056,-48.67920509600013,0.9205231012853508
69417.0,0.0159,0.0284,0.9211,0,0,0,2.141424647568434,-0.5853134791575493,-48.67920509600013,0.9216748776005561
69429.0,0.0148,0.0284,0.915,0,0,0,2.1348572319479175,-0.5914028883113253,-48.67920509600013,0.91556026562974
69441.0,0.0132,0.0293,0.9186,0,0,0,2.128448518683782,-0.5972373714278518,-48.67920509600013,0.9191619498216841
69453.0,0.0161,0.0289,0.9214,0,0,0,2.1221314914558724,-0.6031918330158305,-48.67920509600013,0.9219936984600274
69465.0,0.0131,0.0278,0.9143,0,0,0,2.115798984354999,-0.6088796026354474,-48.67920509600013,0.914816342223946
69477.0,0.0157,0.0271,0.9211,0,0,0,2.109351333360585,-0.6146320340843426,-48.67920509600013,0.9216323073764288
69489.0,0.0138,0.028,0.9166,0,0,0,2.1029449617364087,-0.6202016382531754,-48.67920509600013,0.9171313973471849
69501.0,0.0179,0.0292,0.9203,0,0,0,2.0967227504012387,-0.6261031907426845,-48.67920509600013,0.9209370988292306
69513.0,0.0128,0.0276,0.9205,0,0,0,2.0904755188496136,-0.6316489832290341,-48.67920509600013,0.9210026330038368
69525.0,0.0137,0.0308,0.9164,0,0,0,2.084633476984634,-0.6369902587390502,-48.67920509600013,0.91701978713657
69537.0,0.0148,0.0284,0.916,0,0,0,2.07886286815536,-0.6422784825500464,-48.67920509600013,0.9165596543597149
69549.0,0.0144,0.028,0.9186,0,0,0,2.073106786457858,-0.6474543287621888,-48.67920509600013,0.9191394453509217
69561.0,0.0148,0.028,0.9187,0,0,0,2.0673746267424566,-0.652570421197124,-48.67920509600013,0.9192457397236061
69573.0,0.0094,0.0281,0.9219,0,0,0,2.0616754190614195,-0.6569437463242619,-48.67920509600013,0.9223760512936142
69585.0,0.015,0.0302,0.9215,0,0,0,2.0562795597523116,-0.6613526255659148,-48.67920509600013,0.9221167442357828
69597.0,0.0111,0.0328,0.9143,0,0,0,2.051514435851164,-0.6653113011885655,-48.67920509600013,0.9149554852559768
69609.0,0.0144,0.0286,0.9156,0,0,0,2.046786543081,-0.6692740823397983,-48.67920509600013,0.9161597458958781
69621.0,0.0134,0.0298,0.9103,0,0,0,2.0422716362230156,-0.6731177288690738,-48.67920509600013,0.9108862113348736
69633.0,0.0148,0.0298,0.9166,0,0,0,2.037928634401511,-0.6770116091262001,-48.67920509600013,0.9172037069266564
69645.0,0.0156,0.0281,0.9185,0,0,0,2.0335262186722063,-0.6810383138149155,-48.67920509600013,0.919062141533422
69657.0,0.0122,0.0273,0.9159,0,0,0,2.0289908665989786,-0.6847544245409448,-48.67920509600013,0.9163879855170517
69669.0,0.0184,0.0305,0.9197,0,0,0,2.024731261575675,-0.6889561980250843,-48.67920509600013,0.9203895370982875
69681.0,0.0149,0.028,0.9207,0,0,0,2.0204077492947454,-0.6931387672551541,-48.67920509600013,0.9212461668848343
69693.0,0.0145,0.0278,0.9152,0,0,0,2.0160332631072277,-0.6972568500548215,-48.67920509600013,0.9157369327487016
69705.0,0.0175,0.0297,0.9181,0,0,0,2.0118479879965214,-0.7016786969719309,-48.67920509600013,0.9187469455731541
69717.0,0.0123,0.0288,0.922,0,0,0,2.0077106898599295,-0.7057027131747343,-48.67920509600013,0.9225316959324488
69729.0,0.0153,0.0304,0.9165,0,0,0,2.0038449426050815,-0.7097531382401261,-48.67920509600013,0.9171316699362202
69741.0,0.0142,0.0297,0.9153,0,0,0,2.0001440026595745,-0.7136838405046649,-48.67920509600013,0.915891816755669
69753.0,0.0167,0.031,0.9158,0,0,0,1.9967559125350791,-0.7178122619702841,-48.67920509600013,0.9164766936480163
69765.0,0.0146,0.0286,0.9198,0,0,0,1.9933353578192428,-0.7218366164476175,-48.67920509600013,0.9203603424746201
69777.0,0.0144,0.0298,0.9165,0,0,0,1.9900558485651128,-0.72574277595881,-48.67920509600013,0.9170974048594838
69789.0,0.0145,0.0297,0.9194,0,0,0,1.9868832666939755,-0.7295435654600484,-48.67920509600013,0.9199938586751544
69801.0,0.0157,0.03,0.9172,0,0,0,1.9838574483589753,-0.7333980160962267,-48.67920509600013,0.9178247817530315
69813.0,0.0138,0.0312,0.9163,0,0,0,1.981120554365999,-0.7370566926460455,-48.67920509600013,0.9169348777312377
69825.0,0.0142,0.0284,0.9189,0,0,0,1.97828425298726,-0.7405801224138756,-48.67920509600013,0.9194484270474338
69837.0,0.0145,0.0276,0.918,0,0,0,1.9752697774592884,-0.7440164689922503,-48.67920509600013,0.9185292646399461
69849.0,0.0144,0.0295,0.9199,0,0,0,1.9723336031644352,-0.7473528826404756,-48.67920509600013,0.9204855349216522
69861.0,0.0166,0.0283,0.9204,0,0,0,1.9693206329679667,-0.7508680011655151,-48.67920509600013,0.9209845872760304
69873.0,0.0137,0.0304,0.9176,0,0,0,1.966519068283267,-0.7541774328491824,-48.67920509600013,0.9182056469005186
69885.0,0.0111,0.0299,0.9169,0,0,0,1.9638502006317018,-0.7569757319535952,-48.67920509600013,0.9174545383832379
69897.0,0.0142,0.0287,0.9192,0,0,0,1.9611447367086292,-0.7596999533961507,-48.67920509600013,0.919757560447317
69909.0,0.0146,0.0311,0.9175,0,0,0,1.958718375635195,-0.7624066139362381,-48.67920509600013,0.9181430280735132
69921.0,0.0135,0.0306,0.9208,0,0,0,1.9564675265466933,-0.7649487060883927,-48.67920509600013,0.9214072118233066
69933.0,0.0142,0.0304,0.915,0,0,0,1.9543743139107377,-0.7674391546409344,-48.67920509600013,0.9156149845868623
69945.0,0.0138,0.03,0.9165,0,0,0,1.9523684730560082,-0.7698262383049291,-48.67920509600013,0.9170947006716373
69957.0,0.0156,0.0308,0.9169,0,0,0,1.9505417603614261,-0.7723412894545918,-48.67920509600013,0.9175497861151732
69969.0,0.0171,0.0261,0.9174,0,0,0,1.9482884041385204,-0.7751504752942174,-48.67920509600013,0.9179304875642817
69981.0,0.0167,0.0299,0.9155,0,0,0,1.9461448180725094,-0.7781673882856542,-48.67920509600013,0.9161403549675126
69993.0,0.0143,0.0288,0.9175,0,0,0,1.9439572597983326,-0.781057831196229,-48.67920509600013,0.9180632766863077
70005.0,0.0142,0.0276,0.9196,0,0,0,1.941577249779615,-0.7838142545783406,-48.67920509600013,0.920123665601532
70017.0,0.0145,0.0284,0.9199,0,0,0,1.9391308995977683,-0.7864838329584493,-48.67920509600013,0.920452508280574
70029.0,0.0116,0.0299,0.9153,0,0,0,1.9368364259013942,-0.7887186270258945,-48.67920509600013,0.9158617035338905
70041.0,0.0154,0.028,0.9219,0,0,0,1.934417154502743,-0.791026799932974,-48.67920509600013,0.9224536682132063
70053.0,0.0135,0.0273,0.9186,0,0,0,1.9318186192893119,-0.7931644423343787,-48.67920509600013,0.9191047274386092
70065.0,0.0146,0.0292,0.915,0,0,0,1.9293181378938025,-0.7952917145239676,-48.67920509600013,0.915582219137091
70077.0,0.0166,0.0287,0.9172,0,0,0,1.926838018884865,-0.7976509425484014,-48.67920509600013,0.9177990466327582
70089.0,0.0135,0.0283,0.9171,0,0,0,1.9243315103192404,-0.7998232749033726,-48.67920509600013,0.9176358482535434
70101.0,0.0138,0.0288,0.9203,0,0,0,1.9218565327879296,-0.801857570010773,-48.67920509600013,0.9208539352144834
70113.0,0.0161,0.0309,0.9185,0,0,0,1.9196830741303224,-0.8040566395178956,-48.67920509600013,0.9191606334041945
70125.0,0.0126,0.0297,0.9189,0,0,0,1.9176288967595807,-0.8059590794870827,-48.67920509600013,0.9194661820861059
70137.0,0.0151,0.0288,0.9182,0,0,0,1.915574434166494,-0.8079094361629279,-48.67920509600013,0.9187756472610711
70149.0,0.0157,0.031,0.9166,0,0,0,1.913804427212524,-0.8099761962874605,-48.67920509600013,0.9172584423160137
70161.0,0.0165,0.0264,0.9161,0,0,0,1.9117171718318147,-0.8122423950480298,-48.67920509600013,0.9166288343708155
70173.0,0.0154,0.0286,0.9186,0,0,0,1.9096188153688913,-0.8145376650537639,-48.67920509600013,0.9191741293139184
70185.0,0.0164,0.0294,0.9178,0,0,0,1.907617716569119,-0.81698040991968,-48.67920509600013,0.918417203671621
70197.0,0.0145,0.0288,0.9216,0,0,0,1.905616745770007,-0.8193034696672381,-48.67920509600013,0.9221638954112225
70209.0,0.0156,0.0289,0.9158,0,0,0,1.9036551131347563,-0.8216653957501674,-48.67920509600013,0.9163886784547264
70221.0,0.0192,0.0289,0.917,0,0,0,1.9017271424232767,-0.8245037669586991,-48.67920509600013,0.9176561719947184
70233.0,0.014,0.0291,0.9144,0,0,0,1.8998682379368468,-0.8271131242318744,-48.67920509600013,0.9149700377608001
70245.0,0.0146,0.0295,0.9182,0,0,0,1.898108865119413,-0.8295822243960916,-48.67920509600013,0.9187897746492394
70257.0,0.0133,0.0289,0.9183,0,0,0,1.8963656412228804,-0.8317601943399157,-48.67920509600013,0.9188509073837823
70269.0,0.0155,0.0297,0.9193,0,0,0,1.8947358326324646,-0.833949637211636,-48.67920509600013,0.9199102293158827
70281.0,0.0146,0.03,0.9218,0,0,0,1.8932368538213342,-0.8360273796747387,-48.67920509600013,0.9224035992991353
70293.0,0.0137,0.0308,0.9192,0,0,0,1.891966281438583,-0.8378955143631789,-48.67920509600013,0.9198179004563892
70305.0,0.0166,0.0303,0.9178,0,0,0,1.8908427571700177,-0.8399396741779871,-48.67920509600013,0.9184500476346005
70317.0,0.014,0.0291,0.9163,0,0,0,1.889707761854571,-0.841813686442692,-48.67920509600013,0.9168688564893018
70329.0,0.0104,0.0295,0.9189,0,0,0,1.8886046315818974,-0.8430793933785972,-48.67920509600013,0.919432226974887
70341.0,0.0144,0.0294,0.92,0,0,0,1.8875146993644951,-0.8443030185238476,-48.67920509600013,0.9205822722603342
70353.0,0.0146,0.0299,0.9194,0,0,0,1.8865032831086455,-0.8455132133406825,-48.67920509600013,0.9200019184762606
70365.0,0.014,0.0299,0.9156,0,0,0,1.885578379289772,-0.8466417680135759,-48.67920509600013,0.9161950501940075
70377.0,0.0168,0.0305,0.9191,0,0,0,1.8847922364835772,-0.8480385043731798,-48.67920509600013,0.9197593707051861
70389.0,0.0125,0.0287,0.9149,0,0,0,1.8839227877234614,-0.8491407700115505,-48.67920509600013,0.9154353882169949
70401.0,0.0154,0.0284,0.9124,0,0,0,1.8829539263713493,-0.8503479543161399,-48.67920509600013,0.9129717848871344
70413.0,0.0151,0.0314,0.917,0,0,0,1.8822552018129097,-0.8515987497417233,-48.67920509600013,0.9176616860259559
70425.0,0.0138,0.028,0.913,0,0,0,1.8813880135279306,-0.8527310742356664,-48.67920509600013,0.9135334914495473
70437.0,0.0154,0.0303,0.9226,0,0,0,1.8806223862573495,-0.8539374409227616,-48.67920509600013,0.9232258716045603
70449.0,0.0139,0.0281,0.916,0,0,0,1.879699919397415,-0.8550324642779091,-48.67920509600013,0.9165363167927391
70461.0,0.0155,0.0294,0.9174,0,0,0,1.8787974517474821,-0.8562241267326873,-48.67920509600013,0.9180018355101476
70473.0,0.0164,0.0287,0.9143,0,0,0,1.877839391371097,-0.8576172928125392,-48.67920509600013,0.9148973385030694
70485.0,0.0145,0.0271,0.9155,0,0,0,1.8766297743697382,-0.8589456746254466,-48.67920509600013,0.9160157804317565
70497.0,0.0155,0.0287,0.9177,0,0,0,1.8753916304767675,-0.8603347609324351,-48.67920509600013,0.9182794944895589
70509.0,0.0157,0.0299,0.9178,0,0,0,1.8742801812708405,-0.8617993784674183,-48.67920509600013,0.9184211125622058
70521.0,0.0153,0.0319,0.9182,0,0,0,1.8735307147015616,-0.8632768871260993,-48.67920509600013,0.9188813525151112
70533.0,0.0146,0.0287,0.9155,0,0,0,1.8727134582742815,-0.8646808698554359,-48.67920509600013,0.9160661002351304
70545.0,0.0154,0.0291,0.9192,0,0,0,1.8718731421199097,-0.8661095883191067,-48.67920509600013,0.9197894378606443
70557.0,0.0138,0.0288,0.9165,0,0,0,1.8709876060387813,-0.8673629114147284,-48.67920509600013,0.9170562305551389
70569.0,0.0157,0.0294,0.9154,0,0,0,1.8701430941268278,-0.8686985981287654,-48.67920509600013,0.9160065556533971
70581.0,0.0161,0.032,0.9161,0,0,0,1.8696582138117157,-0.8701528377706119,-48.67920509600013,0.916800098167534
70593.0,0.014,0.033,0.9177,0,0,0,1.869610016822885,-0.8714430846899568,-48.67920509600013,0.9183998530052147
70605.0,0.0179,0.0282,0.9203,0,0,0,1.8693371419232547,-0.8730679357441221,-48.67920509600013,0.9209059343928674
70617.0,0.0153,0.0278,0.9158,0,0,0,1.8688351358326736,-0.8746691746797919,-48.67920509600013,0.9163495894035201
70629.0,0.0161,0.0303,0.9125,0,0,0,1.868457258774722,-0.8763532294180119,-48.67920509600013,0.9131448680247839
70641.0,0.0123,0.0267,0.9128,0,0,0,1.8677390699994778,-0.8776313314577622,-48.67920509600013,0.9132732449820261
70653.0,0.014,0.0292,0.9198,0,0,0,1.8670062379148538,-0.8787469163480311,-48.67920509600013,0.9203698604365529
70665.0,0.0151,0.0272,0.917,0,0,0,1.866023343040148,-0.8798601542221919,-48.67920509600013,0.9175275745175183
70677.0,0.0166,0.03,0.918,0,0,0,1.8651674114135173,-0.8811544875433666,-48.67920509600013,0.918640060088825
70689.0,0.0171,0.0295,0.9213,0,0,0,1.8643495787702276,-0.8826614928479748,-48.67920509600013,0.9219307728891579
70701.0,0.0156,0.0291,0.918,0,0,0,1.8635302761562593,-0.8841724935609561,-48.67920509600013,0.9185935826033187
70713.0,0.0155,0.0284,0.916,0,0,0,1.862631910825365,-0.885675686146669,-48.67920509600013,0.916571224728335
70725.0,0.0139,0.0305,0.9177,0,0,0,1.8619210221506046,-0.8869656007079443,-48.67920509600013,0.9183119023512654
70737.0,0.0167,0.0299,0.9185,0,0,0,1.8612986497399784,-0.8884128561368203,-48.67920509600013,0.9191382648981599
70749.0,0.0133,0.0287,0.9153,0,0,0,1.8606188328752924,-0.8895780191895754,-48.67920509600013,0.9158464227150751
70761.0,0.0167,0.0293,0.9185,0,0,0,1.8599516093170734,-0.8909100432991168,-48.67920509600013,0.9191189422484991
70773.0,0.015,0.0302,0.9177,0,0,0,1.8594124192080466,-0.8921759096552887,-48.67920509600013,0.918319296323452
70785.0,0.015,0.03,0.9149,0,0,0,1.858973476380238,-0.8933867106855609,-48.67920509600013,0.9155146148478462
70797.0,0.0171,0.0276,0.9152,0,0,0,1.858322932092771,-0.8948082630257538,-48.67920509600013,0.9157757421989294
70809.0,0.0143,0.0294,0.9202,0,0,0,1.8576919952728481,-0.896052600328424,-48.67920509600013,0.9207805873279475
70821.0,0.0148,0.0315,0.9181,0,0,0,1.8573499598239664,-0.8972050288979715,-48.67920509600013,0.9187594353257005
70833.0,0.0156,0.0295,0.9155,0,0,0,1.8570242196733788,-0.8983794166354472,-48.67920509600013,0.916107995817087
70845.0,0.017,0.0272,0.9165,0,0,0,1.8564223433302611,-0.8997436350652346,-48.67920509600013,0.9170611157387495
70857.0,0.0145,0.0288,0.9165,0,0,0,1.8557779564562258,-0.9009602669575392,-48.67920509600013,0.9170670313559418
70869.0,0.0138,0.0316,0.9176,0,0,0,1.8554425011325244,-0.9019545470968354,-48.67920509600013,0.918247657225435
70881.0,0.0153,0.0286,0.9159,0,0,0,1.8550124524840308,-0.9029416386854818,-48.67920509600013,0.9164741458437331
70893.0,0.0145,0.0283,0.9186,0,0,0,1.8544516608997075,-0.9038148850129569,-48.67920509600013,0.9191502053527486
70905.0,0.0165,0.0308,0.9166,0,0,0,1.8540965423218638,-0.9048399506511982,-48.67920509600013,0.917265746662329
70917.0,0.0159,0.0259,0.9171,0,0,0,1.853310021538443,-0.9059208860724233,-48.67920509600013,0.9176034165149998
70929.0,0.0154,0.0298,0.9176,0,0,0,1.8526293860926215,-0.9069854315532165,-48.67920509600013,0.9182129164850601
70941.0,0.0139,0.0293,0.9178,0,0,0,1.851980401565536,-0.9078456195449485,-48.67920509600013,0.9183727674533908
70953.0,0.015,0.0302,0.9196,0,0,0,1.8514657020758116,-0.9086575286313615,-48.67920509600013,0.9202180176458186
70965.0,0.0139,0.0292,0.9171,0,0,0,1.850955697424208,-0.909293043927203,-48.67920509600013,0.9176700169450891
70977.0,0.0126,0.03,0.9163,0,0,0,1.8505539424033766,-0.9096109674160914,-48.67920509600013,0.916877554529502
70989.0,0.0145,0.0306,0.9199,0,0,0,1.8503088221889317,-0.9098781503323872,-48.67920509600013,0.9205230143782394
71001.0,0.0167,0.0291,0.9177,0,0,0,1.8500238552084038,-0.9103791606996396,-48.67920509600013,0.9183131219796437
71013.0,0.0131,0.0303,0.9231,0,0,0,1.849832593877603,-0.9106250740184849,-48.67920509600013,0.9236900508287399
71025.0,0.0178,0.0281,0.9175,0,0,0,1.8494721628984387,-0.9112433691628218,-48.67920509600013,0.9181027720250059
71037.0,0.0115,0.0299,0.9198,0,0,0,1.849178877338506,-0.9113981048811466,-48.67920509600013,0.9203577022006171
71049.0,0.0116,0.0283,0.9192,0,0,0,1.848748345845602,-0.9111574625160366,-48.67920509600013,0.919708698447503
71061.0,0.0167,0.0302,0.9181,0,0,0,1.8484385085728445,-0.9112070083801449,-48.67920509600013,0.9187483551005684
71073.0,0.0128,0.0247,0.9193,0,0,0,1.8475457245571747,-0.9110235026701524,-48.67920509600013,0.9197208380807733
71085.0,0.0132,0.0249,0.9042,0,0,0,1.8462240785565849,-0.9107141871405446,-48.67920509600013,0.9046390937827085
71097.0,0.0187,0.0308,0.9127,0,0,0,1.8452294859111193,-0.9109651426885689,-48.67920509600013,0.9134109808842895
71109.0,0.0162,0.0294,0.9055,0,0,0,1.8443791283612525,-0.9114122507804079,-48.67920509600013,0.9061219840617487
71121.0,0.0151,0.0286,0.9139,0,0,0,1.843524808084456,-0.9118769129507904,-48.67920509600013,0.9144720772117648
71133.0,0.0161,0.0325,0.9156,0,0,0,1.843149642802516,-0.9124778190255459,-48.67920509600013,0.9163180779620143
71145.0,0.0151,0.0314,0.9152,0,0,0,1.843061929734392,-0.9130733507521739,-48.67920509600013,0.915862986477781
71157.0,0.0146,0.0255,0.9153,0,0,0,1.8424897672637275,-0.9136001653815631,-48.67920509600013,0.9157715326433772
71169.0,0.0193,0.0302,0.9191,0,0,0,1.8420637824651962,-0.9146455495146615,-48.67920509600013,0.9197985322884572
71181.0,0.0139,0.0289,0.9161,0,0,0,1.8416173101389883,-0.9154767804796281,-48.67920509600013,0.9166611314984399
71193.0,0.0127,0.0276,0.9148,0,0,0,1.8409963899315158,-0.9159700313016248,-48.67920509600013,0.9153043701414301
71205.0,0.0151,0.0299,0.9215,0,0,0,1.8404836568661613,-0.9164506895298079,-48.67920509600013,0.922108599894828
71217.0,0.0142,0.0311,0.9159,0,0,0,1.8402394635595483,-0.9168182340866639,-48.67920509600013,0.9165378661026505
71229.0,0.0151,0.0322,0.9164,0,0,0,1.8403679758167313,-0.9171967896372828,-48.67920509600013,0.9170898592831567
71241.0,0.014,0.033,0.9158,0,0,0,1.8409273892610243,-0.9174479779022302,-48.67920509600013,0.916501303872504
71253.0,0.017,0.0288,0.9149,0,0,0,1.8413445077476454,-0.917963314198548,-48.67920509600013,0.9155110321563581
71265.0,0.014,0.0276,0.9158,0,0,0,1.8414818723551198,-0.9183335942788556,-48.67920509600013,0.9163227597304346
71277.0,0.0146,0.0314,0.917,0,0,0,1.8418421189829977,-0.9186477810295485,-48.67920509600013,0.9176535947731039
71289.0,0.0153,0.0281,0.9175,0,0,0,1.8419838735821883,-0.918998379303932,-48.67920509600013,0.9180577051580145
71301.0,0.014,0.0289,0.915,0,0,0,1.8420427508686386,-0.9192229357619023,-48.67920509600013,0.9155633293224451
71313.0,0.017,0.0299,0.9182,0,0,0,1.8421402559331759,-0.9197044494223047,-48.67920509600013,0.9188439747857087
71325.0,0.0157,0.0295,0.9163,0,0,0,1.8422294015281195,-0.9202529676593325,-48.67920509600013,0.9169091721648333
71337.0,0.0164,0.0321,0.9218,0,0,0,1.8426133823166682,-0.9209355468084562,-48.67920509600013,0.9225045311541835
71349.0,0.0134,0.0305,0.9192,0,0,0,1.8430674774367237,-0.9213655602835701,-48.67920509600013,0.919803484446542
71361.0,0.0176,0.032,0.9175,0,0,0,1.843776297299641,-0.9221001235785359,-48.67920509600013,0.9182265570108501
71373.0,0.014,0.0264,0.9196,0,0,0,1.84400129173009,-0.9226478075664356,-48.67920509600013,0.9200853873418489
71385.0,0.0144,0.0308,0.9183,0,0,0,1.8443533708091913,-0.92308226010546,-48.67920509600013,0.9189292083724404
71397.0,0.0154,0.028,0.9161,0,0,0,1.8444763437898948,-0.9235453796155199,-48.67920509600013,0.9166571714659739
71409.0,0.0154,0.0287,0.9185,0,0,0,1.8444746477225376,-0.9240279083370061,-48.67920509600013,0.9190773090442392
71421.0,0.016,0.0267,0.9193,0,0,0,1.844110318424186,-0.924599835098933,-48.67920509600013,0.9198268206570192
71433.0,0.0121,0.0297,0.9131,0,0,0,1.8438260783562226,-0.9247752467616057,-48.67920509600013,0.9136630177477909
71445.0,0.0142,0.0282,0.915,0,0,0,1.8434181439102661,-0.9248588188516074,-48.67920509600013,0.9155445811100626
71457.0,0.0146,0.0317,0.9146,0,0,0,1.8433404275665937,-0.9249119788061351,-48.67920509600013,0.915265649961802
71469.0,0.0156,0.0321,0.9167,0,0,0,1.843595646254278,-0.9250589206445133,-48.67920509600013,0.9173944952963256
71481.0,0.0156,0.0287,0.9175,0,0,0,1.8437162769396833,-0.9252866505105445,-48.67920509600013,0.918081314481457
71493.0,0.0162,0.0323,0.9166,0,0,0,1.844170994682195,-0.9256619886395322,-48.67920509600013,0.9173119916364333
71505.0,0.0089,0.0339,0.9446,-2.0223470000000012,0,0,1.8212218247815501,-0.9251994265809887,-48.67920509600013,0.9452500092568104
71517.0,0.0052,0.0265,0.9221,-0.8238470000000011,0,0,1.8123456406039455,-0.9235845150985825,-48.67920509600013,0.9224953658420187
71529.0,0.0605,0.0178,0.8411,-2.930747000000001,-9.401012000000001,1.4783726666666661,1.7776686029136926,-1.038600315720846,-48.67033486000013,0.8434609060294377
71541.0,0.0002,0.038,0.9888,-2.426947000000001,-0.6529120000000015,0,1.7504686295519123,-1.0459979877471002,-48.67033486000013,0.9895299288045815
71553.0,0.0052,0.0352,0.9534,-0.5566470000000012,-0.7598120000000015,0,1.74636478020334,-1.0530340326627095,-48.67033486000013,0.9540637504905005
71565.0,0.0365,0.0441,0.9463,-1.7551470000000013,0,0.6615726666666661,1.729874381076963,-1.0535678924597012,-48.66636542400013,0.9480299309620979
71577.0,0.0841,0.0636,0.9307,-3.480347000000001,0,3.066072666666666,1.6973539166867038,-1.0623246114652687,-48.64796898800013,0.93665375673191
71589.0,0.1116,0.0934,0.9431,-5.6024470000000015,0.9424879999999987,7.241672666666666,1.6476615050291694,-1.0705655608524034,-48.60451895200013,0.9542618770547213
71601.0,0.2135,0.1827,0.9524,-7.724647000000001,2.3241879999999986,16.363872666666666,1.59125951824838,-1.0844956201977836,-48.50633571600013,0.9929890734544867
71613.0,0.1508,0.0931,0.9058,-7.587247000000001,2.5684879999999986,25.898172666666667,1.5424312438928256,-1.1077311121594207,-48.35094668000013,0.9229744796038513
71625.0,0.0778,0.073,0.8535,-5.236047000000001,1.1027879999999985,30.867672666666667,1.524571577809287,-1.150436216645757,-48.16574064400013,0.8601419010837689
71637.0,0.033,0.043,0.8842,-1.510847000000001,0,32.684472666666665,1.5490596420472413,-1.2018773756207082,-47.96963380800013,0.8858598308987715
71649.0,0.0198,0.0239,0.9077,0,-0.8437120000000013,32.585172666666665,1.586623840697929,-1.2573187949230968,-47.77412277200013,0.9082304443256677
71661.0,0.0037,0.0347,0.9285,0,-0.9124120000000016,31.783672666666668,1.6208471026152607,-1.3058922200502843,-47.583420736000136,0.9291555467197082
71673.0,0.0034,0.024,0.9271,-0.5872470000000012,-0.9277120000000014,31.44017266666667,1.6438313476310864,-1.347747137831329,-47.394779700000136,0.9274168264593866
71685.0,-0.0195,0.0122,0.8977,0,-1.2559120000000012,30.53177266666667,1.668705219287106,-1.3846053971773966,-47.21158906400014,0.8979946436365865
71697.0,-0.0446,-0.0155,0.8909,1.5196529999999988,-1.8132120000000014,28.241672666666666,1.7034072546124484,-1.4169147246177782,-47.042139028000136,0.8921503348651505
71709.0,-0.0073,0.0258,0.9004,2.916652999999999,-2.3704120000000013,25.40967266666667,1.7521338937184074,-1.4503989056398527,-46.88968099200014,0.9007991396532303
71721.0,0.0459,0.0797,0.9369,2.779152999999999,-2.5002120000000017,25.287472666666666,1.8032662237428283,-1.4870100535091288,-46.73795615600014,0.9414034788548425
71733.0,0.1128,0.1604,0.9459,1.5578529999999988,-2.0880120000000013,28.989772666666667,1.8534505798702519,-1.5283780692703326,-46.564017520000135,0.9660118063460715
71745.0,0.1249,0.1624,0.9296,0,-1.3704120000000013,34.76077266666667,1.89757402723125,-1.5713202424343509,-46.35545288400014,0.9519085722904275
71757.0,0.1156,0.1437,0.9202,-0.9459470000000012,-0.9124120000000016,40.08137266666667,1.9393503619907866,-1.6166542795860501,-46.11496464800014,0.9384993819923378
71769.0,0.1055,0.1786,0.9164,-0.9307470000000011,-0.8056120000000013,45.27987266666667,1.993496386831283,-1.6663663154008685,-45.84328541200014,0.9395835087952534
71781.0,0.1173,0.2389,0.891,0.8479529999999988,-1.2254120000000013,50.409672666666665,2.086923237389802,-1.7275926862090192,-45.540827376000145,0.9298997257769248
71793.0,0.0985,0.2761,0.9058,2.573052999999999,-2.0651120000000014,55.814172666666664,2.220661921821707,-1.8018358943017796,-45.20594234000014,0.9520541476197665
71805.0,0.0193,0.0563,0.9445,1.4127529999999988,-1.4239120000000014,58.409672666666665,2.3302416540696367,-1.8607836511018372,-44.85548430400014,0.9463733037232189
71817.0,0.015,-0.0753,0.9268,-0.839147000000001,1.6142879999999986,56.409672666666665,2.3881746410557323,-1.8768159169887235,-44.517026268000144,0.9299749082636584
71829.0,-0.0937,-0.3185,0.9421,0,2.5608879999999985,56.638672666666665,2.4039098225201387,-1.8623997471279934,-44.17719423200015,0.9988865551202499
71841.0,-0.2289,-0.319,0.9117,-0.9078470000000012,1.9043879999999986,45.753172666666664,2.3627556166749772,-1.8222466058517295,-43.902675196000146,0.9926495353346013
71853.0,-0.2402,-0.2161,0.9126,0,0.8203879999999986,32.776072666666664,2.3044259810185803,-1.7637760373882878,-43.70601876000015,0.9681084701623056
71865.0,-0.249,-0.1772,0.9244,0,0.5608879999999985,20.928672666666667,2.22633235125486,-1.6797728687566766,-43.58044672400015,0.9736098808044216
71877.0,-0.2156,-0.0807,0.9166,0,0,8.608072666666667,2.142984690279097,-1.5814315630276783,-43.52879828800015,0.9450668812311644
71889.0,-0.0841,-0.0757,0.9059,0.6112529999999988,0,1.2721726666666662,2.062908484964355,-1.4809701661054233,-43.521165252000145,0.9129392696121686
71901.0,0.0092,0.0193,0.8916,2.496752999999999,-1.0422120000000015,0,2.0133215448724546,-1.4026116860508047,-43.521165252000145,0.8918563169031208
71913.0,0.0221,0.0319,0.9457,2.122752999999999,-0.9964120000000012,0,1.9681651389914583,-1.3343021547561247,-43.521165252000145,0.9464959112431495
71925.0,0.0247,0.0238,0.8889,1.2066529999999989,0,-0.6514273333333338,1.9190025777581123,-1.263767270242497,-43.525073816000145,0.8895615436831789
71937.0,0.0264,0.033,0.9294,1.3517529999999989,0,0,1.8790758904430491,-1.20237900582516,-43.525073816000145,0.9303603172964763
71949.0,0.0188,0.0275,0.9222,0,0,-0.5522273333333338,1.8292345903673375,-1.1481923888930479,-43.528387180000145,0.9228014575194385
71961.0,0.0007,0.0083,0.9149,0.8860529999999989,0,-1.0865273333333338,1.7930686302176668,-1.0981818723983128,-43.53490634400014,0.9149379159265398
71973.0,0.0374,0.043,0.9247,0.7639529999999989,0,-2.712527333333334,1.762562887340831,-1.056561904519957,-43.55118150800014,0.9264544511199674
71985.0,0.0035,0.0176,0.8956,1.1608529999999988,-0.9201120000000014,-1.9339273333333338,1.7398916197205048,-1.028954745499042,-43.56278507200014,0.895779755297026
71997.0,0.0211,0.0331,0.9315,1.3822529999999988,-1.6682120000000014,-2.5827273333333336,1.7245207169403152,-1.01508886383751,-43.57828143600014,0.9323266970327515
72009.0,0.0117,0.0271,0.9159,1.7257529999999988,-2.385712000000001,-2.4071273333333334,1.7165657573449176,-1.0126883175808765,-43.59272420000014,0.9163755289181397
72021.0,-0.1093,-0.0538,0.9763,3.023452999999999,-7.721612,-12.216327333333334,1.7166927290168679,-1.060594466248687,-43.66602216400014,0.9838712415758476
72033.0,0.0729,0.0961,0.9701,4.603652999999999,-19.950612000000003,-12.941527333333335,1.7473831870160406,-1.262724888229238,-43.74367132800014,0.9775702685740806
72045.0,0.1755,-0.0072,0.5231,-1.426947000000001,-13.797912,-3.3384273333333336,1.7049685316893932,-1.4117853034236736,-43.76370189200014,0.5518022290640008
72057.0,-0.0325,0.041,1.1589,2.176152999999999,12.133387999999998,0,1.7097317025274665,-1.2473130387449705,-43.76370189200014,1.1600803679056033
72069.0,-0.0354,0.032,1.0829,8.382252999999999,-19.836112000000004,-0.7965273333333338,1.7897772947758828,-1.456985745711259,-43.76848105600014,1.0839509075599318
72081.0,-0.0066,0.1356,1.0673,21.229553,-56.820812,-1.666727333333334,2.033974888573271,-2.0964526235555003,-43.77848142000014,1.0758997211636407
72093.0,0.2211,0.1305,1.432,34.809753,-81.019312,6.814172666666666,2.443648234652793,-3.0331418850973417,-43.73759638400014,1.4548331381983295
72105.0,-0.0824,0.0146,1.1722,21.420453,-115.141412,4.837072666666666,2.684581913893123,-4.340047894530565,-43.708573948000144,1.1751832878321575
72117.0,0.161,-0.0233,0.8063,23.458553,-109.141412,5.394372666666666,2.9388817155909996,-5.567767199221184,-43.67620771200014,0.8225470077752396
72129.0,0.1437,0.0853,0.7585,26.931853,-60.843712,4.348572666666666,3.2364960424662037,-6.217518963552043,-43.65011627600014,0.776690433828047
72141.0,0.1785,0.1306,0.7142,33.023453,-47.088012,2.562272666666666,3.612594909850955,-6.710715567116478,-43.63474264000014,0.7476631928883485
72153.0,0.1915,0.1295,0.7039,36.573053,-30.568912,1.256972666666666,4.034922274311985,-7.018702774076742,-43.62720080400014,0.740889809620837
72165.0,0.1752,0.113,0.7,36.924253,-13.591812000000001,0.5012726666666661,4.4621829402841335,-7.13670165426987,-43.62419316800014,0.7303862265952171
72177.0,0.1639,0.0891,0.7338,31.725752999999997,-0.5918120000000013,-0.6667273333333339,4.825058517941453,-7.112450975095226,-43.62819353200014,0.7571422983825431
72189.0,0.1522,0.0676,0.7175,21.542552999999998,11.736388,-2.0560273333333337,5.063182703415857,-6.954486796582388,-43.64052969600014,0.736573723397733
72201.0,0.1537,0.0524,0.75,7.450952999999999,22.621888,-4.498727333333334,5.13059175789821,-6.68140438336501,-43.66752206000014,0.7673782965395881
72213.0,0.1329,0.0168,0.8008,-11.304747,30.950187999999997,-4.712527333333334,4.970654536758315,-6.32120557770995,-43.69579722400014,0.811926899418907
72225.0,0.1089,0.0334,0.8741,-30.404047000000002,33.759288,-6.201027333333334,4.586001986870377,-5.935651867714963,-43.733003388000135,0.8814905444756626
72237.0,0.1384,0.0089,0.8572,-47.487947,34.324188,-12.307927333333334,4.0020206326855075,-5.55577749469305,-43.80685095200013,0.8683464803867176
72249.0,0.1313,-0.0012,0.8274,-57.342947,38.973088000000004,-18.49872733333333,3.3071967465025818,-5.13253552312287,-43.91784331600013,0.8377540748931037
72261.0,0.1731,-0.0239,0.8496,-58.426947,55.537988,-20.758327333333334,2.6043230799239834,-4.531464348414421,-44.042393280000134,0.8673839864788835
72273.0,-0.2566,-0.0099,0.7727,-53.144447,78.812788,-17.933927333333333,1.971887549814238,-3.620082985464315,-44.149996844000135,0.8142523318971829
72285.0,-0.0981,-0.0262,1.2416,-3.655947000000001,114.736388,-13.040727333333335,1.924480011372261,-2.276897996239096,-44.228241208000135,1.245745001996797
72297.0,-0.2633,0.0667,1.9999,13.886052999999999,14.881488,-19.010227333333333,2.0850065005040577,-2.088760736892425,-44.342302572000136,2.0182605852565225
72309.0,0.1284,0.0338,1.1819,18.359353,-70.973512,-18.926227333333333,2.2945709813473387,-2.9247840244990475,-44.45585993600014,1.1893345240091198
72321.0,0.0754,-0.0363,0.7128,31.916653,-76.286512,-12.689627333333334,2.652577081090485,-3.8122238348059327,-44.53199770000014,0.7176954019638135
72333.0,0.1526,0.0402,0.6556,54.580753,-24.645312000000004,-10.521627333333335,3.2728061713449543,-4.08962541397557,-44.59512746400014,0.6743249661698727
72345.0,0.0991,0.1046,0.6345,81.634153,-8.691112,-3.201027333333334,4.2096170686598295,-4.18178606386862,-44.614333628000146,0.650655223601563
72357.0,0.111,0.1542,0.859,107.038753,9.461587999999999,3.3790726666666657,5.441753493335532,-4.065777628939958,-44.594059192000145,0.8797611266701888
72369.0,0.0923,0.1885,0.849,117.481453,20.980687999999997,8.310372666666666,6.790365084622105,-3.820874307489267,-44.54419695600014,0.8745584828929395
72381.0,0.0837,0.2208,0.8889,117.763953,25.415787999999996,12.218772666666666,8.135641045793479,-3.5311190837307826,-44.470884320000145,0.9197290579295623
72393.0,0.0679,0.2428,0.9745,110.428053,23.667688,14.401972666666666,9.387715646639881,-3.267092456966768,-44.38447248400014,1.006584571707713
72405.0,0.0428,0.2197,1.0024,96.023453,14.415788,14.249272666666666,10.459802065422988,-3.1132306427131677,-44.298976848000144,1.0270860187929733
72417.0,0.0293,0.1855,1.0226,75.733353,3.011187999999999,11.806572666666666,11.280135823421624,-3.0912791310427643,-44.228137412000144,1.0397016398948307
72429.0,0.0327,0.1759,0.9911,52.206652999999996,-8.614712,7.821872666666666,11.814022321703172,-3.2024793761237516,-44.181206176000146,1.0071193126933868
72441.0,0.0629,0.1809,0.9103,27.435653,-16.057512000000003,2.1882726666666663,12.05367551766179,-3.399698508154311,-44.16807654000014,0.9302297081904017
72453.0,0.0953,0.1741,0.8267,3.9929529999999986,-18.164312000000002,-5.254527333333334,12.020414398354866,-3.623060917404788,-44.19960370400015,0.8501916195776102
72465.0,0.1078,0.1621,0.7451,-17.602447,-13.309412000000002,-13.598027333333334,11.740780833100366,-3.7920623476095026,-44.28119186800015,0.7701111997627356
72477.0,0.1199,0.1683,0.6829,-36.052847,-2.599512000000001,-20.857527333333334,11.258173579396667,-3.8406582794149045,-44.40633703200015,0.7134797194034319
72489.0,0.1207,0.1664,0.6816,-50.495647,11.133387999999998,-26.735427333333334,10.623054883723382,-3.735317578121668,-44.56674959600015,0.7119241602867541
72501.0,0.1108,0.1661,0.705,-61.823847,25.988287999999997,-30.933927333333333,9.87408225111413,-3.463778462556681,-44.75235316000015,0.7327283603082386
72513.0,0.082,0.1799,0.7811,-68.449847,38.759288,-32.16292733333333,9.068509588041577,-3.048512753584174,-44.94533072400015,0.8057327224334382
72525.0,0.0518,0.1752,0.8892,-70.915447,47.171488000000004,-31.178127333333332,8.252769614663988,-2.538100037220728,-45.132399488000154,0.9077747077331467
72537.0,0.0243,0.1731,1.0598,-72.083347,47.484488,-27.796527333333334,7.437942599715875,-2.0245919509248034,-45.29917865200015,1.0741183081951449
72549.0,-0.0453,0.1902,1.3118,-72.213147,30.911987999999997,-22.70482733333333,6.633324872287459,-1.6968575880502954,-45.43540761600015,1.3262908316051951
72561.0,-0.0555,0.1805,1.1587,-64.953647,-9.859012000000002,-17.765927333333334,5.92827041991045,-1.8389521693242628,-45.54200318000015,1.1739873040199371
72573.0,0.0068,0.1481,0.9154,-47.633047,-17.240712000000002,-14.514027333333335,5.440274002217097,-2.0599660676914273,-45.62908734400015,0.9273278869957486
72585.0,0.0493,0.1324,0.8319,-21.213147000000003,-9.118512,-10.300327333333334,5.271820008511547,-2.182194777050285,-45.690889308000145,0.8438115073877578
72597.0,0.0521,0.1365,0.8458,9.985352999999998,1.1867879999999986,-4.636127333333334,5.473002425596473,-2.1821100927736397,-45.718706072000145,0.858326453046858
72609.0,0.04,0.1492,0.9121,40.733353,8.690587999999998,2.272172666666666,6.031403167000207,-2.093056004411972,-45.705073036000144,0.9250875904475208
72621.0,0.0065,0.1771,0.9967,66.130353,8.942487999999999,10.547072666666667,6.8786891335834355,-1.997506262318621,-45.64179060000014,1.0123327269233175
72633.0,-0.0125,0.2159,1.0387,83.260153,1.3775879999999985,18.875272666666667,7.915487624380332,-1.9855908725180307,-45.52853896400014,1.0609744341877423
72645.0,-0.0453,0.2244,1.0356,90.802053,-8.553612000000001,27.027972666666667,9.025723004790292,-2.0803764608383735,-45.36637112800014,1.060601155005971
72657.0,0.0011,0.2472,0.9843,94.06165299999999,-13.248312,33.27987266666667,10.160626252804477,-2.2250942431819225,-45.16669189200014,1.014867252402993
72669.0,0.0474,0.2305,0.8717,91.825053,-14.859012000000002,35.653872666666665,11.254677331018165,-2.3887997255214497,-44.95276865600014,0.9029052552732209
72681.0,0.0344,0.2089,0.8519,80.160853,-14.202512,35.172972666666666,12.195024787592336,-2.542678811146531,-44.741730820000136,0.8778132944994624
72693.0,0.0562,0.2277,0.8691,65.725753,-12.049812000000001,32.363872666666666,12.953507131870087,-2.671863460653237,-44.547547584000135,0.9001891690083813
72705.0,0.0664,0.2155,0.8585,48.435653,-11.523112000000001,27.63097266666667,13.498376488699655,-2.79695993403108,-44.38176174800014,0.8876212367896569
72717.0,0.0638,0.1997,0.8463,27.473853,-11.660512,21.37147266666667,13.78870025029177,-2.9251860735568926,-44.25353291200014,0.8718797050052262
72729.0,0.0812,0.1887,0.8231,5.054052999999999,-10.752112,13.455472666666665,13.811413228398608,-3.0461667313757492,-44.17280007600014,0.8483482421741676
72741.0,0.083,0.1545,0.7467,-17.533747,-5.553612000000001,4.577572666666666,13.567515914637708,-3.1098293356339126,-44.14533464000014,0.7670202996009949
72753.0,0.089,0.1357,0.6781,-39.068147,5.5608879999999985,-4.491127333333334,13.074197835230281,-3.04861718323616,-44.17228140400014,0.6972482341318621
72765.0,0.0981,0.1503,0.6533,-59.640647,22.369987999999996,-12.880427333333333,12.350359076334469,-2.7990866312405855,-44.24956396800014,0.6775061549535916
72777.0,0.1095,0.1729,0.7141,-75.442147,37.820388,-19.712527333333334,11.457866981744623,-2.3814846174341735,-44.36783913200014,0.7428482146441492
72789.0,0.089,0.2163,0.8884,-89.594847,49.140988,-23.857527333333334,10.420071621572392,-1.8424269790355723,-44.510984296000146,0.9186736362822218
72801.0,-0.0029,0.2791,1.2509,-103.686447,40.850888,-24.712527333333334,9.23833465792472,-1.3989983347368744,-44.65925946000014,1.2816614334526883
72813.0,-0.1172,0.2738,1.3304,-111.136847,-8.095612000000001,-23.59032733333333,7.9908967356166665,-1.5149484184919797,-44.80080142400014,1.3633291752177827
72825.0,0.0118,0.1832,0.9546,-109.556647,-31.866612,-21.048427333333333,6.78423103231047,-1.9045713778188338,-44.92709198800014,0.9720918886607377
72837.0,0.0594,0.1384,0.7942,-93.671147,-16.889512000000003,-14.659027333333334,5.784687643856741,-2.1137856736391814,-45.015046152000146,0.8083542292831776
72849.0,0.0697,0.0975,0.7856,-67.610147,-2.668212000000002,-8.727827333333334,5.103287389225465,-2.1561806340235052,-45.06741311600015,0.7946896878656473
72861.0,0.0507,0.0756,0.8645,-36.976547000000004,9.553187999999999,-2.888127333333334,4.78347869445188,-2.0553374523519463,-45.084741880000145,0.8692790691141712
72873.0,0.0249,0.062,0.9585,-6.075747000000002,16.652487999999998,2.379072666666666,4.818536666267654,-1.8703877969799718,-45.070467444000144,0.9608258218844871
72885.0,0.0062,0.0844,1.0184,20.741052999999997,10.133387999999998,6.806572666666666,5.156468816623971,-1.7607972419272864,-45.029628008000145,1.0219101526063825
72897.0,-0.0034,0.0856,1.0669,42.260152999999995,0,10.768372666666666,5.729534555858678,-1.76676494450796,-44.965017772000145,1.070333840444186
72909.0,0.0132,0.111,0.9878,59.313553,-9.217812,13.760772666666666,6.486341765312699,-1.8782858836672829,-44.882453136000144,0.994104662497868
72921.0,0.03,0.1361,0.9155,71.542553,-9.920112000000001,16.859972666666668,7.3713512734605064,-1.9957454937027246,-44.781293300000144,0.9260472234178989
72933.0,0.0337,0.1604,0.891,78.687553,-6.225412,20.043172666666667,8.325627376303672,-2.067881318079432,-44.66103426400014,0.9059496950714206
72945.0,0.0321,0.1787,0.891,79.771553,-2.8132120000000014,22.46307266666667,9.278443837087599,-2.0986804653698066,-44.526255828000146,0.9093102330887958
72957.0,0.0364,0.1953,0.8993,75.389853,-1.6071120000000012,23.966872666666667,10.166933167300805,-2.1153895714436515,-44.382454592000144,0.9209818347828582
72969.0,0.0382,0.1938,0.8881,66.176153,-1.8208120000000014,23.936372666666667,10.935000209580618,-2.1351929840894845,-44.23883635600014,0.9098017861050834
72981.0,0.0476,0.1836,0.8646,51.199053,-1.8285120000000012,21.50127266666667,11.515986091806514,-2.1568040787091576,-44.109828720000145,0.8851598047810351
72993.0,0.0504,0.1747,0.8568,34.183752999999996,-0.9811120000000013,17.37147266666667,11.888340828305058,-2.170332067369428,-44.00559988400015,0.8758804085033527
73005.0,0.0515,0.1532,0.8357,14.534952999999998,0.6753879999999985,11.829472666666666,12.022805551179687,-2.1664670571835423,-43.93462304800015,0.8511856319276072
73017.0,0.0421,0.1427,0.8225,-7.258947000000001,4.408187999999999,5.9515726666666655,11.897852716175114,-2.119805830251697,-43.89891361200015,0.8358480424096236
73029.0,0.0367,0.1218,0.8381,-30.029947,7.247887999999998,0,11.504261998235057,-2.040837666653531,-43.89891361200015,0.8476990857609792
73041.0,0.0444,0.1479,0.8519,-51.800947,9.255487999999998,-5.407127333333334,10.862439895575125,-1.9409004191394943,-43.93135637600015,0.8657825246561633
73053.0,0.0483,0.1632,0.8844,-70.541447,9.110487999999998,-9.933927333333335,10.01420559883462,-1.8459476497212262,-43.99095994000015,0.9006278310156753
73065.0,0.0591,0.2144,0.9188,-84.411647,7.263087999999998,-13.430027333333333,9.026479420419685,-1.7769611158716276,-44.07154010400015,0.9453325393743728
73077.0,0.051,0.2456,0.9742,-91.373447,3.003587999999999,-16.46062733333333,7.985155927399672,-1.7601623104126263,-44.17030386800015,1.0059751487984183
73089.0,0.0364,0.1688,0.9357,-89.610147,-2.156712000000001,-18.40712733333333,6.984422041411363,-1.8033967437482081,-44.280746632000145,0.9515003363110283
73101.0,0.0358,0.1479,0.91,-82.152147,0,-15.804127333333335,6.088564210630315,-1.8195942736299995,-44.37557139600015,0.9226353830197496
73113.0,0.0367,0.0842,0.8925,-70.854347,4.629587999999998,-12.040727333333335,5.333475309475133,-1.7805113520926252,-44.44781576000015,0.8972138986886015
73125.0,0.0505,0.0681,0.9274,-57.098647,19.056987999999997,-9.399527333333333,4.743480999876519,-1.573631284163139,-44.50421292400015,0.9312672119214764
73137.0,-0.0505,0.0771,1.1505,-38.335347,10.545587999999999,-6.895727333333334,4.372337759652579,-1.4582097518546264,-44.54558728800015,1.1541858212610308
73149.0,-0.0225,0.0477,1.1206,-14.136847000000001,-17.439112,-2.140027333333334,4.27849611909555,-1.666739091527113,-44.55842745200015,1.121840407544674
73161.0,0.0433,0.0474,0.9363,10.046352999999998,-38.477312,2.111872666666666,4.4609174199446935,-2.120521999699268,-44.54575621600015,0.9384984496524222
73173.0,0.0498,0.0345,0.7905,33.855553,-30.874312,2.272172666666666,4.9112548280610016,-2.4790054582100334,-44.53212318000015,0.7928181001970124
73185.0,0.1,0.0654,0.7401,57.168552999999996,-6.126212000000001,5.959272666666666,5.623429725185487,-2.5487698076322194,-44.49636754400015,0.7496833798344471
73197.0,0.0668,0.109,0.8218,78.298253,8.797487999999998,9.516472666666665,6.570999386831559,-2.4458007931927903,-44.43926870800015,0.8316841227292967
73209.0,0.0413,0.147,0.8889,89.305953,16.789887999999998,12.791272666666666,7.6338635737575995,-2.251072026338008,-44.36252107200015,0.9019190096677195
73221.0,0.0228,0.1682,0.9736,90.420453,18.545588,15.501272666666665,8.694175670413498,-2.0369339192855547,-44.269513436000146,0.9882854041217041
73233.0,0.0007,0.1919,1.0642,82.580753,10.560887999999998,16.409672666666665,9.647446674786988,-1.9154295386256135,-44.17105540000015,1.0813638333142088
73245.0,0.0029,0.2013,1.0271,69.611253,-5.233012000000002,16.088972666666667,10.436425549568396,-1.9776759813768399,-44.07452156400015,1.046644404752636
73257.0,0.0476,0.1924,0.9243,53.710453,-15.042212000000001,14.195872666666666,11.029793886384935,-2.156010398927382,-43.98934632800015,0.9453115941317974
73269.0,0.0573,0.1956,0.839,37.260152999999995,-14.622412000000002,11.852372666666666,11.426270973231974,-2.3292197237409837,-43.91823209200015,0.8634023685397209
73281.0,0.0802,0.1498,0.7826,20.092153,-11.507812000000001,7.142472666666666,11.616139393704293,-2.468609830302343,-43.87537725600016,0.8008338404438213
73293.0,0.0811,0.1599,0.7474,1.2830529999999989,-2.652912000000001,0.6080726666666662,11.585961833975148,-2.5072272820390844,-43.87172882000016,0.7686039162013162
73305.0,0.0731,0.1534,0.7903,-18.556647,4.942487999999999,-6.437727333333334,11.325946333907744,-2.4601375238923597,-43.91035518400016,0.8083620847120428
73317.0,0.0607,0.1669,0.8296,-37.594847,9.965387999999999,-12.231627333333334,10.850762254060335,-2.357050563435799,-43.98374494800016,0.8483962871205885
73329.0,0.041,0.1385,0.8734,-55.839147000000004,12.621887999999998,-16.47582733333333,10.169195247270565,-2.2238340381661295,-44.082599912000155,0.8852631303742408
73341.0,0.0321,0.1429,0.9059,-72.640647,12.316588,-18.54452733333333,9.302348174340773,-2.094633452204108,-44.19386707600015,0.9176631353606834
73353.0,0.0247,0.1571,0.9725,-86.213147,9.919588,-19.040727333333333,8.292433187384168,-1.9928173042296533,-44.308111440000154,0.9854170436926692
73365.0,0.0143,0.1698,0.9911,-93.152147,2.8127879999999985,-18.307927333333332,7.221611613041221,-1.9721898516179621,-44.41795900400015,1.005641954176535
73377.0,0.0192,0.1741,0.953,-91.167347,-1.0040120000000012,-17.078927333333333,6.197296035037696,-1.993785513244605,-44.52043256800015,0.9689625637763308
73389.0,0.0314,0.1459,0.9448,-79.197947,-2.378112000000001,-15.514027333333333,5.332488910340704,-2.0299488001368897,-44.61351673200015,0.9565144065825668
73401.0,0.0066,0.1017,1.0194,-58.457447,12.079887999999999,-9.895727333333333,4.720491393248657,-1.890862167386874,-44.67289109600015,1.0244817275090854
73413.0,-0.0143,0.0796,1.1233,-25.258947000000003,-10.370412000000002,-2.918627333333334,4.499224240131425,-2.0116310360260985,-44.69040286000015,1.1262075918763823
73425.0,0.0627,0.0621,0.7919,10.160853,-31.278812000000006,4.6767726666666665,4.692058852971415,-2.380490056140858,-44.66234222400015,0.7968019264534945
73437.0,0.0767,0.0497,0.7905,39.748653,-21.462012,6.195872666666666,5.221099009690684,-2.632577451527477,-44.625166988000146,0.7957658135406421
73449.0,0.0835,0.0624,0.7655,69.01585299999999,3.446387999999999,10.852372666666666,6.0784176673428645,-2.5933128621655235,-44.560052752000146,0.7725647286797398
73461.0,0.064,0.1215,0.8129,92.229553,15.553187999999999,14.722572666666666,7.193368981832894,-2.4157660405564587,-44.471717316000145,0.8244177703082339
73473.0,0.0378,0.1677,0.9186,104.763953,22.774587999999998,19.226372666666666,8.439110535609828,-2.1558068380346906,-44.356359080000146,0.9345469972130883
73485.0,0.001,0.199,1.0923,104.076953,21.904387999999997,22.56997266666667,9.657765310028777,-1.9046846903931458,-44.22093924400015,1.110279825089153
73497.0,-0.0048,0.2474,1.1272,95.870853,-0.6987120000000013,23.60047266666667,10.765823083462143,-1.9178268066731496,-44.07933640800015,1.154040571210562
73509.0,0.0227,0.2311,1.0042,82.710453,-19.393312,21.737872666666668,11.706176872812858,-2.148727431001742,-43.94890917200015,1.0306988599974292
73521.0,0.0405,0.1942,0.864,68.038753,-24.317012000000002,18.104272666666667,12.461746478663489,-2.4340694355143087,-43.84028353600015,0.8864817482610682
73533.0,0.0662,0.1821,0.7863,52.076952999999996,-18.133812000000002,13.180572666666666,13.020614704147011,-2.6456167351128568,-43.76120010000015,0.8098213012757814
73545.0,0.0721,0.1338,0.7458,33.733353,-10.103312,6.653872666666666,13.353174039527381,-2.7637640836371316,-43.72127686400015,0.761129745838382
73557.0,0.0642,0.1106,0.7463,11.817352999999999,-0.5307120000000012,0,13.41898118698323,-2.77086781640333,-43.72127686400015,0.7571774494793145
73569.0,0.0687,0.1709,0.7679,-10.892547,8.438687999999999,-5.8270273333333344,13.221399103079754,-2.676411201110075,-43.75623902800015,0.7896815244134816
73581.0,0.0559,0.1304,0.8357,-33.029947,13.041787999999999,-12.872827333333333,12.765334402315867,-2.5312818083008137,-43.83347599200015,0.8476576313583215
73593.0,0.0372,0.1517,0.8795,-55.518547,15.011187999999999,-18.025527333333333,12.053801076339969,-2.364549315446366,-43.941629156000154,0.8932619884445996
73605.0,0.0244,0.157,0.9368,-77.121547,13.056987999999999,-20.49872733333333,11.101765544075162,-2.220870958866628,-44.06462152000015,0.9501781938141919
73617.0,0.0333,0.1803,0.9592,-95.258947,7.202087999999998,-21.63612733333333,9.957299474358777,-2.1470367854226815,-44.19443828400015,0.9765662394328406
73629.0,0.0319,0.2053,0.9586,-106.716947,1.0340879999999986,-21.987327333333333,8.705710869658155,-2.1453738125737383,-44.32636224800015,0.9808565950229422
73641.0,0.0468,0.2195,0.9081,-109.541447,0,-21.743027333333334,7.453008776758638,-2.1564701058304574,-44.45682041200015,0.9354229524658886
73653.0,0.0332,0.2288,0.9536,-99.465047,2.0569879999999987,-20.57512733333333,6.350280876132337,-2.1416590701629024,-44.580271176000146,0.9812260901545576
73665.0,0.0159,0.1172,0.9941,-78.174947,-1.6987120000000013,-17.788827333333334,5.511172667125696,-2.1675796136146688,-44.68700414000015,1.001111112714268
73677.0,0.0052,0.1097,1.0317,-50.274247,7.973087999999999,-9.529327333333335,5.0074712528458,-2.0744339216058263,-44.74418010400015,1.0375288044194244
73689.0,-0.0085,0.0731,1.1761,-12.220847000000001,-14.568912,-1.0789273333333338,4.945862461708488,-2.241763854750828,-44.75065366800015,1.1784002163950922
73701.0,0.0446,0.063,0.7997,21.847953,-24.881912000000003,4.684472666666666,5.2782915089919475,-2.5292899168565737,-44.72254683200015,0.8034166104830046
73713.0,0.0848,0.0659,0.7883,49.305953,-11.546012000000001,9.066072666666665,5.92021944019847,-2.6613943251529806,-44.66815039600015,0.7955820133713432
73725.0,0.0613,0.0978,0.8257,74.435653,5.163887999999998,13.386772666666666,6.841855936488768,-2.5978065560864017,-44.58782976000015,0.8337283850271622
73737.0,0.0442,0.1488,0.8782,91.06165299999999,13.797488,17.791272666666668,7.943249451402205,-2.434663253595748,-44.481082124000146,0.8918129400272234
73749.0,0.0221,0.1805,0.9805,97.031153,16.957787999999997,22.188272666666666,9.09726536999248,-2.234909169506142,-44.347952488000146,0.9972205924468267
73761.0,-0.0105,0.2053,1.0715,93.962453,8.492187999999999,25.37147266666667,10.197367258227022,-2.1318405709122596,-44.19572365200015,1.091041057889207
73773.0,-0.0029,0.2234,1.0283,84.672353,-7.240712,27.34097266666667,11.173751937401512,-2.2109578781918326,-44.03167781600015,1.052291242955105
73785.0,0.0262,0.2091,0.9275,71.817353,-16.698712000000004,27.211172666666666,11.98636747984165,-2.399299447398319,-43.86841078000015,0.9511390539768619
73797.0,0.0597,0.189,0.829,56.458553,-15.943012000000001,24.951572666666667,12.607978149902205,-2.5791254280247506,-43.718701344000145,0.8523649981082048
73809.0,0.0753,0.1676,0.7814,38.336453,-10.225412,20.111872666666667,13.00784558092214,-2.6941095334086134,-43.598030108000145,0.8027115359828835
73821.0,0.0837,0.1548,0.7698,17.779152999999997,-3.408612000000001,13.050872666666667,13.160150900969072,-2.7333226685751355,-43.51972487200015,0.7896586414394514
73833.0,0.0743,0.1406,0.7631,-3.5719470000000015,3.6295879999999987,5.150072666666666,13.058726983092658,-2.6940187394994517,-43.488824436000144,0.7794937203082525
73845.0,0.0564,0.1147,0.767,-26.136847,11.850888,-2.269727333333334,12.690983095161776,-2.5611114789592606,-43.502442800000146,0.7775770379840187
73857.0,0.0493,0.1278,0.8057,-49.220847,19.209687999999996,-7.674327333333334,12.057190364892516,-2.3452246538781885,-43.54848876400015,0.8172611700062593
73869.0,0.0479,0.1448,0.8921,-71.045247,22.721187999999998,-11.636127333333334,11.177908431145687,-2.092383726746018,-43.61830552800015,0.9050435680120599
73881.0,0.0466,0.1984,0.9832,-90.839147,18.026487999999997,-14.376627333333333,10.086864584074199,-1.899028364344223,-43.70456529200015,1.004099775918708
73893.0,0.0107,0.2362,1.0724,-102.953647,5.362387999999999,-14.994927333333335,8.880907116457683,-1.8526297127867837,-43.79453485600015,1.0981560408248001
73905.0,0.0311,0.2467,0.9403,-104.075747,-6.088012000000001,-15.307927333333334,7.695093212098505,-1.940072819917934,-43.886382420000146,0.9726212983479233
73917.0,0.0442,0.1881,0.9119,-92.434547,-3.3323120000000013,-13.643827333333334,6.671625196488431,-1.9936220919872616,-43.96824538400015,0.9321463726261021
73929.0,0.0205,0.1659,0.9456,-70.98414700000001,-1.0422120000000015,-6.147627333333334,5.918971182555812,-2.0162231285743646,-44.005131148000146,0.960261641429043
73941.0,0.0448,0.1321,0.948,-44.136847,6.980687999999999,4.6386726666666664,5.491209564205386,-1.9444276452439193,-43.977299112000146,0.9582074149159983
73953.0,0.01,0.0974,1.0309,-13.968847000000002,-8.271212,12.157672666666667,5.415588072398869,-2.0490282828439588,-43.90435307600015,1.0355392653105917
73965.0,0.0236,0.1033,0.9473,13.344052999999999,-15.156712,16.783672666666668,5.655179624729438,-2.230703977757075,-43.80365104000015,0.9532078157463881
73977.0,0.0753,0.0798,0.8279,35.496753,-9.515512000000001,20.39437266666667,6.1432160947883165,-2.3477961451553515,-43.68128480400015,0.8351386351977735
73989.0,0.0537,0.0875,0.8605,50.695253,2.003587999999999,21.943972666666667,6.793867418440294,-2.329125088999486,-43.54962096800015,0.8666026713552181
74001.0,0.0562,0.1067,0.886,57.763953,7.950187999999999,21.51647266666667,7.510723234338083,-2.242919838612351,-43.42052213200015,0.8941696315576816
74013.0,0.0394,0.1061,0.9504,56.466253,9.003587999999999,19.043172666666667,8.193201971396485,-2.145385167868335,-43.30626309600015,0.9571153169811881
74025.0,0.0258,0.1099,0.9862,48.115052999999996,3.3928879999999983,15.081372666666667,8.75939626585233,-2.113294444479848,-43.21577486000015,0.9926399599048992
74037.0,0.025,0.1034,0.9573,34.702853,-4.736912000000002,9.615772666666667,9.1523161389867,-2.1752981035507473,-43.15808022400015,0.9631925300790077
74049.0,0.0437,0.0966,0.8998,19.267753,-9.026912000000001,3.1500726666666665,9.352203062338296,-2.2872003015240585,-43.13917978800015,0.9060249941364753
74061.0,0.0604,0.0907,0.8525,4.229552999999999,-8.332312000000002,-3.452927333333334,9.367974849909052,-2.3916643676780405,-43.15989735200015,0.8594363850803619
74073.0,0.0627,0.1067,0.8276,-9.755147000000001,-4.057512000000001,-8.857527333333334,9.218376623225563,-2.4469180197889653,-43.21304251600015,0.8368022108001388
74085.0,0.0587,0.1177,0.8442,-21.388747000000002,0.6905879999999986,-12.620927333333334,8.935515102739274,-2.4475003383753036,-43.28876808000015,0.8543843514484566
74097.0,0.0465,0.1328,0.8577,-30.571947,4.759287999999998,-14.193427333333334,8.552500073547929,-2.400646794899861,-43.37392864400015,0.869164759985125
74109.0,0.0284,0.1521,0.9277,-38.213147,7.209687999999998,-13.773627333333334,8.090487830389522,-2.323541629315318,-43.456570408000154,0.9405148908975338
74121.0,0.012,0.1437,0.972,-42.900147000000004,3.4157879999999987,-12.040727333333335,7.583653378058796,-2.2881426670182554,-43.52881477200015,0.982638127695033
74133.0,0.0165,0.1376,0.9523,-46.587247,-1.5078120000000013,-9.651427333333334,7.044116558229923,-2.308073587796123,-43.586723336000155,0.9623311799999001
74145.0,0.0283,0.1345,0.9344,-48.900147000000004,-3.7903120000000015,-6.933927333333334,6.488554977329103,-2.353090934689663,-43.628326900000154,0.9444546045205138
74157.0,0.0524,0.1272,0.8896,-50.029947,-2.7903120000000015,-4.437727333333334,5.931024078695642,-2.387482820553772,-43.654953264000156,0.9001742942341777
74169.0,0.0571,0.1299,0.9636,-51.159747,7.576087999999999,-2.1552273333333343,5.370590836015274,-2.3012976657324886,-43.66788462800016,0.9739914681351167
74181.0,-0.0488,0.1168,1.1418,-51.274247,3.1409879999999983,-1.315527333333334,4.814858126161037,-2.2568864043120005,-43.67577779200016,1.1487954213000675
74193.0,-0.0267,0.1162,1.2275,-52.129147,-21.294112000000002,-1.5751273333333338,4.254333928806695,-2.4926715873994283,-43.68522855600016,1.233276765369396
74205.0,0.0092,0.1106,1.2327,-55.671147,-52.393312,-0.6056273333333337,3.6576551589888964,-3.0867461335666353,-43.68886232000016,1.2376858607902086
74217.0,0.3737,0.0701,0.0792,-15.442147000000002,38.644788,3.8981726666666665,3.553239800590203,-2.6454349892293276,-43.665473284000164,0.38837911890316656
74229.0,0.1079,0.0878,0.7345,-10.625347000000001,55.446388,9.692072666666666,3.5063065087396375,-2.0230676821532407,-43.607320848000164,0.7475570212365075
74241.0,-0.0585,-0.0532,1.2413,-11.747547,59.973088000000004,8.547072666666667,3.4208142868225737,-1.341565559155834,-43.55603841200016,1.2438159751345856
74253.0,-0.288,-0.087,1.6232,-13.327647,19.507388,4.478372666666666,3.2886299037058864,-1.1058197386631852,-43.52916817600016,1.6508456136174574
74265.0,-0.0039,-0.0421,0.4211,-0.8543470000000011,-4.362812000000002,1.6615726666666661,3.2964717328819373,-1.1541009372909579,-43.519198740000164,0.4232172373616178
74277.0,0.0022,0.0728,1.2057,2.1379529999999987,-3.0880120000000013,0,3.337523645102534,-1.1842935124205118,-43.519198740000164,1.207897830944323
74289.0,0.0,0.0284,0.9669,-1.953647000000001,5.515087999999999,0,3.3248056087625564,-1.1110055441589926,-43.519198740000164,0.96731699561209
74301.0,0.0385,0.0436,0.8323,0.7028529999999988,0,0,3.3420862390700337,-1.1073505332276017,-43.519198740000164,0.8343299706950482
74313.0,0.0229,0.0334,0.9182,0,0,0,3.3474738738523206,-1.104740168011514,-43.519198740000164,0.9190926014281695
74325.0,0.0028,0.0254,0.9163,2.061652999999999,-0.5002120000000012,0,3.37307367075435,-1.106506709790704,-43.519198740000164,0.9166562550923874
74337.0,0.0286,0.0497,0.9572,1.8250529999999987,-0.7598120000000015,0,3.3944792251703517,-1.1129381334690702,-43.519198740000164,0.9589159973636899
74349.0,0.0194,0.0314,0.9125,0,0.7898879999999986,0,3.3912827588338104,-1.1014752908606542,-43.519198740000164,0.9132461716317238
74361.0,0.0189,0.0276,0.9075,0,0,0,3.3852639805961493,-1.0998962613499843,-43.519198740000164,0.9081163031242199
74373.0,0.0214,0.0354,0.9307,0,0,0,3.377553980121071,-1.0989341415873544,-43.519198740000164,0.931618811531841
74385.0,0.0176,0.0294,0.9115,0,0,0,3.3677515661851425,-1.0980973509560474,-43.519198740000164,0.9121438318598662
74397.0,0.0189,0.0309,0.9194,0,0,0,3.3562488155388595,-1.097514893944977,-43.519198740000164,0.9201132430304435
74409.0,0.0157,0.0309,0.9177,0,0,0,3.3432740387151725,-1.096769021996303,-43.519198740000164,0.9183542834875873
74421.0,0.0181,0.0334,0.9146,0,0,0,3.329346501062601,-1.0961826960570304,-43.519198740000164,0.9153886223894199
74433.0,0.0231,0.033,0.9194,0,0,0,3.314526086487056,-1.0963442695750565,-43.519198740000164,0.9202820056917336
74445.0,0.019,0.0321,0.9139,0,0,0,3.2988649406768626,-1.0966736016953986,-43.519198740000164,0.9146609317118557
74457.0,0.0204,0.0325,0.9169,0,0,0,3.2825235782216384,-1.0973165825343396,-43.519198740000164,0.9177025770912928
74469.0,0.0167,0.0312,0.9137,0,0,0,3.2654694726630344,-1.0977852567888775,-43.519198740000164,0.9143850501840021
74481.0,0.0182,0.0316,0.9156,0,0,0,3.2478579151049742,-1.0982802408721455,-43.519198740000164,0.9163259027223885
74493.0,0.016,0.0315,0.9172,0,0,0,3.2297680100275947,-1.0985206930223586,-43.519198740000164,0.9178802154965537
74505.0,0.0187,0.032,0.9189,0,0,0,3.2113444989425943,-1.0988669109067315,-43.519198740000164,0.9196471606001946
74517.0,0.0273,0.027,0.9054,0,0,0,3.192107909282542,-1.1004080312484208,-43.519198740000164,0.9062137992769698
74529.0,0.0233,0.027,0.9008,-0.5490470000000012,0,0,3.1657542868344786,-1.1025176957827878,-43.519198740000164,0.9015057015904004
74541.0,0.0162,0.0339,0.9181,0,0,0,3.1462188165010927,-1.1041955812799538,-43.519198740000164,0.9188684671921221
74553.0,0.0187,0.0321,0.9274,0,0,0,3.1266567206550198,-1.1057768739522873,-43.519198740000164,0.9281437711906492
74565.0,0.0205,0.0308,0.9152,0,0,0,3.1070059276043667,-1.1075254737966875,-43.519198740000164,0.9159475585425183
74577.0,0.0183,0.0292,0.9098,0,0,0,3.0871416026006013,-1.1091580786243496,-43.519198740000164,0.9104523985360246
74589.0,0.0198,0.032,0.9135,0,0,0,3.0674596157631857,-1.1108625811585127,-43.519198740000164,0.9142747344206773
74601.0,0.0178,0.0303,0.9121,0,0,0,3.0477721602533,-1.112381124841982,-43.519198740000164,0.9127767196855976
74613.0,0.0183,0.0286,0.9131,0,0,0,3.0279021324916155,-1.113792335503256,-43.519198740000164,0.9137310654672961
74625.0,0.0195,0.0315,0.9159,0,0,0,3.008259778293533,-1.1152487113785026,-43.519198740000164,0.916648956798621
74637.0,0.0173,0.0323,0.9138,0,0,0,2.988966886174519,-1.1164725330645464,-43.519198740000164,0.9145343186562218
74649.0,0.0171,0.0295,0.9113,0,0,0,2.9696821651955863,-1.1174700381816984,-43.519198740000164,0.9119376897573649
74661.0,0.0197,0.0321,0.9156,0,0,0,2.9507485825777886,-1.118580012533317,-43.519198740000164,0.9163743012546783
74673.0,0.0217,0.0342,0.9164,0,0,0,2.9324211801149143,-1.1200350053277521,-43.519198740000164,0.9172946582205742
74685.0,0.0187,0.032,0.9182,0,0,0,2.914382568962423,-1.1214115750538616,-43.519198740000164,0.9189477297431013
74697.0,0.0125,0.0327,0.9229,0,0,0,2.8967019401917438,-1.1219295416042723,-43.519198740000164,0.9235637227609149
74709.0,0.0238,0.0425,0.9476,0.5578529999999988,1.4692879999999986,0,2.8870417369010406,-1.1057587551016055,-43.519198740000164,0.9488511210932935
74721.0,-0.0978,-0.1071,0.89,-0.9154470000000012,0.8432879999999987,-3.292627333333334,2.842836262144936,-1.082768728096905,-43.538954504000166,0.9017401233171339
74733.0,-0.125,-0.1545,0.9346,2.015852999999999,0,-27.49872733333333,2.8122483868132933,-1.0536450480055308,-43.703946868000166,0.95549589742709
74745.0,-0.0493,-0.0684,0.9066,0.5959529999999988,0,-47.95682733333333,2.7567789066679182,-1.0196850250955418,-43.99168783200017,0.9105122788848045
74757.0,0.0042,0.0365,0.927,1.4585529999999989,0.5150879999999987,-55.15522733333333,2.717745588896291,-0.9821713132158695,-44.32261919600017,0.9277278102978266
74769.0,0.23,0.3945,0.9653,1.2066529999999989,-2.5536120000000015,-42.19342733333333,2.7255755350154773,-1.0112006830321674,-44.57577976000017,1.067864382775266
74781.0,0.2126,0.252,0.8489,1.1150529999999987,-1.3857120000000016,14.638672666666666,2.7591271296737188,-1.0507715532354345,-44.487947724000165,0.9106777531047962
74793.0,0.0869,0.144,0.9686,0,0,38.05847266666667,2.7888371854704133,-1.0794798754376729,-44.25959688800017,0.9830938764939999
74805.0,0.0424,0.0767,0.8853,-1.5185470000000012,-1.4391120000000015,47.50887266666667,2.8014499221370546,-1.1250317639266973,-43.974543652000165,0.8896273039874618
74817.0,0.0369,0.0608,0.9305,-0.953647000000001,0,51.89057266666667,2.8192861879887445,-1.1522627182256688,-43.66320021600016,0.9332140697610597
74829.0,0.0283,0.064,0.9081,-0.8085470000000012,-0.8056120000000013,55.18057266666667,2.838028458741216,-1.1870351138802895,-43.33211678000016,0.9107922375602463
74841.0,0.0044,0.0581,0.9219,0,-0.8361120000000013,56.264572666666666,2.8646548498792033,-1.2171696915055887,-42.99452934400016,0.9237394546082787
74853.0,-0.002,0.0626,0.9154,-0.526147000000001,-1.0346120000000014,55.409672666666665,2.8840546843692723,-1.2443976567180886,-42.662071308000165,0.9175401462606418
74865.0,-0.0399,0.057,0.9149,-0.8925470000000013,0.5379879999999986,52.05847266666667,2.897618853274343,-1.243681878191705,-42.349720472000165,0.9175418355584666
74877.0,-0.05,0.1001,0.9263,-1.465047000000001,1.2554879999999986,47.83707266666667,2.9083990324956885,-1.225232071691454,-42.062698036000164,0.9330336006811331
74889.0,-0.0822,0.1007,0.9252,-1.7856470000000013,1.3165879999999985,47.638672666666665,2.9190666758164774,-1.194053228721178,-41.77686600000016,0.9342870918513217
74901.0,-0.105,0.0907,0.8932,-1.2437470000000013,-1.2025120000000014,47.55467266666667,2.9384462414369894,-1.1791360369044017,-41.49153796400016,0.9039124570443755
74913.0,-0.1234,0.0403,0.9426,-1.068147000000001,0,45.44017266666667,2.955047420649693,-1.135523640997022,-41.218896928000156,0.9514969311563752
74925.0,-0.1478,0.0044,0.9371,0,1.0798879999999986,42.493572666666665,2.9754771798283417,-1.0637414515634016,-40.963935492000154,0.9486941604120899
74937.0,-0.204,-0.0225,0.8829,-0.816247000000001,0,37.24927266666667,2.9754101765340595,-0.9841458533348975,-40.74043985600015,0.9064406544280768
74949.0,-0.2072,-0.0005,0.9335,0,0,32.08137266666667,2.977817128423257,-0.8863009298081619,-40.54795162000015,0.9562187720391186
74961.0,-0.2006,-0.0132,0.9071,0.5272529999999989,-0.5002120000000012,30.837072666666668,2.9785634301689967,-0.7790820088250899,-40.36292918400015,0.9291097943730869
74973.0,-0.2076,-0.0168,0.8906,1.893752999999999,1.1180879999999986,26.875272666666667,2.987950498940396,-0.6384163096630846,-40.20167754800015,0.9146301766287835
74985.0,-0.1862,0.0071,0.9006,2.420452999999999,5.308887999999999,18.798972666666668,2.9995832877164506,-0.4391228776736162,-40.08888371200015,0.9196745130751423
74997.0,-0.2184,0.0377,0.9119,3.687552999999999,9.064687999999999,6.661572666666666,3.0262340206624723,-0.18487977945537848,-40.04891427600015,0.938446301074281
75009.0,-0.239,-0.0189,1.0205,0.6646529999999988,2.4081879999999987,-14.720127333333334,3.0096460418013025,-3.478910052784334e-06,-40.13723504000015,1.048283578045559
75021.0,-0.1296,-0.0408,1.0109,-4.075747000000002,-9.225412,-31.88042733333333,2.9287676386094113,0.04363350475368452,-40.32851760400015,1.0199900048529886
75033.0,0.0657,-0.0231,0.8746,-6.785647000000001,-15.347512,-38.72012733333333,2.812291330172662,-0.0078192268650073,-40.56083836800015,0.8773683718940409
75045.0,0.2429,0.0737,1.0117,5.0998529999999995,5.835687999999998,-37.01022733333333,2.844619433034331,0.1473982747570335,-40.782899732000146,1.0430575199863141
75057.0,0.1648,-0.0333,0.8497,1.2066529999999989,0.9882879999999986,-28.689627333333334,2.8238261844052923,0.2143048620306045,-40.955037496000145,0.8661743588908645
75069.0,0.1949,-0.0344,0.9399,3.809752999999999,-1.4926120000000016,-29.788827333333334,2.8276175131206034,0.22077655189652656,-41.13377046000014,0.9605109994164563
75081.0,0.2433,0.0068,0.8602,1.901352999999999,-3.5613120000000014,-28.033127333333333,2.8082962614505482,0.1698920933183168,-41.301969224000146,0.8939715711363533
75093.0,0.1917,0.0192,0.9363,1.3746529999999988,0,-25.307927333333332,2.7840379567420386,0.1385730581863054,-41.45381678800015,0.9559159063432305
75105.0,0.1766,-0.0059,0.9087,1.9242529999999989,-2.126212000000001,-26.033127333333333,2.7644350247239444,0.06368845320867322,-41.61001555200015,0.9257202925290122
75117.0,0.1975,-0.0155,0.9249,1.1990529999999988,0,-30.262127333333332,2.7334126109076493,-0.004467924744393864,-41.79158831600015,0.9458786972968575
75129.0,0.223,0.0304,0.9141,0,1.3928879999999986,-33.91102733333333,2.6916604915380766,-0.07588437967691937,-41.99505448000015,0.941398943062929
75141.0,0.191,0.0416,0.9509,1.611252999999999,-2.950612000000002,-34.15522733333333,2.6734881928479237,-0.2114764540746959,-42.199985844000146,0.970784409639957
75153.0,0.0975,-0.1355,0.8812,1.290652999999999,0.6295879999999987,-43.26212733333333,2.6334938427722996,-0.3045443227184859,-42.459558608000144,0.8968723097520628
75165.0,0.0205,-0.0994,0.949,0,2.5379879999999986,-60.21632733333333,2.5669944103577182,-0.3651182633084799,-42.820856572000146,0.9544116564669566
75177.0,0.0802,-0.0187,0.9003,0,0,-75.24682733333333,2.5008585738294697,-0.4548460234069683,-43.272337536000144,0.9040585268664856
75189.0,0.198,0.0521,0.9512,0,2.2783879999999987,-80.47582733333333,2.444018378373214,-0.5304160003436909,-43.75519250000014,0.9729850204396777
75201.0,0.3286,0.0966,0.87,0,0,-74.39952733333334,2.400944072335665,-0.6613146789190014,-44.20158966400014,0.9349917218884881
75213.0,0.3328,0.0907,0.9458,-1.213147000000001,2.1485879999999984,-63.452927333333335,2.3550164081100147,-0.7906454971791315,-44.58230722800014,1.0067372894653301
75225.0,0.3448,0.0911,0.908,0,0.6295879999999987,-48.223927333333336,2.333793539415974,-0.9608795086995172,-44.87165079200014,0.9755256275465038
75237.0,0.272,0.1027,0.9459,0,0,-29.57512733333333,2.322839275793477,-1.148461962892847,-45.04910155600014,0.989574706629065
75249.0,0.2125,0.0931,0.8979,0,0,-12.903327333333333,2.319975342861,-1.3381560719214833,-45.12652152000014,0.9273878746242049
75261.0,0.1071,0.0415,0.9053,0,0.5531879999999987,-2.727827333333334,2.3180116882203095,-1.5099643679973005,-45.14288848400014,0.912557258477516
75273.0,0.0341,0.0232,0.9279,0,1.7898879999999986,1.401972666666666,2.3145529834128755,-1.64760841978053,-45.13447664800014,0.9288161604967906
75285.0,-0.0029,0.009,0.9156,0,0.5837879999999986,2.9439726666666663,2.3081015385370156,-1.7777999816735177,-45.11681281200014,0.9156488246047171
75297.0,-0.0123,0.0341,0.9203,0,1.2630879999999987,4.318072666666666,2.3020834078070176,-1.8790821036017438,-45.09090437600014,0.9210136752513505
75309.0,0.0093,0.0427,0.9226,-1.1444470000000013,0,7.768372666666666,2.2840346366286566,-1.9792652316418524,-45.04429414000014,0.9236344190208591
75321.0,0.0304,0.0485,0.9004,0,1.1104879999999986,11.211172666666666,2.2817894433110575,-2.0547284101211307,-44.97702710400014,0.9022175846213595
75333.0,0.0618,0.0787,0.9153,-1.0299470000000013,0,16.882872666666668,2.272925722606345,-2.136686731255073,-44.87572986800014,0.9207535066455083
75345.0,0.0446,0.1268,0.9298,-0.5185470000000012,0,26.989772666666667,2.2810426895802838,-2.2101411440041443,-44.71379123200014,0.9394655076158996
75357.0,-0.0067,0.1349,0.9296,-1.068147000000001,0,39.547072666666665,2.293258516610145,-2.2696227054931093,-44.47650879600014,0.9393609849253906
75369.0,-0.048,0.1084,0.9166,0,0.7440879999999985,48.684472666666665,2.3242842218558653,-2.3029292575297924,-44.18440196000014,0.9242348835658606
75381.0,-0.0922,0.1002,0.9017,-0.762747000000001,0,53.592872666666665,2.350702087185674,-2.3242878724138514,-43.86284472400014,0.9119231162768053
75393.0,-0.0848,0.1073,0.9102,-1.0604470000000012,1.4386879999999986,56.89057266666667,2.3783750470694245,-2.311046921546018,-43.52150128800014,0.9204174976607084
75405.0,-0.0406,0.0885,0.9241,-1.571947000000001,1.6982879999999987,62.27987266666667,2.4017439690140754,-2.284907996348112,-43.14782205200014,0.9292154863108987
75417.0,-0.0421,0.1193,0.9233,-2.404047000000001,0.9272879999999986,68.94397266666667,2.4207154060549403,-2.259083807884556,-42.73415821600014,0.9319269231007332
75429.0,-0.1158,0.1626,0.9115,-1.900147000000001,-0.7750120000000016,75.37147266666666,2.4559945109504695,-2.236280209994879,-42.281929380000136,0.9331027006712604
75441.0,-0.2251,0.101,0.92,-1.816247000000001,-1.1109120000000012,77.86767266666666,2.4934840844679007,-2.1884479722713324,-41.814723344000136,0.9525077479999835
75453.0,-0.2086,0.0216,0.9119,-1.930747000000001,-2.0956120000000014,74.24167266666667,2.5208226303404007,-2.12871318988719,-41.36927330800014,0.9357040824961704
75465.0,-0.0131,0.0591,0.8831,-1.1368470000000013,-1.9582120000000014,72.03557266666667,2.5547003535518247,-2.070838185817493,-40.93705987200014,0.8851723165576294
75477.0,-0.0575,0.0634,0.9275,-0.839147000000001,-2.0498120000000015,73.44017266666667,2.5894180038591528,-2.0118880026329675,-40.49641883600014,0.9314408515842538
75489.0,-0.1547,0.0266,0.9509,0,-3.927712000000001,70.05847266666667,2.62669214264726,-1.961244298412014,-40.07606800000014,0.9637688830834911
75501.0,-0.2228,-0.0209,0.9071,0.8860529999999989,-6.011712000000001,60.661572666666665,2.6621830977608854,-1.9139736318549065,-39.712098564000144,0.9342949534274495
75513.0,-0.2319,-0.056,0.9098,1.679952999999999,-6.8743120000000015,46.37147266666667,2.691569408113509,-1.8567616448071584,-39.43386972800015,0.9405581587546833
75525.0,-0.2184,-0.0463,0.9108,1.4051529999999988,-5.416212000000002,31.279872666666666,2.7050677408354833,-1.7663292277587035,-39.246190492000146,0.9377627045260437
75537.0,-0.2106,-0.0554,0.9092,1.214352999999999,-3.7750120000000016,16.745472666666668,2.704069659758967,-1.643875645666194,-39.145717656000144,0.9349150549648882
75549.0,-0.1895,-0.0563,0.9316,1.107452999999999,-3.7445120000000016,0.7912726666666662,2.6908805574904675,-1.5133984191642051,-39.14097002000015,0.9523436879614418
75561.0,-0.1163,-0.0536,0.9053,1.145652999999999,-4.065112000000001,-15.086527333333335,2.6689973943241236,-1.3888289207429914,-39.23148918400015,0.9143121676976633
75573.0,-0.0259,-0.0477,0.9009,1.428052999999999,-2.0880120000000013,-27.201027333333332,2.6431353583181494,-1.2541738453948947,-39.39469534800015,0.9025336060225126
75585.0,0.0548,-0.0381,0.9299,0.6570529999999989,-0.7445120000000012,-34.643827333333334,2.602909019350259,-1.1264432973552818,-39.60255831200015,0.9322921537801334
75597.0,0.0975,-0.0397,0.8812,-0.5032470000000011,2.1256879999999985,-38.384227333333335,2.544404982749435,-0.9903748452719255,-39.83286367600015,0.8874659317404809
75609.0,0.1116,-0.0231,0.9084,-0.953647000000001,6.255487999999998,-40.475827333333335,2.478928775399342,-0.8312144599067398,-40.075718640000154,0.9155210155971298
75621.0,0.1105,0.0116,0.9261,-1.7780470000000013,6.980687999999999,-40.92622733333333,2.406860529664156,-0.6871990377524825,-40.321276004000154,0.9327411323620289
75633.0,0.0643,0.0265,0.897,-1.854347000000001,6.713487999999998,-41.72012733333333,2.338820202245259,-0.561730758551672,-40.571596768000155,0.8996920250841396
75645.0,-0.0189,0.0166,0.9166,-2.9230470000000013,10.377588,-46.97202733333333,2.26146576560328,-0.39660102877896747,-40.853428932000156,0.9169451074082896
75657.0,-0.1034,0.0149,0.891,-1.1673470000000012,0,-56.79652733333333,2.2078074506753436,-0.34692562205927396,-41.19420809600015,0.8971034332784599
75669.0,-0.0349,0.0487,1.0125,1.8784529999999988,0,-66.36132733333334,2.196516969726348,-0.2984923537103338,-41.592376060000156,1.014271142249448
75681.0,-0.0388,0.0436,0.9164,0.9700529999999988,1.7363879999999985,-71.37662733333333,2.1791223523957366,-0.22991103360033682,-42.02063582400016,0.9182566961367611
75693.0,-0.0341,0.0184,0.8815,1.931852999999999,0,-76.17812733333334,2.1742303742841753,-0.18291774781350292,-42.47770458800016,0.8823511885864946
75705.0,-0.0123,-0.024,0.9102,1.6341529999999989,0,-81.24682733333333,2.161347167071621,-0.1395380344626153,-42.96518555200016,0.910599434438656
75717.0,0.0052,-0.0073,0.944,1.7715529999999988,0,-87.94912733333334,2.1482584358187284,-0.10175417464445324,-43.49288031600016,0.9440425467106871
75729.0,0.0609,0.0146,0.9089,2.145652999999999,0.7516879999999986,-92.97202733333333,2.1407342600414223,-0.06695302128907431,-44.05071248000016,0.9110549818754081
75741.0,0.1348,0.0587,0.9106,1.221952999999999,0,-96.48352733333333,2.1288220899821324,-0.060910509268805216,-44.62961364400016,0.9223931320212656
75753.0,0.1587,0.0753,0.9148,0.9853529999999988,0.5989879999999985,-95.19342733333333,2.122125129460421,-0.06825418826087955,-45.20077420800016,0.9315121147897111
75765.0,0.1984,0.1003,0.9454,1.397552999999999,0.6447879999999986,-90.70492733333333,2.1303877417254804,-0.09802047133598701,-45.74500377200016,0.9711868048938886
75777.0,0.199,0.1277,0.9205,0.7104529999999989,1.5608879999999985,-82.36902733333334,2.1428254539727822,-0.1373007417997333,-46.23921793600016,0.950383364753403
75789.0,0.1886,0.1204,0.9076,1.0998529999999989,1.5302879999999985,-71.79652733333333,2.169906323264647,-0.19373018095995634,-46.66999710000016,0.9347747750126765
75801.0,0.2079,0.1696,0.9358,0,1.1256879999999985,-60.246827333333336,2.1986497949981376,-0.2717185921282974,-47.03147806400016,0.9735030611148585
75813.0,0.2316,0.1414,0.9207,0,0.5989879999999985,-45.361327333333335,2.2369664183225755,-0.37348458878548635,-47.30364602800016,0.9598546817096846
75825.0,0.2347,0.0957,0.9149,0.6570529999999989,0,-30.918627333333333,2.2857468241284873,-0.4978954194005428,-47.48915779200016,0.9493600950113714
75837.0,0.2345,0.0952,0.9259,0,0,-15.979727333333335,2.3287865414725974,-0.635455324972167,-47.58503615600016,0.9598667094966883
75849.0,0.2178,0.1041,0.9194,0,0,2.829472666666666,2.374780283723018,-0.7823460990539639,-47.56805932000016,0.9505629963342777
75861.0,0.1383,0.1105,0.9288,-0.5108470000000012,0,24.760772666666668,2.418065365651052,-0.9272868363519975,-47.419494684000156,0.9455192118619271
75873.0,-0.0072,0.0669,0.9042,-0.762747000000001,0,39.98977266666667,2.456429594456129,-1.0528284849930638,-47.17955604800016,0.9067001102900561
75885.0,-0.0078,0.0454,0.9099,0,0,44.73787266666667,2.49928377456253,-1.1607519081187245,-46.91112881200016,0.9110653159900228
75897.0,0.064,0.1041,0.9263,-0.5948470000000012,0.5837879999999986,53.08897266666667,2.5379136596764558,-1.2546388166475,-46.59259497600016,0.9343256926789502
75909.0,0.0796,0.0872,0.9082,-0.7169470000000011,1.0875879999999984,65.24927266666667,2.5756870195642168,-1.3383745387667314,-46.201099340000155,0.9158423663491442
75921.0,0.0763,0.0712,0.9207,-0.8620470000000013,1.4157879999999987,73.66917266666667,2.6101185807631415,-1.413887519280726,-45.759084304000154,0.9265957155091965
75933.0,0.1202,0.0818,0.8597,0.7333529999999988,5.5684879999999986,80.31037266666667,2.663724838372442,-1.4428613029564221,-45.27722206800016,0.8719078907774606
75945.0,0.1554,0.098,0.8109,5.3975529999999985,15.087587999999998,86.66917266666667,2.774619220108561,-1.3678675498257566,-44.75720703200016,0.8314517243953493
75957.0,0.1005,0.151,0.9358,8.084553,21.156287999999996,97.78367266666666,2.923382026093912,-1.222107712159644,-44.17050499600016,0.953217126367335
75969.0,-0.0505,0.1658,1.0338,3.908952999999999,14.247888,109.75317266666667,3.0284324214198572,-1.1396957054966101,-43.51198596000016,1.048228186035846
75981.0,-0.2206,0.1033,1.0286,-2.686447000000001,0.5760879999999986,113.69967266666667,3.053759960554682,-1.1805985533901986,-42.82978792400016,1.057049294025591
75993.0,-0.3027,0.0503,1.0063,-8.258947000000001,-11.187212,104.94397266666667,3.0067725067218927,-1.3145160265762268,-42.20012408800016,1.052044233860915
76005.0,-0.2744,0.0002,0.9426,-11.320047,-17.607112000000004,89.34857266666667,2.913652978178351,-1.4851150205885584,-41.66403265200016,0.9817281497441132
76017.0,-0.1152,0.0181,0.9299,-12.129147000000001,-20.347512000000002,75.56997266666667,2.8051696714986103,-1.6714520868163805,-41.21061281600016,0.9371833651959471
76029.0,-0.0222,-0.0635,0.5602,-7.640647000000001,-15.263612,67.89057266666667,2.7378557252515954,-1.792895854473596,-40.80326938000016,0.5642243614024478
76041.0,-0.0475,0.0547,1.2777,-0.8849470000000013,0,56.95927266666667,2.7472973926779547,-1.7299618474616514,-40.46151374400016,1.2797521752276886
76053.0,-0.1008,0.0001,0.8735,-0.5337470000000011,3.2096879999999985,48.730272666666664,2.753691787300093,-1.6206796509168766,-40.169132108000156,0.8792968213294076
76065.0,-0.0908,-0.0529,0.8516,0,0,40.05847266666667,2.75344606515583,-1.5434738771896013,-39.92878127200016,0.8580592112436065
76077.0,-0.1669,-0.0681,0.8685,-2.152047000000001,0,26.188272666666666,2.7141994943731076,-1.4512434428711152,-39.77165163600016,0.8870092840551332
76089.0,-0.1499,-0.073,0.9272,0,-0.5002120000000012,7.623372666666666,2.6877903139121733,-1.354280772209402,-39.72591140000016,0.9420715737140145
76101.0,-0.0977,-0.0487,0.9474,0,0,-4.926227333333334,2.6529961693384636,-1.248844540378367,-39.755468764000156,0.953668569262928
76113.0,-0.1227,-0.0677,0.9139,0.7028529999999988,0,-14.292627333333334,2.616870572640959,-1.138072052164402,-39.841224528000154,0.9245819541825375
76125.0,-0.1279,-0.0909,0.9176,1.321152999999999,-0.6834120000000015,-23.45292733333333,2.576588861297346,-1.0302411828721558,-39.98194209200015,0.9309194272330984
76137.0,-0.1511,-0.1312,0.9052,1.1990529999999988,-0.5613120000000014,-33.70492733333333,2.5197255563677614,-0.9135488581913567,-40.18417165600015,0.9270553866948835
76149.0,-0.1244,-0.1278,0.9177,1.046352999999999,0,-44.529327333333335,2.4482888257992372,-0.7874015868999262,-40.451347620000156,0.934869771679457
76161.0,-0.0945,-0.0699,0.9186,0,0,-54.90332733333333,2.36063884185105,-0.6628170624339771,-40.78076758400016,0.9260897472707491
76173.0,-0.0796,-0.0353,0.918,1.2066529999999989,0,-66.25452733333333,2.28841321103341,-0.5416951170966252,-41.17829474800016,0.9221205181536739
76185.0,-0.028,0.0022,0.9205,1.038752999999999,0,-76.55222733333333,2.219835305627007,-0.43028167768871173,-41.637608112000166,0.9209283848378222
76197.0,-0.0228,0.021,0.9124,1.0234529999999988,0,-86.60562733333333,2.1585216890077485,-0.32822044754401325,-42.157241876000164,0.9129263935279777
76209.0,0.031,0.0504,0.918,1.5807529999999987,0,-95.68192733333333,2.1141318481136655,-0.24135868007739597,-42.731333440000164,0.9199049733532263
76221.0,0.1329,0.0914,0.9373,1.786852999999999,0.5913879999999987,-98.51402733333333,2.086417740153762,-0.17393821521376054,-43.322417604000165,0.9510771051812782
76233.0,0.2378,0.1205,0.923,1.6341529999999989,0,-94.38422733333333,2.0731035483590956,-0.14997244851254374,-43.88872296800017,0.9607278959205879
76245.0,0.3042,0.1552,0.9176,1.153252999999999,0,-81.79652733333333,2.0728051268173058,-0.1664129482328033,-44.37950213200017,0.9790885761768442
76257.0,0.2482,0.0924,0.9193,1.145652999999999,0,-68.91862733333333,2.081138214069299,-0.2114703917363377,-44.79301389600017,0.956688815655331
76269.0,0.0615,0.0265,0.9377,1.176152999999999,0.7745879999999985,-65.46822733333333,2.089255850718505,-0.24923282391445584,-45.18582326000017,0.9400881820340047
76281.0,0.1244,0.1013,0.915,1.0540529999999988,0.8356879999999987,-62.81942733333333,2.1047658808742833,-0.29589321829034887,-45.56273982400017,0.9289575071013745
76293.0,0.1769,0.1307,0.9149,0.7028529999999988,1.0340879999999986,-49.96442733333333,2.127547764067739,-0.3551356260705809,-45.86252638800017,0.9409665828285296
76305.0,0.2152,0.0864,0.9139,0,0.5837879999999986,-37.94152733333333,2.1466273715615567,-0.43749473076621515,-46.09017555200017,0.9428622433844724
76317.0,0.2422,0.0774,0.9275,0.7868529999999989,1.0798879999999986,-27.788827333333334,2.177846961529792,-0.5326168107393315,-46.256908516000166,0.9617212953865585
76329.0,0.2931,0.0765,0.8912,0.8708529999999989,1.4844879999999985,-16.52932733333333,2.2124464540548376,-0.6459995213520138,-46.35608448000016,0.9412742958351725
76341.0,0.2823,0.0886,0.9252,1.6723529999999989,3.1485879999999984,-2.972027333333334,2.259713925145349,-0.7580764917360179,-46.37391664400016,0.9713589913106276
76353.0,0.2288,0.0968,0.936,0.7181529999999988,2.2096879999999985,9.745472666666666,2.299297559282633,-0.8906012338415908,-46.31544380800016,0.9684088392822529
76365.0,0.205,0.0946,0.9198,0,1.6676879999999987,20.44017266666667,2.333544316582876,-1.034693241269032,-46.192802772000164,0.9471041125451837
76377.0,0.217,0.1061,0.9109,0,0.8585879999999986,31.30277266666667,2.3720717885819638,-1.194098522528772,-46.00498613600016,0.9423826292966143
76389.0,0.2449,0.1317,0.8818,0.7639529999999989,3.224987999999999,42.13477266666667,2.4266361699597474,-1.3342986213371986,-45.752177500000165,0.92460377459753
76401.0,0.2351,0.1594,0.879,2.275352999999999,7.713487999999998,55.172972666666666,2.5083825967354723,-1.4284600102694973,-45.421139664000165,0.9237539553365929
76413.0,0.1752,0.1508,0.8945,3.512052999999999,11.034087999999999,68.34857266666667,2.6114075392859935,-1.4826800966958962,-45.01104822800016,0.9238863187643813
76425.0,0.0212,0.1331,1.0359,1.1227529999999988,8.415788,77.51647266666667,2.6882552494193894,-1.5457617386158997,-44.54594939200016,1.0446309683328365
76437.0,-0.0972,0.1034,0.9907,-4.197947000000001,-2.5613120000000014,83.15007266666667,2.701666164959273,-1.7048261912599127,-44.04704895600016,1.0008126148285703
76449.0,-0.1815,0.0994,0.9606,-6.633047000000001,-10.736912,84.79897266666667,2.6866991715622803,-1.9185655800213366,-43.53825512000016,0.9826367436647176
76461.0,-0.2457,0.0912,0.954,-9.610147000000001,-14.591812000000003,83.17297266666667,2.6365318272195735,-2.1311190939570936,-43.03921728400016,0.9893441918766188
76473.0,-0.318,0.0383,0.6974,-6.617747000000001,-10.622412,77.37147266666666,2.6186709868781737,-2.246775933668959,-42.57498844800016,0.7674357627840913
76485.0,-0.4436,0.0315,1.0695,0,1.1256879999999985,61.05087266666667,2.6699387053950057,-2.1632797248508955,-42.20868321200016,1.1582760724455978
76497.0,-0.333,0.0132,0.7804,-2.289547000000001,-1.4239120000000014,45.37147266666667,2.6859472472196244,-2.0718369185023744,-41.93645437600016,0.8485796368049376
76509.0,-0.2095,0.0553,0.9441,0,-1.7521120000000012,34.608072666666665,2.725431443330036,-1.9666428485487573,-41.72880594000016,0.9686450072136851
76521.0,-0.0944,0.105,0.9319,0,-0.6529120000000015,32.13477266666666,2.7676739600911975,-1.8474364763974287,-41.535997304000155,0.9425359250447698
76533.0,-0.0948,0.0673,0.8971,0,0,32.99737266666667,2.8079537730700284,-1.7196841256525532,-41.33801306800015,0.904601978772985
76545.0,-0.1176,-0.0096,0.9221,0,-0.6758120000000014,30.35617266666667,2.836612339284393,-1.596918060429338,-41.15587603200015,0.9296183786909552
76557.0,-0.132,-0.0212,0.9092,0,-1.6453120000000014,26.58517266666667,2.8536243434574304,-1.481124121675269,-40.99636499600015,0.9189766482343281
76569.0,-0.1473,-0.035,0.9214,0.7715529999999988,-3.187212000000001,22.56997266666667,2.8675782928364426,-1.377828613479867,-40.860945160000156,0.9337559906099666
76581.0,-0.1582,-0.0436,0.9155,1.1990529999999988,-4.996412000000001,16.913472666666667,2.8746401580425895,-1.2893134752396815,-40.759464324000156,0.9300905601069177
76593.0,-0.1685,-0.068,0.9042,0.9700529999999988,-3.5155120000000015,8.882872666666666,2.865404110379356,-1.1760281512669177,-40.70616708800016,0.9222764715637063
76605.0,-0.1526,-0.0626,0.8983,0.5654529999999989,-1.0956120000000014,-2.445327333333334,2.84015185810545,-1.0302122926063864,-40.72083905200016,0.91331725594122
76617.0,-0.1172,-0.0447,0.906,0,1.9195879999999985,-10.888127333333333,2.8006558968702246,-0.8506372201256984,-40.78616781600016,0.9146419682039525
76629.0,-0.1119,-0.0542,0.938,0,2.973087999999999,-18.48352733333333,2.7534351245842092,-0.6622989313347138,-40.89706898000016,0.9462046554525083
76641.0,-0.0699,-0.0284,0.9066,0,0,-24.44532733333333,2.7027534450750763,-0.5174516763616397,-41.043740944000156,0.9097340985145055
76653.0,-0.0686,-0.0332,0.9233,0,0,-29.010227333333333,2.6485117865952787,-0.3801885810551233,-41.21780230800016,0.9264400088510859
76665.0,-0.0597,-0.0297,0.9163,0,0.6066879999999986,-35.361327333333335,2.5916752393800224,-0.24375883770694978,-41.42997027200016,0.9187229560645581
76677.0,-0.0353,-0.0128,0.9075,0.5807529999999989,0,-41.452927333333335,2.5415901523553015,-0.12481108554076693,-41.678687836000165,0.9082764887411762
76689.0,0.0466,0.025,0.9375,0.5807529999999989,0,-46.223927333333336,2.496134303992702,-0.02562556253574666,-41.956031400000164,0.9389903141140488
76701.0,0.0569,0.0056,0.9175,0.7791529999999989,-0.7674120000000015,-48.95682733333333,2.4547630893127215,0.04583853209180076,-42.249772364000165,0.9192797289182439
76713.0,0.0482,0.0004,0.9265,1.687552999999999,-2.439112000000001,-52.781227333333334,2.425013242128894,0.08216515282144532,-42.56645972800017,0.9277530113128171
76725.0,0.0598,0.001,0.9054,2.092152999999999,-1.9735120000000013,-57.269727333333336,2.4007905307526336,0.10928029479404525,-42.91007809200017,0.9073732418360153
76737.0,0.0991,0.0258,0.9099,1.7028529999999988,-0.8972120000000015,-60.51402733333333,2.3757331473886683,0.13096892974366287,-43.27316225600017,0.9156442868275868
76749.0,0.1764,0.0549,0.9127,0,1.6218879999999987,-60.95682733333333,2.3377314425554765,0.1563456856878701,-43.63890322000017,0.9312101051857201
76761.0,0.1799,0.0734,0.9258,0,4.156287999999998,-60.384227333333335,2.3087035580239705,0.18762647739880894,-44.00120858400017,0.9459689265509729
76773.0,0.1499,0.0552,0.9042,0.6188529999999989,0.7974879999999986,-59.544527333333335,2.292684304321974,0.16145213942479655,-44.35847574800017,0.9182018786737479
76785.0,0.1913,0.0703,0.9283,1.8020529999999988,-2.423912000000001,-60.03312733333333,2.297345258170437,0.07725148027170764,-44.71867451200017,0.9504097379551621
76797.0,0.2087,0.0737,0.9127,1.9853529999999988,-1.4620120000000014,-59.60562733333333,2.310314555951979,-0.014762203705071274,-45.07630827600017,0.9391531664217504
76809.0,0.1858,0.0729,0.9164,1.214352999999999,0.8814879999999987,-56.246827333333336,2.3194513418065243,-0.09319508011407132,-45.41378924000017,0.9378832603261453
76821.0,0.0317,0.0299,0.916,0.5272529999999989,5.0875879999999984,-55.44532733333333,2.319960117057218,-0.11566318562668933,-45.74646120400017,0.9170359316842498
76833.0,0.0555,0.0763,0.9491,0,2.0646879999999985,-55.55982733333333,2.3195365515677757,-0.17145446358507627,-46.07982016800017,0.9537781450630959
76845.0,0.1364,0.0981,0.9005,1.321152999999999,0.8203879999999986,-51.88812733333333,2.342317122916001,-0.24964664306916126,-46.39114893200017,0.9160397480459022
76857.0,0.2395,0.1466,0.9064,0,-1.1414120000000012,-43.05602733333333,2.3619264756592524,-0.37008144146081035,-46.64948509600017,0.9489008220040701
76869.0,0.2609,0.1051,0.9281,0.6036529999999989,0,-31.827027333333334,2.3944098815519155,-0.49565843064001847,-46.84044726000017,0.9697857650017349
76881.0,0.2765,0.0847,0.9058,0.7715529999999988,-0.5613120000000014,-21.66672733333333,2.431361350593311,-0.6463613884510693,-46.970447624000165,0.9508417218443878
76893.0,0.2828,0.092,0.9258,0,0.5608879999999985,-9.239227333333334,2.4620225861987115,-0.8001416393726037,-47.02588298800016,0.9723916289232439
76905.0,0.2533,0.0831,0.9236,0,0.8966879999999986,4.859972666666666,2.494170306907082,-0.9606011505236807,-46.996723152000165,0.9613030011395991
76917.0,0.1818,0.0837,0.9365,-0.6330470000000012,0.9195879999999985,17.241672666666666,2.520168279654098,-1.120927675350654,-46.89327311600017,0.9576477327284809
76929.0,0.0927,0.0983,0.9154,-1.0528470000000012,0.8737879999999987,27.806572666666668,2.544552583528289,-1.271210761154089,-46.72643368000017,0.925317966971354
76941.0,0.0439,0.0988,0.8933,-0.8085470000000012,0.8508879999999985,34.57757266666667,2.575132038226125,-1.4065582406593706,-46.51896824400017,0.8998186150552787
76953.0,0.047,0.1378,0.9202,-1.2742470000000012,0.9882879999999986,41.88287266666667,2.6075873830055296,-1.5264277410120948,-46.26767100800017,0.9316468644287921
76965.0,0.0732,0.1224,0.9185,-1.6940470000000012,1.6905879999999986,49.310372666666666,2.639711081657774,-1.6288258584909054,-45.97180877200017,0.9295064550609641
76977.0,0.1017,0.1334,0.9131,-1.762747000000001,1.7821879999999986,56.88287266666667,2.6764823982995716,-1.7255457131186054,-45.63051153600017,0.9283803423166607
76989.0,0.0775,0.1418,0.9216,-1.762747000000001,1.4692879999999986,66.19587266666667,2.718972262429028,-1.8186002555566272,-45.23333630000017,0.9356602214479356
77001.0,0.025,0.1425,0.9415,-2.182647000000001,1.6066879999999986,75.34087266666667,2.761383396453079,-1.89655904108853,-44.78129106400017,0.952551048500814
77013.0,0.0413,0.1584,0.8976,-2.686447000000001,1.0188879999999987,82.65387266666667,2.80465288104913,-1.9720376632203511,-44.28536782800017,0.9124045210322008
77025.0,0.0703,0.1853,0.9122,-2.0604470000000012,0,90.60807266666667,2.864349027737928,-2.0542934862783135,-43.74171939200017,0.9334811299646073
77037.0,0.0652,0.1987,0.9418,-1.816247000000001,0,99.98217266666667,2.9358291412546347,-2.1305652557389787,-43.14182635600017,0.9647382909369774
77049.0,0.0648,0.1823,0.9001,-2.3811470000000012,0,108.89057266666667,3.006978963831396,-2.2018864780321334,-42.48848292000017,0.920658644666958
77061.0,-0.0258,0.1539,0.9303,-2.2513470000000013,0,116.81417266666666,3.0813769450299797,-2.2571176562170403,-41.78759788400017,0.943296846173038
77073.0,-0.1456,0.1477,0.9036,-3.3124470000000015,-0.7292120000000013,127.19587266666667,3.1444685920041615,-2.2919841340646014,-41.02442264800017,0.927096332642946
77085.0,-0.3054,0.1119,0.8826,-1.9078470000000012,-3.3475120000000014,133.40967266666667,3.2212115981565184,-2.3118279813314073,-40.22396461200017,0.9406240109629352
77097.0,-0.5109,-0.0212,0.8903,0,-4.920112000000001,130.12717266666667,3.3005332395195643,-2.2829882760489704,-39.44320157600016,1.026694862166944
77109.0,-0.5598,-0.1074,0.9644,1.870852999999999,-7.011712000000001,112.50887266666666,3.371600158410334,-2.2138942067216787,-38.76814834000017,1.1202580774089514
77121.0,-0.5751,-0.1246,0.9745,5.046352999999999,-18.889512000000003,89.73787266666666,3.4506624236017482,-2.2265003781291575,-38.22972110400017,1.1383828090761035
77133.0,-0.5947,-0.1552,0.9891,10.443352999999998,-30.920112,60.93637266666667,3.5630233779522613,-2.326270494968711,-37.86410286800017,1.1645058780444175
77145.0,-0.5737,-0.1761,0.9558,12.397552999999998,-39.164312,30.53937266666667,3.6686235575233654,-2.4753314315672528,-37.68086663200017,1.1285816496824677
77157.0,-0.4534,-0.1597,0.9473,10.191453,-35.912411999999996,0,3.7238869693861902,-2.556525895136024,-37.68086663200017,1.0622866562279694
77169.0,-0.5114,-0.2917,0.6825,1.321152999999999,-24.630012000000004,-31.827027333333334,3.6377202145404635,-2.4643311291573107,-37.871828796000166,0.9013462708637563
77181.0,-0.2485,-0.2058,0.8622,0,-3.904812000000001,-66.01022733333333,3.5153360707068653,-2.131123648882611,-38.267890160000164,0.9205947697005452
77193.0,-0.1119,-0.1688,0.8048,-1.8620470000000013,9.598987999999999,-90.02552733333333,3.3570159652857114,-1.6607282114374426,-38.80804332400017,0.8298904084275224
77205.0,0.186,-0.0485,0.9438,-4.167347000000001,18.827987999999998,-106.52162733333333,3.1749558497272505,-1.1452713817201008,-39.44717308800017,0.9631753163365432
77217.0,0.2937,-0.0667,0.8931,-9.778047,21.049387999999997,-110.39952733333334,2.928092832670648,-0.675300583354663,-40.10957025200017,0.942515883155292
77229.0,0.3109,-0.062,0.8705,-5.923047000000001,21.102787999999997,-111.06362733333333,2.7298177794062206,-0.2721633147162352,-40.77595201600017,0.9264302780026137
77241.0,0.296,0.0291,1.071,-1.7169470000000011,10.896688,-105.44532733333334,2.5965150872628646,-0.05039334978599319,-41.40862398000017,1.1115321902671105
77253.0,0.2206,0.0792,0.9469,-1.6864470000000011,-1.7903120000000015,-98.25452733333333,2.482048488852776,-0.01883279413710765,-41.998151144000175,0.9754776317271452
77265.0,0.2107,0.0669,0.8544,0,-1.4620120000000014,-100.58272733333334,2.402089460288404,-0.0153837531266801,-42.60164750800018,0.8825358123045207
77277.0,0.3145,0.1515,0.939,0,1.9806879999999987,-104.44532733333334,2.34585156997804,-0.013066828599896815,-43.22831947200018,1.001790147685632
77289.0,0.4019,0.2202,0.921,-1.4116470000000012,2.1180879999999984,-100.51402733333333,2.3025338416098133,-0.057347012862713063,-43.83140363600018,1.0287140759219735
77301.0,0.4005,0.2458,0.9308,0.6265529999999988,0,-90.60562733333333,2.3125335081438556,-0.16843214241586843,-44.37503740000018,1.0426919631415599
77313.0,0.1438,0.0496,0.9042,0,0,-88.67432733333334,2.316301453655882,-0.28411262520832536,-44.90708336400018,0.9169057966879695
77325.0,0.2874,0.126,0.9341,-1.335347000000001,0.8508879999999985,-87.45292733333334,2.3146931322273523,-0.41092347640803395,-45.43180092800018,0.9854022376674411
77337.0,0.4838,0.2474,0.9174,-1.487947000000001,0,-74.22392733333334,2.3353796990400104,-0.5903993984883332,-45.87714449200018,1.0662513587330147
77349.0,0.5884,0.283,0.8833,0,0.9119879999999987,-50.620927333333334,2.3988314958223214,-0.8091444061695172,-46.180870056000174,1.0984181580800638
77361.0,0.5492,0.2605,0.9176,0,5.034087999999999,-25.44532733333333,2.480535135814487,-1.0170397128038557,-46.33354202000017,1.100668274277041
77373.0,0.4828,0.2251,0.881,-2.052847000000001,9.102787999999999,0,2.5501072739201414,-1.2035367354060573,-46.33354202000017,1.029527488705377
77385.0,0.3781,0.2056,0.9009,-3.716947000000001,15.018887999999999,24.43257266666667,2.608653859530163,-1.3312717580667175,-46.186946584000175,0.9984246491348259
77397.0,0.2869,0.2157,0.8983,-5.663547000000001,16.858587999999997,49.55467266666667,2.6536780413814984,-1.437386788405843,-45.88961854800017,0.9673577363106164
77409.0,0.1272,0.1606,0.9948,-7.770447000000001,20.858587999999997,69.40197266666667,2.675140221397332,-1.474904751943516,-45.47320671200017,1.0156767399128523
77421.0,0.1122,0.1593,0.8212,-5.060447000000001,2.3775879999999985,84.53937266666667,2.7327565966983087,-1.7152835595541809,-44.96597047600017,0.8439992713266997
77433.0,-0.0273,0.1827,0.9869,-1.2513470000000013,2.6600879999999987,99.94397266666667,2.83878712523265,-1.9133964712984168,-44.366306640000175,1.0040399344647601
77445.0,-0.0874,0.1659,0.91,-3.6711470000000013,2.0188879999999987,110.73787266666666,2.9180260084524225,-2.0791429921054605,-43.701879404000174,0.9291187060865796
77457.0,-0.1444,0.135,0.9008,-2.3811470000000012,-0.6453120000000014,118.63097266666666,3.010778550407482,-2.233363796998372,-42.99009356800018,0.9222347857243296
77469.0,-0.2203,0.1401,0.929,-2.3811470000000012,-0.8666120000000013,123.05847266666667,3.101697566173046,-2.341202405279112,-42.251742732000174,0.9649876165008544
77481.0,-0.2952,0.1396,0.925,-3.778047000000001,0,124.31807266666667,3.1742818263117125,-2.3858569620257195,-41.505834296000174,0.9809465836629434
77493.0,-0.39,0.0824,0.8846,-2.655947000000001,-1.3475120000000014,122.54707266666666,3.252062270358677,-2.3878075962654495,-40.770551860000175,0.9702612637841418
77505.0,-0.4862,0.0133,0.9008,-1.3276470000000011,-2.5918120000000013,116.56997266666667,3.3287351730031998,-2.3399107047140095,-40.07113202400018,1.0237226040290406
77517.0,-0.501,-0.0651,0.9685,-0.6330470000000012,-4.423912000000001,105.66917266666667,3.387237778593639,-2.2553423341235423,-39.43711698800018,1.0923512530317343
77529.0,-0.4108,-0.063,0.9113,0.9471529999999988,-7.958212000000001,90.24927266666667,3.441914554322926,-2.1720223190686236,-38.89562135200018,1.0015953923616063
77541.0,-0.4525,-0.0825,0.9348,3.168552999999999,-12.301712,69.42487266666667,3.4997606719622496,-2.099234780891729,-38.479072116000175,1.0418318194411227
77553.0,-0.4539,-0.1,0.9233,5.3975529999999985,-14.660512000000002,43.53177266666667,3.5610548603332526,-2.0177619488574874,-38.21788148000017,1.0336866546492705
77565.0,-0.4039,-0.118,0.9548,5.725752999999999,-16.202512000000002,18.49357266666667,3.603386903515333,-1.9291376948736016,-38.10692004400018,1.0434089562582831
77577.0,-0.3555,-0.1299,0.8708,4.504352999999998,-15.217812,-5.704927333333334,3.6101632990097823,-1.8102981462904029,-38.14114960800018,0.949498235912
77589.0,-0.2603,-0.145,0.8757,3.817352999999999,-7.7063120000000005,-29.292627333333332,3.588508952617179,-1.5985080493804555,-38.31690537200018,0.9250035567499187
77601.0,-0.1475,-0.14,0.8831,1.069252999999999,1.4081879999999987,-49.758327333333334,3.5172518936939854,-1.2911016825622526,-38.61545533600018,0.9062129220001224
77613.0,-0.0504,-0.1155,0.9095,-2.8543470000000015,10.988287999999999,-65.34612733333333,3.388222714895655,-0.8962229733001551,-39.007532100000184,0.9181887932228316
77625.0,-0.0381,-0.129,0.9351,-3.236047000000001,11.881488,-77.59802733333333,3.2438936604888555,-0.5180901115415708,-39.47312026400019,0.9447246265446879
77637.0,0.0414,-0.09,0.959,0,6.537987999999999,-88.01022733333333,3.1333081741602458,-0.23795223332220797,-40.00118162800019,0.9641031894978878
77649.0,0.0964,-0.0375,1.0348,1.4891529999999988,-1.7369120000000016,-95.55982733333333,3.042778840534857,-0.09351796740958551,-40.57454059200019,1.0399568500663863
77661.0,0.152,0.0242,0.9207,0.6341529999999989,-6.454412000000001,-98.50642733333333,2.9513150258336993,-0.0416595301228192,-41.16557915600019,0.9334763682065015
77673.0,0.1487,0.0264,0.8341,0,-1.5384120000000014,-102.64382733333333,2.8608673142168852,0.03723555098892382,-41.78144212000019,0.8476623502315057
77685.0,0.1981,0.0465,0.8995,-1.480347000000001,5.973087999999999,-108.26212733333334,2.763643014097397,0.16883874601930976,-42.43101488400019,0.9222288815689953
77697.0,0.2462,0.0603,0.9194,-2.907847000000001,9.140987999999998,-112.16292733333333,2.6613467209079316,0.2981269007518452,-43.10399244800019,0.9537016776749425
77709.0,0.3485,0.1331,0.9567,-1.8925470000000013,7.950187999999999,-109.44532733333334,2.5909236358688648,0.36486002507898707,-43.76066441200019,1.0268606283230457
77721.0,0.391,0.1968,0.9106,0.5349529999999989,0,-101.30032733333333,2.574411935453842,0.29019831040881217,-44.368466376000185,1.010348256790697
77733.0,0.2581,0.1692,0.848,1.3059529999999988,4.789887999999999,-91.92622733333333,2.585708645446254,0.2473529511729029,-44.92002374000018,0.9024124611285019
77745.0,0.1979,0.1249,0.9481,0,7.988287999999999,-87.23162733333334,2.5919894776257166,0.22802843591606353,-45.44341350400018,0.9765541613243989
77757.0,0.4211,0.2825,0.9342,0,0,-66.59032733333333,2.6268720063396427,0.0741721813646718,-45.842955468000184,1.0629492462013415
77769.0,0.483,0.214,0.8961,0.9089529999999988,0,-42.72782733333333,2.689054940341608,-0.12132054721638655,-46.099322432000186,1.040230844572492
77781.0,0.4758,0.1689,0.9183,-1.2971470000000012,3.6371879999999983,-25.010227333333333,2.733607702575816,-0.30863837794554166,-46.24938379600019,1.047944530974803
77793.0,0.4703,0.1976,0.9244,-1.7475470000000013,6.492187999999999,-2.193427333333334,2.783729556404449,-0.4920070318553915,-46.26254436000019,1.0558140035062993
77805.0,0.3461,0.1376,0.9385,-2.1444470000000013,5.621887999999998,23.806572666666668,2.831582645512142,-0.6965803714908092,-46.11970492400019,1.0097035307455353
77817.0,0.2773,0.1615,0.8654,-1.7704470000000012,0.9577879999999986,45.13477266666667,2.889968633760096,-0.9591138672617898,-45.84889628800019,0.9229814190979144
77829.0,0.181,0.1862,0.9309,-2.236047000000001,1.4463879999999987,64.47067266666666,2.950495137116075,-1.2038546625322746,-45.46207225200019,0.9664399877902403
77841.0,0.0952,0.1583,0.9176,-1.7169470000000011,2.7440879999999988,79.75317266666667,3.0209848515763627,-1.412560292067278,-44.98355321600019,0.936008381372731
77853.0,-0.0115,0.1345,0.9036,-2.8849470000000013,0.9653879999999986,90.32567266666666,3.078613635160672,-1.6112366278260168,-44.44159918000019,0.9136276374979032
77865.0,-0.0955,0.1276,0.9148,-2.228447000000001,0,95.31037266666667,3.1440517276174145,-1.7824703865335576,-43.86973694400019,0.9285801257834457
77877.0,-0.1399,0.1313,0.9427,-1.594847000000001,0,96.07377266666667,3.21674219882064,-1.9126699373737102,-43.293294308000185,0.9620265017139601
77889.0,-0.1442,0.1525,0.9237,-2.182647000000001,0,95.96687266666667,3.284828745122304,-2.00604468019409,-42.71749307200019,0.9472442029381863
77901.0,-0.1519,0.1536,0.9001,-2.732247000000001,0,97.40197266666667,3.348924783394054,-2.0658917370498866,-42.13308123600019,0.9256600779983979
77913.0,-0.1215,0.1705,0.915,-2.442147000000001,0,99.29507266666667,3.4202890660466863,-2.0994802076446897,-41.537310800000185,0.9386466321252105
77925.0,-0.1301,0.1416,0.9098,-1.9459470000000012,0,102.63097266666666,3.4971946389298125,-2.108729004103462,-40.921524964000184,0.9298992472305804
77937.0,-0.1842,0.1023,0.9276,-1.5414470000000011,-1.9506120000000013,105.23407266666666,3.573171234131519,-2.112547649220544,-40.29012052800019,0.9512290418190563
77949.0,-0.264,0.0557,0.9171,-0.6864470000000011,-2.462012000000001,105.50127266666667,3.6483254485944885,-2.0869996403976407,-39.657112892000185,0.9559659512765086
77961.0,-0.3174,0.0034,0.9349,-0.526147000000001,-4.851412000000002,103.53177266666667,3.7085709222884082,-2.05174342468417,-39.035922256000184,0.9873157195142798
77973.0,-0.3101,-0.0486,0.9446,1.8784529999999988,-13.576612,97.09667266666666,3.7755410180173783,-2.0865293091763384,-38.45334222000018,0.9953859201334928
77985.0,-0.2659,-0.0497,0.9547,5.970052999999999,-20.362812,87.58517266666667,3.870799488248727,-2.176310508627177,-37.92783118400018,0.9922827167697722
77997.0,-0.2755,-0.0496,0.9799,7.099852999999999,-26.561312000000004,75.54707266666666,3.960671000711672,-2.3148966800651913,-37.47454874800018,1.0190998086546774
78009.0,-0.3381,-0.0862,0.9097,8.641752999999998,-30.317012000000002,58.776072666666664,4.047948946272651,-2.466410838016483,-37.121892312000185,0.9743182950145194
78021.0,-0.3375,-0.1021,0.9333,9.473852999999998,-29.637612000000004,37.638672666666665,4.1241545742772345,-2.5818775862026535,-36.896060276000185,0.9976871002473672
78033.0,-0.3691,-0.1548,0.8762,1.9242529999999989,-25.538412,16.531772666666665,4.086670777093298,-2.619437805235325,-36.79686964000018,0.9632882694188692
78045.0,-0.35,-0.2013,0.8622,3.702852999999999,-14.675812000000002,-9.521627333333335,4.0440455965535245,-2.505731097072804,-36.853999404000184,0.9520559489861927
78057.0,-0.3502,-0.2253,0.792,1.069252999999999,-3.4773120000000017,-33.55982733333333,3.943889095406613,-2.240076367999927,-37.055358368000185,0.8947983739368328
78069.0,-0.2776,-0.1776,0.8571,-0.5719470000000011,5.179187999999998,-57.21632733333333,3.8075459948870383,-1.8679626594329362,-37.398656332000186,0.91827225265713
78081.0,-0.1265,-0.0901,0.936,-2.266647000000001,10.156287999999998,-78.12472733333333,3.6480220864369004,-1.4562095459962048,-37.867404696000186,0.9487972702321609
78093.0,0.0679,-0.0533,0.8994,-3.7933470000000016,11.339488,-92.97202733333333,3.4724430397891966,-1.0717385694281027,-38.42523686000018,0.9035328770996659
78105.0,0.0651,-0.0487,0.9276,-3.938347000000001,12.240188,-102.52162733333333,3.29829021900401,-0.7146215436296247,-39.040366624000185,0.9311559804887686
78117.0,0.1589,0.0123,0.9379,-5.022347000000001,14.911988,-109.62092733333333,3.122152766476271,-0.37233668020989513,-39.69809218800019,0.9513447902837331
78129.0,0.2521,0.0643,0.908,-6.610147000000001,17.598988,-108.84992733333333,2.9438173102142526,-0.05182596145560396,-40.35119175200019,0.9445384587193897
78141.0,0.2428,0.0906,0.8668,-5.800947000000001,22.194387999999996,-105.71252733333333,2.793578899148131,0.27559316729022987,-40.98546691600019,0.9047112467522441
78153.0,0.2233,0.1168,0.9484,-4.762747000000001,24.873787999999998,-102.89572733333333,2.6756606197743804,0.593055563459168,-41.60284128000019,0.9813091714643251
78165.0,0.233,0.1727,1.1492,-3.465047000000001,13.362388,-101.48352733333333,2.597314856796381,0.7364299066193222,-42.211742444000194,1.185232015261147
78177.0,0.2756,0.14,0.8772,2.038752999999999,-6.149112000000001,-100.88812733333333,2.60103196555831,0.6136183623524375,-42.81707120800019,0.9300726853316358
78189.0,0.3978,0.156,0.9236,2.199052999999999,-5.103312000000001,-99.81942733333334,2.622560389037208,0.4600765726069546,-43.41598777200019,1.0176530843072211
78201.0,0.3053,0.0985,0.834,-1.9994470000000013,4.224987999999998,-97.30032733333333,2.6020754505450174,0.38879977697308393,-43.999789736000196,0.8935694377047594
78213.0,0.1604,0.1447,0.9445,-2.228447000000001,13.217288,-94.43772733333333,2.5914541794995642,0.4163192434157379,-44.5664161000002,0.9688893125636179
78225.0,0.281,0.2086,0.9307,-0.564347000000001,1.3623879999999986,-82.77362733333334,2.61929627331774,0.28140627230015414,-45.0630578640002,0.9943226086135224
78237.0,0.3446,0.1882,0.8877,1.9242529999999989,6.415787999999999,-69.55222733333333,2.6903504184348765,0.18001158727546687,-45.4803712280002,0.9706594098858775
78249.0,0.3824,0.2173,0.9509,-0.7780470000000013,6.980687999999999,-54.575127333333334,2.743872628233666,0.05830641071978754,-45.8078219920002,1.0476926362249568
78261.0,0.3502,0.1747,0.9346,-2.258947000000001,9.515087999999999,-36.09422733333333,2.787879237673146,-0.05339220241515211,-46.0243873560002,1.0132311138136254
78273.0,0.3386,0.1445,0.8706,-1.6101470000000013,0.6218879999999987,-18.911027333333333,2.843853695723751,-0.2875070767154876,-46.1378535200002,0.945237837795335
78285.0,0.3267,0.1875,0.9615,0,0,2.653872666666666,2.9262376035983673,-0.5384891481234223,-46.1219302840002,1.0326525988927737
78297.0,0.2355,0.1445,0.938,-0.739847000000001,0.9577879999999986,26.264572666666666,3.0014191474526744,-0.7757537172452336,-45.9643428480002,0.977846869402362
78309.0,0.1027,0.0979,0.9146,-1.0223470000000012,1.1943879999999987,44.78367266666667,3.0698163928747917,-0.9927355236567249,-45.6956408120002,0.9255403070639333
78321.0,-0.0339,0.0989,0.8995,-1.701747000000001,0.8508879999999985,57.630972666666665,3.1277974047084056,-1.181888836421304,-45.3498549760002,0.9055554483299186
78333.0,-0.1351,0.0682,0.9087,-1.3887470000000013,0,64.83707266666667,3.1836471539849938,-1.3396759771774074,-44.960832540000204,0.9212160115846879
78345.0,-0.1748,0.0596,0.9214,-1.8849470000000013,0,64.70737266666666,3.227019379087461,-1.4549811536126933,-44.572588304000206,0.9397261090339035
78357.0,-0.1239,0.0751,0.9066,-1.1673470000000012,0,62.684472666666665,3.274849792169276,-1.5387766676586583,-44.19648146800021,0.9181039047950944
78369.0,-0.0736,0.0914,0.9252,-1.121547000000001,0,61.661572666666665,3.3210719911501814,-1.6004768625964882,-43.82651203200021,0.9326124382614678
78381.0,0.0118,0.1305,0.9128,-1.678847000000001,0,65.76837266666666,3.363603058941192,-1.6532485917837858,-43.43190179600021,0.9221568901222827
78393.0,0.0667,0.1716,0.9165,-1.7475470000000013,0.9043879999999986,76.53177266666667,3.412822496125587,-1.694176360982346,-42.97271116000021,0.934808910954533
78405.0,0.0425,0.1469,0.9187,-2.625347000000001,0.7134879999999986,87.51647266666667,3.4552027275300787,-1.7333679619912572,-42.44761232400021,0.9313407271240746
78417.0,-0.0206,0.1198,0.9294,-2.289547000000001,0.6218879999999987,97.62337266666667,3.5012801706638577,-1.7620818485828282,-41.86187208800021,0.937315720555246
78429.0,-0.1013,0.0955,0.9031,-1.0833470000000012,-0.9201120000000014,104.61577266666667,3.55862469162079,-1.7887941776853022,-41.23417745200021,0.9137677768448612
78441.0,-0.2394,0.0398,0.9142,0,-2.439112000000001,107.44777266666667,3.618738516314564,-1.7978612331289925,-40.58949081600021,0.9458636476786704
78453.0,-0.3303,-0.0145,0.96,0,-4.881912000000002,104.28747266666667,3.6622712282129366,-1.792724393817061,-39.963765980000204,1.0153365648887072
78465.0,-0.2916,-0.047,0.9011,-0.984147000000001,-7.095612000000001,97.69207266666666,3.6761479214950077,-1.7800400657688307,-39.377613544000205,0.9482725188467712
78477.0,-0.3213,-0.05,0.9526,1.6265529999999988,-11.217812,87.95927266666666,3.7039761145166317,-1.7825703572679978,-38.8498579080002,1.0065686514093315
78489.0,-0.4381,-0.1039,0.9244,5.008252999999999,-17.278812000000002,71.98977266666667,3.7497531142336893,-1.8118147331095908,-38.417919272000205,1.0282228260450164
78501.0,-0.502,-0.1428,0.9941,7.832652999999999,-25.210112000000002,48.23407266666667,3.803676399403311,-1.8876831314429101,-38.12851483600021,1.1227780947275379
78513.0,-0.4629,-0.1071,0.9022,9.015853,-28.996412000000003,22.40967266666667,3.853680573934352,-1.9686734974055065,-37.99405680000021,1.019662522602454
78525.0,-0.4087,-0.1202,0.83,8.939553,-22.103312000000003,-2.674327333333334,3.885226634150895,-1.9375952334012267,-38.01010276400021,0.9329435835033113
78537.0,-0.3208,-0.1318,0.9047,4.359352999999999,-10.721612,-26.39952733333333,3.845883710630803,-1.7591681686207428,-38.16849992800021,0.9688993600988701
78549.0,-0.2264,-0.1499,0.8712,-0.5566470000000012,-2.210112000000001,-47.75072733333333,3.7324349702754867,-1.4817576165422832,-38.45500429200021,0.9125329637881582
78561.0,-0.1122,-0.1219,0.7948,-2.083347000000001,8.835688,-67.14762733333333,3.5907848861239335,-1.089327477725723,-38.85789005600021,0.811883914115805
78573.0,0.0686,-0.0811,0.9109,-6.121547000000001,22.194387999999996,-82.49872733333333,3.3984293668367807,-0.581438317287778,-39.352882420000206,0.9170725053124208
78585.0,0.2122,-0.0386,0.8969,-9.945947,30.156287999999996,-91.49872733333333,3.164604379349839,-0.03825666471421493,-39.901874784000206,0.9224686498738046
78597.0,0.3132,0.0052,0.9532,-5.892547000000001,28.476888,-94.45292733333334,2.988630088497398,0.41691758911223575,-40.46859234800021,1.0033501482533405
78609.0,0.4166,0.0588,1.125,-3.236047000000001,13.064687999999999,-88.75072733333333,2.8597530974618794,0.6161428221254903,-41.001096712000205,1.2010986637241756
78621.0,0.34,0.052,0.9752,2.275352999999999,-6.920112000000001,-80.74302733333333,2.807868921741953,0.528982906665995,-41.48555487600021,1.0340788364530047
78633.0,0.3357,0.0198,0.9672,8.366952999999999,-23.675812000000004,-75.04072733333334,2.8333061565687228,0.20475852155387858,-41.93579924000021,1.023993344704935
78645.0,0.271,-0.0256,0.8816,6.504352999999999,-24.439112,-74.68962733333333,2.834792812618559,-0.15193062110684888,-42.38393700400021,0.9226672856452645
78657.0,0.3065,0.0713,0.8269,3.710452999999999,-13.271212,-76.88812733333333,2.8139196372936013,-0.40228920404653806,-42.84526576800021,0.8847539488467966
78669.0,0.3057,0.1354,0.8162,-0.6330470000000012,1.9348879999999986,-75.01782733333333,2.7600515914551944,-0.498281299997143,-43.29537273200021,0.8820249939769281
78681.0,0.2878,0.1467,0.8859,-3.197947000000001,13.461587999999999,-72.58272733333334,2.6944743155834425,-0.48036479187299685,-43.73086909600021,0.9429573373170178
78693.0,0.3743,0.2186,1.0544,-3.007047000000001,8.805087999999998,-63.895727333333326,2.656057937970375,-0.5461875514620157,-44.11424346000021,1.140020091928208
78705.0,0.6132,0.245,0.9015,0,-1.8132120000000014,-48.712527333333334,2.678169538043218,-0.7923419361317583,-44.40651862400021,1.1174710242328434
78717.0,0.7928,0.2673,0.8427,1.5654529999999989,3.3088879999999987,-28.38422733333333,2.742458352691101,-1.0465016304074763,-44.576823988000214,1.187486597819108
78729.0,0.8193,0.3346,0.9647,0.7944529999999989,10.110487999999998,0,2.823755483330554,-1.2786838813131771,-44.576823988000214,1.3091431319760265
78741.0,0.792,0.3221,0.7793,-2.0070470000000014,10.881488,34.99737266666667,2.894941780094378,-1.5563857226623734,-44.36683975200022,1.156858202201117
78753.0,0.6439,0.319,0.9196,-2.762747000000001,21.927287999999997,67.42487266666667,2.9756298656167086,-1.72901552078253,-43.962290516000216,1.167061425118661
78765.0,0.4266,0.3256,1.1011,-8.396347,21.133387999999997,98.55467266666666,3.0049469507287343,-1.9030516585910564,-43.370962480000216,1.2249180095010441
78777.0,0.2356,0.339,1.045,-14.877247,15.209688,127.78367266666666,2.975605163674961,-2.1218242869930757,-42.60426044400022,1.123589497992928
78789.0,-0.0215,0.3027,0.9745,-8.991747000000002,1.5150879999999987,154.10427266666665,3.0314253505114257,-2.453462690089984,-41.679634808000216,1.0206565485019925
78801.0,-0.2542,0.261,0.7247,-1.1444470000000013,1.2096879999999985,172.21117266666664,3.1946898615869594,-2.724416225443009,-40.64636777200022,0.8111280601729914
78813.0,-0.5739,0.3136,0.8636,-3.0986470000000015,-5.095612000000001,176.70737266666666,3.3513062942246736,-2.9659995180889873,-39.586123536000215,1.0832871872222989
78825.0,-0.8602,0.2203,0.9683,-1.701747000000001,-1.6376120000000012,168.22637266666666,3.5248583281375176,-3.032677764145104,-38.57676530000022,1.3138040264818798
78837.0,-0.9926,0.0555,0.8983,1.2372529999999988,0,146.47837266666664,3.7122898365494037,-2.9445446916275806,-37.69789506400022,1.3398798080424976
78849.0,-1.1433,-0.106,0.9889,4.252452999999999,-16.248312000000002,118.86767266666666,3.89132395325923,-2.9115756511689783,-36.98468902800022,1.515352797205984
78861.0,-0.9102,-0.0756,0.9498,8.916653,-26.790312000000004,92.63867266666666,4.0895845497794046,-2.910999559588701,-36.42885699200022,1.317687155587395
78873.0,-0.8573,-0.0568,1.0303,8.519652999999998,-33.599512,68.96687266666667,4.251636462735151,-2.9193517583465565,-36.01505575600022,1.341531818482141
78885.0,-1.0127,-0.1614,0.9579,2.458552999999999,-33.004011999999996,37.15767266666667,4.303432997149273,-2.840379946440167,-35.79210972000022,1.4032760455448527
78897.0,-1.0226,-0.2866,0.8477,2.573052999999999,-22.401012,-8.361327333333334,4.311119655174154,-2.563790117452866,-35.84227768400022,1.3588398029201234
78909.0,-0.9026,-0.317,0.7748,0,-8.378112000000002,-56.60562733333333,4.246315668321136,-2.071254193184547,-36.18191144800022,1.231052720235815
78921.0,-0.7225,-0.283,0.8871,-0.953647000000001,3.2096879999999985,-103.69722733333333,4.137966702037528,-1.4256055442116158,-36.80409481200022,1.1785761154885162
78933.0,-0.4149,-0.1696,0.7925,1.4051529999999988,5.759287999999998,-145.81942733333335,4.041576072907738,-0.7640954729266441,-37.679011376000226,0.9104737338331074
78945.0,-0.0353,-0.024,0.9768,-2.701747000000001,17.285988,-176.91102733333335,3.8987399126293054,-0.02932054241416182,-38.74047754000023,0.9777322383965867
78957.0,0.2614,0.0071,0.7974,-8.816247,29.476888,-201.31552733333334,3.6896302433179713,0.7652271123794328,-39.948370704000226,0.8391824175946491
78969.0,0.6344,0.1173,0.8984,-9.854347,45.995988000000004,-219.65142733333334,3.488714415529518,1.624289466156898,-41.266279268000225,1.1060493705074832
78981.0,1.1394,0.3794,0.9159,20.160853,9.118087999999998,-214.92622733333334,3.6934887132990473,1.8608676532287889,-42.55583663200022,1.5103143811802893
78993.0,1.4585,0.3379,0.7336,25.252453,23.637188,-193.56742733333334,3.995011783586594,2.0615433156195735,-43.717241196000224,1.6672035328657384
79005.0,1.5031,0.465,1.0204,17.832653,38.973088000000004,-147.62092733333336,4.250951423365836,2.2537892208202432,-44.60296676000022,1.875300181304316
79017.0,1.3403,0.6146,1.1796,9.267752999999999,25.774587999999998,-88.71252733333333,4.453397386898066,2.1585808847163306,-45.13524192400022,1.8882778953321462
79029.0,1.2262,0.5382,1.2687,-9.930747000000002,3.1180879999999984,-31.460627333333335,4.456736388284973,1.7119336660621076,-45.32400568800022,1.8446748683711174
79041.0,1.0266,0.3524,0.9575,-21.663547,-10.591812000000001,20.56227266666667,4.3339750160119666,1.0488260246325118,-45.20063205200022,1.4473767892293976
79053.0,0.6792,0.2445,0.9695,-23.633047,-14.477312,67.95927266666666,4.19217634481485,0.3317208348255136,-44.792876416000226,1.208727901556012
79065.0,0.3129,0.2004,0.8883,-17.831447,-17.118512000000003,106.47837266666667,4.123126456807622,-0.38985520923840905,-44.15400618000022,0.9628828900754234
79077.0,-0.0682,0.2225,0.7754,-17.014647,-17.339912,135.56227266666664,4.074584402967137,-1.0548909632474892,-43.34063254400022,0.8095694225945048
79089.0,-0.5825,0.135,1.3387,0,5.369987999999998,152.01267266666665,4.218178690298609,-1.3197326574859871,-42.42855650800022,1.4661681145080192
79101.0,-0.7274,0.1243,0.8187,0,3.4004879999999984,147.95927266666666,4.359275357912742,-1.4925147263840826,-41.54080087200022,1.1021936944112862
79113.0,-0.9663,0.0675,0.7919,-1.8314470000000012,-2.179612000000001,132.83707266666664,4.469017364902416,-1.5928749904663757,-40.74377843600022,1.251158483166701
79125.0,-1.0214,-0.0175,0.9027,-1.449847000000001,-4.484912000000001,110.50127266666667,4.559154109809791,-1.5838793871243013,-40.08077080000022,1.3632430084177949
79137.0,-0.8876,-0.0667,1.0541,1.435652999999999,-8.576612,97.18057266666666,4.651061265132541,-1.52006365742804,-39.497687364000214,1.3796410620157693
79149.0,-0.6805,-0.0176,0.9495,6.855552999999999,-28.309412000000002,89.85237266666667,4.785136036038904,-1.6223323591435015,-38.95857312800021,1.168306577915232
79161.0,-0.8981,-0.2299,0.9695,11.893752999999998,-34.843712,68.06607266666667,4.932429041696997,-1.7158023415655932,-38.550176692000214,1.3414051848714468
79173.0,-0.9568,-0.2511,0.9476,9.092153,-37.317012,33.447772666666665,5.003166354959304,-1.75688663906219,-38.349490056000214,1.3698405783155936
79185.0,-0.9944,-0.311,0.7646,-1.0375470000000013,-25.095612000000003,-3.895727333333334,4.911470103831451,-1.5730333880948575,-38.37286442000021,1.2923488383559603
79197.0,-0.741,-0.2079,0.6737,2.4433529999999988,-3.8361120000000013,-51.72012733333333,4.836796951286115,-1.0932772389225986,-38.68318518400021,1.022827013722262
79209.0,-0.5192,-0.1187,0.9249,-0.701747000000001,15.194387999999998,-88.14762733333333,4.713631519707687,-0.389530594671991,-39.21207094800021,1.0672855006979154
79221.0,-0.2545,-0.0339,0.9939,-5.648247000000001,17.034087999999997,-120.01782733333333,4.5327193863734525,0.2998531224767068,-39.93217791200021,1.0265265072076806
79233.0,0.0925,0.0746,0.8728,-6.007047000000001,28.209687999999996,-144.03312733333334,4.361502143097724,1.055425948864799,-40.796376676000214,0.8808525699570843
79245.0,0.4189,0.1876,1.1538,2.313552999999999,9.377588,-162.23922733333336,4.314497904729633,1.4791531527895656,-41.76981204000022,1.241742892067436
79257.0,0.7815,0.2499,0.771,11.000552999999998,-6.805612000000002,-168.05602733333333,4.400353885201879,1.585201434013936,-42.77814820400022,1.1258922062080365
79269.0,1.0481,0.2305,0.7333,11.985352999999998,18.224987999999996,-163.12472733333334,4.522410098275028,1.835046468254045,-43.756896568000215,1.2997587276106286
79281.0,1.2604,0.2825,0.9187,18.512052999999998,25.751687999999998,-139.72012733333335,4.747163998623385,2.002012667118006,-44.59521733200022,1.5850628063266137
79293.0,1.1545,0.2593,1.0208,16.450953,22.469288,-106.21632733333334,4.962510358930709,1.996444413966881,-45.232515296000216,1.5627345839905127
79305.0,1.1271,0.6241,1.2104,3.168552999999999,-1.4086120000000015,-57.758327333333334,5.071816004497108,1.6096355498601693,-45.57906526000021,1.7677452814249002
79317.0,1.0575,0.4855,1.1066,-16.175047000000003,-18.645312000000004,-7.796527333333334,4.981582443010355,0.9496451641742807,-45.62584442400021,1.6057957715724624
79329.0,0.8352,0.3668,0.9767,-26.136847,-29.736912000000004,36.10427266666667,4.792002705071183,0.12392750217631676,-45.40921878800021,1.33642963525956
79341.0,0.4065,0.2367,0.65,-28.144447,-23.278812000000002,70.57757266666667,4.592512571382089,-0.6231129429547014,-44.98575335200021,0.8023522543122815
79353.0,-0.1638,0.1406,1.3057,-4.701747000000001,30.072287999999997,97.21117266666667,4.662914865151939,-0.6529902269485168,-44.40248631600021,1.3234240779130475
79365.0,-0.3662,0.101,0.9501,-6.167347000000001,18.606688,101.08897266666666,4.709043967136492,-0.7411251006217359,-43.79595248000021,1.0232269787295485
79377.0,-0.6699,0.0007,1.1724,-3.686447000000001,16.667688,97.88287266666667,4.763036687194699,-0.7397554664229624,-43.20865524400021,1.3502919165869283
79389.0,-0.7584,-0.0616,0.713,0,3.285987999999999,86.46307266666666,4.840370849998268,-0.7915799606993178,-42.689876808000214,1.042753144325156
79401.0,-0.9532,-0.3015,0.8538,0,-4.011712000000001,56.21117266666667,4.865628869213807,-0.8039317433448252,-42.352609772000214,1.3147117288592203
79413.0,-0.6488,-0.1649,1.0077,2.145652999999999,-7.546012000000001,27.56227266666667,4.882895198730929,-0.7819792179532957,-42.187236136000216,1.2097903702708168
79425.0,-0.2899,0.1427,0.9304,7.229552999999999,-19.370412,30.45547266666667,4.9677079812453275,-0.8741364875894239,-42.004503300000216,0.9849108893702009
79437.0,-0.5148,-0.0844,0.926,4.9013529999999985,-13.912412000000002,27.54707266666667,5.003487994017522,-0.8507153611419322,-41.83922086400022,1.0628350765758534
79449.0,-0.6522,-0.2449,0.8092,0,-2.3323120000000013,1.646272666666666,4.944245165739471,-0.6284955643566786,-41.82934322800022,1.0677759549643362
79461.0,-0.5481,-0.201,0.8138,-3.1139470000000014,12.095187999999998,-29.063627333333333,4.821449099679537,-0.196147141490765,-42.00372499200022,1.0015413371399104
79473.0,-0.3485,-0.136,0.9658,-7.999447000000002,22.018887999999997,-55.292627333333336,4.626042162451474,0.35701263484642776,-42.33548075600022,1.0357209518012078
79485.0,-0.1089,-0.0443,0.9976,-3.961247000000001,9.614287999999998,-79.56742733333333,4.477263067329178,0.736006941432722,-42.81288532000022,1.0045035888437632
79497.0,0.3511,0.1421,0.9613,5.4051529999999985,-3.5536120000000015,-91.02552733333333,4.459581812824407,0.8841946820182411,-43.35903848400022,1.0332285855511354
79509.0,0.6029,0.1964,0.9047,1.8173529999999989,-2.4926120000000016,-86.51402733333333,4.4233083068460495,0.9497522394575572,-43.87812264800022,1.1047820871103948
79521.0,0.6823,0.2311,0.9625,-1.9383470000000012,3.2401879999999985,-72.31552733333334,4.368704716084213,0.9867436399577075,-44.31201581200022,1.202225748351781
79533.0,0.5349,0.053,0.843,0,2.0798879999999986,-62.44532733333333,4.339330310647601,0.9416831364972036,-44.68668777600022,0.999787982524295
79545.0,0.3989,0.1179,0.9653,-0.7933470000000011,1.2249879999999986,-62.81172733333333,4.309505632805209,0.8437340331448518,-45.06355814000022,1.0511068975132833
79557.0,0.5217,0.2228,0.9292,0,0.8585879999999986,-48.567427333333335,4.309785998604706,0.6892048715090264,-45.354962704000215,1.0886796452584204
79569.0,0.4662,0.1934,0.9053,0,1.2554879999999986,-18.67432733333333,4.324630176817128,0.5003214472161371,-45.46700866800021,1.0364912397121357
79581.0,0.2158,0.1079,0.8983,0,0,8.043172666666667,4.342372674838262,0.2925614071524876,-45.418749632000214,0.9301370544172509
79593.0,-0.0806,0.0385,0.906,0,0,23.974472666666667,4.3546562748011635,0.1177966238965856,-45.27490279600021,0.9103925581857532
79605.0,-0.3361,-0.014,0.913,0,0,26.29517266666667,4.355757727462469,0.00422894575657079,-45.11713176000021,0.9729995940389699
79617.0,-0.5269,-0.0851,0.9133,0,0,17.35617266666667,4.337933297010899,-0.030839566038858908,-45.012994724000215,1.0578196963566144
79629.0,-0.114,-0.0215,0.9285,0,-3.3017120000000015,0.5088726666666661,4.310862950348827,-0.0863578381315808,-45.009941488000216,0.9357192420806575
79641.0,0.004,0.0297,0.9325,0.5196529999999988,0,0,4.288104167515971,-0.10068630355397051,-45.009941488000216,0.932981425324213
79653.0,-0.0059,0.0175,0.9333,0.6646529999999988,0,-1.544527333333334,4.263889808037905,-0.11237592493663887,-45.019208652000216,0.9334826993576261
79665.0,0.0181,0.0333,0.924,0,0,-3.0865273333333336,4.231098392207351,-0.12470563948873863,-45.03772781600021,0.9247770001465219
79677.0,-0.0099,0.0189,0.9261,0,0,-3.949127333333334,4.196050935015416,-0.13410163979915377,-45.06142258000021,0.9263457399912842
79689.0,0.0112,0.0333,0.9111,0,0,-5.117127333333334,4.1609432749887,-0.14352643219109346,-45.09212534400021,0.9117771328564892
79701.0,0.0352,0.046,0.9132,0,0,-4.338427333333334,4.127413517318287,-0.1559374486903736,-45.11815590800021,0.915035125008871
79713.0,0.0328,0.0455,0.9159,0,0,-3.1247273333333334,4.095267106056573,-0.17065947105401053,-45.13690427200021,0.9176158782409991
79725.0,0.0216,0.042,0.9198,0,0,-2.3461273333333335,4.063950722024733,-0.18599206891560344,-45.15098103600021,0.9210117263097142
79737.0,0.0243,0.0359,0.916,0,0,-1.727827333333334,4.0326922021143545,-0.20217677284791544,-45.16134800000021,0.9170252450178239
79749.0,0.0149,0.0358,0.9225,0,0,-2.170527333333334,4.001500214255923,-0.21789779550822888,-45.17437116400021,0.9233146267659794
79761.0,0.0211,0.0441,0.9205,0,0,-1.7201273333333338,3.9714701597744506,-0.23395394289720944,-45.18469192800021,0.9217973041835174
79773.0,0.0209,0.0386,0.9167,0,0,-0.7125273333333337,3.941862573299547,-0.25025738296670996,-45.18896709200021,0.9177503255243225
79785.0,0.0153,0.0338,0.9171,0,0,0,3.9120885195780173,-0.2660486866393779,-45.18896709200021,0.9178501729585282
79797.0,0.0172,0.0376,0.9181,0,0,0,3.8826936368203535,-0.2815909305855157,-45.18896709200021,0.9190305816456817
79809.0,0.0132,0.0382,0.9253,0,0,0,3.853728817020734,-0.2963682899161324,-45.18896709200021,0.9261822552824039
79821.0,0.0488,0.0433,0.9526,-0.6406470000000011,-2.889512000000001,0,3.8181519139841504,-0.3487782097321904,-45.18896709200021,0.9548314458583776
79833.0,0.0143,0.0369,0.9282,1.5272529999999989,0.6218879999999987,0,3.808429077951144,-0.3581726164670062,-45.18896709200021,0.9290432390368061
79845.0,0.0212,0.0371,0.9221,0,0,0,3.78067958187396,-0.3749577901889631,-45.18896709200021,0.9230895189525229
79857.0,0.0226,0.0317,0.8964,0,0,0,3.752714065696796,-0.39188761890435253,-45.18896709200021,0.8972450111312963
79869.0,0.0172,0.0381,0.9255,0,0,0,3.725256766051308,-0.40816403811274476,-45.18896709200021,0.926443576263552
79881.0,0.0139,0.0354,0.9109,0,0,0,3.6980428613069867,-0.42345901832779786,-45.18896709200021,0.9116935779087182
79893.0,0.012,0.0358,0.9246,0,0,0,3.671077459447653,-0.437586133701108,-45.18896709200021,0.9253706284511087
79905.0,0.0177,0.0338,0.9143,0,0,0,3.6441884448631945,-0.4513894570669529,-45.18896709200021,0.9150957436246767
79917.0,0.0173,0.0325,0.9192,0,0,0,3.6172339151339545,-0.4648177570724486,-45.18896709200021,0.9199370521943336
79929.0,0.0175,0.0348,0.9158,0,0,0,3.5905781494333,-0.47792158434274135,-45.18896709200021,0.9166280216096385
79941.0,0.0164,0.037,0.9158,0,0,0,3.5645128421132806,-0.490575916752381,-45.18896709200021,0.9166938420214242
79953.0,0.0165,0.0342,0.9207,0,0,0,3.538647774995197,-0.5028090609198818,-45.18896709200021,0.9214827073797967
79965.0,0.022,0.0334,0.9159,0,0,0,3.512934571077144,-0.515343173244887,-45.18896709200021,0.916772801734432
79977.0,0.0181,0.0325,0.9186,0,0,0,3.4872817166982513,-0.5276251828689064,-45.18896709200021,0.9193529354932196
79989.0,0.0162,0.0332,0.9211,0,0,0,3.4618086269248014,-0.5394173809575259,-45.18896709200021,0.9218404905405273
80001.0,0.0118,0.035,0.921,0,0,0,3.436769992756753,-0.5502061362154436,-45.18896709200021,0.92174033219774
80013.0,0.0142,0.0354,0.9187,0,0,0,3.4122252187570314,-0.5603927678702586,-45.18896709200021,0.9194914300851313
80025.0,0.0128,0.0328,0.9167,0,0,0,3.3878512080505137,-0.5698579391399605,-45.18896709200021,0.9173759153149814
80037.0,0.0192,0.0291,0.9186,0,0,0,3.363206244382653,-0.5794611299165611,-45.18896709200021,0.9192613393371876
80049.0,0.0168,0.0364,0.9197,0,0,0,3.3392753254540386,-0.5888652088005846,-45.18896709200021,0.9205733485171076
80061.0,0.0176,0.0338,0.9176,0,0,0,3.315708202083374,-0.5981793815329753,-45.18896709200021,0.9183909624990872
80073.0,0.0179,0.031,0.9171,0,0,0,3.2921626953330594,-0.6074342121127547,-45.18896709200021,0.9177983547599113
80085.0,0.0164,0.0338,0.9221,0,0,0,3.269008843405833,-0.6164196844949843,-45.18896709200021,0.9228650009616791
80097.0,0.0172,0.0364,0.9208,0,0,0,3.2465763296924144,-0.6252523299051744,-45.18896709200021,0.9216796840551493
80109.0,0.0167,0.0328,0.9175,0,0,0,3.224392211480414,-0.6338777954249661,-45.18896709200021,0.918237975690398
80121.0,0.0184,0.0344,0.9131,0,0,0,3.2026910003496125,-0.6425253916491918,-45.18896709200021,0.9139330008266471
80133.0,0.0173,0.0374,0.9165,0,0,0,3.181817186465768,-0.6510302530918535,-45.18896709200021,0.9174259098150651
80145.0,0.0155,0.0336,0.9176,0,0,0,3.1612365055248066,-0.6591651080663614,-45.18896709200021,0.9183457791050166
80157.0,0.0171,0.0339,0.9147,0,0,0,3.1410063173687606,-0.6671636284341439,-45.18896709200021,0.9154876897042362
80169.0,0.0177,0.0342,0.9136,0,0,0,3.1211681850436546,-0.6751033793392671,-45.18896709200021,0.9144112258715987
80181.0,0.0203,0.0331,0.9183,0,0,0,3.101556137834026,-0.6832891509996926,-45.18896709200021,0.9191205524848196
80193.0,0.0171,0.0342,0.9197,0,0,0,3.082313660740868,-0.6912726996135159,-45.18896709200021,0.9204945084029562
80205.0,0.0179,0.0344,0.9159,0,0,0,3.063478195179983,-0.6991707584866,-45.18896709200021,0.9167205572037752
80217.0,0.0178,0.035,0.9126,0,0,0,3.0451296472283946,-0.7069729930442639,-45.18896709200021,0.9134443606482006
80229.0,0.0164,0.0337,0.9174,0,0,0,3.027062818761375,-0.7144888685127065,-45.18896709200021,0.9181652411194839
80241.0,0.0151,0.0348,0.9191,0,0,0,3.009410002444328,-0.7215708184539372,-45.18896709200021,0.9198825251085053
80253.0,0.014,0.0334,0.91,0,0,0,2.9920255411141428,-0.7281394684218743,-45.18896709200021,0.9107203522487021
80265.0,0.0148,0.0337,0.9161,0,0,0,2.9749213982059066,-0.7343279790835395,-45.18896709200021,0.9168391025692567
80277.0,0.0159,0.0325,0.9185,0,0,0,2.957937675408267,-0.7403008902746534,-45.18896709200021,0.9192123312923951
80289.0,0.0193,0.0358,0.9176,0,0,0,2.9415099008918704,-0.7464985738123816,-45.18896709200021,0.9185008927595008
80301.0,0.0146,0.0332,0.9193,0,0,0,2.9252733619035673,-0.7522910087710066,-45.18896709200021,0.9200151574838319
80313.0,0.0149,0.0364,0.9165,0,0,0,2.9096502153986616,-0.7577582837576129,-45.18896709200021,0.9173435670456299
80325.0,0.0154,0.0331,0.9191,0,0,0,2.8941754571446157,-0.7629844974327926,-45.18896709200021,0.919824755048482
80337.0,0.0148,0.0342,0.9159,0,0,0,2.879014709439941,-0.7679198144777264,-45.18896709200021,0.9166577823811894
80349.0,0.0146,0.0353,0.9187,0,0,0,2.8642854410943093,-0.7725575527402094,-45.18896709200021,0.9194938498978663
80361.0,0.0164,0.0326,0.9156,0,0,0,2.8496436653630903,-0.7771551542515217,-45.18896709200021,0.9163269503839773
80373.0,0.0168,0.0366,0.9177,0,0,0,2.8355975401980245,-0.7817535377907584,-45.18896709200021,0.9185831971030168
80385.0,0.0176,0.0317,0.9233,0,0,0,2.821467561558146,-0.7864309221023861,-45.18896709200021,0.9240116557706402
80397.0,0.0177,0.0345,0.9156,0,0,0,2.807676859268015,-0.791198089974652,-45.18896709200021,0.9164207003336404
80409.0,0.0172,0.0338,0.9171,0,0,0,2.7941187808563024,-0.7959691807076669,-45.18896709200021,0.9178838107298767
80421.0,0.015,0.0345,0.9121,0,0,0,2.7809036921830095,-0.8004706295293708,-45.18896709200021,0.9128754898670465
80433.0,0.0171,0.032,0.9143,0,0,0,2.767695172766029,-0.804982641342394,-45.18896709200021,0.9150196172760451
80445.0,0.0179,0.036,0.9266,0,0,0,2.7549609231247785,-0.8095672383680647,-45.18896709200021,0.9274718162833844
80457.0,0.0167,0.0348,0.9132,0,0,0,2.7425829337832046,-0.8140869415603784,-45.18896709200021,0.9140154101545553
80469.0,0.0186,0.0337,0.9209,0,0,0,2.730370808243445,-0.818760192094032,-45.18896709200021,0.9217041065331109
80481.0,0.0144,0.0332,0.9185,0,0,0,2.718278587964008,-0.8230406161364467,-45.18896709200021,0.9192126250220892
80493.0,0.0172,0.0333,0.9174,0,0,0,2.706333637943622,-0.8273180302314216,-45.18896709200021,0.9181652846846259
80505.0,0.0178,0.0343,0.9141,0,0,0,2.69468235560987,-0.831666652983891,-45.18896709200021,0.9149164661322912
80517.0,0.0145,0.0348,0.9185,0,0,0,2.683355690796716,-0.8356473487036853,-45.18896709200021,0.9192733760965777
80529.0,0.0176,0.033,0.9181,0,0,0,2.672115101363296,-0.8396835737075988,-45.18896709200021,0.9188614531037854
80541.0,0.0164,0.0347,0.9169,0,0,0,2.661190566742499,-0.8436135788462369,-45.18896709200021,0.9177029257880788
80553.0,0.0182,0.0348,0.9214,0,0,0,2.6505581053776304,-0.8476565450259913,-45.18896709200021,0.9222365423252323
80565.0,0.0193,0.035,0.9171,0,0,0,2.6402492615284103,-0.851938092021846,-45.18896709200021,0.9179705332961402
80577.0,0.0184,0.033,0.9161,0,0,0,2.630001837706721,-0.856311534532913,-45.18896709200021,0.9168788196921118
80589.0,0.0153,0.0354,0.9197,0,0,0,2.620111867465798,-0.8603619627295004,-45.18896709200021,0.9205081965957718
80601.0,0.0173,0.0358,0.9174,0,0,0,2.6106173075329266,-0.8643743701890271,-45.18896709200021,0.9182612318942797
80613.0,0.0179,0.0353,0.9214,0,0,0,2.601409395381053,-0.8684108225609799,-45.18896709200021,0.9222496733531544
80625.0,0.0184,0.0344,0.9177,0,0,0,2.5923777995651327,-0.8725313544920438,-45.18896709200021,0.9185288291610666
80637.0,0.0167,0.0355,0.9185,0,0,0,2.583653258751022,-0.87650382811297,-45.18896709200021,0.919337473401362
80649.0,0.0176,0.0359,0.9205,0,0,0,2.5752573274281665,-0.8804453838946985,-45.18896709200021,0.9213679069731049
80661.0,0.0164,0.0344,0.9183,0,0,0,2.5669915763726947,-0.8842072361041587,-45.18896709200021,0.9190904253662966
80673.0,0.0176,0.0347,0.9164,0,0,0,2.5589033808022528,-0.8879571818448186,-45.18896709200021,0.9172256047450922
80685.0,0.0182,0.0345,0.9169,0,0,0,2.550960639038286,-0.8917628461350251,-45.18896709200021,0.9177293173915717
80697.0,0.0167,0.0345,0.9183,0,0,0,2.5431556192523868,-0.8954196051480801,-45.18896709200021,0.9190995756717549
80709.0,0.015,0.0323,0.9161,0,0,0,2.53522394386175,-0.8987306897679782,-45.18896709200021,0.9167919611340405
80721.0,0.0183,0.0342,0.9197,0,0,0,2.5274161005007105,-0.9021337110112502,-45.18896709200021,0.9205175826674903
80733.0,0.014,0.032,0.9167,0,0,0,2.5194732495569125,-0.9050813675894166,-45.18896709200021,0.9173651890059923
80745.0,0.0133,0.0332,0.9163,0,0,0,2.5115786277840333,-0.9075349207421097,-45.18896709200021,0.9169977208259571
80757.0,0.0162,0.0345,0.9174,0,0,0,2.503899056782657,-0.9099072123088958,-45.18896709200021,0.9181914016151534
80769.0,0.0164,0.0354,0.9235,0,0,0,2.4965083766471077,-0.9122144231560492,-45.18896709200021,0.9243237365771799
80781.0,0.017,0.0336,0.9194,0,0,0,2.4891819280827336,-0.9145436217613003,-45.18896709200021,0.9201708102303615
80793.0,0.0148,0.0343,0.9165,0,0,0,2.4820276230910743,-0.9166195886766688,-45.18896709200021,0.9172610206478852
80805.0,0.0188,0.0342,0.917,0,0,0,2.47502435227742,-0.9189659799935845,-45.18896709200021,0.9178300932089773
80817.0,0.0149,0.0365,0.9171,0,0,0,2.4684548213276516,-0.9210593617664685,-45.18896709200021,0.9179469864866926
80829.0,0.0179,0.032,0.9148,0,0,0,2.461730555424181,-0.9233049419123247,-45.18896709200021,0.9155345160069062
80841.0,0.0162,0.0331,0.915,0,0,0,2.4550194945020563,-0.9254676559909617,-45.18896709200021,0.9157418031301182
80853.0,0.0159,0.0332,0.9149,0,0,0,2.4483464028951625,-0.9275156917307084,-45.18896709200021,0.9156402459481563
80865.0,0.015,0.0345,0.9146,0,0,0,2.4418837801370135,-0.9293466783878916,-45.18896709200021,0.9153733719089713
80877.0,0.0139,0.0322,0.92,0,0,0,2.435307894912337,-0.9308331916590994,-45.18896709200021,0.9206682627309362
80889.0,0.0172,0.0354,0.918,0,0,0,2.4290534399898527,-0.932429520884761,-45.18896709200021,0.9188432945829229
80901.0,0.0154,0.0349,0.9149,0,0,0,2.4230471199026398,-0.9339015161128593,-45.18896709200021,0.9156949164432443
80913.0,0.0168,0.0353,0.9182,0,0,0,2.417306166955326,-0.935428518715162,-45.18896709200021,0.9190318656064108
80925.0,0.0164,0.0323,0.9188,0,0,0,2.411433772054406,-0.9369496874209924,-45.18896709200021,0.9195138335011606
80937.0,0.02,0.0378,0.9165,0,0,0,2.406153601095713,-0.9389173421557203,-45.18896709200021,0.9174971880065901
80949.0,0.015,0.0333,0.9159,0,0,0,2.4008482612016437,-0.9406517770233009,-45.18896709200021,0.9166278961497953
80961.0,0.0162,0.0338,0.9187,0,0,0,2.395580546587086,-0.9423206508898386,-45.18896709200021,0.9194642842438199
80973.0,0.0182,0.0352,0.9187,0,0,0,2.390531003954518,-0.9441781052002506,-45.18896709200021,0.9195542235235505
80985.0,0.0164,0.0328,0.9149,0,0,0,2.385402494397696,-0.9459819504473201,-45.18896709200021,0.9156346487546221
80997.0,0.0179,0.0344,0.9187,0,0,0,2.380396352523727,-0.9479136545569112,-45.18896709200021,0.9195180585502386
81009.0,0.0182,0.0327,0.9149,0,0,0,2.3753137069620527,-0.9500003916123922,-45.18896709200021,0.9156650806927171
81021.0,0.0167,0.0337,0.9171,0,0,0,2.3702884068682963,-0.952027325345378,-45.18896709200021,0.917870900508345
81033.0,0.0179,0.0333,0.9146,0,0,0,2.3652852746113795,-0.9541531200191673,-45.18896709200021,0.9153810463408121
81045.0,0.0197,0.035,0.9189,0,0,0,2.3605037855785405,-0.9565767879043179,-45.18896709200021,0.9197773100049816
81057.0,0.0176,0.0342,0.9138,0,0,0,2.355851323312162,-0.9590079187467798,-45.18896709200021,0.9146091186949756
81069.0,0.0164,0.0363,0.9161,0,0,0,2.351573532749951,-0.961285421322015,-45.18896709200021,0.9169655718727939
81081.0,0.0182,0.0359,0.9218,0,0,0,2.347557984604503,-0.9636343974780087,-45.18896709200021,0.9226783242278968
81093.0,0.0175,0.0337,0.9229,0,0,0,2.343502224733024,-0.9659516319631067,-45.18896709200021,0.9236808702143832
