tempo_ms,ax,ay,az,gx,gy,gz,pitch,roll,yaw,magnitude
2461,0.3953,-0.0066,0.9551,4.533,-21.005,3.6065,-0.8862,-0.0763,0.0108,1.0337
2478,0.3396,0.0308,0.9153,1.2735,-25.0585,3.2096,-1.6438,-0.4052,0.0654,0.9767
2494,0.3025,0.0378,0.8911,-1.3219,-17.9669,4.6829,-2.3477,-0.5677,0.1403,0.9418
2511,0.3267,0.0078,0.9126,-1.2914,-17.3562,4.3852,-3.0627,-0.8086,0.2149,0.9693
2528,0.3499,0.0051,0.8977,-0.9326,-19.6539,1.1485,-3.807,-1.084,0.2344,0.9635
2544,0.3416,0.02,0.8738,-0.1158,-19.6005,0.7439,-4.5103,-1.2892,0.2463,0.9384
2599,0.3364,0.0332,0.908,3.0292,-11.3104,-4.8515,-4.9827,-1.751,-0.0205,0.9689
2616,0.3467,0.0278,0.8872,2.0139,-11.9058,-4.6148,-5.6039,-1.8034,-0.099,0.9529
2633,0.345,0.0164,0.8811,1.7849,-11.2722,-4.7981,-6.2057,-1.8727,-0.1806,0.9464
2650,0.342,0.0178,0.8801,1.4261,-10.9516,-5.1034,-6.7836,-1.9301,-0.2673,0.9444
2666,0.3516,0.0313,0.8838,0.0063,-12.5852,-5.3629,-7.3793,-1.9652,-0.3531,0.9517
2683,0.365,0.043,0.875,-1.3677,-13.8524,-5.2179,-8.0112,-2.0002,-0.4418,0.949
2738,0.3228,0.0076,0.9014,-0.5815,-8.3256,-2.6377,-8.5095,-2.3406,-0.5869,0.9574
2755,0.3335,0.011,0.9094,0.2964,-10.6615,-3.6072,-8.9697,-2.3932,-0.6482,0.9687
2771,0.3291,0.0142,0.8784,0.7239,-13.0279,-2.4851,-9.4213,-2.4607,-0.688,0.9382
2788,0.3203,0.0247,0.8845,2.3651,-12.6921,-1.8439,-9.8018,-2.5055,-0.7193,0.9411
2805,0.321,0.0366,0.8882,3.9987,-12.2875,-3.34,-10.1388,-2.5114,-0.7761,0.9451
2822,0.3254,0.0557,0.8904,2.7391,-11.9363,-3.0118,-10.4902,-2.4626,-0.8273,0.9496
2877,0.335,0.0317,0.8872,0.5483,-5.8371,0.0264,-10.8685,-2.5904,-0.8259,0.9489
2893,0.3406,0.0295,0.8938,-0.467,-4.7913,1.9042,-11.2749,-2.4846,-0.7954,0.9569
2911,0.342,0.0203,0.8997,-1.0013,-6.8295,1.4233,-11.6737,-2.4517,-0.7698,0.9627
2927,0.3416,0.0337,0.8994,-2.3448,-11.1195,0.8126,-12.074,-2.4386,-0.7568,0.9627
2944,0.3403,0.0405,0.8994,-3.5281,-15.5623,-0.2942,-12.4769,-2.4918,-0.7618,0.9625
2961,0.3425,0.041,0.8672,-4.1693,-13.4936,0.5836,-12.9071,-2.504,-0.7519,0.9333
3015,0.3418,0.0229,0.9011,1.4872,-4.0203,0.2706,-13.1443,-2.5539,-0.7372,0.964
3033,0.3403,0.0283,0.9211,1.3345,-8.8142,-1.6377,-13.4063,-2.5336,-0.7667,0.9824
3049,0.3401,0.0232,0.9121,-0.2838,-14.2035,-2.195,-13.6921,-2.5922,-0.8018,0.9737
3066,0.3203,0.0212,0.8816,-0.3983,-16.8524,-2.3782,-13.9494,-2.7083,-0.8423,0.9382
3083,0.3252,0.0476,0.8713,0.3574,-15.0203,-1.653,-14.2031,-2.72,-0.8704,0.9313
3099,0.3242,0.0525,0.8647,1.7849,-10.9898,-1.7141,-14.4283,-2.6411,-0.8978,0.925
3154,0.3093,0.0273,0.8777,2.388,-5.2264,1.5302,-14.5013,-2.74,-0.8136,0.931
3171,0.3123,0.0222,0.8896,1.7849,-7.0585,0.7439,-14.6655,-2.6884,-0.801,0.9431
3188,0.3323,0.021,0.9033,0.1132,-8.8905,0.4081,-14.8847,-2.6727,-0.7941,0.9627
3205,0.3416,0.0342,0.9136,-1.3906,-9.8447,1.2019,-15.1314,-2.6408,-0.7736,0.9759
3221,0.3628,0.031,0.9187,-0.9861,-10.6386,1.0951,-15.4028,-2.6212,-0.7561,0.9882
3238,0.3579,0.0242,0.9197,-0.8487,-11.6081,0.7516,-15.6508,-2.6456,-0.7433,0.9872
3294,0.3345,0.0222,0.9338,1.3345,-16.8066,-2.7675,-15.7411,-3.3888,-0.8983,0.9922
3310,0.3254,0.0369,0.9385,0.1666,-19.0127,-3.3935,-15.8734,-3.4553,-0.9526,0.994
3326,0.3418,0.0452,0.949,-0.6578,-18.8676,-2.6683,-16.04,-3.4979,-0.9953,1.0097
3344,0.354,0.0342,0.9421,-0.5968,-18.2417,-4.7065,-16.232,-3.5901,-1.08,1.007
3360,0.3035,0.0505,0.9814,-5.2609,-16.2798,-9.7141,-16.3499,-3.5786,-1.2354,1.0285
3377,0.26,0.0652,1.0227,-14.4975,-17.4096,-14.4316,-16.502,-3.5737,-1.4808,1.0573
3432,0.4219,0.0039,0.9614,-18.1998,-31.7302,-12.5156,-17.7505,-5.0968,-2.1691,1.0499
3449,0.3628,0.0085,0.9185,-16.0166,-30.8371,-5.05,-18.164,-5.3749,-2.255,0.9876
3466,0.3003,-0.0134,0.8899,-13.8716,-21.7302,2.4081,-18.4096,-5.5491,-2.214,0.9393
3482,0.293,-0.0244,0.8704,-10.8258,-8.86,8.7668,-18.5834,-5.5275,-2.0738,0.9187
3500,0.3093,-0.0383,0.8896,-8.4059,7.1476,14.4081,-18.7516,-5.2816,-1.8144,0.9427
3516,0.3347,-0.0527,0.9272,-5.7647,17.8957,17.1256,-18.8828,-4.9256,-1.5404,0.9872
3571,0.3516,-0.0176,0.9868,-4.612,1.7736,19.6447,-19.1553,-4.6758,-0.46,1.0477
3588,0.3533,-0.0156,0.991,-2.9937,-2.7684,16.3317,-19.2226,-4.5701,-0.1823,1.0522
3605,0.3462,-0.0205,0.9573,-0.2914,-1.0279,10.9806,-19.2536,-4.4531,0.0043,1.0182
3621,0.3435,-0.0166,0.9624,2.7544,-2.2035,5.8126,-19.2268,-4.3484,0.0973,1.022
3638,0.3254,-0.0188,0.9744,4.1971,-11.547,3.3852,-19.1278,-4.4071,0.1549,1.0274
3655,0.3018,-0.0334,0.9919,5.3651,-19.8066,3.0722,-18.9516,-4.6313,0.2071,1.0374
3709,0.3206,-0.0137,0.9404,17.8231,-14.3027,1.4386,-18.0224,-5.2208,0.2848,0.9937
3727,0.28,0.0249,0.927,18.6781,-13.6844,4.8355,-17.6509,-5.1869,0.3718,0.9687
3743,0.3115,0.0132,0.9766,20.1284,-16.234,5.4768,-17.3433,-5.1978,0.4595,1.0251
3760,0.3083,-0.071,0.9749,27.8918,6.2392,-2.5996,-16.8947,-5.0548,0.4153,1.0249
3777,0.2002,0.0125,0.9568,25.8384,10.1553,1.7974,-16.2699,-4.6571,0.4458,0.9776
3793,0.186,0.0811,0.9509,20.2429,8.5904,18.9042,-15.7494,-4.144,0.7483,0.9723
3849,0.2468,0.0601,1.0559,-1.5968,33.9797,21.1332,-15.7308,-2.0213,1.9318,1.086
3865,0.2781,0.0439,1.0271,-7.5968,26.0866,23.034,-15.8236,-1.4417,2.3003,1.065
3881,0.2456,0.0525,1.1807,1.1055,1.8576,21.721,-15.6433,-1.2537,2.6478,1.2071
3899,0.2268,-0.0608,1.0625,-10.8945,-34.3104,17.2859,-15.6871,-1.9274,2.959,1.0881
3915,0.1562,-0.0073,0.9912,-12.551,-34.4936,14.6447,-15.6107,-2.3971,3.1933,1.0035
3933,0.2178,0.0051,0.9749,-16.2151,-34.6234,8.6829,-15.7701,-2.8874,3.3496,0.9989
3987,0.2292,0.0139,0.957,6.4185,-48.1882,-12.1797,-15.3454,-5.2367,2.6919,0.9842
4004,0.3479,-0.4131,0.8848,9.4796,-38.776,-23.8362,-15.3613,-6.6611,2.2867,1.0366
4021,0.3586,0.0566,0.9749,17.2887,-42.4478,-31.4851,-15.2714,-6.9544,1.7514,1.0403
4037,0.2939,0.144,1.0811,21.3651,-54.4249,-32.6072,-14.9357,-7.2086,1.2297,1.1295
4055,0.3184,0.0908,0.9895,20.3498,-83.9745,-31.9355,-14.6972,-8.1616,0.6549,1.0434
4071,0.3667,0.0562,0.9521,19.4261,-100.7531,-40.2408,-14.6521,-9.2477,0.011,1.0219
4126,0.4109,0.0977,0.8977,-5.1235,-78.7913,-39.2026,-15.3152,-12.7896,-2.1451,0.9921
4143,0.396,0.1458,0.8582,-5.8792,-76.1119,-40.3553,-15.7771,-13.1346,-2.8312,0.9563
4160,0.3469,0.1484,0.7524,-2.841,-58.5165,-31.508,-16.1659,-13.1178,-3.3668,0.8418
4176,0.3799,0.0996,0.759,-3.2151,-40.1806,-24.7981,-16.6244,-12.9112,-3.7636,0.8546
4193,0.3372,0.0315,0.7441,-4.9555,-24.6921,-21.569,-17.0145,-12.7008,-4.1302,0.8176
4210,0.3235,-0.0044,0.7639,3.5635,-12.2951,-17.7141,-17.1938,-12.4066,-4.4314,0.8296
4265,0.375,0.1719,0.6899,0.2811,0.4759,24.6676,-17.6035,-11.3257,-3.0747,0.8039
4282,0.5059,0.094,1.0337,11.9223,-6.0585,28.8279,-17.7441,-10.7637,-2.5846,1.1547
4298,0.3604,0.1157,0.8511,11.9071,-27.005,35.3241,-17.7618,-10.4382,-2.0194,0.9314
4316,0.3708,0.071,0.7839,10.0597,-35.005,38.5455,-17.8866,-10.4185,-1.3256,0.8701
4332,0.3657,0.0676,0.7456,1.7391,-29.5089,38.9195,-18.1858,-10.2477,-0.7029,0.8332
4348,0.3762,0.0667,0.7214,-2.696,-32.5623,32.1638,-18.5975,-10.1268,-0.1883,0.8164
4404,0.3901,-0.0559,0.6648,15.4948,-53.0432,9.8584,-18.2333,-12.7656,0.3638,0.7728
4421,0.407,-0.0691,0.6436,23.0139,-50.3638,5.7821,-18.4148,-13.322,0.4621,0.7646
4438,0.5037,0.0237,0.5789,31.8994,-41.944,6.2706,-18.7978,-13.38,0.5687,0.7677
4454,0.4814,0.0789,0.6277,41.1055,-38.9058,6.3699,-18.9054,-13.1559,0.6706,0.795
4471,0.4976,0.0996,0.6553,46.6323,-41.9669,7.8126,-18.8639,-12.9689,0.8034,0.8288
4488,0.4873,0.1042,0.6421,45.7239,-40.3944,6.4462,-18.8367,-12.7405,0.913,0.8128
4543,0.5564,0.1875,0.7305,15.5635,-34.5241,13.5226,-18.7182,-13.4779,1.6568,0.9372
4559,0.5837,0.1458,0.7139,9.7162,-31.3027,15.118,-19.3683,-12.958,1.8987,0.9336
4577,0.6084,0.1677,0.7351,2.0139,-23.944,18.9195,-20.1147,-12.3393,2.2392,0.9688
4593,0.6243,0.1582,0.769,-4.6578,-23.0508,23.0493,-20.9212,-11.7348,2.608,1.0031
4610,0.6089,0.1321,0.7954,-6.0929,-24.6997,26.6981,-21.6662,-11.2914,3.0619,1.0104
4627,0.5769,0.1052,0.7649,-9.8029,-20.4478,28.95,-22.4302,-10.8601,3.554,0.9638
4681,0.5356,0.0569,0.7646,-15.0548,-34.1959,22.2706,-23.7109,-12.0283,4.7566,0.9353
4699,0.5596,0.0842,0.7908,-11.6807,-33.4249,14.8203,-24.3696,-11.8815,5.0234,0.9724
4715,0.5901,0.0979,0.8198,-8.0395,-48.5699,9.3088,-24.9404,-11.8799,5.1723,1.0148
4732,0.5732,0.0623,0.8074,0.8384,-62.4631,2.4462,-25.3409,-12.2477,5.2139,0.9921
4749,0.5564,0.05,0.7905,10.0368,-66.6997,-3.3095,-25.5669,-12.7015,5.1577,0.968
4765,0.5642,0.0747,0.791,12.5712,-66.8142,-6.6225,-25.7663,-13.0038,5.0517,0.9745
4820,0.5935,0.0813,0.7517,-5.0929,-51.0203,-10.7752,-26.5298,-14.9307,4.4591,0.9612
4837,0.6252,0.0645,0.7568,-9.2456,-51.1348,-10.5156,-27.1978,-14.9732,4.2803,0.9838
4854,0.6084,0.0771,0.6965,-16.9784,-44.4249,-10.737,-28.0255,-14.8465,4.0978,0.928
4871,0.6433,0.0891,0.6548,-26.2303,-35.3104,-12.3935,-29.1018,-14.5189,3.8871,0.9222
4888,0.6841,0.0876,0.6445,-31.07,-31.0585,-10.8744,-30.3025,-14.1353,3.7022,0.944
4904,0.7183,0.0774,0.6606,-28.4364,-37.5089,-8.8744,-31.4151,-13.8788,3.5602,0.9789
4960,0.7427,0.0791,0.668,-7.9174,-34.318,4.1714,-32.4975,-14.8984,3.7938,1.002
4976,0.7805,0.0925,0.658,-1.0395,-45.3638,0.8355,-33.1973,-14.679,3.8072,1.025
4994,0.7646,0.061,0.5994,-0.3296,-47.0508,2.492,-33.9457,-14.6723,3.8521,0.9735
5010,0.7461,0.0408,0.5703,-4.1616,-37.6844,8.8508,-34.7532,-14.5007,3.9937,0.94
5026,0.7842,0.0239,0.6165,-2.7876,-38.0814,12.4004,-35.4782,-14.4167,4.1921,0.9978
5044,0.7739,0.0098,0.5618,-3.1616,-44.1653,15.2554,-36.2746,-14.5634,4.4667,0.9564
5098,0.8125,-0.0518,0.5356,-15.0166,-18.2875,13.179,-37.8613,-15.1496,5.1783,0.9746
5115,0.7517,-0.083,0.5217,-5.8334,-22.5318,5.9271,-38.6381,-15.273,5.2791,0.9188
5132,0.7144,-0.0664,0.5952,-21.8181,-22.4631,-5.5309,-39.4496,-15.2833,5.1851,0.9322
5149,0.7534,-0.0962,0.5681,-33.4823,-32.3562,-19.4622,-40.5218,-15.5844,4.8542,0.9485
5166,0.863,-0.0259,0.5906,-24.7418,-44.0127,-28.4011,-41.5283,-15.7797,4.3714,1.0461
5182,0.8733,-0.0193,0.5103,-10.9326,-44.4325,-18.4851,-42.4225,-15.9176,4.0756,1.0116
5237,0.6394,0.1973,0.7354,18.1971,-10.173,0.889,-41.3658,-15.2173,4.1245,0.9942
5255,0.7991,-0.0332,0.3723,11.0674,-9.8066,8.8279,-42.1171,-14.9819,4.2834,0.8822
5271,0.8367,-0.0459,0.5076,13.7773,-13.1577,1.431,-42.5669,-14.7915,4.3063,0.9797
5287,0.8269,-0.0203,0.4717,18.5636,-28.1195,-3.9355,-42.9902,-14.7301,4.2434,0.9522
5305,0.8638,0.0642,0.4714,14.8613,-31.4249,-3.4316,-43.4599,-14.3737,4.1816,0.9861
5321,0.8403,0.1001,0.3809,5.7162,-1.6234,2.0798,-44.2293,-13.2347,4.2149,0.928
5377,0.8625,0.1267,0.6631,-1.8487,-6.6005,4.8661,-44.6376,-12.6274,4.4874,1.0953
5393,0.844,0.0886,0.5803,0.2048,-13.5776,8.6065,-45.0561,-11.9835,4.6251,1.0281
5409,0.8342,0.0852,0.5625,-5.6197,-0.1348,17.1485,-45.5685,-11.1617,4.8995,1.0098
5427,0.8062,0.043,0.4849,-6.551,10.4453,15.1714,-46.214,-10.3322,5.1725,0.9417
5443,0.8276,0.0706,0.5645,7.2277,-3.0203,13.3317,-46.4743,-9.6803,5.3858,1.0043
5460,0.699,-0.0183,0.3975,27.1666,-6.547,1.1332,-46.586,-9.5054,5.4051,0.8043
5515,0.811,0.0544,0.6111,6.1742,6.2469,-38.6377,-46.5123,-8.5917,3.28,1.0169
5532,0.8174,0.1548,0.5305,-12.4517,18.1476,-40.6683,-47.0925,-7.3013,2.5887,0.9867
5549,0.6138,0.2827,0.4802,-33.8639,17.2621,-37.3019,-47.672,-5.5081,1.9545,0.829
5565,0.6653,0.1641,0.5015,-55.5281,16.6285,-28.4927,-48.6814,-4.3077,1.4987,0.8491
5582,0.7234,0.0989,0.6101,-54.4365,16.4148,-30.9736,-49.6021,-3.4993,0.9721,0.9515
5599,0.7021,0.0825,0.6653,-45.07,3.3156,-31.7217,-50.2066,-3.0223,0.4328,0.9708
5654,0.7888,0.064,0.4717,-56.2151,17.3537,-15.6759,-53.5221,-1.6763,-0.4293,0.9213
5670,0.7158,0.1304,0.5366,-70.0013,38.2621,3.7745,-54.5505,-0.4753,-0.3689,0.9041
5688,0.72,0.0989,0.6191,-86.6273,35.6285,22.263,-55.8234,0.5223,0.0318,0.9547
5704,0.7869,0.0247,0.6418,-78.9937,38.9797,24.8432,-56.8348,1.1882,0.4293,1.0157
5721,0.7253,0.0527,0.6689,-56.4136,38.9644,19.7745,-57.3712,1.9568,0.7654,0.9881
5738,0.71,0.0293,0.6575,-39.5662,41.6744,24.1409,-57.6088,2.6607,1.1758,0.9681
5792,0.6584,0.0198,0.707,16.93,52.1553,14.3775,-56.1449,5.3221,1.9522,0.9664
5810,0.6194,0.0291,0.7502,12.9758,54.3308,8.7897,-55.2557,6.1368,2.1104,0.9733
5826,0.5928,0.0288,0.7043,-4.0471,52.7812,3.3317,-54.7101,6.7957,2.1638,0.921
5842,0.5325,0.0249,0.7305,-16.9174,53.3919,1.5684,-54.2245,7.4221,2.1888,0.9043
5860,0.5391,-0.061,0.8984,-26.5968,54.5827,1.5531,-53.7513,7.9129,2.2168,1.0495
5876,0.5454,-0.1589,0.9473,-29.5433,48.8728,3.7974,-53.2386,7.9661,2.2776,1.1046
5932,0.5327,-0.2375,1.0259,-23.8563,17.1171,-35.4393,-53.465,8.0462,0.293,1.1801
5948,0.5452,-0.218,1.1106,-29.7189,1.4911,-37.6606,-52.8116,7.303,-0.3096,1.2562
5965,0.5474,-0.2185,1.0771,-25.0166,-8.2646,-39.7523,-52.1664,6.4173,-0.9854,1.2278
5982,0.5515,-0.1943,1.0059,-14.4517,-12.9974,-43.2713,-51.4474,5.5111,-1.721,1.1635
5998,0.5303,-0.1301,0.8518,-1.2761,-5.4402,-45.882,-50.6734,4.8597,-2.4551,1.0118
6016,0.522,-0.0938,0.6946,-0.8792,11.0179,-34.3935,-50.1287,4.5482,-3.0742,0.8739
6071,0.4814,-0.0969,0.8223,1.304,13.4301,-7.9889,-49.2618,4.8065,-3.5136,0.9578
6087,0.4521,-0.0723,0.8015,6.388,6.0026,-14.9736,-48.3664,4.5003,-3.7532,0.9231
6104,0.4148,-0.0564,0.7629,-2.2914,1.1324,-17.9278,-47.6078,4.1697,-4.0579,0.8702
6121,0.4133,-0.0818,0.8022,-12.5052,-0.9363,-18.508,-46.9931,3.7548,-4.3726,0.9062
6137,0.415,-0.1326,0.8596,-15.6731,-1.8524,-18.4851,-46.3745,3.2255,-4.6683,0.9637
6154,0.3782,-0.1514,0.9189,-15.9861,-1.86,-20.05,-45.6644,2.6919,-5.0092,1.0052
6209,0.3269,-0.2107,0.833,-11.612,-12.3333,-9.1263,-45.2841,1.3653,-5.5111,0.9193
6225,0.3225,-0.1804,0.7544,-5.1387,-26.1272,-2.7446,-44.4548,0.3714,-5.5551,0.84
6243,0.355,-0.1357,0.7329,-1.5815,-35.1882,-0.3324,-43.7225,-0.6713,-5.561,0.8256
6259,0.375,-0.123,0.6946,-5.6502,-36.0279,0.1943,-43.1802,-1.5996,-5.5579,0.7989
6277,0.3787,-0.1172,0.6865,-15.8945,-33.5852,4.7516,-42.869,-2.5035,-5.4724,0.7927
6293,0.3806,-0.1287,0.687,-27.009,-29.3409,12.0187,-42.7119,-3.2783,-5.2801,0.7959
6348,0.5122,-0.1067,0.7507,-23.4212,-52.5699,-6.1416,-43.6016,-6.2464,-5.6179,0.9151
6365,0.5007,-0.1094,0.7139,-28.4364,-50.234,-7.5232,-43.7111,-7.1648,-5.7458,0.8788
6382,0.5383,-0.126,0.7283,-36.5357,-46.6692,-8.8286,-44.0016,-8.0324,-5.8959,0.9144
6398,0.5588,-0.1267,0.7688,-38.6731,-41.7608,-13.4851,-44.2615,-8.7269,-6.1116,0.9589
6415,0.5786,-0.126,0.8047,-40.7571,-35.5165,-19.8439,-44.5718,-9.3134,-6.449,0.9991
6432,0.5747,-0.1321,0.8054,-44.0777,-28.3638,-26.2637,-44.9143,-9.7763,-6.8955,0.9982
6488,0.6138,-0.2585,0.8669,-51.8716,-17.0737,-23.424,-47.2726,-10.9673,-8.2072,1.0932
6504,0.7256,-0.2629,0.8972,-33.5128,-36.8142,-26.0805,-47.409,-11.7475,-8.6245,1.1835
6520,0.833,-0.2791,0.8564,-13.9708,-57.5318,-32.7981,-47.4377,-12.8831,-9.1493,1.2269
6538,0.8872,-0.3069,0.7878,-11.5815,-67.8524,-43.9889,-47.5955,-14.3916,-9.9411,1.2256
6554,0.9365,-0.3401,0.8132,-29.2609,-67.7226,-62.9049,-48.0105,-15.7639,-10.9475,1.2861
6571,0.9004,-0.3938,0.9209,-61.9403,-56.6234,-89.7065,-48.7791,-16.9836,-12.4725,1.3468
6626,0.7488,-0.4194,1.2642,-88.4823,-3.8905,-49.8897,-52.6736,-17.2438,-15.2165,1.528
6643,0.7415,-0.3489,1.0281,-48.3754,-15.547,-29.5232,-52.7294,-17.5576,-15.7184,1.3147
6660,0.7532,-0.2766,0.7239,-12.5433,-48.1577,-30.0042,-52.5923,-18.4778,-16.2284,1.0806
6677,0.7495,-0.2363,0.4458,4.5712,-71.944,-44.279,-52.656,-20.0299,-16.9812,0.9035
6693,0.7473,-0.2527,0.2527,3.8384,-70.6615,-58.3858,-53.0686,-22.1141,-17.9154,0.8284
6710,0.7361,-0.2734,0.2764,-7.7494,-56.776,-66.0576,-53.5587,-23.9439,-19.0383,0.8324
6765,0.6555,-0.147,0.3423,-27.4135,-5.1653,-87.8057,-55.2794,-24.1884,-23.8677,0.754
6782,0.6133,-0.1653,0.323,-37.1769,3.9263,-88.3477,-56.0506,-24.2408,-25.3696,0.7126
6799,0.5991,-0.2046,0.3081,-43.3067,4.5369,-87.0118,-56.8478,-24.5405,-26.8488,0.7041
6815,0.5962,-0.2346,0.3418,-45.4288,-0.8066,-83.7752,-57.4792,-24.9499,-28.1892,0.7262
6833,0.6116,-0.2407,0.3818,-43.4365,-5.318,-75.0423,-58.0734,-25.333,-29.5399,0.7601
6849,0.6191,-0.2253,0.3923,-39.7418,-5.7226,-65.5996,-58.5146,-25.6024,-30.5895,0.7668
6904,0.6965,-0.1182,0.4199,-39.8792,-13.6234,-43.8668,-60.5973,-25.9263,-33.0022,0.8219
6921,0.728,-0.1196,0.4482,-40.9403,-12.9287,-42.7523,-61.1412,-25.698,-33.729,0.8633
6938,0.7708,-0.1282,0.4451,-42.3525,-5.3486,-36.9813,-61.7467,-25.4,-34.3577,0.8992
6955,0.8123,-0.1067,0.4622,-40.6044,3.0026,-33.3095,-62.3282,-24.8549,-34.9239,0.9406
6972,0.802,-0.0591,0.4373,-39.4594,9.1476,-31.9278,-62.9263,-24.0192,-35.4667,0.9154
6988,0.7979,-0.0229,0.4431,-40.7494,9.3461,-33.9202,-63.472,-23.0335,-36.0094,0.9129
7044,0.8147,-0.0769,0.4939,-32.7494,11.1705,-42.6072,-65.0325,-21.8657,-38.3954,0.9558
7060,0.7927,-0.0479,0.5022,-33.5433,16.6591,-38.4851,-65.2476,-20.9529,-39.0112,0.9396
7077,0.7793,-0.033,0.542,-33.7113,19.6133,-36.2026,-65.3931,-19.9339,-39.6266,0.9498
7094,0.7773,-0.0537,0.5942,-29.841,18.7125,-35.9813,-65.3641,-19.0377,-40.2383,0.9799
7110,0.802,-0.0776,0.5986,-24.1158,14.1782,-35.1874,-65.2412,-18.354,-40.8013,1.0038
7128,0.8286,-0.0879,0.6233,-20.2761,6.8652,-34.4316,-65.093,-17.8223,-41.4211,1.0406
7183,0.8481,-0.1531,0.6746,-18.9632,28.9415,-53.4011,-65.5226,-16.0927,-44.3581,1.0944
7199,0.8242,-0.199,0.6855,-43.6349,34.995,-55.05,-65.5361,-15.5588,-45.2389,1.0904
7216,0.7969,-0.272,0.7539,-71.2151,33.9263,-52.5767,-65.8703,-15.1763,-46.1327,1.1302
7233,0.7957,-0.3337,0.8953,-88.5968,26.0331,-39.5767,-66.2728,-14.9622,-46.8055,1.2434
7249,0.8159,-0.3423,1.0107,-79.4059,13.7049,-27.279,-66.3377,-14.9015,-47.242,1.3433
7266,0.8015,-0.3062,1.0146,-53.5586,4.598,-25.0958,-66.0422,-14.902,-47.6686,1.3288
7321,0.6594,-0.2075,0.6763,-30.5739,11.8728,-33.3935,-66.7344,-14.3614,-49.5053,0.9671
7339,0.6111,-0.2034,0.6467,-30.5204,14.1476,-31.0576,-66.2736,-14.2407,-50.0643,0.9127
7355,0.5889,-0.1973,0.6501,-28.1387,8.2469,-32.2026,-65.6916,-14.2196,-50.5796,0.8991
7372,0.5669,-0.2004,0.6594,-23.4746,-2.8371,-35.8897,-65.0245,-14.3734,-51.1897,0.8924
7389,0.5789,-0.1909,0.6543,-19.3296,-12.0585,-37.882,-64.3526,-14.6459,-51.8337,0.8942
7405,0.5933,-0.1929,0.6418,-15.5128,-12.5089,-37.9278,-63.6774,-14.9212,-52.4405,0.8951
7460,0.6238,-0.198,0.5657,-24.0013,-5.4707,-38.3782,-64.2434,-15.3849,-54.5513,0.865
7478,0.6201,-0.1694,0.6096,-24.8181,-9.0356,-45.0881,-63.8795,-15.5469,-55.3629,0.8859
7494,0.6255,-0.1509,0.6611,-25.4364,-11.6234,-49.7217,-63.4225,-15.6178,-56.1585,0.9225
7511,0.6458,-0.1448,0.6584,-28.7723,-12.5852,-49.2026,-63.1058,-15.6945,-56.9949,0.9335
7528,0.7041,-0.1687,0.679,-31.1693,-13.4783,-47.4927,-62.8976,-15.8448,-57.8023,0.9926
7544,0.7856,-0.1597,0.7236,-27.238,-13.4936,-49.6301,-62.667,-15.916,-58.5964,1.08
7600,0.7529,-0.0093,0.7266,-28.467,3.8805,-63.9584,-63.5315,-15.1,-62.178,1.0464
7616,0.7214,-0.0251,0.7317,-27.9632,4.3461,-64.6378,-63.2029,-14.508,-63.2122,1.0278
7633,0.7039,-0.0383,0.7224,-20.2151,0.4453,-66.6912,-62.7733,-14.0419,-64.346,1.0093
7650,0.679,-0.0447,0.6809,-12.6349,-5.7684,-70.05,-62.2628,-13.7245,-65.5368,0.9626
7667,0.6545,-0.0447,0.6226,-9.1464,-11.8447,-73.4469,-61.776,-13.533,-66.7854,0.9044
7684,0.6235,-0.0176,0.606,-10.6502,-11.4707,-75.111,-61.311,-13.2454,-68.0623,0.8696
7739,0.5066,-0.0186,0.5859,-33.009,2.2927,-66.2026,-62.2347,-12.6671,-71.7035,0.7748
7755,0.5105,-0.0378,0.6355,-34.8487,-0.1195,-62.1339,-61.8296,-12.2985,-72.6976,0.816
7773,0.5051,-0.0457,0.6748,-30.5357,-5.6157,-59.2408,-61.3543,-12.0584,-73.7639,0.8442
7789,0.4919,-0.0483,0.6711,-27.1616,-8.2111,-54.7217,-60.7641,-11.867,-74.6395,0.8335
7805,0.5291,-0.054,0.6523,-26.7113,-10.6005,-48.6912,-60.3017,-11.7443,-75.4185,0.8416
7823,0.5776,-0.0337,0.595,-28.5739,-15.1195,-40.1797,-60.1477,-11.6654,-76.1418,0.8299
7878,0.8167,-0.0308,0.6772,-34.0166,-40.5394,-40.6835,-61.5499,-13.4433,-78.3794,1.0614
7895,0.8967,-0.0093,0.6619,-38.5662,-41.005,-44.2713,-61.86,-13.6069,-79.132,1.1146
7912,0.9656,0.0417,0.7366,-44.4288,-43.1348,-49.653,-62.2154,-13.6368,-79.9761,1.2152
7928,0.9543,0.052,0.877,-54.5357,-40.4478,-58.1187,-62.4593,-13.5769,-80.906,1.2971
7945,0.9563,0.0037,0.9888,-65.5433,-24.7989,-51.1034,-62.7923,-13.43,-81.7747,1.3756
7962,0.9658,-0.0601,1.0667,-66.8487,-3.2569,-42.4011,-63.0562,-13.0749,-82.4956,1.4402
8017,0.8159,-0.0032,1.0342,-24.5586,-5.3944,-26.882,-63.3615,-12.8438,-83.9741,1.3173
8034,0.7644,-0.0073,0.9089,-3.7647,-4.0737,-32.0118,-62.4909,-12.415,-84.5183,1.1877
8050,0.7034,-0.0103,0.7529,2.0368,4.6896,-33.424,-61.6819,-11.8775,-85.0531,1.0304
8068,0.6292,-0.0203,0.677,-3.2609,15.5675,-29.7599,-60.9866,-11.202,-85.5887,0.9244
8084,0.5608,-0.01,0.6797,-5.154,18.1705,-28.9965,-60.2072,-10.5086,-86.0527,0.8812
8100,0.4961,-0.0261,0.6719,-3.8487,14.4606,-32.5614,-59.3148,-9.9552,-86.5736,0.8356
8156,0.4568,-0.1526,0.6077,2.6704,-0.8218,-19.2103,-58.2424,-10.165,-87.6494,0.7754
8173,0.4814,-0.1326,0.6169,11.0292,-7.9669,-12.8668,-57.2264,-10.3735,-87.8682,0.7937
8189,0.4695,-0.073,0.5632,15.3727,-14.776,-8.7752,-56.2844,-10.4809,-88.0086,0.7369
8206,0.4868,-0.0366,0.5344,12.4185,-16.4707,-6.6759,-55.5209,-10.4873,-88.1221,0.7238
8223,0.4985,-0.0398,0.5608,8.4032,-9.9974,-5.3477,-54.8255,-10.3933,-88.213,0.7514
8240,0.5122,-0.03,0.5515,4.1055,0.2545,-0.8133,-54.2792,-10.0981,-88.2268,0.7533
8295,0.5771,-0.0154,0.5671,-5.1464,-9.5623,10.3394,-54.1994,-10.2612,-87.6581,0.8093
8311,0.5991,0.0129,0.5754,-4.7494,-17.8905,8.4081,-53.9502,-10.074,-87.5236,0.8308
8329,0.5935,0.0293,0.6091,-10.2074,-16.318,9.0187,-53.7375,-9.8429,-87.3613,0.851
8345,0.5764,0.0059,0.6406,-18.5662,-7.5012,15.3546,-53.5524,-9.5434,-87.1156,0.8618
8361,0.5862,-0.0251,0.6843,-23.0395,-2.0585,21.8737,-53.3867,-9.2775,-86.7656,0.9014
8379,0.6111,-0.033,0.7144,-20.154,-7.2188,24.0416,-53.2201,-9.1368,-86.3329,0.9406
8434,0.6619,-0.0188,0.749,-16.4441,-20.3944,31.0951,-53.6178,-9.9056,-84.6226,0.9997
8451,0.6697,-0.0417,0.7515,-13.7418,-15.944,33.3852,-53.3638,-9.8968,-84.0551,1.0074
8467,0.6963,-0.0381,0.7446,-10.1464,-12.7073,33.8813,-53.1068,-9.8133,-83.513,1.0202
8484,0.7031,0.0034,0.7056,-7.5052,-12.9898,32.4233,-52.901,-9.6216,-82.9618,0.9961
8501,0.7061,0.0288,0.6692,-6.8792,-14.2875,30.1256,-52.7576,-9.3713,-82.4496,0.9732
8518,0.7417,0.0276,0.6475,-7.7189,-17.8371,26.4386,-52.7275,-9.19,-82.0002,0.9849
8572,0.7722,0.0071,0.6863,-11.2074,-5.6768,7.3928,-53.1342,-9.093,-81.601,1.0331
8590,0.7417,-0.0112,0.6982,-11.07,-1.3027,5.2935,-53.0691,-8.7887,-81.5057,1.0187
8606,0.7427,-0.0391,0.697,-5.7189,-4.7226,5.9119,-52.905,-8.638,-81.4111,1.0193
8623,0.7573,-0.0532,0.6865,1.7697,-11.8142,9.5913,-52.6688,-8.6626,-81.2481,1.0236
8640,0.7771,-0.0676,0.6809,9.9071,-19.318,11.5607,-52.3458,-8.8582,-81.0515,1.0354
8656,0.7642,-0.0647,0.6758,13.3116,-22.3791,7.9729,-51.9828,-9.0664,-80.924,1.0222
8712,0.6809,-0.1289,0.9434,-3.6273,-0.4554,10.2172,-51.5213,-9.0394,-80.3518,1.1705
8728,0.6658,-0.145,0.9434,-3.6349,-1.5699,4.0874,-50.9122,-9.0516,-80.2864,1.1637
8745,0.6575,-0.1692,0.9363,-12.5204,-5.6692,1.576,-50.4659,-9.1917,-80.2596,1.1565
8762,0.6641,-0.1707,0.9604,-18.5891,-11.0661,6.1027,-50.1204,-9.4077,-80.1559,1.1801
8779,0.656,-0.1609,1.0178,-10.9708,-15.5623,8.8813,-49.5939,-9.6446,-80.0049,1.2216
8796,0.6384,-0.1333,1.0049,5.22,-16.5318,3.4844,-48.8131,-9.8309,-79.9456,1.198
8851,0.533,-0.1558,0.6914,10.9529,7.3232,-16.7446,-47.7599,-9.5588,-80.8666,0.8868
8867,0.4978,-0.1721,0.6873,3.7773,5.4377,-20.7217,-47.1952,-9.6554,-81.1981,0.8659
8884,0.4802,-0.1865,0.707,-0.2914,-2.6386,-24.5767,-46.644,-9.9034,-81.6159,0.8748
8901,0.4666,-0.1948,0.731,-3.1922,-9.8142,-26.0347,-46.0969,-10.2644,-82.0585,0.8888
8918,0.4783,-0.2573,0.7747,-6.7952,-8.005,-18.8668,-45.5786,-10.7195,-82.3793,0.9461
8935,0.5073,-0.2935,0.8184,-3.1235,-1.2417,-8.1492,-45.017,-11.1,-82.5178,1.0066
8989,0.5105,-0.104,0.5859,14.4414,-1.2951,-16.7981,-44.0927,-11.1258,-83.4249,0.7841
9007,0.4912,-0.0964,0.5706,-1.2151,2.9644,-15.4469,-43.9631,-11.0133,-83.7029,0.759
9023,0.4829,-0.1238,0.6287,-12.4212,1.3232,-11.6377,-43.8755,-10.998,-83.8891,0.8023
9039,0.5029,-0.1475,0.6997,-14.1082,-7.8218,-7.424,-43.742,-11.1542,-84.0079,0.8742
9057,0.5359,-0.1526,0.7439,-9.9555,-16.5318,-4.1721,-43.5727,-11.4574,-84.083,0.9294
9073,0.5701,-0.1211,0.7483,-5.5739,-19.486,-4.8668,-43.3932,-11.6661,-84.1609,0.9485
9128,0.5928,-0.0566,0.6716,-8.5586,-9.9745,-5.9507,-43.7626,-11.9189,-84.4882,0.8976
9145,0.5962,-0.0327,0.6682,-7.7036,-13.3562,-8.7446,-43.8061,-11.7722,-84.6368,0.8961
9162,0.5781,-0.0127,0.6433,-9.4517,-16.234,-12.5385,-43.8857,-11.6115,-84.85,0.865
9179,0.5676,-0.0178,0.6277,-15.6426,-16.6768,-15.0958,-44.07,-11.4843,-85.1066,0.8465
9196,0.5488,-0.0398,0.656,-22.4364,-16.7608,-13.6912,-44.268,-11.4373,-85.3394,0.8562
9212,0.5515,-0.0493,0.7087,-24.2456,-19.0966,-10.6988,-44.3825,-11.4323,-85.5106,0.8994
9268,0.5352,-0.0469,0.7673,-21.2074,-21.3104,3.9729,-45.1411,-12.2605,-85.2881,0.9367
9284,0.5798,-0.0396,0.7771,-15.7571,-24.4707,9.1256,-45.0452,-12.2625,-85.1421,0.9704
9302,0.6279,-0.0298,0.7354,-11.2227,-31.5776,13.7439,-45.0561,-12.4105,-84.8947,0.9674
9318,0.6797,-0.0078,0.7209,-6.9097,-43.6615,16.0798,-45.0925,-12.6095,-84.6374,0.9909
9334,0.7715,0.0005,0.7505,-0.6044,-60.7837,11.8279,-45.1297,-13.0373,-84.4482,1.0763
9352,0.8596,0.009,0.8108,10.7315,-74.4783,4.4768,-45.0059,-13.7772,-84.3676,1.1817
9407,0.9192,-0.2375,0.9929,-19.6884,-36.0356,-20.1416,-45.9252,-15.667,-85.4754,1.3738
9423,0.8704,-0.2712,1.0183,-33.4059,-13.2646,-33.0881,-46.1834,-15.8407,-86.0048,1.3668
9440,0.7949,-0.2539,0.9907,-36.5739,7.14,-39.9813,-46.4472,-15.6655,-86.6845,1.2953
9457,0.7275,-0.2019,0.8972,-28.3067,15.3995,-37.1645,-46.5852,-15.2949,-87.3162,1.1726
9474,0.6995,-0.1672,0.7761,-9.9097,8.6896,-26.6454,-46.5387,-15.0277,-87.7692,1.0581
9491,0.6702,-0.0989,0.6323,11.6857,-2.4707,-12.8744,-46.3392,-14.8224,-87.9881,0.9267
9545,0.5691,-0.0447,0.4739,3.6323,-36.0279,-1.8515,-46.301,-16.3126,-88.0881,0.7419
9563,0.5964,-0.1143,0.5381,-11.0624,-31.9821,-3.966,-46.5327,-16.6923,-88.1595,0.8114
9579,0.6118,-0.1858,0.6211,-18.1922,-23.5776,-2.5919,-46.6845,-17.0529,-88.2009,0.8914
9596,0.637,-0.2288,0.6917,-14.1158,-17.4783,0.4081,-46.6941,-17.3881,-88.194,0.9677
9613,0.6523,-0.1975,0.6721,-1.299,-11.8905,1.2096,-46.566,-17.5416,-88.1734,0.9572
9629,0.6514,-0.134,0.5593,8.5712,-8.1043,0.1638,-46.5139,-17.5035,-88.1708,0.869
9684,0.5588,-0.1006,0.4277,-11.3601,-4.7073,8.7745,-47.326,-17.5812,-87.6882,0.7109
9701,0.604,-0.1399,0.489,-11.8334,-13.2646,12.1638,-47.6221,-17.733,-87.4814,0.7896
9718,0.6406,-0.1489,0.4949,-7.5662,-21.7608,11.2401,-47.885,-18.0488,-87.2904,0.8231
9735,0.6443,-0.1619,0.5146,-6.4746,-24.6005,8.6142,-48.0776,-18.4267,-87.1439,0.8403
9752,0.6594,-0.1475,0.5571,-6.4746,-20.7837,6.7516,-48.214,-18.6218,-87.0291,0.8758
9768,0.6565,-0.1504,0.5857,-7.8639,-9.2722,11.2019,-48.3003,-18.5954,-86.8499,0.8925
9824,0.709,-0.1172,0.6013,-5.8334,-8.5394,16.6676,-48.6487,-18.7518,-85.9165,0.937
9840,0.7168,-0.0911,0.582,-6.0013,-10.9974,13.5073,-48.8183,-18.5263,-85.7004,0.9278
9858,0.7297,-0.0798,0.6001,-7.7876,-12.8905,11.7287,-49.013,-18.3111,-85.4893,0.9482
9874,0.7346,-0.0857,0.6326,-7.6884,-12.4402,10.9119,-49.131,-18.0784,-85.3147,0.9732
9890,0.7566,-0.0962,0.6584,-7.2609,-10.1119,12.0187,-49.224,-17.843,-85.1224,1.0076
9908,0.7883,-0.1006,0.6558,-4.4517,-6.089,11.2477,-49.3287,-17.5833,-84.9199,1.0303
9963,0.8176,-0.093,0.72,0.8384,-8.7455,-1.8668,-49.2472,-17.6362,-85.0226,1.0934
9979,0.8152,-0.1033,0.7261,5.1819,-4.2188,-5.8973,-49.1187,-17.3194,-85.117,1.0965
9996,0.7917,-0.0779,0.7625,11.2048,8.4835,-4.6683,-48.8083,-16.7214,-85.1963,1.1019
10013,0.748,-0.0613,0.7764,17.8536,22.0866,-0.8057,-48.3185,-15.8726,-85.21,1.0798
10030,0.7107,-0.0825,0.7896,16.9758,26.6438,-2.653,-47.7822,-15.0416,-85.2551,1.0655
10046,0.6958,-0.1567,0.8254,1.22,21.7049,-6.4545,-47.4373,-14.5366,-85.3584,1.0909
10101,0.8306,-0.345,1.2344,5.4796,-15.7608,37.2019,-46.5683,-15.4119,-83.3123,1.5273
10119,0.8306,-0.2588,1.0601,49.0445,-7.486,34.2554,-45.3492,-15.4735,-82.6957,1.3713
10135,0.7769,-0.1504,0.7207,65.6781,2.6896,15.4691,-44.3879,-15.2847,-82.4482,1.0703
10151,0.707,-0.1047,0.4578,46.8613,14.453,-6.1187,-44.1489,-14.9668,-82.5461,0.8488
10169,0.6023,-0.1558,0.3518,10.5406,29.8881,-15.9355,-44.498,-14.8069,-82.8329,0.7147
10185,0.5168,-0.2241,0.468,-24.8639,35.2621,-12.966,-44.8954,-14.6966,-83.0404,0.7324
10241,0.5291,-0.3264,0.8767,-25.6578,-14.7226,-10.3248,-45.6586,-15.7171,-83.6186,1.0747
10258,0.5391,-0.2981,0.8542,-12.7647,-12.5623,-10.5232,-45.272,-16.0629,-83.7975,1.0532
10274,0.5422,-0.2534,0.7983,-6.4594,0.7049,-11.5614,-44.8771,-16.114,-83.9824,0.9978
10291,0.5378,-0.2217,0.7268,-3.7494,11.9186,-15.6072,-44.5548,-15.9534,-84.2478,0.9309
10308,0.5281,-0.1892,0.6663,-3.1311,13.7049,-21.4011,-44.3167,-15.7257,-84.6116,0.871
10324,0.5173,-0.1572,0.6218,-5.1311,8.0331,-27.6912,-44.1784,-15.5409,-85.0546,0.824
10380,0.4714,-0.1863,0.7153,-19.0242,-14.2798,-31.3095,-44.7351,-16.2708,-86.808,0.8767
10396,0.4858,-0.1907,0.7515,-20.0395,-16.4478,-27.9813,-44.5365,-16.4421,-87.2557,0.9149
10414,0.5073,-0.1936,0.8086,-19.009,-17.5241,-24.7523,-44.3391,-16.6258,-87.7012,0.974
10430,0.5205,-0.178,0.8264,-14.6197,-18.7226,-22.2713,-44.055,-16.7345,-88.0576,0.9928
10447,0.5149,-0.1531,0.7878,-10.7265,-20.3104,-20.195,-43.7751,-16.8364,-88.4009,0.9535
10464,0.53,-0.1262,0.739,-7.8868,-22.6157,-17.5385,-43.5632,-16.9198,-88.699,0.9182
10519,0.5386,-0.062,0.6594,-9.5968,-31.2569,-26.9736,-43.892,-18.1082,-90.1826,0.8537
10535,0.5293,-0.074,0.7195,-17.3525,-26.2569,-24.8286,-43.8507,-18.022,-90.5798,0.8963
10553,0.5217,-0.0974,0.7705,-19.299,-23.6234,-19.8744,-43.7859,-17.9976,-90.9376,0.9356
10569,0.5396,-0.1145,0.8271,-12.8639,-25.7989,-12.5919,-43.5468,-17.9892,-91.139,0.9942
10587,0.5996,-0.0906,0.8406,2.5406,-31.7379,-8.3782,-43.1748,-18.0641,-91.2899,1.0365
10603,0.6409,-0.0632,0.7668,17.8231,-36.2493,-6.4316,-42.7657,-18.0868,-91.3928,1.0014
10658,0.7297,-0.1362,0.707,-15.3983,-50.6692,-24.6454,-43.6834,-20.4749,-92.7483,1.0252
10675,0.6863,-0.2451,0.8643,-54.8334,-43.4096,-32.34,-44.3261,-20.9977,-93.298,1.1305
10692,0.6775,-0.3186,1.1399,-69.4365,-21.5852,-13.8057,-44.8777,-21.1347,-93.5327,1.3638
10708,0.7273,-0.3259,1.2627,-44.2609,-3.0432,11.1103,-44.9284,-20.915,-93.355,1.4932
10725,0.7935,-0.2212,1.1501,8.701,5.8041,20.4997,-44.3539,-20.4191,-93.0065,1.4147
10742,0.8252,-0.0515,0.8032,47.0216,8.1095,12.4081,-43.6409,-19.6168,-92.7955,1.1527
10798,0.6978,-0.0376,0.2632,-42.1158,-4.7989,-10.8133,-46.9251,-19.4153,-93.4011,0.7467
10814,0.7415,-0.1658,0.6064,-50.383,-9.6921,-3.9126,-47.8102,-19.3991,-93.4637,0.9721
10830,0.7473,-0.228,0.8025,-33.9784,-10.089,1.6752,-48.0938,-19.4126,-93.4369,1.12
10848,0.7583,-0.2202,0.8894,-6.9861,-11.1272,0.0798,-47.8752,-19.3847,-93.4355,1.1894
10864,0.76,-0.1531,0.73,16.5406,-4.547,-1.1645,-47.5277,-19.1528,-93.4541,1.0649
10882,0.7168,-0.0605,0.5671,24.3345,5.6744,-0.0194,-47.2657,-18.5324,-93.4544,0.916
10936,0.6497,-0.0735,0.4626,21.5101,-9.9669,-3.821,-46.4282,-18.6688,-93.6608,0.8009
10953,0.6709,-0.0681,0.4819,14.8002,-16.9287,-12.3019,-46.4912,-18.5201,-93.8699,0.8289
10970,0.6753,-0.0852,0.522,3.4338,-14.86,-18.7904,-46.6528,-18.3927,-94.1893,0.8578
10987,0.6631,-0.1099,0.5645,-10.6197,-6.5394,-20.3706,-46.9227,-18.2043,-94.5356,0.8777
11003,0.6533,-0.144,0.6326,-19.0319,1.9797,-17.9431,-47.1461,-17.9588,-94.8227,0.9207
11020,0.6558,-0.1536,0.6873,-16.4059,6.3614,-13.9355,-47.2464,-17.6405,-95.0596,0.9623
11075,0.604,-0.0994,0.551,11.4032,-3.3791,-0.0271,-46.6412,-17.5222,-95.0611,0.8236
11092,0.5815,-0.0667,0.5234,12.4872,-12.0814,2.0645,-46.483,-17.3087,-95.026,0.7853
11109,0.6069,-0.0564,0.5303,9.8842,-19.8218,-1.1416,-46.4103,-17.1827,-95.0454,0.8079
11125,0.6145,-0.053,0.5537,4.159,-19.7837,-5.3858,-46.4039,-17.0179,-95.1316,0.8289
11143,0.6226,-0.0747,0.592,-6.7265,-11.1348,-4.0729,-46.5125,-16.8172,-95.2049,0.8624
11159,0.6328,-0.1096,0.6584,-13.1158,0.4453,1.179,-46.5924,-16.5158,-95.186,0.9198
11214,0.6428,-0.0698,0.7307,5.9758,0.4606,0.1409,-46.0615,-16.0492,-95.1783,0.9757
11231,0.6577,-0.0769,0.7463,4.1742,0.5293,4.9806,-45.8005,-15.6339,-95.0936,0.9978
11248,0.6802,-0.0981,0.7529,3.304,-0.7455,7.4081,-45.5887,-15.3178,-94.9677,1.0194
11265,0.7307,-0.1228,0.7952,3.6094,-3.9592,5.5607,-45.396,-15.1208,-94.8731,1.0869
11282,0.772,-0.158,0.8083,3.7849,-5.5623,1.8966,-45.2443,-15.0491,-94.8409,1.1289
11298,0.7893,-0.187,0.8362,-6.3677,-2.0966,-12.0881,-45.2383,-14.9836,-95.0343,1.165
11354,0.6709,-0.3228,1.1477,-56.0624,18.3232,18.6371,-47.6174,-14.0274,-93.9906,1.368
11370,0.7407,-0.2866,1.1536,-16.1082,16.7507,22.0951,-47.2373,-13.7672,-93.6371,1.4005
11387,0.7249,-0.1985,0.9211,23.304,16.7583,8.8126,-46.4703,-13.4294,-93.4873,1.1888
11404,0.6758,-0.1343,0.6685,31.2582,18.1476,-3.653,-45.8912,-13.0504,-93.5494,0.96
11420,0.6099,-0.1465,0.4912,14.9452,20.1171,-7.3477,-45.8241,-12.8836,-93.6669,0.7967
11438,0.5691,-0.1899,0.4961,-5.5815,15.8347,-1.9813,-45.9664,-12.9326,-93.7026,0.7785
11492,0.6245,-0.2864,0.7964,-5.8181,-31.089,-2.882,-45.8864,-14.8181,-93.8582,1.0518
11509,0.6279,-0.2688,0.8113,-2.0319,-26.944,-4.6606,-45.5363,-15.3984,-93.9375,1.0605
11526,0.6267,-0.2488,0.8076,0.93,-16.7455,-7.7981,-45.1621,-15.7406,-94.07,1.0521
11543,0.5879,-0.2026,0.7483,4.5406,-5.4478,-12.7141,-44.7685,-15.8059,-94.2862,0.9729
11559,0.5488,-0.1885,0.6772,6.3574,2.1324,-17.424,-44.3993,-15.763,-94.565,0.8919
11576,0.4978,-0.1741,0.6028,4.6781,5.0866,-18.821,-44.0841,-15.6938,-94.8849,0.8009
11631,0.4597,-0.1245,0.7246,-8.383,-31.7531,-16.8973,-44.044,-17.1326,-95.8143,0.8671
11649,0.5002,-0.1379,0.7727,-6.1311,-34.2264,-17.9278,-43.6886,-17.4436,-96.137,0.9308
11665,0.5308,-0.1479,0.7979,-3.0471,-26.0661,-16.0881,-43.3154,-17.5664,-96.3944,0.9696
11681,0.5459,-0.1262,0.791,1.2506,-15.9287,-14.2255,-42.9346,-17.4711,-96.622,0.9694
11699,0.5308,-0.0896,0.7273,5.3269,-11.2569,-14.7981,-42.5618,-17.2477,-96.8884,0.9048
11715,0.5212,-0.0396,0.6506,5.8231,-12.4554,-17.8057,-42.3158,-16.8883,-97.1732,0.8346
11770,0.5188,-0.1035,0.7173,-20.1082,-28.5776,-18.1874,-43.1087,-18.0501,-98.1735,0.8913
11788,0.5513,-0.1392,0.7825,-25.1616,-31.1043,-15.2942,-43.2091,-18.269,-98.4488,0.9672
11804,0.5771,-0.1614,0.8455,-27.8334,-27.8295,-10.5309,-43.2619,-18.3979,-98.6173,1.0363
11821,0.5984,-0.1775,0.8984,-22.6731,-19.6463,-2.3935,-43.2279,-18.4296,-98.658,1.094
11838,0.6152,-0.1667,0.9045,-8.7189,-14.2111,5.9577,-42.9922,-18.3422,-98.5568,1.1066
11854,0.658,-0.1316,0.8452,9.0139,-16.0585,9.2859,-42.6368,-18.2091,-98.4082,1.0792
11910,0.7051,-0.1147,0.7512,-24.0242,-54.4631,-11.2408,-43.9371,-20.7561,-99.0377,1.0366
11926,0.7354,-0.2048,0.9365,-52.1006,-56.7226,-25.821,-44.4795,-21.2906,-99.4508,1.2082
11943,0.7681,-0.2876,1.1147,-56.6044,-42.9363,-30.05,-44.9724,-21.7183,-99.9616,1.3839
11960,0.7927,-0.3101,1.1685,-41.7036,-20.2569,-27.2332,-45.1843,-21.7746,-100.4246,1.4456
11977,0.803,-0.249,1.0061,-16.1082,5.7354,-18.3935,-45.1505,-21.3661,-100.7373,1.3111
11994,0.7375,-0.1484,0.8013,0.8613,18.0713,-11.6912,-45.0163,-20.6364,-100.9361,1.0991
12051,0.6606,-0.1265,0.634,-17.2838,-25.6539,-6.4851,-45.9862,-21.6659,-101.3057,0.9244
12067,0.7163,-0.1672,0.6855,-8.9937,-31.1653,-11.8057,-46.1021,-21.8263,-101.4946,1.0055
12084,0.7349,-0.1826,0.6509,2.4719,-22.7913,-15.2713,-46.1132,-21.9521,-101.7542,0.9985
12101,0.7249,-0.1531,0.5813,5.6628,-8.5241,-12.9507,-46.1895,-21.8033,-101.9744,0.9417
12118,0.6809,-0.1155,0.5142,4.4567,-0.1501,-9.6759,-46.3597,-21.44,-102.1389,0.861
12134,0.6423,-0.085,0.4846,5.3727,-3.2264,-8.7141,-46.5247,-21.0297,-102.2783,0.8091
12191,0.6279,-0.0894,0.5005,8.0368,-30.2493,-8.4851,-46.2642,-22.2486,-102.7619,0.8079
12208,0.6345,-0.0835,0.5044,4.1437,-29.173,-7.6148,-46.3916,-22.2108,-102.8914,0.8149
12225,0.6545,-0.0857,0.5378,-1.3601,-25.0814,-5.3858,-46.5676,-22.0938,-102.983,0.8515
12241,0.6785,-0.0928,0.5732,-3.2303,-21.8982,-5.8744,-46.7321,-21.9141,-103.0769,0.893
12258,0.6746,-0.0945,0.5911,-2.4059,-19.9592,-6.5767,-46.8387,-21.7265,-103.1887,0.9018
12275,0.6768,-0.0789,0.6057,-1.1464,-18.5852,-6.4774,-46.9011,-21.4575,-103.2989,0.9117
12332,0.6404,-0.0452,0.5686,7.2811,-12.9363,-6.9431,-46.559,-21.4887,-103.6946,0.8576
12349,0.6016,-0.0186,0.5547,7.5559,-17.8066,-9.4469,-46.4655,-20.9964,-103.8552,0.8185
12365,0.6121,-0.0215,0.5598,5.388,-19.2722,-9.6377,-46.4254,-20.5405,-104.0094,0.8297
12382,0.627,-0.032,0.5732,3.9071,-13.547,-6.2866,-46.4054,-20.0677,-104.1163,0.8501
12399,0.6514,-0.0305,0.5854,2.5788,-5.2111,-2.5385,-46.4275,-19.4694,-104.1594,0.8763
12416,0.666,-0.0288,0.6201,1.7086,-0.4402,-1.5767,-46.4231,-18.8042,-104.1862,0.9105
12473,0.7458,-0.0706,0.7832,11.1513,-10.715,-2.508,-45.6954,-18.8443,-104.3292,1.0838
12489,0.7773,-0.1152,0.8306,14.5025,-6.1043,-4.4164,-45.3581,-18.5002,-104.3999,1.1434
12506,0.8,-0.1592,0.8325,5.9758,-1.1959,-8.7141,-45.1801,-18.2127,-104.548,1.1655
12523,0.8142,-0.2002,0.8589,-17.8258,-1.1119,-19.2866,-45.3724,-18.0272,-104.8759,1.2003
12539,0.7964,-0.2627,0.9707,-51.0853,-3.8218,-28.6454,-45.8772,-17.9705,-105.3342,1.2828
12557,0.7727,-0.2815,1.1572,-66.9326,1.3003,-18.6225,-46.5177,-17.7761,-105.6694,1.4197
12613,0.7729,-0.1702,0.8677,48.9376,30.0484,3.7668,-43.6725,-15.8935,-105.4585,1.1744
12630,0.7043,-0.1003,0.5906,51.0216,29.9339,0.2477,-43.0777,-15.1549,-105.4542,0.9246
12647,0.6284,-0.0784,0.4653,33.3651,28.4148,1.6065,-42.934,-14.4674,-105.4269,0.7859
12663,0.5715,-0.0999,0.4724,11.075,23.9721,4.5836,-43.0388,-13.9979,-105.3536,0.7482
12681,0.5684,-0.1396,0.5725,-5.1006,14.8728,8.347,-43.1639,-13.7293,-105.2033,0.8187
12697,0.582,-0.187,0.6921,-7.1006,6.1476,6.1867,-43.1092,-13.6905,-105.1044,0.9235
12753,0.5176,-0.2131,0.7344,2.2887,-2.6921,5.7974,-42.6255,-13.9349,-104.7797,0.9234
12771,0.5273,-0.2036,0.7107,4.9834,-3.9745,8.1943,-42.2544,-14.0857,-104.6322,0.9081
12787,0.5334,-0.1709,0.6938,9.5483,-7.3638,5.3546,-41.8873,-14.1889,-104.5465,0.8917
12804,0.5447,-0.155,0.6533,12.5254,-9.9745,-0.0805,-41.5693,-14.318,-104.5479,0.8646
12821,0.5393,-0.1409,0.6143,8.2582,-9.3715,-3.0576,-41.394,-14.4149,-104.5999,0.8295
12837,0.51,-0.1226,0.5959,-0.4517,-7.3791,-4.3629,-41.344,-14.4165,-104.6697,0.7939
12894,0.5061,-0.1108,0.7158,-6.1693,-17.2722,-9.821,-41.4255,-15.1371,-105.2295,0.8836
12911,0.5056,-0.0889,0.7085,-4.7876,-13.8447,-8.5385,-41.2587,-15.0435,-105.3746,0.8749
12928,0.5039,-0.0698,0.6987,-5.7494,-10.5547,-5.8515,-41.1287,-14.8423,-105.4741,0.8643
12945,0.4927,-0.0515,0.698,-5.7265,-12.0127,-5.7217,-40.9828,-14.6135,-105.5714,0.8559
12961,0.51,-0.0381,0.709,-3.551,-16.7989,-7.882,-40.8256,-14.41,-105.6975,0.8742
12978,0.5215,-0.0305,0.7136,-1.78,-20.2417,-10.4164,-40.6669,-14.2618,-105.8746,0.8844
13035,0.6179,-0.1292,0.8169,-4.238,-29.9134,1.0111,-40.7428,-15.6876,-105.8169,1.0324
13051,0.6511,-0.1624,0.8386,3.7162,-35.3867,10.7134,-40.5487,-16.0419,-105.6455,1.0741
13069,0.759,-0.1975,0.8601,18.4719,-45.9669,18.9195,-40.2355,-16.7118,-105.305,1.164
13085,0.8967,-0.1929,0.8115,37.1437,-56.0356,13.7134,-39.9384,-17.4388,-105.0856,1.2247
13103,0.8975,-0.1284,0.7495,33.2277,-58.6997,-7.2026,-39.7557,-18.1445,-105.2152,1.1763
13119,0.8337,-0.1101,0.7388,4.6857,-45.5241,-14.4011,-40.0192,-18.4571,-105.4456,1.1194
13175,0.6731,-0.324,1.1545,-50.9021,-6.3333,-21.8897,-42.3272,-18.6862,-106.6714,1.3751
13193,0.6973,-0.2817,1.1309,-22.7342,-1.2035,-9.9965,-42.2626,-18.5192,-106.8514,1.3581
13209,0.7271,-0.2068,0.9314,14.4872,1.1705,-6.9049,-41.8419,-18.2611,-106.9619,1.1995
13227,0.7046,-0.1357,0.6882,31.7468,-1.2798,-12.4774,-41.4247,-17.9991,-107.1865,0.9943
13243,0.6582,-0.1045,0.5215,22.5712,-4.9058,-18.3171,-41.4635,-17.8077,-107.4795,0.8462
13259,0.6228,-0.1257,0.4814,0.7162,-8.7302,-19.0881,-41.849,-17.815,-107.7849,0.7972
13317,0.6389,-0.2227,0.7905,-0.612,-21.6539,-22.8057,-41.7244,-18.9373,-109.1077,1.0405
13333,0.6086,-0.1785,0.7036,7.701,-8.1577,-23.653,-41.5363,-18.8744,-109.4861,0.9473
13350,0.5923,-0.1431,0.5991,7.5559,5.2163,-20.1187,-41.5066,-18.5715,-109.8281,0.8545
13367,0.5588,-0.0984,0.53,4.8765,10.3843,-15.6683,-41.608,-18.0798,-110.0945,0.7765
13383,0.5374,-0.082,0.5098,2.8307,5.1858,-11.6377,-41.7459,-17.6426,-110.2807,0.7452
13401,0.541,-0.0935,0.5303,4.0597,-4.3944,-9.0423,-41.8114,-17.4129,-110.4435,0.7633
13457,0.5835,-0.0564,0.5786,4.0292,-17.0356,-1.7828,-41.7265,-17.8548,-110.5433,0.8237
13473,0.6028,-0.0696,0.5986,5.8231,-13.8295,-0.6988,-41.7682,-17.6183,-110.5545,0.8524
13491,0.603,-0.075,0.5952,7.7086,-10.0814,0.4157,-41.7702,-17.3748,-110.547,0.8506
13507,0.5955,-0.0728,0.5603,6.6628,-6.1501,3.4462,-41.8572,-17.0702,-110.4919,0.8209
13524,0.5798,-0.0525,0.5498,2.4414,-4.8905,6.9653,-41.9988,-16.6854,-110.3735,0.8008
13541,0.5847,-0.04,0.5764,-0.8639,-7.8142,8.0951,-42.1466,-16.3044,-110.2358,0.822
13597,0.6404,-0.0393,0.6736,-0.5815,4.6209,1.0722,-42.2321,-15.5374,-110.1758,0.9302
13615,0.6228,-0.043,0.696,-2.78,10.3995,2.2859,-42.2616,-14.8775,-110.1347,0.935
13631,0.604,-0.0564,0.7336,-2.5357,11.8957,5.3775,-42.1853,-14.2755,-110.0486,0.952
13647,0.6182,-0.0618,0.7769,3.4796,10.4988,5.7287,-41.9813,-13.7251,-109.957,0.9947
13665,0.6335,-0.0596,0.7773,13.2353,9.4606,3.6981,-41.6373,-13.1879,-109.8904,1.0046
13681,0.6204,-0.0313,0.7622,17.3193,11.3995,6.5531,-41.2705,-12.5792,-109.7855,0.9833
13739,0.6482,-0.1101,0.7756,20.2353,11.0942,-2.653,-40.0772,-11.7815,-109.9394,1.0168
13755,0.5605,-0.1521,0.8467,-9.6044,8.9339,-13.9202,-39.9452,-11.5804,-110.1621,1.0267
13771,0.5161,-0.2078,1.0342,-32.9479,13.5369,-4.0652,-39.8963,-11.3636,-110.2272,1.1743
13789,0.5049,-0.2649,1.2192,-25.9784,24.1018,17.1332,-39.6306,-10.9829,-109.9188,1.346
13805,0.5583,-0.2495,1.2271,10.8689,30.3995,28.805,-38.8398,-10.5364,-109.4579,1.371
13822,0.5786,-0.1763,0.9888,45.8994,29.3843,26.5073,-37.7349,-10.0397,-109.0073,1.1591
13879,0.4543,-0.0981,0.7324,-2.0395,10.7812,-5.4545,-37.6005,-9.3534,-109.3182,0.8675
13896,0.4319,-0.2,0.9094,-8.2685,5.9339,-5.3858,-37.2268,-9.3785,-109.4098,1.0264
13913,0.4275,-0.2539,0.9785,1.0521,4.0866,0.721,-36.6374,-9.5185,-109.3975,1.0976
13929,0.4248,-0.2429,0.9514,16.5406,3.0713,7.5989,-35.8536,-9.6635,-109.2759,1.0699
13946,0.4231,-0.1924,0.8464,24.7849,1.1934,12.1714,-35.0544,-9.7697,-109.069,0.9656
13963,0.4326,-0.1365,0.7356,22.6704,0.7583,14.0416,-34.4838,-9.7869,-108.8303,0.8642
14019,0.4526,-0.1113,0.7888,5.762,-14.9592,8.8279,-33.9789,-10.521,-108.3359,0.9162
14036,0.4587,-0.1194,0.8213,6.0903,-17.631,3.7974,-33.6776,-10.7187,-108.2714,0.9483
14053,0.4656,-0.1279,0.8511,4.5635,-17.3867,-0.34,-33.3925,-10.9157,-108.2772,0.9785
14070,0.4661,-0.1406,0.8667,2.3269,-16.0737,-3.3171,-33.1372,-11.11,-108.3335,0.9941
14087,0.4604,-0.1743,0.8694,-0.0853,-16.1501,-3.0652,-32.9108,-11.3827,-108.3857,0.9991
14103,0.4744,-0.1936,0.8853,-0.6426,-17.7226,-1.2026,-32.7095,-11.6931,-108.4049,1.0228
14160,0.5242,-0.1479,0.8618,5.4185,-31.0508,-12.279,-32.3422,-13.3141,-109.1048,1.0195
14177,0.5156,-0.1436,0.8462,3.6017,-26.2951,-16.9813,-32.2296,-13.5958,-109.3935,1.0013
14194,0.4993,-0.1509,0.843,-0.238,-22.3027,-19.2179,-32.1539,-13.8218,-109.7202,0.9913
14211,0.4983,-0.1438,0.8437,-1.2456,-21.9211,-21.9965,-32.0964,-14.0136,-110.0941,0.9904
14227,0.4805,-0.1301,0.8296,-3.7265,-21.8524,-24.6606,-32.0608,-14.1453,-110.4887,0.9675
14244,0.4485,-0.116,0.8298,-9.9021,-19.1119,-23.4011,-32.0663,-14.2096,-110.8865,0.9504
14301,0.4397,-0.0818,0.7771,-9.0624,-18.6234,-9.966,-32.4542,-14.9006,-111.4546,0.8966
14318,0.4529,-0.0642,0.7441,-13.3677,-17.7302,-4.0118,-32.6234,-14.7912,-111.5228,0.8735
14334,0.4846,-0.0576,0.7493,-17.4135,-15.3486,-0.2561,-32.8987,-14.6112,-111.5269,0.8942
14351,0.4968,-0.0415,0.7759,-17.7723,-12.2264,-0.882,-33.1766,-14.3487,-111.5419,0.9223
14368,0.5015,-0.0554,0.8079,-18.6884,-7.9363,-2.279,-33.4253,-14.0613,-111.5806,0.9525
14385,0.502,-0.0522,0.8254,-18.6349,-3.0203,-2.3553,-33.6425,-13.693,-111.6206,0.9675
14442,0.4915,-0.0378,0.7615,-5.1693,-10.2646,-5.4316,-33.8919,-13.8208,-111.9302,0.9071
14458,0.5122,-0.0183,0.741,-5.7571,-16.3333,-5.5919,-34.0105,-13.5754,-112.0197,0.901
14475,0.5286,-0.0215,0.7693,-7.1235,-19.9134,-7.3248,-34.1457,-13.4214,-112.1442,0.9336
14492,0.5444,-0.0295,0.7839,-8.3754,-19.1577,-8.4545,-34.3069,-13.2835,-112.288,0.9549
14509,0.5566,-0.0552,0.8088,-8.1158,-15.0203,-7.8973,-34.446,-13.1534,-112.4222,0.9834
14526,0.5613,-0.0554,0.8157,-5.6731,-13.1424,-8.2866,-34.5396,-12.9972,-112.5631,0.9917
14582,0.5552,-0.0481,0.7761,-7.6349,-13.3715,-11.2255,-34.9895,-13.338,-113.1917,0.9555
14599,0.5417,-0.0569,0.7913,-8.8105,-15.1348,-11.7904,-35.1069,-13.216,-113.3922,0.9606
14616,0.54,-0.0679,0.8059,-10.0319,-15.7989,-11.3095,-35.2156,-13.1377,-113.5844,0.9725
14632,0.5315,-0.083,0.8113,-12.7647,-15.6157,-10.1492,-35.3268,-13.0858,-113.7468,0.9734
14650,0.5325,-0.1028,0.8481,-12.4059,-11.7608,-9.2332,-35.4054,-13.042,-113.913,1.0067
14666,0.4968,-0.1064,0.8335,-9.5281,-7.173,-9.9965,-35.3593,-12.9216,-114.0729,0.9762
14723,0.4717,-0.0872,0.7383,-2.841,-3.5089,-2.3935,-35.3962,-12.866,-114.2094,0.8804
14740,0.4736,-0.0588,0.7212,-5.3525,-9.5852,-2.0576,-35.396,-12.6944,-114.2444,0.8648
14756,0.4695,-0.0598,0.7383,-10.6349,-15.5928,0.5684,-35.4382,-12.6114,-114.2353,0.877
14774,0.5132,-0.062,0.7839,-14.4212,-18.3256,3.4004,-35.595,-12.6045,-114.174,0.939
14790,0.5286,-0.061,0.824,-14.612,-19.4249,5.2783,-35.7,-12.5682,-114.0896,0.9808
14807,0.5537,-0.0562,0.8308,-13.2303,-21.3715,5.492,-35.8328,-12.5689,-113.9962,1.0
14864,0.5923,-0.0476,0.8408,-7.4365,-8.944,-9.0423,-36.2111,-12.6852,-114.5116,1.0296
14880,0.5779,-0.0518,0.8357,-7.9555,-5.2951,-12.0652,-36.2694,-12.4008,-114.7047,1.0174
14898,0.5581,-0.0527,0.8367,-5.0853,-6.9363,-16.1568,-36.2526,-12.1689,-114.9955,1.0071
14914,0.5466,-0.042,0.823,-4.0624,-8.6081,-19.2026,-36.2072,-11.9312,-115.3028,0.9889
14930,0.5186,-0.0552,0.8369,-5.5586,-8.486,-17.8744,-36.1134,-11.7352,-115.5887,0.9861
14948,0.5322,-0.0762,0.8486,-5.551,-8.3256,-14.7523,-36.0444,-11.6148,-115.8543,1.0046
15004,0.5227,-0.0681,0.7795,-1.1158,-6.0508,-22.3782,-36.0123,-11.6753,-117.1075,0.941
15022,0.5024,-0.0828,0.7734,-3.8639,-2.0203,-20.4316,-35.953,-11.4875,-117.4752,0.926
15038,0.4939,-0.0803,0.8032,-2.8029,-3.3104,-18.4087,-35.8163,-11.3073,-117.7698,0.9463
15054,0.4924,-0.0627,0.7993,1.4567,-8.7608,-17.4011,-35.6236,-11.1691,-118.0482,0.9409
15072,0.4961,-0.0671,0.7859,1.4032,-13.6005,-13.966,-35.4611,-11.1526,-118.2996,0.9318
15088,0.4944,-0.0713,0.8015,-0.4975,-15.4173,-9.0423,-35.3129,-11.1466,-118.4443,0.9444
15145,0.5513,-0.0925,0.8105,-0.4288,-20.9058,-5.5843,-35.2858,-12.1052,-118.7626,0.9846
15162,0.5466,-0.075,0.7927,0.0063,-20.1577,-7.0423,-35.2531,-12.1661,-118.8823,0.9658
15178,0.5364,-0.0476,0.7869,-0.8258,-18.7455,-9.7981,-35.2249,-12.1058,-119.0391,0.9535
15196,0.533,-0.05,0.7883,-2.9708,-17.4554,-13.5996,-35.2275,-12.0685,-119.2838,0.9529
15212,0.5251,-0.0554,0.7722,-5.5204,-15.5699,-16.0729,-35.2692,-11.9891,-119.541,0.9355
15229,0.5193,-0.0652,0.8105,-5.3448,-13.6615,-16.2408,-35.2482,-11.9165,-119.8171,0.9648
15286,0.5144,-0.0706,0.7881,1.4414,-15.2798,-14.9431,-35.0805,-12.4806,-120.6689,0.9438
15302,0.5093,-0.0598,0.7664,-0.467,-15.4173,-13.8591,-35.0255,-12.3967,-120.8906,0.9221
15320,0.5029,-0.0583,0.7825,-1.3525,-14.5165,-12.6912,-34.9542,-12.3222,-121.119,0.932
15336,0.4917,-0.0693,0.7905,-1.6807,-15.318,-9.3629,-34.8531,-12.2651,-121.2689,0.9335
15353,0.5005,-0.0598,0.7822,-1.5281,-17.7531,-5.3782,-34.7854,-12.2392,-121.3603,0.9306
15370,0.5281,-0.0366,0.7649,-1.3906,-20.8676,-4.34,-34.8003,-12.1998,-121.4341,0.9302
15426,0.5493,-0.0259,0.8528,-0.8181,-15.4554,-11.1568,-34.7633,-12.6122,-122.0589,1.0147
15443,0.5347,-0.0256,0.8848,4.9681,-10.402,-13.6301,-34.537,-12.3439,-122.2906,1.0341
15460,0.5183,-0.0437,0.8845,9.5712,-5.2188,-13.7065,-34.2129,-12.0484,-122.5236,1.0261
15477,0.4934,-0.0349,0.8508,13.3727,-3.2951,-10.4011,-33.8297,-11.7142,-122.7004,0.9842
15494,0.467,-0.0051,0.811,13.1971,-6.6386,-5.8744,-33.4586,-11.3685,-122.8003,0.9359
15510,0.4631,0.0234,0.7805,12.1513,-10.9287,-2.3553,-33.1605,-11.0128,-122.8379,0.9079
15567,0.5393,0.0286,0.7922,13.8307,-19.6081,8.8432,-32.4463,-11.5627,-122.3339,0.9588
15584,0.5669,0.0515,0.7683,14.9376,-16.9898,7.5226,-32.3591,-11.224,-122.206,0.9562
15601,0.5547,0.0742,0.7197,9.93,-9.5165,5.8432,-32.4017,-10.6949,-122.1067,0.9117
15618,0.5359,0.0686,0.7307,2.991,-2.9821,3.7363,-32.5022,-10.1012,-122.0431,0.9087
15634,0.5203,0.0505,0.7605,0.533,-1.6539,3.0951,-32.5667,-9.5705,-121.9936,0.9228
15651,0.5005,0.0308,0.7996,1.6628,-5.1577,6.0951,-32.5179,-9.1837,-121.89,0.9438
15708,0.5176,0.012,0.7871,2.6475,-12.8295,16.0416,-32.4053,-9.4835,-120.9756,0.9421
15724,0.512,0.0085,0.8142,2.2506,-14.0737,17.6447,-32.3609,-9.2963,-120.6933,0.9618
15741,0.5247,0.0007,0.8215,3.9147,-14.7608,18.9424,-32.3051,-9.1633,-120.3713,0.9748
15758,0.5422,0.0005,0.8154,5.5712,-14.9363,20.4081,-32.2669,-9.0392,-120.0244,0.9793
15775,0.5461,0.0042,0.8062,7.0445,-15.3104,20.3241,-32.2259,-8.9157,-119.6788,0.9737
15792,0.5554,0.0239,0.781,6.7849,-16.5547,17.263,-32.2424,-8.759,-119.3854,0.9587
15848,0.5273,-0.0156,0.8167,-0.7113,-13.7531,17.3317,-32.3048,-9.1919,-118.4148,0.9722
15865,0.5249,-0.0276,0.8303,2.449,-18.6539,19.3699,-32.2641,-9.2048,-118.0855,0.9827
15882,0.5359,-0.0217,0.8545,8.6552,-22.0585,20.7668,-32.1156,-9.2548,-117.7325,1.0089
15898,0.5457,-0.0139,0.8391,14.2124,-22.2035,19.5836,-31.934,-9.2637,-117.4191,1.001
15916,0.5447,-0.0046,0.801,14.9529,-18.1348,17.0569,-31.7668,-9.2198,-117.1121,0.9687
15932,0.5337,-0.0061,0.7717,12.0597,-12.5089,15.8584,-31.6975,-9.0612,-116.8584,0.9383
15989,0.4958,-0.0051,0.7632,8.93,-15.1806,20.9348,-31.2614,-9.5449,-115.6651,0.9101
16006,0.5068,0.0032,0.7542,6.7697,-17.8676,23.1256,-31.2566,-9.445,-115.272,0.9086
16022,0.5132,-0.0085,0.7849,5.4643,-18.6539,24.1714,-31.2494,-9.3787,-114.8852,0.9378
16039,0.5229,-0.0354,0.7942,6.5941,-14.9669,25.7287,-31.2253,-9.3499,-114.4478,0.9516
16056,0.5225,-0.04,0.7979,8.617,-12.8371,26.3165,-31.1631,-9.3003,-114.0005,0.9545
16073,0.5256,-0.0417,0.7725,9.22,-14.547,26.0645,-31.1339,-9.2895,-113.5574,0.9353
16130,0.5232,-0.0654,0.8032,2.0597,-6.1424,14.9195,-31.0956,-9.4403,-112.7069,0.9608
16146,0.5039,-0.0674,0.8018,0.4338,-2.3409,15.0264,-31.1274,-9.2908,-112.4665,0.9494
16163,0.4814,-0.0603,0.813,-0.5739,-2.9516,15.7439,-31.1143,-9.137,-112.1989,0.9468
16180,0.4763,-0.051,0.811,-1.5968,-6.4096,17.9119,-31.1108,-9.0201,-111.8944,0.9419
16197,0.4819,-0.0425,0.8071,-1.4746,-11.4936,20.5913,-31.1227,-8.9674,-111.5443,0.941
16214,0.5225,-0.0513,0.8337,0.4872,-14.8295,21.9119,-31.1508,-8.9915,-111.1718,0.9852
16270,0.5779,-0.0688,0.822,2.3193,-6.318,13.1943,-31.1806,-9.163,-110.4329,1.0072
16287,0.5676,-0.0674,0.803,3.5025,-9.1348,11.1332,-31.2827,-9.1374,-110.2437,0.9857
16304,0.5847,-0.0579,0.7795,3.5941,-14.715,8.2096,-31.4446,-9.1819,-110.1041,0.9762
16320,0.6121,-0.0662,0.7756,1.7773,-18.2035,4.6371,-31.6866,-9.2892,-110.0299,0.9903
16337,0.6379,-0.0845,0.7993,1.4948,-17.6615,0.2248,-31.9323,-9.4472,-110.0261,1.0262
16354,0.6436,-0.0845,0.8052,2.9834,-15.0203,-4.7981,-32.1456,-9.554,-110.1076,1.0342
16411,0.573,-0.0906,0.835,9.4261,-13.2798,-9.1797,-31.7161,-10.1462,-110.6309,1.0167
16428,0.5825,-0.0525,0.8149,13.0903,-19.0279,-10.7217,-31.6539,-10.1983,-110.8132,1.0031
16444,0.6001,-0.0447,0.7747,11.388,-23.3409,-13.6683,-31.7215,-10.2809,-111.0318,0.9809
16461,0.6067,-0.0381,0.7825,7.3727,-20.631,-14.2713,-31.8425,-10.3178,-111.2745,0.9908
16478,0.5962,-0.0337,0.7856,4.0368,-16.9134,-16.2408,-31.9897,-10.2794,-111.5506,0.9868
16494,0.5835,-0.0298,0.7764,2.7468,-13.631,-17.3477,-32.1442,-10.1654,-111.8281,0.9716
16551,0.5203,-0.0239,0.7622,-5.1006,-18.173,-19.6835,-32.5097,-10.8252,-112.9501,0.9232
16568,0.5203,-0.0569,0.7922,-8.1082,-16.4783,-17.9813,-32.6706,-10.8254,-113.2558,0.9495
16585,0.5249,-0.0732,0.8264,-8.1464,-11.9287,-13.9202,-32.7896,-10.7896,-113.4924,0.9818
16602,0.5181,-0.0579,0.822,-5.3601,-8.9058,-9.0958,-32.8517,-10.6644,-113.647,0.9734
16619,0.5171,-0.0283,0.7852,-3.4059,-8.7226,-4.7675,-32.9273,-10.4628,-113.7281,0.9406
16635,0.5168,-0.0164,0.7561,-2.8792,-8.8905,-0.882,-33.0284,-10.2304,-113.7422,0.916
16692,0.5254,-0.0022,0.7283,-8.4135,-16.0203,11.034,-33.5999,-10.7048,-113.1133,0.898
16709,0.5422,0.0161,0.7471,-9.6273,-17.3715,11.0798,-33.8517,-10.5107,-112.9249,0.9233
16726,0.543,0.0295,0.7617,-12.7494,-15.3867,9.5836,-34.1242,-10.2525,-112.762,0.9359
16742,0.5383,0.0107,0.7769,-15.3677,-12.8371,8.5302,-34.384,-10.0079,-112.6255,0.9452
16759,0.5603,-0.0149,0.8027,-14.0853,-11.5012,8.8661,-34.6349,-9.8378,-112.4748,0.9791
16776,0.5789,-0.0112,0.812,-8.7494,-14.1806,8.8584,-34.8115,-9.7074,-112.3242,0.9973
16833,0.6074,0.0085,0.7405,-12.1387,-13.9898,-0.737,-35.6577,-10.0582,-112.3662,0.9578
16849,0.6038,-0.0161,0.7554,-12.9632,-13.7226,-2.6225,-35.9757,-9.9155,-112.4081,0.9671
16866,0.6028,-0.0249,0.7764,-10.9861,-13.2951,-3.7141,-36.2284,-9.8094,-112.4713,0.9832
16883,0.5825,-0.0142,0.7727,-8.925,-13.2646,-3.8973,-36.4052,-9.6755,-112.5375,0.9678
16900,0.5725,-0.0046,0.7661,-8.299,-12.8829,-3.7523,-36.5552,-9.5126,-112.6013,0.9564
16917,0.5598,-0.0002,0.7742,-8.0395,-10.7989,-3.7599,-36.6591,-9.309,-112.6652,0.9554
16973,0.5217,0.0005,0.7478,-8.5586,-12.1195,-0.5538,-37.0489,-9.5867,-112.6963,0.9118
16990,0.5225,0.0056,0.7544,-8.1082,-12.8905,-2.4316,-37.0875,-9.3966,-112.7376,0.9177
17007,0.5142,0.0161,0.7859,-6.9326,-9.6844,-7.569,-37.0447,-9.1318,-112.8663,0.9393
17024,0.4976,0.012,0.79,-4.5204,-3.6692,-14.1187,-36.9246,-8.7917,-113.1063,0.9337
17040,0.5149,-0.0012,0.7407,-2.4059,1.5751,-20.3095,-36.8768,-8.4196,-113.4312,0.9021
17057,0.5095,0.0076,0.6628,-2.6655,6.4377,-22.3706,-36.9471,-7.9516,-113.8115,0.8361
17114,0.5447,0.0205,0.6692,-14.2914,1.9492,-31.3935,-37.8164,-7.4566,-115.601,0.8631
17131,0.5513,0.0239,0.7075,-17.6884,5.9034,-29.3477,-38.1088,-6.9846,-116.0999,0.8972
17147,0.5508,0.0159,0.7534,-20.1082,8.7889,-27.6072,-38.3398,-6.5219,-116.5416,0.9334
17164,0.5637,-0.0374,0.8054,-20.5662,9.056,-22.4622,-38.5402,-6.2195,-116.9235,0.9838
17181,0.5923,-0.0635,0.8552,-12.1311,4.4606,-15.7981,-38.5818,-6.0677,-117.192,1.0422
17198,0.6042,-0.0405,0.8699,1.3956,-4.7226,-11.7675,-38.406,-6.0087,-117.3921,1.0599
17254,0.6147,-0.1392,0.8723,-23.0242,8.5064,-24.2484,-39.501,-5.6736,-118.75,1.0762
17271,0.5916,-0.2078,0.9573,-40.6426,12.995,-25.1874,-39.8293,-5.7244,-119.1782,1.1443
17288,0.5493,-0.2285,1.0483,-54.6731,10.1324,-16.3706,-40.2128,-5.822,-119.4565,1.2054
17305,0.5544,-0.1724,1.1418,-51.4594,1.1629,-5.6988,-40.47,-5.9135,-119.5534,1.281
17321,0.5957,-0.1143,1.1829,-32.9326,-7.0661,-7.7904,-40.422,-6.0062,-119.678,1.3293
17338,0.6423,-0.0754,1.0759,-14.5815,-0.9516,-20.0576,-40.2741,-5.9419,-120.019,1.2554
17395,0.4248,-0.1382,0.6028,-21.9326,43.9721,-61.424,-41.2428,-3.8145,-123.5202,0.7503
17412,0.3025,-0.1729,0.6089,-36.5815,32.1782,-53.0042,-41.2118,-3.7707,-124.4212,0.7015
17429,0.2607,-0.2007,0.718,-41.467,15.4453,-37.9126,-41.0111,-3.9924,-125.0657,0.7898
17445,0.3005,-0.2012,0.8521,-33.0548,-3.2875,-22.8897,-40.6363,-4.4146,-125.432,0.9256
17462,0.3494,-0.1555,0.8818,-15.9326,-16.2493,-16.3324,-40.1234,-4.9033,-125.7096,0.9612
17479,0.3713,-0.0964,0.8298,-8.9097,-18.173,-15.3629,-39.6225,-5.2689,-125.9708,0.9142
17536,0.3589,-0.178,0.874,-6.8945,-12.86,-15.0118,-39.2915,-6.2222,-126.8265,0.9615
17553,0.3774,-0.1946,0.8679,-3.6884,-21.089,-14.8897,-38.6998,-6.823,-127.0796,0.9662
17569,0.4067,-0.1938,0.8777,-2.925,-24.6005,-15.5003,-38.1706,-7.4261,-127.3276,0.9866
17586,0.4185,-0.1919,0.8945,-2.696,-19.486,-16.4774,-37.671,-7.9314,-127.6077,1.006
17603,0.4163,-0.177,0.8972,-2.1845,-11.0814,-16.8057,-37.1787,-8.2413,-127.8934,1.0048
17619,0.4121,-0.1689,0.8879,-1.3906,-5.2951,-16.8668,-36.6934,-8.4239,-128.1633,0.9934
17677,0.4023,-0.1492,0.8225,-5.0471,-7.7913,-13.4087,-36.5347,-8.932,-128.941,0.9277
17693,0.3882,-0.1567,0.824,-6.8029,-9.0814,-9.3858,-36.1712,-9.145,-129.0912,0.9242
17710,0.3801,-0.1379,0.8494,-7.2227,-8.6615,-4.821,-35.7956,-9.2895,-129.1731,0.9407
17727,0.3813,-0.135,0.8508,-8.0624,-7.8295,0.2096,-35.4505,-9.4064,-129.1696,0.9421
17743,0.3938,-0.1223,0.8447,-9.3525,-9.86,3.1409,-35.1668,-9.5111,-129.1193,0.94
17761,0.4001,-0.1121,0.842,-10.07,-13.4249,4.034,-34.9431,-9.6659,-129.0467,0.939
17817,0.3979,-0.1187,0.8989,-4.9555,-2.7226,5.3317,-34.7596,-9.7264,-128.7481,0.9902
17833,0.3914,-0.1179,0.8748,-3.925,-0.9516,7.5455,-34.386,-9.6591,-128.6274,0.9655
17851,0.3872,-0.1003,0.8459,-0.8716,-4.8753,8.6371,-34.0033,-9.6275,-128.4719,0.9357
17867,0.3857,-0.0876,0.8433,1.4185,-8.9974,10.7439,-33.6,-9.618,-128.3,0.9314
17884,0.3735,-0.0779,0.8413,1.846,-11.6463,13.1485,-33.1799,-9.6349,-128.0765,0.9238
17901,0.3748,-0.0696,0.8738,3.6552,-13.6081,13.3317,-32.719,-9.6537,-127.8499,0.9533
17957,0.3364,-0.0354,0.8494,23.6246,-5.0508,11.6752,-31.0038,-9.6345,-127.196,0.9143
17975,0.3442,-0.0325,0.804,24.1513,-3.5012,11.3317,-30.2728,-9.4022,-126.9921,0.8752
17991,0.3269,-0.0378,0.7639,21.4719,-5.4325,12.5149,-29.6578,-9.223,-126.7918,0.8318
18008,0.3279,-0.0371,0.7761,15.2811,-10.486,14.1027,-29.1372,-9.1347,-126.5521,0.8434
18025,0.3291,-0.0542,0.8149,7.4032,-13.2264,16.6829,-28.7288,-9.1373,-126.2685,0.8806
18041,0.3296,-0.1067,0.8904,1.6628,-12.715,20.1867,-28.3613,-9.2405,-125.9455,0.9554
18099,0.4319,-0.1455,0.9238,9.8384,-15.6844,23.7287,-27.6706,-10.1022,-124.5692,1.0301
18115,0.4453,-0.1316,0.8743,7.5559,-11.2875,21.6142,-27.517,-10.2139,-124.2234,0.9899
18131,0.4287,-0.1277,0.8281,1.9071,-11.8447,20.6294,-27.4709,-10.3378,-123.8933,0.9412
18149,0.3933,-0.125,0.8086,-3.9174,-21.6005,20.6829,-27.4667,-10.6491,-123.521,0.9078
18165,0.4077,-0.155,0.8542,-4.7723,-33.1501,22.9729,-27.4475,-11.1438,-123.1535,0.9592
18182,0.4558,-0.155,0.8572,3.1284,-41.5623,21.5913,-27.4034,-11.7864,-122.7864,0.9831
18239,0.4934,-0.0356,0.6653,-5.4135,-31.547,-2.653,-28.0645,-13.1639,-122.9376,0.8291
18255,0.4258,-0.0576,0.7109,-20.6426,-29.0661,-6.4316,-28.4924,-13.2691,-123.0405,0.8307
18273,0.384,-0.1042,0.842,-25.0624,-33.0661,-7.7141,-28.7598,-13.592,-123.1794,0.9313
18289,0.3748,-0.1292,0.928,-20.5433,-37.6081,-6.9278,-28.797,-13.9429,-123.2902,1.0091
18307,0.3936,-0.1262,0.9651,-12.6731,-39.6463,-3.2026,-28.7448,-14.3683,-123.3479,1.0499
18323,0.4304,-0.0859,0.9353,-5.4517,-40.9821,-2.4851,-28.6635,-14.6331,-123.3877,1.0332
18379,0.5127,-0.0884,0.8955,-8.9403,-56.4402,-17.2408,-29.1845,-17.3074,-124.3531,1.0357
18397,0.5464,-0.1753,0.9312,-10.4212,-70.8218,-10.1721,-29.396,-18.2654,-124.5362,1.0938
18413,0.6509,-0.2664,0.9771,-5.3906,-87.9898,-7.4469,-29.6121,-19.4963,-124.6554,1.2038
18430,0.7554,-0.3242,1.0127,-6.4823,-98.9669,-27.6683,-29.949,-21.0417,-125.1258,1.3043
18447,0.7393,-0.3477,1.115,-19.9174,-84.0203,-56.9965,-30.3694,-22.2639,-126.0947,1.3822
18463,0.6877,-0.3396,1.1736,-34.299,-40.7302,-60.0958,-30.8565,-22.6445,-127.0562,1.402
18521,0.5571,-0.1748,0.7173,8.0216,25.2392,18.1943,-30.6572,-20.8813,-126.001,0.9249
18537,0.5728,-0.1118,0.5488,17.9681,-15.234,20.1714,-30.9805,-20.7406,-125.6782,0.8011
18554,0.6045,-0.0752,0.4551,17.7162,-44.86,17.2935,-31.5584,-21.0184,-125.3842,0.7604
18571,0.6318,-0.0779,0.4656,6.7849,-53.3638,10.7821,-32.3148,-21.4284,-125.2009,0.7887
18587,0.6555,-0.1255,0.5664,-4.551,-43.9898,1.4844,-33.0317,-21.7467,-125.1772,0.8754
18605,0.6707,-0.1663,0.6755,-5.0242,-27.2035,-11.0118,-33.5553,-21.8999,-125.3754,0.9663
18661,0.5583,-0.1277,0.5237,12.4643,6.7354,-50.1339,-33.3833,-21.21,-128.1829,0.7761
18678,0.5022,-0.1392,0.5193,6.0597,2.2621,-49.195,-33.6711,-20.9247,-129.0192,0.7357
18695,0.4744,-0.1643,0.5945,2.1284,-4.8218,-41.4087,-33.7921,-20.7844,-129.7231,0.7781
18711,0.4819,-0.1848,0.6436,3.0216,-10.2951,-31.3248,-33.8238,-20.7521,-130.2243,0.825
18728,0.5142,-0.1553,0.6611,6.3727,-12.0508,-22.9431,-33.852,-20.6473,-130.6144,0.8518
18745,0.5288,-0.1262,0.6428,6.8536,-15.318,-16.7446,-33.9425,-20.5158,-130.899,0.8419
18802,0.6033,-0.1521,0.7058,3.5941,-16.1119,-8.9584,-33.9833,-21.0633,-131.4096,0.9409
18819,0.5798,-0.1584,0.7021,1.7544,-6.4707,-3.5156,-34.1495,-20.835,-131.4694,0.9243
18835,0.5671,-0.1423,0.6978,1.1666,-3.5852,3.3775,-34.307,-20.5178,-131.4154,0.9104
18852,0.5806,-0.124,0.6987,4.9529,-10.2188,7.1638,-34.4253,-20.2665,-131.2936,0.9169
18869,0.606,-0.1021,0.6729,7.449,-17.6997,8.2325,-34.594,-20.0897,-131.1536,0.9112
18886,0.6309,-0.1042,0.6799,5.6857,-19.234,7.6752,-34.8184,-19.9486,-131.0231,0.9334
18942,0.6152,-0.116,0.6843,-0.4823,-11.5547,11.2248,-35.1138,-20.1566,-130.3946,0.9275
18959,0.6038,-0.1023,0.6843,-1.2609,-20.5852,11.8813,-35.3741,-20.0264,-130.1926,0.9183
18976,0.6104,-0.1257,0.7031,-2.383,-30.0814,13.9806,-35.6186,-20.1218,-129.9549,0.9395
18993,0.6443,-0.1357,0.7227,1.1742,-33.6921,13.576,-35.8237,-20.2923,-129.7241,0.9776
19009,0.6768,-0.1235,0.7051,2.3116,-28.0127,12.3317,-36.091,-20.3084,-129.5268,0.9851
19026,0.6875,-0.0916,0.7102,-0.3601,-17.8829,9.3317,-36.4065,-20.0817,-129.3682,0.9927
19083,0.6504,-0.0708,0.7532,1.2048,-8.4707,-9.0423,-36.5118,-19.9568,-129.8836,0.9976
19100,0.616,-0.0916,0.7705,1.1742,-2.4631,-9.195,-36.57,-19.4697,-130.0399,0.9907
19117,0.575,-0.1096,0.79,2.449,3.3156,-5.2103,-36.4986,-18.9528,-130.1285,0.9832
19133,0.5601,-0.1064,0.825,7.6552,1.3461,-2.569,-36.2792,-18.4681,-130.1696,1.0028
19150,0.5569,-0.0916,0.8015,12.0139,-2.9058,-0.2103,-36.0167,-18.0375,-130.1731,0.9803
19167,0.5535,-0.0925,0.7827,10.93,-5.2417,3.2096,-35.8007,-17.6712,-130.1186,0.9631
19224,0.6223,-0.093,0.7893,21.4643,4.3003,9.5989,-34.7166,-16.9979,-129.5714,1.0094
19240,0.6055,-0.082,0.7332,20.0063,5.4072,7.6142,-34.5957,-16.4903,-129.4496,0.9544
19257,0.6116,-0.0913,0.7212,16.2277,3.2163,6.8584,-34.55,-16.0668,-129.333,0.95
19274,0.6233,-0.0989,0.7449,16.6246,-2.0966,5.2859,-34.4837,-15.7608,-129.2432,0.9763
19291,0.6184,-0.1099,0.7405,17.5406,-4.4783,4.5836,-34.4005,-15.541,-129.1652,0.971
19307,0.6023,-0.1072,0.7566,15.701,-2.0432,5.7821,-34.3131,-15.2733,-129.0727,0.973
19364,0.5542,-0.0955,0.7405,6.1208,-6.8066,12.5378,-34.0691,-15.3286,-128.3581,0.9298
19381,0.5859,-0.0969,0.7754,7.6399,-12.2951,14.3012,-34.0562,-15.2012,-128.1149,0.9767
19398,0.6118,-0.0818,0.7651,10.159,-12.089,13.7058,-34.0677,-15.0345,-127.8819,0.9831
19415,0.604,-0.0767,0.7412,8.3193,-6.0127,14.3394,-34.1303,-14.7674,-127.6382,0.9592
19431,0.6196,-0.0779,0.7363,6.762,-1.1119,14.3317,-34.2582,-14.4353,-127.4089,0.9655
19448,0.6099,-0.0637,0.7114,6.5406,-1.4631,12.7134,-34.4008,-14.0865,-127.1927,0.9392
19505,0.623,-0.0789,0.8079,14.9758,-14.9592,-3.8515,-33.7056,-14.5646,-127.4123,1.0233
19522,0.6011,-0.0667,0.8279,17.6933,-14.9287,-8.2179,-33.5044,-14.4098,-127.552,1.0252
19538,0.5549,-0.052,0.814,14.701,-13.4631,-6.508,-33.3076,-14.1864,-127.6561,0.9865
19555,0.5264,-0.0503,0.821,11.2658,-13.2646,-1.569,-33.096,-13.9756,-127.6828,0.9766
19572,0.5378,-0.0469,0.8403,12.8689,-15.234,0.9958,-32.8654,-13.7929,-127.6659,0.9988
19589,0.521,-0.0571,0.7756,11.6399,-13.5928,4.4615,-32.7135,-13.6315,-127.59,0.9361
19646,0.5735,-0.0664,0.8474,3.7773,-12.5776,3.9958,-32.5586,-13.9538,-127.3622,1.0254
19662,0.5862,-0.0725,0.8647,5.5025,-13.8066,5.1103,-32.5333,-13.7994,-127.2805,1.0472
19679,0.5996,-0.074,0.8694,8.1666,-12.4707,7.8432,-32.4785,-13.6455,-127.1472,1.0587
19696,0.6155,-0.0713,0.8479,13.8002,-10.8447,7.8584,-32.3894,-13.4689,-127.0136,1.0502
19713,0.6167,-0.0588,0.7852,18.7315,-9.2264,5.5836,-32.3109,-13.2521,-126.9186,1.0001
19730,0.5945,-0.0393,0.7268,20.6323,-6.7226,3.0035,-32.2513,-12.9556,-126.8676,0.9398
19786,0.5166,-0.0146,0.657,3.7315,-17.6921,3.2859,-32.2875,-13.4396,-126.6836,0.8359
19803,0.5225,-0.0188,0.7356,0.4948,-18.1195,3.4157,-32.403,-13.2563,-126.6255,0.9025
19820,0.5286,-0.0374,0.7695,-1.5128,-12.9974,5.2325,-32.5097,-13.0493,-126.5365,0.9343
19836,0.5461,-0.0425,0.7847,-1.2685,-10.8829,7.9348,-32.6207,-12.8184,-126.4096,0.957
19853,0.5718,-0.0181,0.8057,2.3116,-14.0203,7.721,-32.6924,-12.5859,-126.2783,0.9881
19870,0.585,0.0144,0.7883,4.9147,-16.402,4.0111,-32.7674,-12.3083,-126.2101,0.9818
19927,0.5354,-0.0249,0.7668,3.3269,-7.2722,-8.279,-32.671,-12.2883,-126.682,0.9356
19944,0.5132,-0.0161,0.7258,-0.0929,-8.0356,-7.9202,-32.7758,-11.9787,-126.8167,0.8891
19960,0.5015,-0.0132,0.74,-4.1235,-8.5623,-6.5003,-32.8929,-11.6719,-126.9207,0.894
19977,0.4917,-0.0212,0.7534,-4.6426,-7.2875,-5.2103,-32.9777,-11.3886,-127.0093,0.8999
19994,0.4932,-0.0159,0.7493,-4.2685,-3.3638,-3.2866,-33.0622,-11.0365,-127.0651,0.8971
20011,0.4758,-0.0139,0.7158,-6.0548,-0.3715,0.6065,-33.1828,-10.6456,-127.0548,0.8597
20068,0.4666,-0.0222,0.7871,1.388,-2.3944,12.9271,-33.0055,-10.4155,-126.318,0.9153
20084,0.4934,-0.0256,0.7544,4.8613,-4.2722,17.7897,-32.9374,-10.1423,-126.0334,0.9018
20101,0.5637,-0.0249,0.7222,7.8536,-10.8829,18.2325,-33.0101,-9.9932,-125.7234,0.9165
20118,0.6411,0.0229,0.6985,12.0063,-18.3715,10.889,-33.195,-9.8181,-125.5383,0.9484
20134,0.6758,0.0713,0.6658,12.3193,-19.6844,2.6065,-33.4886,-9.4832,-125.4966,0.9513
20151,0.6616,0.1089,0.6599,4.533,-11.8218,-1.3935,-33.8626,-8.9221,-125.5203,0.9408
20208,0.5454,-0.031,1.0806,-30.7647,-16.3944,1.805,-35.2625,-9.528,-125.4174,1.2108
20225,0.6006,-0.0803,1.2224,-24.8868,-16.8142,9.118,-35.3028,-9.5717,-125.2624,1.3643
20242,0.6555,-0.0642,1.2439,-6.9937,-14.4707,6.1485,-35.1151,-9.5432,-125.1579,1.4075
20258,0.7078,-0.0256,1.106,11.0063,-7.6234,-5.6454,-34.8459,-9.3316,-125.2482,1.3133
20275,0.6943,-0.0051,0.8796,14.2964,5.369,-19.0423,-34.7501,-8.8841,-125.5719,1.1207
20292,0.6313,-0.0059,0.7373,5.8384,17.0408,-30.2026,-34.8877,-8.2689,-126.0854,0.9707
20348,0.4041,-0.1445,0.7617,-10.3067,1.9492,-31.2179,-35.1474,-8.2631,-127.8336,0.8743
20366,0.4087,-0.1633,0.7913,-6.4212,-6.3104,-22.5767,-34.9257,-8.5081,-128.2399,0.9054
20382,0.4319,-0.1272,0.8032,-1.3601,-16.0814,-17.6988,-34.6684,-8.7747,-128.5231,0.9208
20399,0.4651,-0.1062,0.8035,-0.467,-17.5852,-18.0881,-34.4833,-9.0119,-128.8306,0.9344
20416,0.478,-0.1052,0.7905,-5.2838,-8.7073,-20.3782,-34.4278,-9.0968,-129.177,0.9298
20432,0.4453,-0.1409,0.8218,-8.4288,0.3308,-20.8591,-34.3044,-9.117,-129.5108,0.9452
20489,0.3867,0.0085,0.8354,1.8842,-18.9974,-6.7828,-33.8226,-9.7684,-129.8974,0.9207
20506,0.3926,0.1091,0.8997,4.2277,-27.3867,-2.0729,-33.3376,-9.5479,-129.9326,0.9876
20523,0.4768,0.114,0.9285,9.7468,-27.234,-4.3019,-32.9254,-9.3305,-130.0058,1.0499
20540,0.5642,0.1072,0.8872,13.1284,-12.9287,-13.7675,-32.6847,-8.8927,-130.2398,1.0569
20556,0.5786,0.0605,0.7703,7.5177,1.4911,-23.1263,-32.735,-8.3343,-130.6098,0.9653
20573,0.5598,0.0107,0.7141,0.3345,7.0942,-31.3629,-32.9438,-7.8507,-131.143,0.9074
20630,0.4453,-0.0881,0.782,-3.3906,-3.2569,-30.9965,-32.9918,-7.9721,-132.9098,0.9042
20646,0.4573,-0.0576,0.8003,-4.3067,-3.6692,-25.6912,-32.9254,-7.8743,-133.3209,0.9235
20663,0.4949,-0.0635,0.7878,-3.5815,-6.0661,-24.4011,-32.9489,-7.8426,-133.7357,0.9325
20680,0.5669,-0.0884,0.7822,-3.8334,-6.3562,-23.3858,-33.1239,-7.8904,-134.1333,0.9701
20697,0.5166,-0.0684,0.8201,-5.7342,-6.776,-23.3019,-33.1773,-7.876,-134.5294,0.9716
20714,0.4878,-0.0581,0.7988,-4.9555,-9.1348,-23.4087,-33.1848,-7.8765,-134.9273,0.9378
20770,0.4316,0.0767,0.8271,-1.4823,-14.8066,-38.5461,-33.0353,-8.1456,-137.0859,0.9361
20787,0.3933,0.0046,0.8748,-0.78,-7.4631,-31.2866,-32.695,-7.9294,-137.6178,0.9591
20804,0.3674,0.1375,0.8831,-7.7265,-7.0508,-29.5614,-32.4073,-7.3734,-138.1203,0.9663
20820,0.3943,0.0781,0.8828,-3.8868,-7.0585,-23.0805,-32.1301,-6.9846,-138.4896,0.97
20838,0.3718,0.1179,0.8892,-4.1998,-3.1119,-9.2179,-31.8181,-6.4568,-138.6556,0.971
20854,0.4236,0.165,0.823,0.5177,-11.6615,-18.9355,-31.6085,-5.9241,-138.9585,0.9402
20911,0.4719,0.0439,0.8479,5.5101,-7.5699,-3.8668,-31.2053,-5.9827,-139.1789,0.9714
20928,0.5554,-0.0178,0.4507,1.8231,2.514,-7.7904,-31.9642,-5.7929,-139.3114,0.7155
20944,0.5571,-0.021,0.6814,-0.1769,-2.8753,-10.1721,-32.2586,-5.676,-139.4741,0.8804
20962,0.4749,-0.0317,0.7881,1.5559,-5.3791,-10.0271,-32.1834,-5.6341,-139.6546,0.9206
20978,0.396,0.0195,0.7993,-3.5204,-3.8829,-3.5614,-32.0041,-5.4124,-139.7116,0.8922
20995,0.4163,0.0193,0.8584,-6.3525,-4.9592,2.8737,-31.8621,-5.2254,-139.6627,0.9542
21052,0.5378,0.1367,0.8821,4.0216,-15.0966,2.3241,-31.6104,-5.49,-139.5302,1.0421
21068,0.4773,0.1609,0.885,4.5025,-16.0432,4.347,-31.3949,-5.1047,-139.4607,1.0183
21085,0.4209,0.1223,0.9104,6.1055,-19.3791,12.5073,-31.0242,-4.9107,-139.248,1.0104
21102,0.4011,0.0869,0.9197,14.2429,-25.0661,20.118,-30.4896,-4.9074,-138.906,1.0071
21118,0.3689,0.0906,0.8315,16.93,-27.6768,23.4386,-29.9619,-4.8876,-138.531,0.9142
21136,0.3896,0.0903,0.7583,12.9758,-23.2111,25.2401,-29.6205,-4.8214,-138.0767,0.8573
21192,0.4932,0.0913,0.813,-8.2303,-14.2264,24.8508,-30.1215,-5.1371,-136.6851,0.9552
21209,0.5393,0.125,0.8708,-4.3372,-19.8829,13.7745,-30.2477,-4.9293,-136.4509,1.0319
21226,0.5088,0.0662,0.8821,-0.0166,-20.0508,6.0645,-30.2344,-4.8878,-136.3478,1.0204
21242,0.4475,0.0522,0.8606,-0.3067,-20.9211,3.0569,-30.127,-4.8747,-136.2989,0.9714
21259,0.4121,0.0417,0.8604,1.388,-19.9974,4.1561,-29.922,-4.8949,-136.2282,0.9549
21276,0.4128,0.0962,0.8589,4.762,-26.3562,-1.5309,-29.6687,-4.8736,-136.2543,0.9578
21332,0.436,0.0793,0.8896,-9.8029,-19.3485,2.5531,-30.0498,-5.515,-136.1113,0.9939
21350,0.4673,0.0938,0.9517,0.93,-28.318,-1.0194,-29.8734,-5.5587,-136.1296,1.0643
21366,0.5288,0.0815,0.9097,6.8536,-26.6692,-4.1568,-29.776,-5.5411,-136.1962,1.0554
21383,0.5203,0.0894,0.8157,1.4261,-14.8447,-5.1645,-29.8568,-5.3117,-136.284,0.9716
21400,0.459,0.1218,0.7681,-4.6502,-10.5928,-5.4622,-29.9604,-4.9115,-136.3768,0.903
21416,0.4263,0.1982,0.7856,-8.7342,-19.8218,-10.2179,-30.006,-4.4531,-136.5403,0.9156
21473,0.4702,0.0549,0.9219,-14.3525,-5.8829,-22.2942,-30.6705,-4.4605,-137.8111,1.0363
21490,0.4224,0.051,0.886,-5.3525,0.1858,-13.3858,-30.5491,-4.1472,-138.0386,0.9828
21507,0.3665,0.0864,0.7959,-2.5281,-6.3791,-5.8744,-30.3522,-3.8375,-138.1385,0.8805
21524,0.3552,0.0444,0.7537,-1.551,-14.7302,5.0874,-30.1713,-3.7894,-138.052,0.8344
21540,0.3772,0.0259,0.782,1.8155,-23.4554,15.1103,-29.9661,-3.9223,-137.8102,0.8686
21557,0.4604,0.071,0.7195,-2.9021,-26.9211,12.1256,-30.1145,-3.9792,-137.6041,0.8572
21614,0.5222,0.0378,0.9453,-31.78,-21.2493,-7.9202,-31.8049,-4.8911,-138.0556,1.0806
21630,0.6047,0.0002,0.8933,-20.2838,-17.0127,-25.0042,-32.2081,-4.9561,-138.4556,1.0788
21648,0.5962,-0.0039,0.782,-18.2151,-8.9669,-32.4698,-32.7274,-4.9243,-139.0401,0.9833
21664,0.5298,0.0059,0.7092,-28.5891,-13.4173,-35.5996,-33.3278,-4.9145,-139.6097,0.8853
21681,0.5627,-0.0339,0.7688,-32.1769,-25.6768,-34.4393,-33.9668,-5.238,-140.1951,0.9534
21698,0.6011,-0.0764,0.8577,-26.1769,-40.0356,-38.1568,-34.4321,-5.8856,-140.8438,1.0501
21754,0.6143,-0.0908,1.0276,-50.3143,-19.0814,-59.3171,-36.9905,-6.878,-144.1656,1.2006
21772,0.6504,-0.0808,1.0813,-35.2914,0.3385,-61.0118,-37.359,-6.768,-145.2638,1.2644
21788,0.6182,-0.0271,0.9355,-17.0624,21.995,-62.9584,-37.4645,-6.2258,-146.2711,1.1217
21805,0.5857,-0.0283,0.7327,-20.9021,35.5751,-59.3706,-37.8517,-5.4847,-147.2804,0.9384
21822,0.499,-0.0024,0.593,-31.6426,36.4148,-49.4698,-38.4573,-4.6805,-148.1214,0.775
21838,0.4182,-0.0034,0.5474,-44.009,20.8118,-37.8439,-39.0902,-4.1879,-148.7269,0.6889
21896,0.5408,-0.0974,0.9414,-42.9479,-32.6997,-5.9126,-41.1076,-6.0774,-149.0698,1.09
21912,0.5984,-0.106,0.9209,-30.9784,-28.3791,-4.5309,-41.2529,-6.5327,-149.1423,1.1033
21928,0.6357,-0.0886,0.8792,-19.841,-16.2569,-5.8362,-41.3369,-6.7514,-149.2357,1.0885
21946,0.6538,-0.0513,0.8245,-8.6426,-5.7379,-12.9126,-41.3672,-6.7228,-149.4681,1.0535
21962,0.6143,-0.0156,0.7,-4.8792,1.6056,-21.2408,-41.438,-6.4804,-149.808,0.9314
21980,0.5671,0.0056,0.6287,-12.0929,3.7125,-25.8897,-41.6716,-6.1366,-150.274,0.8467
22036,0.52,-0.0479,0.842,-9.8334,-21.6692,-24.882,-41.7996,-7.1861,-151.6674,0.9908
22052,0.5127,-0.0559,0.8401,-5.009,-16.8753,-25.1034,-41.4581,-7.3102,-152.069,0.9858
22070,0.5012,-0.0613,0.8076,-6.2151,-7.6539,-20.2332,-41.1772,-7.3236,-152.4332,0.9525
22086,0.4995,-0.0571,0.7927,-7.7418,-6.4325,-15.2408,-40.935,-7.2943,-152.6771,0.9387
22104,0.5068,-0.0339,0.8193,-3.7113,-13.6386,-16.5003,-40.6305,-7.3331,-152.9741,0.964
22120,0.5195,-0.0313,0.8296,0.846,-20.9669,-20.0652,-40.2738,-7.4481,-153.2951,0.9793
22176,0.4966,-0.0417,0.8225,2.388,-10.4096,-16.6606,-39.778,-7.8261,-154.2281,0.9617
22194,0.4917,-0.0037,0.8201,0.6094,-11.5241,-12.6454,-39.4142,-7.7224,-154.4558,0.9562
22210,0.5217,-0.0012,0.8159,0.6781,-15.8142,-13.3629,-39.1311,-7.6598,-154.6696,0.9685
22227,0.5359,-0.0105,0.8162,1.0979,-15.6005,-14.4469,-38.8794,-7.6375,-154.9152,0.9764
22244,0.5554,-0.03,0.8267,-0.0777,-10.3791,-11.5843,-38.6806,-7.5846,-155.1121,0.9964
22260,0.5649,-0.0293,0.8218,2.8994,-7.9974,-8.9584,-38.4685,-7.4857,-155.2554,0.9977
22318,0.5869,0.012,0.7383,6.2506,-19.7837,-13.1416,-38.1209,-8.2507,-156.0176,0.9432
22334,0.5789,-0.002,0.7283,1.2964,-13.547,-13.3171,-38.1153,-8.1349,-156.2307,0.9303
22351,0.5664,-0.0269,0.7495,-1.9174,-9.9592,-12.3248,-38.1044,-8.0541,-156.4402,0.9398
22368,0.5471,-0.0215,0.7632,-1.0013,-12.1959,-10.508,-38.0216,-7.9955,-156.6189,0.9393
22384,0.5264,-0.0024,0.7703,1.075,-18.6234,-10.1874,-37.8581,-7.969,-156.7819,0.9329
22402,0.541,0.0105,0.7915,3.3193,-21.5241,-10.966,-37.6605,-7.9918,-156.9792,0.9588
22458,0.532,-0.0117,0.7991,-3.9403,-10.7989,-4.8668,-37.7119,-8.2863,-157.2518,0.96
22475,0.5542,-0.0127,0.8169,-0.0395,-16.8066,-6.0347,-37.5701,-8.2647,-157.3544,0.9872
22492,0.5503,-0.0063,0.7937,2.7086,-18.2646,-6.6835,-37.4125,-8.2505,-157.468,0.9658
22508,0.5452,0.0002,0.771,0.2887,-16.2035,-6.4622,-37.3221,-8.1687,-157.5714,0.9443
22525,0.5762,-0.0139,0.7852,-0.4823,-15.631,-8.7752,-37.2878,-8.1376,-157.7206,0.974
22542,0.5696,-0.0122,0.7871,-0.7036,-14.7302,-11.5232,-37.2433,-8.0881,-157.9165,0.9717
22598,0.5471,-0.0098,0.7922,-4.467,-16.1501,-12.3629,-37.3788,-8.661,-158.6088,0.9628
22616,0.552,-0.0237,0.8069,-3.4594,-18.4173,-12.9584,-37.318,-8.7001,-158.842,0.9779
22632,0.5649,-0.03,0.8174,-1.4823,-16.0814,-14.1492,-37.2333,-8.6833,-159.0684,0.9941
22649,0.5503,-0.0188,0.8079,-1.3067,-10.3562,-12.05,-37.1355,-8.5583,-159.2733,0.9777
22666,0.5432,0.0,0.7725,-2.7342,-9.9287,-10.9507,-37.0993,-8.378,-159.4594,0.9443
22682,0.54,0.0139,0.7297,-6.3372,-10.4554,-9.7752,-37.1726,-8.1597,-159.6158,0.9079
22739,0.5898,-0.0107,0.8164,-23.8258,-0.2951,-4.0423,-38.4233,-7.8797,-159.8462,1.0072
22756,0.5845,-0.0168,0.8689,-18.3296,3.1782,-3.4011,-38.5424,-7.557,-159.904,1.0473
22773,0.5576,-0.0281,0.854,-8.2303,-1.7455,-5.569,-38.4601,-7.3586,-159.9987,1.0203
22790,0.5669,-0.0156,0.8391,1.6857,-8.6539,-9.4164,-38.2557,-7.2481,-160.1588,1.0128
22806,0.542,0.0056,0.7888,4.6857,-10.4173,-9.2866,-38.0332,-7.1019,-160.3074,0.9571
22823,0.5237,0.0281,0.7773,3.1666,-9.9287,-6.4164,-37.8182,-6.8971,-160.4165,0.9377
22880,0.5398,0.0042,0.7534,5.159,-17.3638,-5.9278,-37.448,-7.5587,-160.7544,0.9268
22896,0.5352,-0.0029,0.7698,4.304,-16.4478,-6.4774,-37.2762,-7.5178,-160.858,0.9375
22914,0.5383,0.0032,0.7883,4.5177,-17.5852,-9.3248,-37.0802,-7.5117,-161.0259,0.9546
22930,0.5339,0.0085,0.7859,2.7086,-18.3409,-12.5309,-36.9231,-7.468,-161.2264,0.9501
22947,0.5247,0.0024,0.8083,-0.6044,-15.9211,-15.6301,-36.7754,-7.4222,-161.4921,0.9637
22964,0.5063,-0.0159,0.8257,-3.1006,-14.318,-16.0194,-36.6156,-7.403,-161.7644,0.9687
23020,0.552,0.011,0.8083,2.2506,-12.3027,-24.821,-36.403,-7.7372,-163.1544,0.9789
23037,0.575,0.0405,0.761,-0.0548,-7.944,-31.4545,-36.4291,-7.4354,-163.6891,0.9546
23054,0.6152,0.1089,0.7236,-4.551,-0.547,-41.8897,-36.6484,-6.8046,-164.4012,0.956
23071,0.6011,0.1016,0.6726,-16.0319,11.1858,-54.3706,-37.1027,-6.0064,-165.3255,0.9077
23088,0.5449,0.0679,0.7449,-25.6044,19.6972,-57.6225,-37.4794,-5.2364,-166.3051,0.9254
23104,0.4763,0.0254,0.8125,-28.3067,24.0102,-53.6988,-37.6298,-4.5866,-167.1643,0.9422
23161,0.425,0.0396,0.8384,6.5025,-13.9211,-38.9507,-36.8431,-5.0568,-169.3845,0.9408
23178,0.4199,0.0417,0.811,5.7544,-20.5623,-30.7446,-36.3692,-5.0723,-169.9071,0.9143
23195,0.4385,0.0479,0.813,-0.2914,-19.5928,-18.6912,-36.0511,-5.0544,-170.2249,0.9249
23212,0.4609,0.0374,0.8384,-3.5968,-18.86,-8.0194,-35.8189,-5.058,-170.3612,0.9575
23228,0.5051,0.0315,0.8604,0.5025,-20.6005,-4.2179,-35.5944,-5.0882,-170.4287,0.9982
23245,0.5461,0.0437,0.8616,4.0597,-21.1959,-5.05,-35.3979,-5.1145,-170.5146,1.021
23302,0.4849,0.051,0.856,-3.0395,-8.8371,-1.9584,-35.3277,-5.257,-170.6262,0.9851
23318,0.4485,0.051,0.8181,-3.7876,-10.8982,4.3241,-35.1202,-5.0713,-170.557,0.9344
23335,0.4326,0.0505,0.7883,-5.2685,-17.0432,12.4462,-34.9497,-4.9999,-170.3454,0.9007
23352,0.4429,0.0505,0.7371,-8.5662,-25.5776,17.2554,-34.9291,-5.0605,-170.0521,0.8614
23369,0.5088,0.0486,0.7544,-11.2761,-33.5394,13.9958,-35.0736,-5.258,-169.8142,0.9112
23386,0.5549,0.0552,0.8086,-4.9403,-36.6921,2.0951,-35.1273,-5.4904,-169.7785,0.9823
23442,0.509,0.0352,0.8042,-9.2761,-20.7226,-7.569,-35.5132,-6.2847,-170.2024,0.9524
23459,0.5356,0.0178,0.8291,-7.3296,-20.6463,-4.1416,-35.5266,-6.321,-170.2728,0.9872
23476,0.541,0.0193,0.8267,-2.8334,-19.7913,-3.5996,-35.4797,-6.3377,-170.334,0.9881
23493,0.53,0.0242,0.845,2.4948,-17.0356,-2.9965,-35.3033,-6.2966,-170.3849,0.9977
23510,0.5137,0.0432,0.8281,5.9376,-15.3791,-1.653,-35.0653,-6.1763,-170.4131,0.9755
23526,0.5161,0.0549,0.8013,6.0521,-17.4249,0.5226,-34.8787,-6.04,-170.4047,0.9547
23583,0.613,0.0378,0.8066,8.4261,-27.7455,-2.8515,-34.5107,-7.2092,-170.5672,1.0139
23600,0.6885,0.0203,0.8826,20.7315,-27.6997,-16.8439,-34.3099,-7.3203,-170.8536,1.1195
23616,0.7195,0.0842,0.9036,42.9452,-30.1043,-37.8591,-33.8142,-7.2768,-171.4593,1.1581
23633,0.6865,0.1399,0.7454,45.8002,-23.1577,-50.0423,-33.4003,-6.9385,-172.31,1.023
23650,0.6643,0.1743,0.6814,31.3422,-6.7379,-51.9049,-33.2874,-6.1969,-173.1924,0.9675
23667,0.6125,0.1775,0.6628,11.304,11.7431,-49.0881,-33.4416,-5.1578,-174.0269,0.9198
23724,0.4346,0.095,0.8242,-4.925,-3.3104,-30.3171,-33.4792,-4.8697,-175.755,0.9366
23740,0.4243,0.0632,0.8765,7.3422,-18.5089,-22.9507,-33.0583,-4.7942,-176.1222,0.9758
23757,0.4253,0.072,0.8564,18.5788,-23.2951,-12.2637,-32.4858,-4.7903,-176.3307,0.9589
23774,0.4097,0.0959,0.8005,19.3651,-19.089,1.3165,-31.9478,-4.6368,-176.3083,0.9044
23790,0.4241,0.1287,0.7578,14.3651,-14.944,12.1714,-31.6046,-4.2955,-176.1136,0.8779
23808,0.4578,0.1404,0.7656,11.93,-17.6234,16.1103,-31.3527,-4.0126,-175.8236,0.903
23864,0.5173,0.1223,0.7266,12.1971,-19.3867,11.4997,-30.8458,-4.5121,-175.1796,0.9003
23881,0.5859,0.1731,0.6943,13.8994,-30.1043,5.1103,-30.9576,-4.2629,-175.0927,0.9249
23898,0.6372,0.2356,0.677,13.6628,-42.9287,-10.2332,-31.1617,-4.0255,-175.2667,0.9591
23914,0.6455,0.2832,0.6824,7.9987,-40.9821,-30.4545,-31.4382,-3.5924,-175.754,0.9811
23931,0.5857,0.2664,0.6628,-9.5662,-22.8142,-41.7141,-31.9107,-2.9453,-176.4631,0.9238
23948,0.5166,0.2014,0.7175,-30.0319,-1.6081,-35.8286,-32.5135,-2.2266,-177.0722,0.9068
24005,0.4934,0.1707,0.8896,-1.9861,-13.6539,-11.3019,-32.4647,-2.4503,-177.7164,1.0315
24022,0.4614,0.1599,0.8232,0.9147,-15.9516,-3.2332,-32.304,-2.1729,-177.7714,0.9572
24038,0.4561,0.1238,0.8022,-2.1922,-18.8066,11.8355,-32.2187,-2.024,-177.582,0.9311
24055,0.4795,0.136,0.7964,-2.299,-23.7989,25.7134,-32.195,-1.9438,-177.1449,0.9395
24072,0.5276,0.1445,0.8281,0.5101,-32.7226,33.2935,-32.1834,-2.0041,-176.5789,0.9925
24089,0.5916,0.1619,0.8237,5.9529,-37.7073,33.8355,-32.2057,-2.0947,-176.0037,1.027
24145,0.6262,0.1157,0.7524,-1.8716,-10.1119,32.3394,-32.5957,-2.2048,-174.1927,0.9858
24162,0.6304,0.1077,0.7593,-7.8716,0.4148,32.4233,-32.9972,-1.787,-173.6415,0.9927
24179,0.6311,0.106,0.7817,-5.78,11.514,30.3165,-33.318,-1.2188,-173.1261,1.0103
24196,0.6199,0.1318,0.7727,-1.1006,15.8652,23.9424,-33.5367,-0.5239,-172.7191,0.9993
24212,0.5801,0.1401,0.7305,-0.78,12.7431,17.7134,-33.7252,0.1272,-172.4356,0.9432
24229,0.5449,0.135,0.7271,-3.4517,5.7278,12.2248,-33.888,0.6364,-172.2278,0.9186
24286,0.5215,0.05,0.7825,-21.3219,-5.0356,19.9958,-35.0443,0.4818,-171.0881,0.9417
24303,0.5369,0.0413,0.8459,-15.8487,-4.6234,20.492,-35.196,0.4988,-170.7397,1.0028
24320,0.5166,0.0427,0.8372,-8.0166,-6.6844,22.7363,-35.1848,0.4866,-170.3532,0.9847
24336,0.5176,0.064,0.8123,-2.1158,-11.5394,27.1332,-35.1069,0.47,-169.919,0.9653
24353,0.542,0.0737,0.8108,6.0216,-19.7684,30.6065,-34.9505,0.3364,-169.3987,0.978
24370,0.5835,0.0798,0.8008,12.2582,-28.6081,30.6218,-34.7902,0.0838,-168.8782,0.994
24426,0.6372,0.0928,0.7866,-2.9632,-9.7684,16.6905,-35.1105,-0.1756,-167.9435,1.0166
24443,0.6265,0.073,0.8198,-1.4517,-7.0356,8.3928,-35.2208,-0.0799,-167.8008,1.0344
24460,0.6189,0.0735,0.8167,3.0216,-8.8295,-1.5461,-35.2445,-0.0151,-167.8271,1.0273
24477,0.623,0.072,0.7681,3.5254,-13.8371,-9.737,-35.3342,-0.0261,-167.9926,0.9916
24494,0.6191,0.0806,0.7791,-2.6731,-22.0966,-19.2866,-35.4976,-0.1495,-168.3205,0.9984
24510,0.6155,0.0891,0.8186,-9.9174,-25.9974,-30.9049,-35.701,-0.2943,-168.815,1.028
24567,0.5227,0.0154,0.8437,-5.0929,23.0637,-13.279,-35.8226,1.0213,-169.5719,0.9927
24584,0.512,0.0264,0.8096,8.617,12.6591,-7.7599,-35.5409,1.2616,-169.7038,0.9582
24600,0.5273,0.0891,0.7605,19.9223,-1.5547,-7.5156,-35.1955,1.4546,-169.824,0.9297
24617,0.5452,0.1404,0.7019,21.617,-9.8905,-8.2942,-34.9266,1.6874,-169.9651,0.8998
24634,0.5356,0.1592,0.6687,13.159,-7.2646,-6.9584,-34.8319,2.037,-170.0833,0.8714
24651,0.5295,0.1487,0.6738,1.1513,0.9721,-2.1034,-34.9199,2.4691,-170.1191,0.8698
24708,0.562,0.1106,0.7917,3.9529,-4.7531,14.0187,-34.7111,2.4283,-169.32,0.9772
24724,0.5601,0.1467,0.782,8.4948,-8.6463,12.3164,-34.5979,2.6234,-169.123,0.973
24741,0.5461,0.1768,0.7576,6.5865,-9.2035,10.6905,-34.5094,2.8936,-168.9412,0.9505
24758,0.5422,0.1782,0.7422,1.2964,-7.6997,10.1561,-34.5234,3.1923,-168.7686,0.9363
24774,0.5515,0.156,0.7468,-2.551,-6.1882,9.6752,-34.6161,3.4416,-168.6138,0.9414
24792,0.5562,0.1221,0.7644,-3.4823,-5.1119,9.3088,-34.7195,3.5785,-168.4462,0.9532
24848,0.5168,0.1616,0.739,-2.3448,-6.8218,1.0416,-34.8305,3.5621,-168.3879,0.9162
24864,0.5105,0.1499,0.7371,-5.3143,-8.547,0.263,-34.8855,3.7481,-168.3837,0.909
24882,0.5059,0.1406,0.7539,-8.0166,-8.0661,0.6447,-34.965,3.8815,-168.3721,0.9187
24898,0.4966,0.1299,0.781,-9.6426,-5.005,1.8966,-34.9983,4.027,-168.3417,0.9346
24915,0.4846,0.126,0.7759,-9.6044,-2.547,3.6829,-35.0213,4.1933,-168.2791,0.9234
24932,0.4932,0.1387,0.7764,-7.3754,-4.8753,4.3317,-35.0216,4.351,-168.2055,0.9302
24988,0.5051,0.1453,0.7793,-7.2609,-6.3715,-0.9202,-35.3113,4.2568,-168.257,0.94
25006,0.4912,0.1208,0.7859,-6.9174,-2.8447,0.8279,-35.2867,4.3871,-168.2421,0.9346
25022,0.4883,0.0823,0.782,-4.1311,-3.6463,6.0035,-35.2122,4.3958,-168.146,0.9256
25038,0.5078,0.0583,0.8,2.2048,-7.4631,10.7668,-35.0633,4.2722,-167.9738,0.9494
25056,0.532,0.0583,0.7896,8.9071,-12.0203,14.1332,-34.8628,4.0627,-167.7194,0.9538
25072,0.5635,0.0786,0.7737,9.1513,-13.8447,14.2554,-34.7648,3.9196,-167.4913,0.9603
25129,0.5173,0.0137,1.0049,-28.2532,0.369,3.5684,-36.0097,3.8142,-167.2879,1.1303
25146,0.4995,-0.0315,1.0867,-18.5433,3.2011,5.8355,-35.8591,3.6475,-167.1887,1.1964
25162,0.499,-0.0388,1.0347,-3.7952,8.1247,9.2248,-35.5123,3.5404,-167.0411,1.1494
25180,0.4946,-0.0161,0.9136,3.5406,12.0637,8.1409,-35.1678,3.5668,-166.8945,1.039
25196,0.4797,0.0303,0.8074,0.3956,12.1858,3.4081,-34.983,3.6972,-166.84,0.9396
25212,0.4495,0.0586,0.748,-10.6731,10.0713,-2.1874,-34.9845,3.8832,-166.875,0.8747
25270,0.3831,-0.0593,0.9106,-8.07,6.5293,2.0493,-34.9453,3.9423,-166.7562,0.9897
25286,0.3728,-0.0205,0.8596,1.1208,7.4072,7.5836,-34.4679,3.8437,-166.6348,0.9372
25303,0.3745,0.011,0.7874,1.7162,5.2621,10.0874,-34.0786,3.8078,-166.4633,0.872
25320,0.3813,0.0205,0.7432,-5.4975,-0.6997,12.4004,-33.8914,3.7073,-166.2525,0.8355
25336,0.3862,0.0198,0.759,-13.9555,-10.1043,11.4462,-33.8285,3.4635,-166.0694,0.8519
25354,0.3855,-0.0112,0.825,-20.3754,-17.1882,8.9577,-33.8293,2.9968,-165.9082,0.9106
25410,0.3838,-0.0547,0.9797,-20.1387,-8.7302,4.805,-34.4132,2.2798,-165.6391,1.0536
25426,0.3906,-0.0332,0.9805,-18.3296,-7.8371,3.8661,-34.1867,1.9906,-165.5772,1.0559
25444,0.3848,-0.032,0.9734,-16.3983,-6.5165,3.7363,-33.9649,1.7231,-165.51,1.0472
25460,0.3738,-0.0386,0.9519,-12.2303,-4.2875,5.3394,-33.651,1.4955,-165.4245,1.0234
25477,0.3833,-0.0247,0.9324,-4.6502,-3.1424,4.0111,-33.2745,1.3238,-165.3563,1.0084
25494,0.3755,-0.0166,0.8604,0.4948,-1.8447,2.6142,-32.8784,1.1965,-165.3119,0.9389
25550,0.3726,0.0303,0.7131,-9.7647,-20.547,-3.5919,-33.1907,0.1413,-165.5131,0.8052
25568,0.3789,0.0164,0.7505,-16.4059,-22.8676,-6.5461,-33.2179,-0.2096,-165.6309,0.8409
25584,0.3611,-0.0125,0.8042,-20.6426,-21.1119,-6.9584,-33.1734,-0.5609,-165.7422,0.8816
25601,0.3489,-0.0288,0.8528,-20.009,-20.2646,-6.3171,-33.0625,-0.9466,-165.8496,0.9218
25618,0.3433,-0.0308,0.874,-15.1464,-20.715,-6.1568,-32.8444,-1.3274,-165.9543,0.9395
25634,0.3525,-0.0195,0.8818,-9.696,-21.2188,-6.0042,-32.551,-1.651,-166.0503,0.9499
25691,0.3359,0.0005,0.6814,8.4567,-11.089,3.0722,-31.8359,-2.1901,-165.8752,0.7597
25708,0.3533,-0.0073,0.6189,14.8613,0.682,5.4691,-31.5086,-2.1185,-165.7823,0.7127
25724,0.3311,-0.0139,0.521,13.4872,14.4988,8.6523,-31.338,-1.8723,-165.6438,0.6174
25742,0.324,-0.0645,0.4451,-1.8487,17.3079,15.4081,-31.5472,-1.8279,-165.3665,0.5543
25758,0.312,-0.0581,0.4932,-16.8563,4.4682,24.7363,-31.8299,-1.9549,-164.9707,0.5865
25775,0.2874,-0.0181,0.6323,-25.5662,-21.1195,31.347,-31.9512,-2.2869,-164.4378,0.6948
25832,0.3713,-0.0364,0.8362,-24.6426,-25.5394,42.9271,-32.9786,-3.6926,-161.9909,0.9156
25848,0.3794,-0.0669,0.8408,-20.9555,-25.2951,43.8584,-32.9501,-4.1153,-161.2892,0.9249
25866,0.4336,-0.0889,0.801,-13.8868,-42.4402,42.1027,-33.0032,-4.9373,-160.5314,0.9152
25882,0.4902,-0.04,0.7598,-8.5739,-61.5623,35.5302,-33.1266,-5.8061,-159.9629,0.9051
25899,0.562,0.0088,0.7385,-13.0777,-68.2646,20.6829,-33.5057,-6.6606,-159.6113,0.9281
25916,0.5525,0.0063,0.7876,-25.2074,-61.5241,3.431,-33.9788,-7.3798,-159.5529,0.9621
25972,0.614,-0.2249,1.3027,25.3116,-131.9592,37.8966,-32.2554,-14.5705,-157.4307,1.4576
25990,0.8696,-0.1794,1.0862,84.0597,-154.463,36.5226,-31.0449,-17.032,-156.7733,1.4029
26006,1.1643,-0.2007,0.6643,97.0063,-156.547,-0.3858,-30.6813,-19.4277,-156.7795,1.3554
26022,1.0405,-0.156,0.4705,11.1132,-114.7989,-93.9278,-31.8645,-21.1477,-158.2823,1.1525
26040,0.6162,-0.1724,0.9712,-137.2532,-40.5776,-159.0805,-34.2414,-21.4055,-161.1458,1.163
26056,0.3008,-0.5056,1.8667,-212.1387,62.7278,-147.05,-36.4838,-20.192,-163.4986,1.9572
26114,0.8818,-0.606,0.4949,84.0368,-38.7531,70.4081,-32.2821,-23.5726,-159.4149,1.1789
26130,1.0503,-0.1643,0.2395,113.22,-132.005,56.7134,-32.2334,-26.0354,-158.5075,1.0897
26147,1.0071,0.0503,0.0542,63.7086,-134.7073,20.179,-33.3364,-25.478,-158.1645,1.0098
26164,0.9041,0.1848,0.2041,-11.1845,-58.8753,6.2096,-35.1079,-23.7333,-158.0589,0.9451
26180,0.7368,0.0017,0.6255,-64.7952,18.6362,1.9042,-36.6857,-22.4914,-158.0284,0.9665
26198,0.5991,-0.2048,0.8743,-65.4365,54.5446,-5.2561,-37.6975,-21.1767,-158.123,1.0795
26254,0.5845,0.011,0.5889,18.1055,-26.7837,-19.8362,-37.0075,-21.7268,-159.2339,0.8298
26271,0.6082,0.0229,0.4905,6.617,-3.1577,-23.9507,-37.4625,-20.8021,-159.641,0.7816
26288,0.5867,-0.0234,0.5308,-6.9021,25.5446,-21.0805,-37.9901,-19.6542,-159.9994,0.7915
26304,0.5051,-0.042,0.5688,-10.7265,20.3843,-17.0347,-38.2964,-18.7238,-160.272,0.7619
26321,0.4771,-0.05,0.6799,-4.2074,-12.3486,-14.4774,-38.2324,-18.3448,-160.5181,0.8321
26338,0.4792,-0.0579,0.7415,8.6552,-42.3638,-13.5461,-37.8738,-18.4809,-160.7483,0.8847
26395,0.6011,-0.1362,0.7708,23.6552,-8.4096,-11.0729,-36.5653,-18.6028,-161.3795,0.9869
26412,0.5718,-0.1106,0.7021,19.9758,9.4377,-10.3324,-36.3293,-18.0627,-161.5551,0.9122
26428,0.5198,-0.1001,0.6807,14.5254,12.3461,-7.6759,-36.1358,-17.4852,-161.678,0.8623
26445,0.5068,-0.1226,0.6902,12.22,0.8499,0.0569,-35.9257,-17.1747,-161.677,0.865
26462,0.5281,-0.1023,0.6892,12.1819,-15.7684,10.5684,-35.7762,-17.0827,-161.4973,0.8743
26478,0.6023,-0.0742,0.7104,12.8231,-25.7913,16.7592,-35.7537,-17.0341,-161.2292,0.9343
26535,0.6353,-0.1074,0.7668,4.9987,3.0637,15.805,-35.6246,-16.5041,-160.3283,1.0016
26552,0.635,-0.1213,0.7905,9.388,-3.7073,18.492,-35.5844,-16.2535,-160.014,1.0212
26569,0.6531,-0.1016,0.7957,18.2124,-17.0966,17.6981,-35.4298,-16.1733,-159.7131,1.0344
26586,0.6729,-0.0696,0.7554,21.2811,-22.5928,16.1485,-35.3283,-16.1056,-159.4386,1.014
26603,0.6697,-0.0552,0.7476,20.1361,-20.6921,13.0111,-35.2576,-15.9679,-159.2174,1.0052
26619,0.6555,-0.0791,0.7485,16.8231,-12.9669,11.3012,-35.231,-15.7697,-159.0366,0.9981
26676,0.5898,-0.0593,0.6697,20.1208,-8.7302,11.3394,-34.3712,-15.8191,-158.3902,0.8944
26693,0.5544,-0.0549,0.6606,16.5025,-12.2646,13.7897,-34.3234,-15.5766,-158.1558,0.8642
26710,0.5496,-0.0527,0.7188,16.2964,-12.3638,16.0416,-34.1776,-15.3232,-157.8831,0.9063
26727,0.552,-0.0435,0.7659,22.4567,-10.776,13.3394,-33.8735,-15.016,-157.6563,0.9451
26743,0.5295,-0.0061,0.74,25.0674,-5.7379,10.8584,-33.557,-14.5224,-157.4826,0.91
26760,0.4741,0.0361,0.6917,19.5636,-1.402,11.9042,-33.2712,-13.8448,-157.2802,0.8393
26817,0.5623,-0.0339,0.7861,21.7697,-18.4402,17.6142,-32.171,-14.3989,-156.2762,0.9671
26833,0.5747,-0.0356,0.7363,22.5177,-9.6005,17.7974,-32.0559,-14.0813,-155.9914,0.9347
26851,0.5591,-0.0281,0.7114,16.5788,2.1858,21.7134,-32.0128,-13.5707,-155.6006,0.9053
26867,0.5229,-0.0217,0.6838,9.1971,4.1018,25.9042,-32.0867,-13.0376,-155.1861,0.8612
26884,0.5125,-0.021,0.7053,4.7773,-6.2875,31.179,-32.1648,-12.6869,-154.6561,0.8721
26901,0.5176,-0.0356,0.7231,3.1742,-18.9363,36.5836,-32.2488,-12.6014,-154.0341,0.89
26957,0.582,-0.0305,0.8008,1.0521,-48.8829,56.8584,-32.3419,-14.8126,-150.8501,0.9904
26975,0.6353,-0.0398,0.8635,1.8384,-57.5699,58.6752,-32.4689,-15.3204,-149.7939,1.0728
26991,0.6792,-0.0576,0.9119,5.8231,-62.6997,60.118,-32.5458,-15.8153,-148.832,1.1385
27008,0.7405,-0.1067,0.9529,16.0597,-64.2951,61.4157,-32.489,-16.4875,-147.788,1.2115
27025,0.8,-0.0933,0.8784,32.2735,-59.8982,53.4539,-32.3494,-17.048,-146.8793,1.1918
27041,0.8179,-0.0686,0.7297,39.1208,-45.5547,45.4462,-32.3799,-17.2806,-146.1521,1.0982
27099,0.7097,-0.0049,0.478,25.1361,10.9873,-7.6377,-31.9266,-16.001,-146.5951,0.8557
27115,0.6538,-0.0388,0.5088,18.4261,19.7812,-11.3782,-32.4477,-15.2316,-146.7772,0.8294
27131,0.6238,-0.0728,0.5098,17.3956,18.1018,-10.8362,-32.901,-14.6692,-146.9505,0.8089
27149,0.6079,-0.0593,0.5144,16.4109,9.3003,-8.6606,-33.2844,-14.1849,-147.1064,0.7986
27165,0.613,-0.0581,0.5095,9.1055,0.3614,-7.4698,-33.8166,-13.8722,-147.226,0.7993
27182,0.6335,-0.0715,0.5825,0.5635,0.3003,-6.2713,-34.3423,-13.5924,-147.3326,0.8636
27239,0.6306,-0.2573,0.875,-34.9479,29.6896,-16.7523,-36.2674,-12.0796,-148.2875,1.1088
27255,0.5703,-0.2732,0.9683,-61.7647,31.6285,-15.0576,-36.9473,-11.7409,-148.5284,1.1565
27273,0.5317,-0.2588,1.1233,-82.3296,21.3919,0.7363,-37.8826,-11.4205,-148.5151,1.2694
27289,0.5576,-0.2773,1.2864,-73.5433,4.7889,13.1867,-38.4155,-11.3768,-148.3041,1.4292
27305,0.6086,-0.282,1.2786,-39.4517,-4.2569,20.7363,-38.4822,-11.4846,-147.9723,1.4438
27323,0.6169,-0.2371,1.1047,-2.6197,4.1324,21.8203,-38.1336,-11.4383,-147.5796,1.2873
27379,0.4375,-0.0776,0.5183,1.0063,34.1095,18.9653,-38.1483,-9.4878,-146.5175,0.6827
27397,0.3877,-0.1155,0.5342,-12.4059,14.7507,21.3165,-38.2508,-9.3413,-146.1338,0.6701
27413,0.3967,-0.1716,0.6433,-19.6502,-9.7684,24.2172,-38.2541,-9.7152,-145.7463,0.775
27429,0.4583,-0.198,0.7505,-19.7342,-28.3333,22.0111,-38.2494,-10.353,-145.3942,0.9013
27447,0.4771,-0.1953,0.803,-22.3143,-34.402,15.3852,-38.3049,-11.0802,-145.1172,0.9542
27463,0.4827,-0.2253,0.8818,-30.1616,-28.0508,12.2096,-38.3535,-11.6412,-144.9219,1.0302
27521,0.5334,-0.283,0.9885,14.0979,-3.5241,-0.4622,-37.1312,-12.0107,-144.9487,1.1584
27537,0.5127,-0.2156,0.8645,22.3651,3.0408,-6.9049,-36.4991,-12.0437,-145.0592,1.028
27553,0.4773,-0.1658,0.7363,16.9147,10.8576,-10.9049,-36.0717,-11.9027,-145.2337,0.893
27571,0.437,-0.1592,0.6956,7.9529,14.6896,-13.2179,-35.7508,-11.6883,-145.4716,0.8367
27587,0.3955,-0.1648,0.7114,0.7315,9.1553,-15.34,-35.4471,-11.6018,-145.717,0.8305
27604,0.3831,-0.1873,0.7625,-2.5204,-3.1577,-13.6606,-35.1107,-11.7413,-145.9492,0.8736
27661,0.4319,-0.1648,0.8047,10.2582,-15.5699,-0.8286,-34.2543,-12.5865,-145.9965,0.928
27677,0.4639,-0.1448,0.7585,9.4032,-11.3256,-1.3477,-33.9794,-12.6893,-146.018,0.9008
27695,0.4722,-0.1282,0.7346,7.7239,-7.7913,-4.508,-33.7804,-12.7122,-146.0992,0.8826
27711,0.4626,-0.1187,0.7424,5.4032,-7.2264,-7.2561,-33.6104,-12.6779,-146.2153,0.8828
27728,0.436,-0.1206,0.7534,1.6857,-8.8753,-7.4774,-33.4284,-12.6794,-146.3424,0.8788
27745,0.4143,-0.1233,0.7764,0.3956,-12.4631,-6.8057,-33.1964,-12.7366,-146.4581,0.8886
27801,0.3979,-0.1094,0.8472,2.2048,-16.7379,1.5684,-32.7492,-13.4212,-146.3703,0.9423
27819,0.3923,-0.1003,0.833,1.7697,-15.3867,8.6523,-32.4111,-13.425,-146.2145,0.9262
27835,0.3989,-0.0884,0.8198,3.0139,-16.8524,14.2096,-32.1011,-13.393,-145.9871,0.916
27852,0.4314,-0.0791,0.8308,5.6628,-21.2493,16.0493,-31.818,-13.4216,-145.7143,0.9395
27869,0.4541,-0.0781,0.8174,7.7391,-24.7531,17.5149,-31.5768,-13.5071,-145.4165,0.9383
27885,0.4775,-0.0745,0.801,7.0063,-27.7989,18.7439,-31.4338,-13.6062,-145.1166,0.9355
27942,0.6936,-0.1538,0.873,20.5865,-43.6615,11.5378,-30.5716,-15.8508,-144.459,1.1256
27959,0.8142,-0.1458,0.8567,33.9758,-55.6844,1.7668,-30.5196,-16.5118,-144.429,1.1908
27976,0.8086,-0.1157,0.8142,29.762,-63.8447,-9.8439,-30.5938,-17.2168,-144.5963,1.1533
27993,0.812,-0.1443,0.8853,6.0139,-65.1959,-22.1034,-30.9581,-17.9624,-144.9721,1.2099
28009,0.7166,-0.2102,1.0051,-28.1998,-48.005,-33.3477,-31.5492,-18.4538,-145.5056,1.2522
28026,0.6433,-0.3027,1.2332,-51.5433,-25.0737,-33.3019,-32.2031,-18.6765,-146.0718,1.4234
28083,0.5942,-0.2395,0.9204,41.8307,22.1782,-0.6072,-29.9059,-17.2993,-146.1064,1.1214
28100,0.5522,-0.177,0.6694,50.9376,18.4072,-4.882,-29.4214,-16.8993,-146.1894,0.8857
28116,0.5071,-0.1748,0.5242,45.6017,8.4911,-7.0881,-29.2458,-16.8307,-146.3028,0.75
28133,0.4622,-0.1558,0.4788,36.0903,-1.7989,-4.0423,-29.189,-16.9077,-146.3715,0.6834
28150,0.4214,-0.1292,0.5176,26.4185,-13.3333,-1.8668,-29.1225,-17.0094,-146.4032,0.6798
28167,0.4111,-0.1001,0.5869,19.2887,-24.631,-1.4164,-29.0279,-17.1181,-146.4273,0.7235
28224,0.4521,-0.1077,0.7402,13.6475,-25.9669,3.5913,-28.366,-18.1854,-146.2226,0.8741
28240,0.4819,-0.1143,0.7222,21.5483,-20.3027,1.5378,-28.236,-18.1294,-146.198,0.8757
28257,0.4526,-0.1086,0.6838,21.7162,-11.9898,2.6981,-28.0791,-17.961,-146.1521,0.8272
28274,0.4463,-0.0981,0.6633,16.7239,-8.8066,5.6829,-28.0288,-17.7229,-146.0555,0.8055
28291,0.438,-0.0806,0.6792,12.4643,-13.3867,6.6447,-28.0096,-17.5031,-145.9426,0.8122
28308,0.438,-0.0818,0.6826,6.6246,-20.7226,8.1867,-28.0811,-17.4144,-145.8034,0.8152
28364,0.5217,-0.146,0.8442,0.9681,-17.5547,26.4462,-28.1594,-18.054,-144.3224,1.0031
28381,0.554,-0.1118,0.8179,10.4567,-13.8142,25.9653,-28.217,-17.8687,-143.881,0.9941
28398,0.5564,-0.0703,0.7451,15.3345,-8.8753,24.8661,-28.3031,-17.5145,-143.4583,0.9326
28414,0.5481,-0.042,0.6785,11.6399,-6.2722,25.0187,-28.5474,-17.0519,-143.058,0.8732
28432,0.5229,-0.0327,0.647,6.5177,-10.3409,26.8966,-28.8494,-16.6643,-142.5738,0.8325
28448,0.5388,-0.0459,0.6797,7.2658,-20.5547,27.2172,-29.1175,-16.468,-142.1384,0.8686
28505,0.5957,-0.0369,0.6619,6.3422,-23.0127,22.0187,-29.2835,-17.196,-140.8833,0.8912
28522,0.5945,-0.0444,0.675,4.2506,-17.0127,18.4997,-29.6951,-16.9365,-140.5688,0.9006
28538,0.5901,-0.0544,0.7231,4.2277,-13.1043,16.8813,-30.0078,-16.6325,-140.2987,0.9349
28556,0.5737,-0.0669,0.7615,8.1055,-12.4631,16.0035,-30.143,-16.3834,-140.0106,0.9558
28572,0.5845,-0.0847,0.7837,12.3422,-12.6386,15.4157,-30.21,-16.169,-139.764,0.9813
28589,0.5947,-0.0955,0.7876,13.3651,-12.2951,15.5455,-30.2577,-15.9993,-139.4997,0.9915
28646,0.5557,-0.3311,0.9561,-18.2456,-1.089,19.66,-31.1968,-16.1829,-138.3791,1.1543
28662,0.5449,-0.3899,1.0752,-30.0395,0.8118,32.9806,-31.4294,-16.3204,-137.8514,1.2669
28680,0.5725,-0.374,1.1772,-20.9861,-3.1806,41.3394,-31.5295,-16.4276,-137.1073,1.3615
28696,0.6394,-0.2939,1.1294,-1.1693,-3.4783,38.1867,-31.435,-16.4074,-136.4963,1.3307
28712,0.6702,-0.2146,1.0012,14.4109,6.0026,29.347,-31.2844,-16.1428,-136.0267,1.2238
28730,0.6824,-0.1685,0.8315,18.9529,23.2621,18.8432,-31.2579,-15.5532,-135.6876,1.0888
28786,0.5173,-0.2822,0.8105,-26.841,13.1629,-1.5843,-32.6938,-14.9914,-135.7763,1.0021
28804,0.4724,-0.2598,0.8452,-22.9632,8.3614,-4.966,-32.9074,-14.9306,-135.8657,1.0025
28820,0.438,-0.2395,0.8342,-17.2303,7.2621,-6.2026,-32.9268,-14.8626,-135.9649,0.9722
28836,0.3962,-0.1919,0.7896,-12.6349,3.4224,-7.5919,-32.8437,-14.7619,-136.0864,0.904
28854,0.3911,-0.1599,0.7625,-10.7952,-5.6921,-9.9431,-32.7828,-14.7436,-136.2654,0.8717
28870,0.4089,-0.168,0.7568,-9.7265,-12.8676,-13.2332,-32.7334,-14.852,-136.4771,0.8765
28928,0.3652,-0.155,0.7544,-3.4594,3.2545,-16.6912,-32.6315,-14.5413,-137.4452,0.8524
28944,0.3384,-0.1321,0.7412,0.0292,-0.9974,-14.2942,-32.2939,-14.3791,-137.6739,0.8254
28960,0.3391,-0.106,0.7146,2.3193,-12.3256,-12.9584,-31.9723,-14.3306,-137.8812,0.798
28978,0.3533,-0.0815,0.6895,0.9376,-24.005,-11.966,-31.756,-14.442,-138.0966,0.779
28994,0.3853,-0.0713,0.7095,-3.2532,-28.2493,-12.6377,-31.671,-14.5277,-138.2988,0.8105
29011,0.3984,-0.075,0.7251,-7.0013,-24.4554,-12.4469,-31.6648,-14.5818,-138.5104,0.8307
29068,0.4299,-0.0608,0.7361,7.4872,-20.6386,-8.653,-31.1967,-15.3167,-139.0037,0.8546
29085,0.4658,-0.0361,0.709,11.0139,-26.8524,-10.4545,-31.0999,-15.259,-139.1814,0.8491
29102,0.4695,-0.011,0.6848,7.8078,-32.0432,-13.1721,-31.1057,-15.2083,-139.4053,0.8304
29118,0.4666,-0.04,0.7112,-0.383,-32.4936,-12.7065,-31.1963,-15.228,-139.6086,0.8515
29135,0.4746,-0.095,0.7776,-8.4059,-34.2417,-9.5461,-31.3341,-15.4562,-139.7709,0.9159
29152,0.5039,-0.1304,0.875,-10.8868,-41.2798,-7.2561,-31.445,-15.8506,-139.8943,1.0181
29209,0.6814,-0.1582,0.9106,9.0597,-49.8066,-9.4469,-31.1474,-18.3362,-140.4327,1.1483
29225,0.6694,-0.1531,0.8794,-10.6731,-38.402,-19.653,-31.5402,-18.5876,-140.7472,1.1158
29242,0.6328,-0.1938,0.9788,-41.4365,-25.4096,-28.5232,-32.2502,-18.7069,-141.2321,1.1815
29259,0.5957,-0.2498,1.1538,-53.3601,-15.9592,-25.3477,-32.902,-18.7077,-141.663,1.3223
29276,0.6235,-0.2822,1.2715,-33.7647,-8.6386,-11.2103,-33.1603,-18.6009,-141.8535,1.444
29293,0.6719,-0.2168,1.1904,8.5101,-2.9287,-5.653,-32.8567,-18.3175,-141.9496,1.384
29349,0.5146,-0.1443,0.6919,3.4567,2.7812,-14.05,-32.799,-17.9065,-142.7364,0.8743
29366,0.4819,-0.2129,0.7788,-0.4899,-5.7531,-9.1874,-32.7284,-17.8957,-142.8926,0.9403
29383,0.4983,-0.2361,0.853,6.3345,-13.4478,-6.2484,-32.491,-18.0181,-142.9989,1.0157
29400,0.509,-0.208,0.8264,15.1208,-14.4707,-4.7446,-32.1786,-18.0987,-143.0795,0.9926
29417,0.5371,-0.1602,0.7961,20.0521,-8.4173,-2.0881,-31.9034,-17.9671,-143.115,0.9736
29433,0.5383,-0.1091,0.7061,24.8994,-0.2646,1.5073,-31.7248,-17.6039,-143.0909,0.8946
29490,0.4958,-0.1091,0.479,35.9987,-6.4402,7.4462,-30.2965,-17.7655,-142.6664,0.698
29507,0.4968,-0.0935,0.4607,32.304,-18.0661,9.95,-30.4208,-17.8087,-142.4973,0.684
29523,0.5076,-0.0735,0.46,25.762,-29.8447,10.8966,-30.7066,-17.9178,-142.3229,0.6889
29540,0.5249,-0.0913,0.5122,16.5254,-33.8753,11.4768,-31.0188,-18.1583,-142.1278,0.7391
29557,0.5637,-0.1248,0.5522,9.5712,-29.8905,15.0035,-31.4169,-18.4289,-141.8728,0.7989
29574,0.5906,-0.1389,0.5935,6.6475,-23.6157,18.8966,-31.8155,-18.6041,-141.5515,0.8487
29631,0.6125,-0.0781,0.624,11.1971,-8.6463,13.3852,-31.7,-18.6185,-140.7886,0.8779
29647,0.6018,-0.0647,0.6169,11.6323,-7.1424,15.7058,-32.0186,-18.223,-140.5373,0.8643
29664,0.6006,-0.0469,0.613,12.8002,-11.5776,16.263,-32.3021,-17.8579,-140.2608,0.8595
29681,0.6025,-0.0337,0.6379,12.5635,-17.4173,15.4004,-32.538,-17.5487,-139.999,0.8782
29698,0.6064,-0.0227,0.6677,10.2277,-21.547,14.4004,-32.7588,-17.2763,-139.7542,0.9023
29715,0.615,-0.0469,0.7107,6.4032,-21.6081,14.7745,-32.9763,-17.0889,-139.503,0.941
29771,0.6492,-0.0444,0.884,12.9452,-20.7073,14.3012,-32.4116,-17.6336,-138.7022,1.0977
29788,0.6665,-0.063,0.9019,18.1742,-19.4631,8.3928,-32.2745,-17.4057,-138.5595,1.1232
29805,0.6731,-0.0657,0.9258,15.9758,-11.1882,-1.8439,-32.1608,-17.0544,-138.5908,1.1465
29821,0.6433,-0.104,0.95,3.1437,3.3537,-9.6835,-32.184,-16.5706,-138.7458,1.152
29839,0.5598,-0.1821,1.0554,-19.0395,15.9797,-13.0042,-32.3295,-16.0233,-138.9798,1.2085
29855,0.4709,-0.2449,1.2007,-38.7265,20.5827,-1.7675,-32.472,-15.5273,-139.0081,1.3128
29912,0.5288,-0.1655,1.0435,51.1895,11.2621,42.1409,-29.4356,-14.6505,-136.6061,1.1815
29929,0.5098,-0.1069,0.748,52.93,22.3385,39.2477,-28.7545,-14.0254,-135.9389,0.9115
29945,0.4771,-0.0977,0.5603,34.3803,26.7507,39.7668,-28.6758,-13.4489,-135.3026,0.7423
29963,0.46,-0.1287,0.5403,13.0216,16.3156,41.9729,-28.889,-13.1648,-134.5471,0.7211
29979,0.4526,-0.1682,0.6003,3.7468,-3.7989,41.9424,-29.1151,-13.3227,-133.876,0.7704
29996,0.4731,-0.1816,0.6572,6.4338,-22.9287,37.0798,-29.2358,-13.782,-133.2456,0.8299
30053,0.4443,-0.0964,0.6787,-11.4899,4.3385,10.9042,-30.0131,-13.3168,-132.6241,0.8169
30069,0.3972,-0.1187,0.7148,-13.8792,4.9797,5.6142,-30.1749,-13.0846,-132.5343,0.8264
30087,0.3752,-0.1333,0.7397,-11.4823,-4.3867,2.9577,-30.2275,-13.0456,-132.481,0.8401
30103,0.366,-0.1421,0.7693,-9.6044,-14.1959,3.9653,-30.1688,-13.1604,-132.4176,0.8637
30119,0.3572,-0.1367,0.8286,-5.8792,-20.6081,6.4233,-29.9739,-13.3253,-132.3148,0.9126
30137,0.3633,-0.1162,0.8503,-1.9937,-20.9592,7.7439,-29.7271,-13.4657,-132.1754,0.932
30193,0.3457,-0.0669,0.7981,4.22,-4.6234,17.0416,-29.245,-13.3673,-131.2211,0.8723
30211,0.3787,-0.0632,0.7534,4.8155,-16.0356,19.8432,-29.0562,-13.3016,-130.8639,0.8456
30227,0.4419,-0.0627,0.7395,4.1666,-28.2722,21.6371,-29.0607,-13.3978,-130.5177,0.8638
30243,0.5178,-0.0574,0.7817,5.5254,-37.4783,16.6371,-29.1514,-13.6054,-130.2516,0.9394
30261,0.5652,-0.0627,0.7898,2.9681,-39.0203,5.4233,-29.3542,-13.9172,-130.1539,0.9732
30277,0.571,-0.0771,0.8228,-6.3906,-33.1577,-6.3324,-29.664,-14.0841,-130.2552,1.0045
30333,0.5659,-0.239,1.0212,4.1666,-11.234,-8.0118,-29.3874,-14.6516,-130.7039,1.1918
30351,0.5693,-0.2007,0.9678,8.8918,-26.2493,-6.3095,-29.256,-14.9877,-130.8175,1.1406
30367,0.6218,-0.1768,0.928,6.4109,-38.2417,-4.279,-29.3215,-15.407,-130.8859,1.131
30385,0.6355,-0.168,0.9475,-6.5128,-42.5623,-15.1263,-29.5988,-15.9283,-131.1582,1.1532
30401,0.6138,-0.178,1.0227,-26.3067,-36.0432,-19.4087,-30.0427,-16.2396,-131.4688,1.2059
30417,0.6118,-0.1904,1.1321,-29.9632,-23.1272,-10.1339,-30.4235,-16.3272,-131.6309,1.3008
30475,0.5999,-0.1338,0.7468,27.8536,7.2621,-24.195,-29.1888,-15.676,-133.0342,0.9672
30491,0.5449,-0.1697,0.679,8.9605,8.4911,-22.0118,-29.3999,-15.4798,-133.3864,0.887
30509,0.4832,-0.238,0.7083,-4.8639,2.1018,-13.2026,-29.6235,-15.5674,-133.624,0.8898
30525,0.4973,-0.2583,0.7646,-4.9174,-4.5776,-1.5461,-29.7797,-15.7616,-133.6488,0.948
30542,0.4885,-0.2231,0.7935,6.449,-9.1882,4.3699,-29.7094,-15.9094,-133.5745,0.9581
30559,0.5117,-0.155,0.7505,23.6094,-7.2875,2.3394,-29.4851,-15.8588,-133.5347,0.9215
30615,0.4319,-0.0354,0.4395,25.1666,2.9339,3.1409,-28.7291,-15.251,-133.3588,0.6172
30632,0.4153,-0.0195,0.4321,22.1208,-8.86,1.3088,-28.9722,-14.889,-133.3366,0.5996
30649,0.4146,-0.0259,0.427,15.4338,-18.7379,0.8737,-29.3254,-14.738,-133.3217,0.5957
30666,0.4221,-0.0403,0.4814,9.0979,-25.4783,2.3623,-29.6497,-14.7556,-133.2816,0.6416
30683,0.4409,-0.0771,0.5625,5.0597,-30.5547,5.5302,-29.8945,-14.9764,-133.1876,0.7189
30699,0.4587,-0.0955,0.6367,3.2811,-29.7913,10.4462,-30.0671,-15.176,-133.0204,0.7905
30756,0.5405,-0.0203,0.7437,9.3345,-10.2722,11.9195,-29.7937,-15.1935,-132.341,0.9196
30773,0.5342,-0.0256,0.7402,11.5254,-8.9898,11.9653,-29.8458,-14.8118,-132.1376,0.9132
30789,0.5193,-0.0425,0.7537,13.9071,-8.86,15.8355,-29.8194,-14.4845,-131.8842,0.9162
30807,0.5352,-0.04,0.7795,18.533,-12.7073,19.889,-29.6837,-14.2423,-131.5262,0.9464
30823,0.5571,-0.0249,0.7849,20.8918,-18.8676,20.95,-29.5896,-14.0351,-131.191,0.9629
30840,0.5991,-0.0313,0.8069,17.9605,-23.2875,21.7974,-29.5759,-13.9425,-130.8204,1.0055
30897,0.6748,-0.0854,0.9683,25.8002,-18.0203,21.2477,-28.3718,-14.5726,-129.6093,1.1833
30914,0.7019,-0.0747,0.9651,34.3727,-12.7608,10.8279,-28.1139,-14.375,-129.4253,1.1957
30930,0.6912,-0.0662,0.9248,32.0597,-6.9134,-3.8744,-27.965,-14.0698,-129.4873,1.1564
30947,0.6528,-0.0737,0.8708,13.1132,2.7965,-15.9965,-28.1027,-13.655,-129.7592,1.0909
30964,0.5708,-0.1125,0.9224,-18.7036,14.9873,-21.9126,-28.5463,-13.1425,-130.1317,1.0905
30981,0.4446,-0.1536,1.0688,-44.4975,21.6209,-10.7446,-29.0258,-12.591,-130.3144,1.1678
31038,0.51,-0.1062,0.9849,33.9987,0.0026,14.5302,-27.0941,-12.3334,-129.4862,1.1142
31054,0.4802,-0.0486,0.7244,26.304,11.4224,8.7592,-26.9456,-11.8181,-129.346,0.8704
31071,0.415,-0.052,0.6084,5.388,20.3079,7.8813,-27.148,-11.2093,-129.212,0.7383
31088,0.3604,-0.0867,0.6362,-11.3143,15.2316,9.3546,-27.4188,-10.8227,-129.053,0.7363
31105,0.3394,-0.1311,0.7051,-15.8716,1.3232,12.0645,-27.594,-10.7895,-128.8479,0.7934
31122,0.3242,-0.1399,0.7893,-11.4823,-13.7379,13.7592,-27.5585,-10.9841,-128.614,0.8647
31178,0.3813,-0.0518,0.7112,1.7162,-2.2875,10.6905,-27.4894,-10.8343,-128.0153,0.8086
31195,0.3762,-0.0754,0.6633,-0.9403,-0.5623,10.4004,-27.5813,-10.6696,-127.8385,0.7663
31212,0.3831,-0.0649,0.6353,-2.2685,-6.4707,8.4157,-27.7534,-10.5819,-127.6955,0.7446
31228,0.3682,-0.0454,0.6482,-5.3754,-16.1119,5.7287,-27.9072,-10.5664,-127.6038,0.7468
31246,0.3713,-0.043,0.7122,-9.3754,-25.1348,1.8279,-28.0528,-10.7162,-127.5709,0.8043
31262,0.3811,-0.064,0.7908,-10.1464,-26.7989,-0.5461,-28.1129,-10.8841,-127.5796,0.8801
31319,0.5413,-0.1089,0.7632,-13.0395,-46.8982,-3.4545,-29.1048,-13.3398,-127.7765,0.9419
31336,0.6074,-0.0903,0.7876,-14.696,-56.6844,-11.2484,-29.6788,-13.993,-127.9678,0.9987
31352,0.6023,-0.0256,0.8652,-14.7342,-51.1501,-24.821,-30.1112,-14.2869,-128.3649,1.0545
31370,0.55,-0.0073,0.9329,-15.6349,-35.547,-40.9965,-30.3979,-14.3476,-129.1028,1.083
31386,0.4846,-0.0652,0.9668,-16.1082,-18.0661,-47.7523,-30.4922,-14.2055,-129.8669,1.0834
31403,0.4158,-0.115,0.9814,-15.0624,-10.8829,-44.1263,-30.4311,-14.0822,-130.617,1.0721
31460,0.52,-0.1177,0.9224,4.388,-45.4173,-12.8515,-30.1424,-16.295,-131.3495,1.0654
31476,0.5579,-0.0864,0.9099,1.1055,-43.6997,-4.6072,-30.1757,-16.5314,-131.4233,1.0708
31494,0.6292,-0.0728,0.9045,7.0139,-44.173,5.431,-30.2368,-16.8174,-131.3255,1.1042
31510,0.769,-0.0461,0.8577,23.3269,-53.8982,1.118,-30.3426,-17.0958,-131.3076,1.1529
31527,0.7522,0.0117,0.7227,11.7086,-50.6463,-34.2637,-30.7836,-17.2013,-131.8901,1.0432
31544,0.6238,-0.0308,0.6948,-39.3296,-24.9287,-55.8515,-31.8696,-17.0215,-132.8396,0.9343
31600,0.4958,-0.2307,1.2275,3.7544,34.453,-20.9049,-31.2591,-14.9143,-134.0102,1.3439
31618,0.4683,-0.1265,0.8503,36.6933,35.5598,-8.1568,-30.5177,-14.0416,-134.1571,0.979
31634,0.4714,-0.0479,0.532,31.7926,25.514,7.0493,-30.466,-13.2936,-134.0443,0.7124
31651,0.4956,-0.0637,0.3916,9.3574,5.7583,19.7897,-31.1475,-13.0376,-133.7079,0.6349
31668,0.4897,-0.0837,0.3933,-9.4365,-18.3944,27.95,-32.08,-13.297,-133.2327,0.6337
31684,0.4966,-0.0625,0.5168,-17.7723,-40.4783,28.9042,-32.8157,-13.6627,-132.7702,0.7195
31741,0.5461,-0.0566,0.6787,9.3498,-7.5012,8.1332,-32.5405,-13.7175,-132.3067,0.873
31758,0.5142,-0.0483,0.5847,14.7544,2.6285,3.4997,-32.6472,-13.3149,-132.2472,0.7801
31775,0.4939,-0.0286,0.498,16.388,1.5675,-3.2942,-32.8624,-12.8881,-132.3032,0.702
31792,0.4514,-0.0242,0.4465,9.7468,-2.9669,-8.6148,-33.1996,-12.5449,-132.4496,0.6354
31808,0.4109,-0.0415,0.4707,-2.0777,-7.2722,-6.1492,-33.5439,-12.3563,-132.548,0.6262
31825,0.3975,-0.0825,0.5635,-8.154,-14.2875,-0.1034,-33.7317,-12.4285,-132.5498,0.6945
31882,0.5364,-0.0728,0.6394,4.5941,-19.0508,13.7745,-33.7235,-13.2335,-131.7646,0.8378
31899,0.5583,-0.0547,0.6008,0.8307,-9.2569,12.8126,-34.0723,-13.0633,-131.5468,0.822
31916,0.5549,-0.0635,0.6033,-5.3296,-2.7073,12.6294,-34.4945,-12.8252,-131.3321,0.8221
31932,0.5378,-0.0781,0.647,-8.4823,-2.5776,13.8355,-34.8264,-12.6272,-131.1107,0.845
31949,0.5474,-0.1042,0.7424,-11.6197,-9.4707,16.4004,-35.0683,-12.5964,-130.8319,0.9283
31966,0.6113,-0.1367,0.8345,-9.9326,-17.2264,19.263,-35.2623,-12.7458,-130.5044,1.0434
32023,0.7419,-0.2471,1.0654,-23.8181,-11.5776,-14.1416,-36.5212,-13.3918,-131.3105,1.3216
32039,0.6833,-0.3604,1.165,-51.612,2.369,-31.6988,-37.0237,-13.5072,-131.8177,1.3979
32056,0.6399,-0.4475,1.3179,-69.0777,18.9263,-19.7294,-37.6577,-13.4083,-132.1531,1.5318
32073,0.6062,-0.447,1.4402,-55.2151,27.3614,9.8508,-37.9285,-13.1152,-131.9856,1.6253
32090,0.6025,-0.3376,1.4075,-11.238,26.1095,15.8813,-37.4988,-12.704,-131.7156,1.5678
32107,0.5806,-0.2454,1.1316,22.8613,20.0331,5.0722,-36.691,-12.3583,-131.6294,1.2953
32163,0.4653,-0.2461,0.6169,-13.5739,-5.0432,31.805,-37.3536,-13.005,-129.8483,0.811
32180,0.4897,-0.2017,0.7209,-14.3906,-19.3715,34.3088,-37.422,-13.426,-129.2651,0.8946
32197,0.4888,-0.1692,0.7434,-7.8029,-25.6157,26.889,-37.359,-13.8198,-128.808,0.9056
32214,0.48,-0.1152,0.717,-2.5815,-18.86,17.66,-37.2452,-13.94,-128.5078,0.8705
32231,0.4272,-0.0991,0.6577,-4.9174,-3.5928,11.4844,-37.1442,-13.7839,-128.3125,0.7905
32247,0.3823,-0.1099,0.6179,-10.3143,9.1705,9.7287,-37.0708,-13.4949,-128.1569,0.7349
32304,0.3291,-0.1667,0.6858,-4.0624,-31.1119,3.6829,-36.8103,-15.2042,-127.947,0.7787
32321,0.3184,-0.1953,0.7158,-0.5662,-33.9898,2.1943,-36.276,-15.7612,-127.9097,0.8074
32337,0.3484,-0.2048,0.7466,0.0063,-29.5928,0.8279,-35.794,-16.199,-127.8964,0.849
32355,0.3271,-0.2083,0.7117,-0.8716,-23.0661,-0.0729,-35.3296,-16.6021,-127.8977,0.8105
32371,0.3198,-0.2043,0.6843,-5.8792,-18.2951,3.7745,-34.9716,-16.884,-127.8373,0.7825
32388,0.3401,-0.1831,0.7017,-8.3296,-20.2569,9.8737,-34.7137,-17.1243,-127.6695,0.8009
32445,0.4746,-0.1794,0.6948,5.9605,-43.1806,8.347,-34.3382,-19.3814,-127.1937,0.8604
32461,0.499,-0.1978,0.698,-2.4975,-47.9516,7.5073,-34.3839,-19.9754,-127.0736,0.8805
32479,0.5457,-0.2407,0.8264,-12.6349,-55.4936,5.1256,-34.5218,-20.7849,-126.9813,1.0191
32495,0.6038,-0.2849,0.946,-16.6349,-58.1119,1.3546,-34.6535,-21.5165,-126.9596,1.1579
32512,0.6953,-0.364,1.05,-9.8792,-50.1043,0.4997,-34.7099,-22.2384,-126.9512,1.3109
32529,0.8223,-0.3835,1.0693,5.0521,-40.7379,2.9729,-34.6749,-22.8029,-126.9006,1.4024
32585,0.7505,-0.4063,1.0442,-41.0395,-20.7837,-51.6912,-36.8468,-23.8585,-129.7953,1.3486
32602,0.7488,-0.4797,1.2068,-50.4059,-2.1272,-41.2561,-37.3943,-23.8061,-130.4967,1.4991
32619,0.7761,-0.4504,1.2869,-18.6044,10.7812,-28.0652,-37.3881,-23.4495,-130.9738,1.5688
32635,0.7649,-0.3013,1.0664,30.4414,11.9797,-30.2713,-36.8096,-22.9586,-131.4581,1.3465
32653,0.7041,-0.1667,0.7153,52.8765,3.7583,-40.3095,-36.1751,-22.5001,-132.1837,1.0175
32669,0.6292,-0.1162,0.481,36.9147,-8.7913,-45.0958,-36.2338,-22.2785,-132.9052,0.8004
32727,0.5161,-0.3064,0.8379,-17.6349,-31.2111,-31.2179,-36.9683,-23.9287,-134.7159,1.0307
32743,0.5178,-0.2639,0.8823,1.6552,-16.5318,-25.7141,-36.6381,-23.8915,-135.1273,1.0565
32759,0.5032,-0.1836,0.7793,21.8155,1.2927,-18.8439,-36.1234,-23.4463,-135.4288,0.9456
32777,0.4705,-0.0779,0.6152,33.4719,12.7812,-11.3935,-35.5875,-22.5762,-135.6339,0.7784
32793,0.4392,-0.0103,0.4568,36.9223,11.1095,-5.5003,-35.3516,-21.5539,-135.7219,0.6338
32809,0.427,0.0361,0.3748,36.1055,-1.6615,-1.7675,-35.3268,-20.497,-135.7501,0.5693
32867,0.4685,0.021,0.4258,26.1055,-40.0737,2.1867,-34.3682,-21.7955,-135.6233,0.6334
32883,0.4956,0.0139,0.4702,23.6323,-38.1959,4.2248,-34.4902,-21.4425,-135.5557,0.6833
32901,0.5386,0.0088,0.5044,21.9147,-31.8905,6.1027,-34.6068,-21.096,-135.4459,0.7379
32917,0.5635,0.0083,0.5093,20.8536,-22.6234,7.66,-34.8178,-20.5623,-135.3233,0.7596
32933,0.5671,0.0144,0.5361,20.2124,-15.8753,9.2859,-34.9786,-19.9221,-135.1747,0.7806
32951,0.5757,0.0159,0.5847,21.7391,-13.5394,11.4004,-34.9855,-19.297,-134.9695,0.8207
33007,0.6313,-0.0581,0.6904,14.0597,-10.5012,20.0111,-34.5239,-19.2821,-133.8489,0.9374
33025,0.6758,-0.0872,0.7852,12.3116,-13.2111,24.3088,-34.552,-18.9924,-133.4114,1.0396
33041,0.7231,-0.1301,0.8914,19.2048,-17.9058,22.0874,-34.4252,-18.84,-133.058,1.1552
33057,0.7661,-0.1667,0.9292,24.8994,-16.8295,12.4997,-34.2281,-18.7519,-132.858,1.2158
33075,0.7866,-0.1968,0.9177,15.1971,-7.173,-1.0423,-34.195,-18.6098,-132.8767,1.2246
33091,0.7229,-0.2688,0.9487,-21.0777,7.2163,-17.1187,-34.6008,-18.3873,-133.1506,1.2227
33148,0.6165,-0.3533,1.468,-24.6578,33.0637,39.2172,-35.4544,-16.3838,-130.9152,1.6309
33165,0.6328,-0.2708,1.2205,28.7162,23.4377,32.9348,-34.6415,-15.8463,-130.3554,1.4012
33181,0.6211,-0.21,0.8826,45.6246,12.6133,25.0111,-33.9309,-15.554,-129.9552,1.0994
33199,0.5891,-0.1606,0.6045,30.3956,7.0102,24.8203,-33.7798,-15.406,-129.5084,0.8592
33215,0.5637,-0.1602,0.5461,4.075,3.0713,28.0798,-34.1551,-15.3963,-129.0591,0.8011
33232,0.5361,-0.1812,0.6423,-13.9632,-4.2035,27.576,-34.5678,-15.479,-128.5903,0.8561
33289,0.4963,-0.1577,0.8127,9.388,-7.5928,16.5302,-33.9091,-15.7146,-127.6481,0.9653
33305,0.4946,-0.1443,0.7292,17.9223,-4.0737,13.2554,-33.623,-15.5963,-127.436,0.8929
33323,0.4705,-0.1296,0.6326,20.8613,-2.6997,11.2172,-33.3607,-15.4824,-127.2341,0.7989
33339,0.4565,-0.1309,0.5571,19.1284,-6.6997,8.1561,-33.2757,-15.4947,-127.1036,0.7321
33356,0.4565,-0.1299,0.5103,16.5788,-13.4325,3.5989,-33.3112,-15.6654,-127.0424,0.6969
33373,0.4324,-0.1013,0.5244,13.8384,-21.4173,-2.3553,-33.3125,-15.8257,-127.0825,0.6872
33429,0.3818,-0.1211,0.6497,-2.3143,-20.9287,1.4462,-33.3052,-16.7401,-127.0015,0.7632
33446,0.4143,-0.1101,0.6758,0.8918,-22.0356,5.2935,-33.2056,-16.8003,-126.9115,0.8003
33463,0.4385,-0.0793,0.6624,6.2658,-26.6921,6.5378,-33.1078,-16.8372,-126.8004,0.7983
33480,0.4509,-0.0464,0.6489,5.4032,-30.631,6.9653,-33.0843,-16.8271,-126.682,0.7916
33497,0.4587,-0.0376,0.6785,0.449,-31.6997,8.2859,-33.1146,-16.7982,-126.5411,0.8199
33513,0.4553,-0.0552,0.762,-4.8105,-33.1653,10.8508,-33.0957,-16.8014,-126.3675,0.8894
33570,0.6169,-0.158,0.9355,-4.1387,-35.4631,13.7821,-33.3197,-18.4532,-125.5819,1.1317
33587,0.6655,-0.1587,0.9912,-1.154,-30.8371,19.9042,-33.3475,-18.5822,-125.2435,1.2044
33604,0.7161,-0.1484,0.9822,10.3498,-32.5776,21.805,-33.2761,-18.7143,-124.8729,1.2245
33620,0.7195,-0.1274,0.9121,13.4338,-40.6234,10.1867,-33.2587,-18.9079,-124.7099,1.1687
33637,0.7104,-0.1404,0.8521,-0.9021,-41.9363,2.4844,-33.5208,-19.2102,-124.6676,1.1182
33654,0.6846,-0.1763,0.908,-22.4135,-33.7989,-8.0423,-34.0061,-19.4329,-124.8043,1.1507
33711,0.6328,-0.2678,1.1992,-2.3296,-7.944,34.2554,-33.8632,-19.5938,-122.8518,1.3821
33728,0.6846,-0.1804,0.9502,42.9834,-15.9592,35.7516,-33.2189,-19.5006,-122.244,1.1849
33744,0.6738,-0.0789,0.6812,50.3193,-32.1424,25.5073,-32.8972,-19.4784,-121.8359,0.9614
33761,0.6726,-0.0896,0.5361,25.3956,-40.5318,20.1638,-33.2091,-19.7402,-121.4931,0.8648
33778,0.6912,-0.1553,0.6006,-1.1464,-38.0508,17.9882,-33.8231,-20.1515,-121.1873,0.9287
33795,0.6812,-0.2371,0.7351,-10.1082,-34.005,7.4081,-34.2915,-20.6153,-121.0614,1.0298
33852,0.5737,-0.2112,0.6594,15.93,14.7431,-15.0423,-33.6339,-19.6943,-121.9188,0.8992
33868,0.5493,-0.1572,0.5693,19.3116,22.0484,-13.9126,-33.7089,-19.1853,-122.1414,0.8066
33885,0.5447,-0.1052,0.4949,26.0826,24.2621,-18.9355,-33.8194,-18.5021,-122.4633,0.7434
33902,0.4927,-0.0405,0.4341,27.2277,27.6285,-22.5996,-33.962,-17.5245,-122.8475,0.6579
33918,0.4507,-0.0054,0.3809,18.1208,31.7889,-24.5919,-34.3171,-16.3676,-123.2409,0.5901
33936,0.4092,-0.0315,0.3696,2.2353,36.4682,-24.5461,-34.8179,-15.2775,-123.6828,0.5523
33992,0.4646,-0.1331,0.6147,9.0826,-15.2111,1.6294,-34.395,-15.9727,-123.5915,0.782
34009,0.5579,-0.1365,0.6438,17.5406,-21.1348,8.2172,-34.3444,-16.1574,-123.4518,0.8627
34026,0.6211,-0.125,0.6475,23.9681,-10.9134,14.2783,-34.3109,-16.1263,-123.2091,0.9059
34042,0.6277,-0.0771,0.6155,23.6781,1.8423,18.1485,-34.3883,-15.7387,-122.9187,0.8825
34060,0.6304,-0.0415,0.616,20.533,4.9568,19.8508,-34.4819,-15.1777,-122.5614,0.8823
34076,0.6194,-0.0286,0.6213,17.1819,-5.4325,20.2783,-34.6339,-14.7594,-122.237,0.8778
34132,0.7488,-0.1589,0.9585,21.4338,-37.8066,13.9271,-33.6011,-16.5781,-121.457,1.2266
34150,0.7781,-0.1545,1.0234,27.93,-24.3944,10.6065,-33.2517,-16.6799,-121.2661,1.2949
34166,0.7817,-0.1619,1.041,27.4338,-12.944,-1.2484,-32.9633,-16.5651,-121.2861,1.3119
34184,0.7417,-0.1865,1.0129,9.9376,-4.0508,-20.9507,-32.9034,-16.3898,-121.6632,1.2692
34200,0.6411,-0.2454,1.0693,-28.2761,3.8423,-31.3858,-33.2336,-16.1921,-122.1654,1.2707
34216,0.5676,-0.2979,1.1824,-56.154,9.2392,-18.5996,-33.7653,-15.9681,-122.463,1.345
34274,0.5842,-0.1321,0.9849,48.7315,8.0637,-9.0881,-30.9195,-15.1859,-122.9901,1.1527
34290,0.5122,-0.124,0.6592,33.9452,20.8576,-3.569,-30.656,-14.6843,-123.0472,0.844
34308,0.4646,-0.1338,0.5554,5.9376,24.1476,10.3394,-30.8919,-14.2214,-122.8611,0.7364
34324,0.4343,-0.146,0.6274,-8.7036,7.4072,21.118,-31.1494,-14.0628,-122.5232,0.7769
34340,0.4153,-0.1484,0.7131,-5.1464,-18.5699,23.7287,-31.17,-14.2558,-122.1435,0.8385
34358,0.4209,-0.1287,0.7764,4.3193,-37.318,22.6752,-30.9742,-14.7068,-121.7354,0.8924
34414,0.4519,-0.0659,0.7136,14.2353,-8.3027,22.2401,-30.2593,-14.776,-120.4899,0.8472
34432,0.4617,-0.0671,0.6492,19.1284,-5.86,13.889,-30.1294,-14.5224,-120.2399,0.7994
34448,0.4758,-0.0449,0.5679,20.1361,-7.9592,4.8584,-30.2098,-14.2447,-120.1622,0.7422
34464,0.4651,-0.0198,0.5313,14.991,-11.1806,-3.821,-30.4184,-13.9319,-120.2233,0.7063
34482,0.4238,-0.0078,0.5337,5.1742,-11.3333,-11.2484,-30.6503,-13.604,-120.4258,0.6816
34498,0.3887,-0.0291,0.6035,-2.7113,-10.7531,-15.569,-30.776,-13.3353,-120.6749,0.7184
34555,0.3733,-0.092,0.6985,-0.009,-15.0127,4.2325,-30.6622,-13.9236,-120.4337,0.7973
34572,0.4077,-0.0466,0.7109,1.6628,-23.7073,8.6142,-30.5998,-13.9037,-120.2872,0.8209
34588,0.4412,-0.0176,0.7354,3.6094,-31.3944,12.2477,-30.5585,-13.8845,-120.0913,0.8577
34606,0.4827,-0.0281,0.7773,1.8231,-35.2264,18.431,-30.5774,-14.0206,-119.7595,0.9154
34622,0.5444,-0.0684,0.8545,1.9223,-36.4249,21.5149,-30.6216,-14.2022,-119.4153,1.0155
34638,0.5964,-0.0718,0.908,7.075,-33.4173,16.4233,-30.6168,-14.3282,-119.1525,1.0887
34696,0.6106,-0.0938,0.9421,-12.4594,-20.5623,5.3699,-31.3986,-15.1273,-118.841,1.1266
34712,0.6682,-0.137,0.9829,1.1284,-32.1043,5.2783,-31.4835,-15.3326,-118.7566,1.1964
34729,0.728,-0.1384,0.9785,15.7544,-46.5852,-5.6072,-31.4222,-15.8017,-118.8519,1.2275
34746,0.6851,-0.1096,0.9124,3.0063,-48.7073,-27.7141,-31.5844,-16.2386,-119.323,1.1462
34762,0.5728,-0.094,0.9507,-33.0548,-34.1959,-38.0118,-32.0665,-16.3401,-119.9312,1.1139
34780,0.5168,-0.1675,1.1362,-58.2838,-10.5623,-26.2866,-32.7602,-16.2044,-120.4044,1.2594
34836,0.625,-0.0554,0.7935,28.533,11.5217,-4.8744,-31.4422,-15.0967,-120.6774,1.0116
34853,0.5894,-0.0024,0.5623,14.5941,1.827,-12.0729,-31.8003,-14.4729,-120.8826,0.8145
34870,0.564,-0.0215,0.458,-17.3296,-14.3791,-17.3629,-32.8466,-14.2361,-121.1778,0.7268
34887,0.5898,-0.1311,0.5784,-43.2227,-27.2875,-23.0729,-34.0319,-14.6229,-121.57,0.8364
34904,0.6252,-0.2266,0.7151,-44.8716,-30.6539,-26.508,-34.9954,-15.2414,-122.0207,0.9765
34920,0.6379,-0.2629,0.7554,-34.4975,-24.4783,-23.882,-35.6685,-15.7755,-122.4028,1.0231
34977,0.5347,-0.0583,0.5366,-10.1464,8.0026,-23.5309,-36.5861,-14.9548,-123.744,0.7598
34994,0.5085,-0.083,0.5388,-8.8563,6.911,-21.0118,-36.9875,-14.5941,-124.1012,0.7455
35011,0.488,-0.1006,0.5598,-6.5739,8.7736,-17.2408,-37.2406,-14.2746,-124.3943,0.7495
35027,0.478,-0.1162,0.5745,-2.8563,9.8881,-13.5538,-37.3628,-14.0092,-124.6112,0.7563
35044,0.4866,-0.1169,0.532,4.2964,8.9873,-12.3706,-37.4692,-13.7981,-124.8215,0.7304
35061,0.457,-0.0908,0.4883,9.449,3.5751,-11.3248,-37.5211,-13.6093,-125.014,0.6749
35118,0.4924,0.0061,0.5215,0.8613,-12.173,-2.6148,-37.7074,-13.7042,-125.163,0.7173
35135,0.5032,-0.0088,0.5505,-7.3983,-4.7531,9.3775,-38.0167,-13.2702,-125.0036,0.7459
35151,0.5452,-0.0317,0.6299,-10.2227,-4.9058,20.4386,-38.2867,-12.9301,-124.6766,0.8336
35168,0.5979,-0.0237,0.7444,-3.1845,-15.2798,21.3623,-38.3575,-12.7351,-124.3134,0.9551
35185,0.6191,-0.0273,0.8005,7.2277,-24.8524,15.8355,-38.2133,-12.7096,-124.0442,1.0124
35202,0.6448,-0.0188,0.8464,10.8002,-28.0737,11.9806,-38.0002,-12.7103,-123.8406,1.0642
35259,0.7188,-0.1589,1.0781,-11.4059,-11.9974,-10.3935,-38.4406,-13.1938,-124.433,1.3055
35275,0.6824,-0.2625,1.1643,-33.9708,-5.6157,-23.6683,-38.6151,-13.2604,-124.8117,1.3748
35292,0.6382,-0.3215,1.323,-53.8563,3.2087,-24.7752,-38.954,-13.224,-125.2329,1.5037
35309,0.5984,-0.3496,1.4702,-48.9326,13.0408,-8.9278,-39.0585,-13.0173,-125.3847,1.6254
35325,0.5625,-0.2996,1.4893,-14.5433,21.0408,7.3699,-38.5323,-12.6283,-125.2667,1.6199
35343,0.5518,-0.2097,1.2603,30.4796,24.224,11.5913,-37.3986,-12.0825,-125.0581,1.3916
35399,0.3499,-0.1521,0.5457,5.1819,19.7736,21.1409,-36.8921,-11.1592,-123.8742,0.6658
35416,0.3298,-0.2065,0.624,-6.6273,7.5522,37.3394,-36.5905,-11.3222,-123.2394,0.7354
35433,0.3586,-0.229,0.6794,0.5941,-10.7379,46.2706,-36.1801,-11.7896,-122.4528,0.8017
35449,0.3735,-0.1602,0.6721,12.9681,-27.0585,46.9271,-35.6696,-12.2697,-121.702,0.7854
35467,0.3992,-0.0806,0.6233,12.4109,-34.6844,44.721,-35.3252,-12.6729,-120.897,0.7445
35483,0.4104,-0.0493,0.5557,3.0521,-30.3867,39.2019,-35.319,-12.8356,-120.2698,0.6925
35539,0.4268,-0.1365,0.6699,-12.3525,-5.7455,16.1638,-35.8492,-13.0916,-119.3646,0.8059
35557,0.4036,-0.1401,0.6692,-8.5433,-9.3562,8.7592,-35.7849,-13.2027,-119.207,0.7939
35573,0.3875,-0.1411,0.6873,-7.9937,-12.3486,5.721,-35.6327,-13.3284,-119.1154,0.8015
35591,0.3638,-0.1233,0.719,-8.299,-14.5165,5.4539,-35.4109,-13.4353,-119.0173,0.8152
35607,0.3545,-0.0999,0.7825,-7.4823,-18.1272,5.6371,-35.0774,-13.4673,-118.9271,0.8648
35623,0.3789,-0.0979,0.8101,-5.8792,-21.3104,6.6142,-34.7609,-13.5315,-118.8212,0.8996
35681,0.5208,-0.0928,0.7661,5.762,-14.5089,3.8508,-34.4101,-14.0743,-118.5979,0.931
35697,0.519,-0.0803,0.688,4.4109,-16.6539,-2.4698,-34.4398,-14.0335,-118.6374,0.8656
35715,0.5381,-0.0798,0.707,-5.07,-22.9058,-13.2408,-34.6338,-14.1257,-118.8757,0.8921
35731,0.531,-0.1338,0.8303,-16.7265,-28.1653,-22.5156,-34.796,-14.3594,-119.236,0.9946
35747,0.5447,-0.2034,0.9995,-23.8945,-26.9287,-23.9813,-34.8953,-14.6587,-119.6197,1.1563
35765,0.5686,-0.2815,1.0793,-21.4288,-18.1348,-16.737,-34.9502,-14.9704,-119.921,1.252
35821,0.667,-0.1892,0.8628,23.7697,-44.9898,-22.8897,-33.7566,-17.285,-121.2028,1.1068
35838,0.6099,-0.2107,0.8245,-13.7723,-47.9058,-41.0118,-34.0562,-17.9488,-121.9,1.0469
35855,0.6003,-0.2756,0.9983,-52.1998,-29.9516,-38.3553,-34.7499,-18.3371,-122.552,1.1971
35872,0.595,-0.3391,1.1592,-58.1922,-2.8982,-18.9813,-35.3586,-18.3032,-122.8747,1.3464
35889,0.6396,-0.3176,1.219,-26.2303,16.9721,-5.4164,-35.4492,-17.8782,-122.9668,1.4128
35905,0.6208,-0.2092,0.9988,14.1742,20.9568,-10.508,-35.0661,-17.3145,-123.1349,1.1945
35962,0.5176,-0.2249,0.8665,-23.5052,-34.1119,-16.3935,-36.1512,-19.0704,-124.0693,1.034
35979,0.5454,-0.3027,0.9707,-13.7952,-31.5318,-14.2561,-36.0586,-19.515,-124.3117,1.1539
35996,0.5701,-0.2966,0.9592,6.2429,-15.9363,-10.9278,-35.6978,-19.6819,-124.4975,1.1546
36013,0.573,-0.2114,0.821,23.8613,4.224,-9.7294,-35.2426,-19.4033,-124.6629,1.0233
36029,0.5383,-0.1006,0.6279,31.0521,17.4224,-11.2637,-34.9659,-18.7236,-124.8431,0.8332
36046,0.4941,-0.0271,0.4885,29.6475,17.4148,-13.5003,-34.8947,-17.8174,-125.0726,0.6954
36103,0.4067,-0.0295,0.4258,16.8384,-24.7531,-12.2866,-34.3224,-18.618,-125.7729,0.5896
36120,0.4172,-0.0579,0.458,11.3345,-27.8905,-8.1797,-34.4488,-18.6164,-125.912,0.6223
36136,0.4551,-0.0964,0.5308,7.6857,-23.2875,-2.6072,-34.5588,-18.6414,-125.9537,0.7058
36153,0.4783,-0.1116,0.5774,8.617,-15.776,3.6752,-34.6007,-18.5906,-125.8912,0.758
36170,0.4932,-0.0925,0.5835,10.6781,-9.8142,12.1256,-34.6365,-18.3676,-125.6851,0.7696
36187,0.5112,-0.0552,0.5837,11.846,-8.9974,19.7668,-34.7012,-17.9957,-125.349,0.7779
36244,0.5991,-0.0393,0.6575,11.5406,-30.3562,26.9653,-34.3732,-19.0739,-123.812,0.8904
36260,0.6301,-0.062,0.7285,12.2277,-31.4783,26.7287,-34.4407,-18.989,-123.3844,0.9652
36277,0.6536,-0.0806,0.8,11.0445,-27.6997,26.4157,-34.447,-18.9115,-122.9353,1.0362
36294,0.6824,-0.0825,0.8948,10.5865,-24.8447,23.0187,-34.3849,-18.7713,-122.544,1.1283
36311,0.7275,-0.0894,0.9709,14.8613,-24.0966,14.9729,-34.2361,-18.624,-122.2894,1.2166
36328,0.7415,-0.1182,1.0107,18.9529,-20.8371,3.8584,-34.0004,-18.4859,-122.2238,1.2591
36384,0.5815,-0.344,1.1458,-53.3296,24.9339,-29.5461,-36.5444,-17.0744,-123.8784,1.3301
36401,0.5281,-0.3508,1.2625,-58.1845,37.4606,-0.0576,-36.9103,-16.4013,-123.8794,1.4127
36418,0.5176,-0.2722,1.3059,-20.9174,32.0255,22.8737,-36.6235,-15.6936,-123.4906,1.4309
36434,0.481,-0.1646,1.095,26.9987,15.0026,15.5149,-35.683,-15.1773,-123.2423,1.2072
36452,0.4475,-0.0801,0.8254,42.6246,0.2545,6.1943,-34.6532,-14.7874,-123.1308,0.9424
36468,0.3965,-0.0659,0.6118,23.2964,-4.0585,9.1867,-34.221,-14.5042,-122.9838,0.732
36525,0.4417,-0.2422,0.8857,-0.1082,-25.8295,24.5913,-33.8855,-15.9492,-121.5821,1.0189
36542,0.4617,-0.209,0.8506,14.9376,-27.9669,20.4997,-33.398,-16.3198,-121.2336,0.9901
36558,0.4719,-0.1462,0.7742,20.4109,-20.0127,17.118,-32.9854,-16.4023,-120.9597,0.9184
36576,0.4636,-0.0928,0.6917,18.4261,-6.9516,13.1103,-32.6916,-16.1719,-120.7238,0.8378
36592,0.4375,-0.0679,0.6228,14.6704,2.9186,7.7134,-32.5557,-15.7289,-120.6003,0.7641
36609,0.4063,-0.0769,0.5657,10.9071,3.6896,2.7363,-32.4929,-15.3493,-120.5538,0.7007
36666,0.3569,-0.0901,0.5498,0.1742,-14.7913,-3.1263,-32.4895,-15.9169,-120.732,0.6617
36682,0.3411,-0.0813,0.5999,-4.2761,-18.1043,-1.737,-32.4315,-15.867,-120.7598,0.6948
36699,0.3484,-0.0732,0.6206,-8.6731,-21.9058,0.721,-32.4414,-15.8591,-120.7476,0.7155
36716,0.3813,-0.0835,0.6711,-12.3067,-25.5623,5.0264,-32.5213,-15.9256,-120.6621,0.7764
36732,0.4182,-0.0869,0.7192,-11.5662,-26.6463,11.3088,-32.5979,-15.9734,-120.4812,0.8365
36750,0.4639,-0.0774,0.7642,-5.9174,-26.8295,12.8203,-32.6414,-16.0294,-120.2504,0.8973
36806,0.5298,-0.0596,0.8123,-25.0548,-9.5318,-11.6148,-34.0045,-16.0685,-120.9008,0.9716
36824,0.5391,-0.1543,0.9768,-40.1998,-12.6157,-3.737,-34.4827,-16.0028,-120.9681,1.1263
36840,0.6194,-0.2505,1.1335,-33.6502,-24.1501,6.179,-34.7436,-16.232,-120.8692,1.3158
36856,0.7065,-0.2874,1.2263,-8.78,-42.402,-0.9813,-34.6603,-16.7616,-120.8849,1.4442
36874,0.6692,-0.2612,1.1685,-2.2609,-51.5776,-20.8439,-34.481,-17.4865,-121.2601,1.3716
36890,0.647,-0.2449,1.1501,-21.78,-41.3944,-27.2484,-34.5891,-17.9036,-121.6961,1.3422
36947,0.6328,-0.2222,1.2139,14.4948,16.0484,-4.7599,-33.4983,-16.7241,-121.9674,1.3868
36964,0.6433,-0.1365,0.9546,37.762,13.1018,-5.279,-32.8904,-16.1668,-122.0572,1.1592
36980,0.6301,-0.0898,0.72,36.2277,0.4453,-10.34,-32.6573,-15.7978,-122.2226,0.961
36998,0.5957,-0.1035,0.6296,14.1819,-18.2569,-15.4545,-32.8272,-15.8548,-122.5008,0.8729
37014,0.5864,-0.1489,0.7268,-7.9708,-29.402,-20.4545,-33.1695,-16.1354,-122.8281,0.9457
37031,0.5605,-0.2085,0.8462,-14.4899,-27.7455,-24.9584,-33.3892,-16.4965,-123.2524,1.0362
37088,0.4329,-0.1624,0.6912,25.4414,23.4148,-25.7828,-31.9163,-15.0841,-124.722,0.8315
37104,0.3955,-0.0999,0.5303,29.075,23.0255,-18.9965,-31.6427,-14.5537,-125.0259,0.669
37122,0.3782,-0.0352,0.416,30.7086,11.6591,-13.5461,-31.5331,-13.9633,-125.2698,0.5633
37138,0.366,0.0137,0.3635,31.7162,-2.8447,-13.7446,-31.5915,-13.3623,-125.4897,0.516
37155,0.3542,0.0352,0.353,26.6933,-14.7684,-14.5232,-31.6905,-12.8413,-125.7366,0.5014
37172,0.3604,0.0249,0.3738,17.2811,-19.4402,-13.195,-31.8964,-12.4925,-125.9609,0.5198
37228,0.4426,-0.0261,0.5894,7.5636,-14.6615,7.7287,-31.6892,-12.8825,-125.5281,0.7375
37245,0.4805,-0.0081,0.574,12.5635,-20.4173,12.5302,-31.8137,-12.7326,-125.3151,0.7486
37262,0.51,0.0237,0.5808,12.6552,-26.1959,18.2783,-31.9852,-12.5574,-125.0043,0.7733
37279,0.5459,0.0317,0.6465,11.6323,-30.9516,21.9958,-32.1217,-12.4478,-124.6304,0.8467
37296,0.5874,0.0293,0.749,12.4338,-32.5012,23.2325,-32.1572,-12.3907,-124.2354,0.9523
37312,0.627,0.0061,0.811,13.8994,-32.1653,21.889,-32.1656,-12.3719,-123.8852,1.0251
37369,0.6919,-0.0618,0.989,26.388,-15.0585,4.6981,-30.832,-12.844,-123.6174,1.2086
37386,0.6746,-0.0857,0.9893,26.7926,-9.4173,-6.9736,-30.529,-12.6819,-123.736,1.2004
37403,0.6609,-0.1541,0.9939,13.4643,-3.7302,-18.7446,-30.4205,-12.588,-124.0546,1.2035
37420,0.6106,-0.2556,1.0515,-14.7876,4.9034,-27.0881,-30.6224,-12.5509,-124.5151,1.2425
37436,0.5359,-0.3289,1.1848,-42.7036,14.4759,-23.7141,-30.9953,-12.4471,-124.8946,1.3413
37453,0.4775,-0.3508,1.3323,-49.1998,22.7431,-4.5003,-31.3232,-12.1681,-124.9711,1.4581
37510,0.479,-0.0945,0.8184,46.5788,0.9873,21.7058,-28.7285,-11.8908,-123.7338,0.9529
37527,0.4485,-0.0647,0.5823,26.8918,-3.5928,25.1103,-28.6379,-11.7274,-123.307,0.7378
37543,0.4453,-0.0747,0.543,-0.0013,-8.6997,30.4386,-29.0561,-11.7053,-122.82,0.7062
37560,0.4507,-0.1218,0.6362,-15.3448,-16.4783,31.0111,-29.5374,-11.9396,-122.2928,0.7891
37577,0.4487,-0.1252,0.7288,-14.3219,-23.3333,26.492,-29.8397,-12.2329,-121.8424,0.8649
37594,0.4487,-0.1155,0.761,-10.154,-22.9898,22.0035,-30.0215,-12.4639,-121.4683,0.891
37651,0.4045,-0.0535,0.6348,-2.7571,4.4759,11.8355,-30.2682,-11.913,-120.7937,0.7546
37667,0.3962,-0.0544,0.563,-1.9632,-2.8447,7.66,-30.4882,-11.7012,-120.6712,0.6906
37685,0.3831,-0.0444,0.5342,-3.9021,-13.4936,2.2096,-30.7581,-11.6565,-120.6314,0.6588
37701,0.363,-0.0344,0.5525,-10.0548,-21.6692,-2.5614,-31.0125,-11.6657,-120.6724,0.662
37718,0.3635,-0.0615,0.6238,-16.2074,-23.8295,-5.34,-31.241,-11.8133,-120.7631,0.7246
37735,0.3657,-0.0898,0.6865,-17.3143,-20.9516,-5.279,-31.3877,-11.9809,-120.8529,0.783
37791,0.5198,-0.1042,0.7114,-7.4059,-26.0203,7.1485,-31.9648,-13.234,-120.4526,0.8872
37809,0.554,-0.0613,0.7014,-6.8563,-28.7302,6.9119,-32.3325,-13.4008,-120.3282,0.8959
37825,0.5786,-0.0315,0.7207,-8.8639,-28.7913,5.6371,-32.7247,-13.4071,-120.238,0.9248
37841,0.5457,-0.043,0.7559,-15.1464,-29.1272,2.492,-33.0796,-13.4483,-120.1981,0.9332
37859,0.5208,-0.0671,0.8638,-21.2456,-31.7913,-4.1034,-33.3639,-13.6375,-120.272,1.0108
37875,0.5071,-0.1099,0.9707,-27.1082,-33.0356,-8.2103,-33.543,-13.8577,-120.4033,1.1007
37933,0.5574,-0.1594,1.1162,-13.2838,-40.9058,-7.1492,-33.9931,-15.9062,-120.818,1.2578
37949,0.5505,-0.1704,1.1621,-20.6578,-45.0279,-11.7294,-33.9552,-16.2953,-121.0056,1.2972
37965,0.6147,-0.2202,1.2278,-21.383,-37.1882,-8.3324,-33.9749,-16.6214,-121.139,1.3906
37983,0.6533,-0.2544,1.2666,-15.3754,-25.3638,-18.3095,-33.9546,-16.8491,-121.4685,1.4477
37999,0.6038,-0.22,1.2358,-11.1311,-10.3104,-22.0881,-33.7949,-16.7372,-121.8219,1.3929
38017,0.5603,-0.1687,1.1465,-7.8334,6.9263,-8.5232,-33.6106,-16.2829,-121.9754,1.2872
38073,0.5686,-0.1235,0.7515,38.4872,-10.8905,4.4233,-31.667,-16.5904,-121.7277,0.9504
38089,0.5784,-0.1299,0.6821,28.0597,-20.631,2.7439,-31.561,-16.6749,-121.6838,0.9037
38107,0.5879,-0.1567,0.698,18.2353,-21.7684,0.7516,-31.5599,-16.8903,-121.6702,0.926
38123,0.6013,-0.1855,0.7178,18.6017,-15.4096,-1.569,-31.5736,-17.0312,-121.6953,0.9546
38140,0.6023,-0.1709,0.6714,26.0674,-1.9592,-2.2713,-31.5254,-16.9531,-121.734,0.918
38157,0.5776,-0.1267,0.5769,32.9834,8.9492,-2.8897,-31.5005,-16.6245,-121.7831,0.8262
38213,0.4758,-0.0327,0.3872,30.5941,-12.9745,-9.3477,-30.6263,-16.8502,-122.3065,0.6143
38231,0.4756,-0.053,0.3926,24.4872,-19.7837,-13.7904,-30.9864,-16.8255,-122.5548,0.619
38247,0.4578,-0.0935,0.4045,12.9071,-18.318,-12.5385,-31.4603,-16.9544,-122.7554,0.618
38264,0.4758,-0.1272,0.5012,3.3498,-15.6921,-10.737,-31.852,-17.1019,-122.9379,0.7027
38281,0.499,-0.1306,0.5742,0.533,-17.402,-8.7141,-32.1804,-17.2144,-123.0861,0.7719
38297,0.5059,-0.1353,0.625,3.1742,-22.547,-4.882,-32.3782,-17.3606,-123.1642,0.8154
38354,0.606,-0.0938,0.6924,10.1513,-19.089,14.0493,-32.165,-18.0192,-122.3634,0.9249
38371,0.6252,-0.0833,0.6902,14.9071,-20.4249,11.4386,-32.3138,-17.9069,-122.1689,0.935
38388,0.6255,-0.0439,0.6663,14.8078,-23.1119,6.3165,-32.5048,-17.7187,-122.0615,0.9149
38405,0.6221,-0.0264,0.6719,5.2735,-21.1424,3.6371,-32.8295,-17.4449,-121.9997,0.916
38421,0.6318,-0.053,0.7659,-6.0395,-16.9592,1.9195,-33.1873,-17.1659,-121.969,0.9943
38438,0.6357,-0.073,0.8713,-6.154,-12.7837,-0.111,-33.401,-16.8794,-121.9709,1.0811
38495,0.6274,-0.1787,1.0659,-17.7342,-10.0203,-28.3095,-34.2409,-17.1333,-123.5845,1.2497
38512,0.5564,-0.2095,1.1475,-39.6807,-2.2646,-27.1797,-34.5389,-16.8987,-124.0466,1.2923
38529,0.5225,-0.2498,1.2898,-45.925,9.3156,-8.5309,-34.7743,-16.5091,-124.1916,1.4138
38545,0.5642,-0.2449,1.3679,-17.7723,15.7965,10.4157,-34.5402,-16.0121,-124.0249,1.4998
38562,0.5771,-0.1606,1.1953,24.1055,10.6896,11.9729,-33.7881,-15.5033,-123.8214,1.337
38579,0.5679,-0.0818,0.9131,39.304,4.2163,4.66,-33.0662,-15.0191,-123.7422,1.0784
38636,0.4968,-0.1401,0.7612,-20.0853,-8.7684,6.492,-34.1504,-15.3154,-123.3721,0.9198
38652,0.5044,-0.1609,0.8347,-16.9021,-12.1959,4.7134,-34.2714,-15.3265,-123.2967,0.9885
38669,0.4858,-0.1531,0.8274,-14.3296,-5.5547,4.9195,-34.3344,-15.2234,-123.2131,0.9716
38686,0.4734,-0.1206,0.793,-11.3448,6.3843,6.0187,-34.3682,-14.8561,-123.1108,0.9314
38703,0.4661,-0.0767,0.7061,-6.0471,13.7125,4.4997,-34.4231,-14.286,-123.0343,0.8495
38719,0.4412,-0.0381,0.5969,-1.9097,13.5827,1.347,-34.532,-13.6519,-123.0127,0.7432
38776,0.3887,-0.0322,0.5071,-6.5739,-13.9516,-11.5232,-35.007,-14.0147,-123.6696,0.6397
38793,0.3677,-0.0503,0.5735,-9.4365,-18.4554,-12.3171,-35.0633,-13.9558,-123.8789,0.6831
38810,0.3635,-0.0649,0.6482,-8.5815,-18.8066,-9.8744,-34.9673,-13.9334,-124.0468,0.746
38827,0.3669,-0.0715,0.7078,-5.0242,-18.1653,-5.3858,-34.7421,-13.9033,-124.1384,0.8004
38843,0.3589,-0.042,0.74,-1.5586,-19.8905,1.2783,-34.4098,-13.7826,-124.1179,0.8235
38860,0.3953,-0.0408,0.7637,0.7391,-25.089,4.95,-34.1146,-13.763,-124.0338,0.8609
38917,0.5286,-0.0266,0.824,2.2277,-21.4325,-4.3324,-33.9348,-14.4593,-124.2807,0.9793
38934,0.5234,-0.0425,0.8474,-3.299,-15.2951,-7.0271,-33.8981,-14.2453,-124.4002,0.9969
38950,0.5154,-0.072,0.9126,-6.6884,-14.3409,-8.1492,-33.82,-14.0763,-124.5306,1.0505
38967,0.5227,-0.106,0.9763,-6.0548,-18.7226,-7.5538,-33.687,-14.0665,-124.659,1.1125
38984,0.5518,-0.1152,0.9968,0.2582,-24.8905,-4.9202,-33.4875,-14.1739,-124.7426,1.1452
39001,0.5952,-0.1162,0.9609,5.2277,-31.173,-0.569,-33.3262,-14.3915,-124.7523,1.1363
39058,0.5569,-0.1514,1.1987,-19.7113,-41.0356,-12.0194,-34.0616,-16.3492,-125.4374,1.3304
39074,0.6475,-0.2378,1.2986,-23.7189,-32.776,-3.9965,-34.1085,-16.6137,-125.5013,1.4704
39091,0.7512,-0.2227,1.3613,-7.4288,-24.8829,-0.9049,-34.0083,-16.7268,-125.5167,1.5707
39108,0.7756,-0.1111,1.2131,21.3956,-10.6157,-7.5461,-33.5981,-16.4402,-125.645,1.4442
39124,0.7668,0.0164,0.9229,38.8536,1.3766,-16.3019,-33.2462,-15.7209,-125.9058,1.2
39142,0.7312,0.0571,0.6399,36.6781,5.6056,-26.4545,-33.2305,-14.7911,-126.382,0.9733
39198,0.5588,-0.1829,0.7014,-14.9021,-16.0585,-25.966,-34.2076,-15.6472,-127.8361,0.9153
39215,0.5598,-0.1685,0.8201,-6.3983,-12.4173,-22.2103,-34.2945,-15.6883,-128.2137,1.0071
39232,0.5408,-0.124,0.7751,7.7773,-0.8447,-16.966,-34.1783,-15.4382,-128.5021,0.9532
39248,0.5181,-0.0557,0.644,17.5941,10.514,-8.3553,-34.0893,-14.8568,-128.6358,0.8284
39266,0.5,0.0239,0.5234,21.2582,11.4224,-2.653,-34.1047,-13.9604,-128.6835,0.7243
39282,0.4807,0.0615,0.4177,21.0674,4.6667,-1.6377,-34.3652,-12.9952,-128.7097,0.6398
39339,0.4324,0.0471,0.4412,0.9223,-23.776,1.0493,-34.7105,-13.5325,-128.6499,0.6195
39356,0.4316,0.0254,0.519,-4.3219,-23.8371,4.118,-34.9812,-13.2682,-128.5799,0.6755
39372,0.4812,-0.0046,0.603,-2.7647,-24.1272,6.4691,-35.1679,-13.1257,-128.4764,0.7715
39390,0.5234,-0.0134,0.6301,3.8918,-22.7302,9.492,-35.2824,-13.0423,-128.3056,0.8193
39406,0.5457,-0.0117,0.5801,5.4109,-19.9058,15.4157,-35.5177,-12.8727,-128.0589,0.7965
39422,0.532,-0.001,0.5681,-1.7571,-17.7226,23.8966,-35.8487,-12.6339,-127.6766,0.7783
39480,0.6802,0.0215,0.7551,12.3345,-25.8066,19.7134,-35.4079,-13.5003,-126.5332,1.0165
39496,0.7122,0.0188,0.7527,7.0216,-20.4325,16.0569,-35.62,-13.2169,-126.2763,1.0364
39514,0.7275,-0.0042,0.8145,-1.9937,-13.8066,13.0035,-35.9006,-12.9385,-126.0422,1.0921
39530,0.7561,-0.043,0.9531,-1.4823,-12.089,8.7668,-36.0232,-12.7099,-125.9019,1.2174
39546,0.7881,-0.0662,1.0566,12.6323,-15.9287,1.7058,-35.8548,-12.5895,-125.8746,1.3198
39564,0.7961,-0.0796,1.0569,26.5101,-12.9592,-11.4164,-35.439,-12.4821,-126.0801,1.3256
39620,0.5508,-0.1597,1.2144,-10.1998,39.6133,-18.1339,-35.5383,-10.1528,-127.0956,1.3429
39638,0.4861,-0.1936,1.228,1.075,48.911,0.8355,-34.9524,-9.2599,-127.0806,1.3348
39654,0.4395,-0.1924,1.1013,18.8078,41.6438,15.2935,-34.1237,-8.6462,-126.8359,1.2013
39670,0.4551,-0.167,0.9028,28.533,19.5522,23.7058,-33.3751,-8.4192,-126.4566,1.0247
39688,0.4771,-0.1328,0.749,25.304,-8.3562,26.7516,-32.8866,-8.629,-125.9751,0.8979
39704,0.4958,-0.1072,0.6895,11.2506,-29.7989,23.4081,-32.8143,-9.095,-125.6006,0.856
39761,0.4382,-0.1414,0.9263,-33.7036,3.7736,13.3928,-34.3486,-8.8718,-124.8372,1.0344
39778,0.3655,-0.0771,0.947,-22.2761,15.9263,5.3623,-34.1798,-8.4433,-124.746,1.018
39794,0.3044,0.0054,0.8774,-6.8945,21.4453,-6.5385,-33.6839,-7.7621,-124.8506,0.9288
39812,0.3145,0.0479,0.75,4.5865,18.4453,-20.2103,-33.1655,-6.9869,-125.2144,0.8147
39828,0.366,0.0481,0.6326,8.4109,11.8881,-29.1339,-32.9089,-6.3509,-125.6806,0.7324
39844,0.3877,0.0217,0.5747,5.4109,11.1171,-31.9126,-32.8688,-5.8395,-126.1912,0.6936
39902,0.4978,-0.0068,0.5439,13.9376,8.3308,-33.4622,-32.4764,-5.1708,-128.132,0.7374
39918,0.4824,0.0176,0.4363,15.6094,5.1705,-43.8515,-32.8517,-4.7923,-128.8336,0.6507
39936,0.4692,0.0217,0.3733,1.9681,2.2774,-44.0118,-33.5616,-4.428,-129.6258,0.6
39952,0.4443,0.0359,0.4453,-11.6197,-7.4783,-39.3782,-34.1914,-4.1814,-130.2558,0.6301
39968,0.4246,0.0547,0.5867,-15.9861,-25.4249,-34.0042,-34.5003,-4.1917,-130.7999,0.7262
39986,0.4282,0.054,0.7415,-15.7494,-40.2417,-28.9813,-34.5901,-4.5529,-131.3216,0.8579
40042,0.5449,0.0637,1.0107,-10.612,-32.2111,-18.2637,-34.9084,-5.9582,-132.3443,1.15
40059,0.5269,0.103,1.0234,-13.8639,-27.0279,-22.4774,-34.8231,-5.931,-132.7265,1.1557
40076,0.5217,0.0894,1.0474,-18.7113,-24.7531,-22.2179,-34.7915,-5.9027,-133.1042,1.1735
40092,0.5664,0.0669,1.0713,-14.1311,-25.6081,-18.3477,-34.7296,-5.917,-133.3977,1.2137
40110,0.6262,0.0859,1.1067,3.5941,-33.1959,-25.3171,-34.4555,-6.0763,-133.8534,1.2745
40126,0.5933,0.165,1.0605,10.3803,-41.4554,-49.3324,-34.0751,-6.1162,-134.6427,1.2264
40183,0.5005,0.0012,1.3115,-30.2456,11.9415,-47.4087,-35.2026,-5.216,-137.345,1.4038
40200,0.4485,0.0425,1.2896,-9.3296,15.514,-42.0118,-34.7135,-4.6787,-138.0592,1.366
40216,0.4648,0.0579,1.1211,13.7926,10.1095,-40.0423,-34.0128,-4.2181,-138.6999,1.215
40233,0.5005,0.0544,0.9756,25.9758,-2.4936,-41.5156,-33.3133,-3.9623,-139.4057,1.0978
40250,0.5354,0.0144,0.8979,24.1132,-12.2264,-40.2866,-32.8193,-3.9666,-140.0906,1.0455
40267,0.522,-0.0122,0.8877,17.4338,-9.0432,-36.1034,-32.4402,-3.987,-140.7043,1.0299
40324,0.4714,-0.0542,0.8433,22.6704,17.3079,-24.4316,-31.0683,-3.0275,-142.0969,0.9676
40340,0.4277,0.001,0.7017,32.1132,16.9568,-18.279,-30.587,-2.6428,-142.3894,0.8218
40357,0.3972,0.0615,0.5789,35.8384,11.5675,-11.8362,-30.151,-2.1056,-142.5906,0.7047
40374,0.3523,0.1082,0.4983,33.617,3.9873,-5.4927,-29.782,-1.4665,-142.684,0.6198
40391,0.3113,0.1028,0.4648,26.1971,-4.7684,3.8813,-29.4903,-0.9869,-142.618,0.5688
40408,0.2981,0.0688,0.4841,18.6857,-12.9745,15.1485,-29.2604,-0.8354,-142.3605,0.5727
40464,0.4441,0.0686,0.5496,20.1208,-42.1882,41.2554,-28.5573,-2.7854,-140.0502,0.7099
40481,0.5071,0.0945,0.5681,14.388,-39.5623,43.3928,-28.8347,-2.942,-139.3125,0.7673
40498,0.5532,0.1099,0.5876,12.2811,-33.2111,39.6142,-29.1921,-2.9427,-138.639,0.8145
40514,0.5693,0.1003,0.6038,10.3727,-23.234,36.7058,-29.5823,-2.8044,-138.0518,0.8359
40531,0.5742,0.1072,0.6167,8.1132,-16.3409,36.2096,-29.9679,-2.5646,-137.4362,0.8494
40548,0.5562,0.1274,0.6489,5.5788,-17.6463,36.0264,-30.2806,-2.3056,-136.8237,0.8641
40605,0.6172,0.0601,0.8999,-1.2456,-37.5547,25.4844,-30.513,-4.1156,-135.3711,1.0929
40622,0.6414,0.0249,0.9641,0.6933,-33.1806,27.0493,-30.6261,-4.4333,-134.9113,1.1582
40638,0.6692,0.0203,1.0168,5.4719,-28.6539,21.7516,-30.6508,-4.6504,-134.5633,1.2175
40655,0.6733,0.0215,0.9893,2.1971,-21.9134,11.1103,-30.7583,-4.7723,-134.3744,1.1969
40672,0.6665,-0.0178,1.0085,-10.1158,-12.1882,2.3699,-31.0312,-4.8208,-134.3341,1.209
40688,0.606,-0.0854,1.0288,-32.7342,-1.3409,-6.6988,-31.5092,-4.8385,-134.4413,1.1971
40745,0.5383,-0.0874,1.3452,-19.4288,-5.7837,23.9882,-32.1828,-5.1101,-133.074,1.4516
40762,0.5515,-0.063,1.1077,4.4032,-4.4249,19.1332,-31.8809,-5.1081,-132.7487,1.239
40779,0.5513,-0.0786,0.8347,2.4414,1.2698,19.889,-31.8988,-5.0983,-132.4106,1.0034
40796,0.5229,-0.0945,0.7063,-11.6731,0.5217,22.66,-32.2643,-5.1906,-132.0254,0.8839
40812,0.5098,-0.0779,0.6685,-26.3601,-9.4249,22.7134,-32.8644,-5.3936,-131.6619,0.8443
40829,0.4839,-0.0618,0.6902,-36.2303,-22.402,17.9729,-33.5381,-5.748,-131.3564,0.8452
40886,0.4717,-0.0449,0.7954,-14.1006,-23.3715,6.5836,-34.1933,-6.9262,-130.9811,0.9258
40903,0.46,-0.0256,0.7002,-5.5662,-17.1043,2.4691,-34.2478,-7.0122,-130.9392,0.8381
40920,0.4426,0.0022,0.6045,-3.3983,-15.3486,-2.3858,-34.3818,-6.9739,-130.9797,0.7492
40936,0.4238,0.0303,0.5652,-4.7113,-19.631,-9.9965,-34.552,-6.8738,-131.1397,0.7071
40953,0.3779,0.0352,0.5613,-11.4746,-24.0737,-13.9889,-34.7132,-6.8484,-131.3775,0.6776
40970,0.3381,0.0203,0.6216,-20.6426,-28.2188,-12.8133,-34.8029,-6.9603,-131.5953,0.7079
41027,0.4053,0.0249,0.7434,0.3193,-40.0279,4.5073,-34.5367,-8.7955,-131.3384,0.8471
41043,0.4329,0.072,0.6907,4.2124,-41.2264,5.4004,-34.368,-8.8387,-131.252,0.8183
41060,0.4583,0.1045,0.6531,1.159,-39.2875,4.9577,-34.363,-8.7628,-131.1677,0.8046
41077,0.4829,0.1033,0.6665,-2.925,-34.3027,3.5684,-34.4603,-8.6198,-131.107,0.8295
41094,0.4863,0.103,0.7092,-4.4823,-32.2875,0.0035,-34.5215,-8.4713,-131.107,0.8661
41111,0.4712,0.0967,0.7546,-8.9097,-34.1882,-3.5538,-34.5569,-8.3984,-131.1674,0.8949
41167,0.5979,-0.0281,1.0413,-1.6044,-39.3715,5.6294,-34.4551,-10.2408,-130.8521,1.201
41184,0.6846,-0.0044,0.9724,10.2048,-43.5776,1.6829,-34.3162,-10.5527,-130.8235,1.1892
41201,0.688,-0.0046,0.9265,0.6857,-41.8753,-11.7904,-34.3961,-10.8255,-131.024,1.154
41218,0.6687,-0.0723,0.9785,-17.2074,-28.7455,-10.7065,-34.6721,-11.0306,-131.206,1.1874
41234,0.696,-0.135,1.0671,-21.2914,-18.9669,-8.7981,-34.9286,-11.1691,-131.3467,1.2812
41251,0.6541,-0.1497,1.0974,-26.6044,-16.1806,-19.5461,-35.1881,-11.297,-131.679,1.2863
41308,0.6055,-0.1204,1.0095,3.2124,17.0179,-6.1721,-34.8358,-10.1859,-132.0308,1.1833
41325,0.5596,-0.1174,0.8286,8.5177,13.911,-3.4469,-34.6541,-9.8741,-132.0894,1.0067
41341,0.5359,-0.1445,0.7327,-0.9937,8.6285,5.7974,-34.7097,-9.793,-131.9967,0.9192
41359,0.5371,-0.179,0.7561,-7.7647,2.2087,15.5455,-34.8417,-9.8957,-131.7168,0.9446
41375,0.552,-0.2014,0.7615,-3.7952,-5.234,22.4386,-34.9073,-10.1729,-131.3578,0.9618
41392,0.5649,-0.1782,0.7212,6.2048,-10.5241,25.1867,-34.8998,-10.493,-130.9296,0.9333
41449,0.5962,-0.0767,0.4558,23.9834,-4.0127,16.0187,-34.28,-10.6747,-130.0166,0.7544
41465,0.5869,-0.0447,0.3806,24.6552,-3.1653,16.4233,-34.8044,-10.5641,-129.7538,0.701
41483,0.5522,-0.0134,0.3472,20.3956,-7.4402,12.4004,-35.3728,-10.3587,-129.5306,0.6524
41499,0.5281,-0.0095,0.3171,10.8002,-13.6768,7.7363,-36.152,-10.2232,-129.4068,0.6161
41516,0.4937,-0.0283,0.3772,-3.1158,-16.8447,5.9729,-36.8584,-10.261,-129.3053,0.6219
41533,0.48,-0.0688,0.4636,-12.5662,-20.7455,9.5073,-37.4164,-10.527,-129.1436,0.6709
41589,0.6145,-0.0503,0.6655,8.701,-31.5623,29.0798,-37.1574,-11.9755,-127.5152,0.9072
41607,0.6362,-0.0288,0.6311,11.0521,-24.5241,29.6829,-37.2882,-12.0248,-126.9809,0.8966
41623,0.6631,-0.0266,0.6292,9.991,-19.0356,29.3088,-37.5023,-11.9331,-126.5119,0.9145
41639,0.6719,-0.0171,0.6433,11.388,-19.9821,26.9424,-37.6767,-11.8236,-126.0809,0.9304
41657,0.6992,-0.012,0.6809,11.6704,-24.1653,22.4081,-37.7982,-11.8085,-125.6775,0.9761
41673,0.7227,-0.0266,0.7197,10.8155,-26.5241,16.5073,-37.924,-11.8282,-125.4134,1.0203
41731,0.7673,-0.0618,0.9744,12.8689,-26.4325,8.0493,-37.2171,-12.972,-124.9466,1.2418
41747,0.7917,-0.0815,1.0198,16.5483,-31.005,-6.4851,-36.9837,-13.1122,-125.0503,1.2936
41763,0.8147,-0.125,1.0457,11.3956,-28.0966,-18.9355,-36.8384,-13.292,-125.3533,1.3314
41781,0.8196,-0.1914,1.0764,-1.2685,-14.7531,-26.3629,-36.8611,-13.4185,-125.8278,1.3664
41797,0.8074,-0.2512,1.1763,-22.1082,-3.3867,-27.6454,-37.081,-13.416,-126.2701,1.4486
41815,0.7695,-0.2405,1.2383,-25.8181,6.9721,-16.9202,-37.2994,-13.1985,-126.5747,1.4776
41871,0.6006,-0.063,0.7837,36.3498,18.0713,-3.3782,-35.3483,-11.8829,-126.7639,0.9894
41887,0.5164,-0.0623,0.6301,22.4643,16.2927,2.721,-35.1571,-11.383,-126.7204,0.817
41905,0.4524,-0.0657,0.5999,7.1895,6.3537,11.5302,-35.101,-11.0678,-126.5128,0.7542
41921,0.4092,-0.0901,0.6282,2.8613,-9.8753,15.6142,-34.9655,-11.1032,-126.263,0.7551
41938,0.3967,-0.1162,0.6604,6.2429,-25.1653,17.8203,-34.6894,-11.469,-125.96,0.7791
41955,0.4131,-0.116,0.6663,11.9529,-28.2875,20.9806,-34.3635,-11.8669,-125.6034,0.7925
42011,0.3777,-0.0498,0.5532,19.1132,-8.7379,28.3699,-33.33,-12.0677,-124.0147,0.6717
42029,0.3962,-0.0544,0.5066,15.1437,-16.5394,25.3928,-33.25,-12.1162,-123.5576,0.6454
42045,0.4045,-0.0618,0.4827,8.6781,-24.3333,20.0645,-33.3762,-12.297,-123.2366,0.6328
42062,0.4165,-0.0737,0.5381,0.4414,-26.7989,14.2096,-33.5333,-12.5545,-122.995,0.6844
42079,0.4114,-0.0906,0.6108,-4.7723,-22.0966,10.0798,-33.6167,-12.7504,-122.8236,0.742
42095,0.395,-0.0974,0.6914,-7.8563,-14.3409,10.1561,-33.5727,-12.7814,-122.6611,0.8022
42152,0.4895,-0.0623,0.698,5.304,-15.3333,15.5913,-33.3369,-13.3131,-121.7724,0.8548
42169,0.5259,-0.019,0.6575,6.0979,-17.4096,17.9806,-33.4496,-13.131,-121.4668,0.8421
42186,0.5581,0.0166,0.657,4.6017,-20.6692,15.5073,-33.6501,-12.8852,-121.2031,0.8622
42203,0.5742,0.0076,0.6714,-1.7036,-25.715,7.5302,-33.9534,-12.7636,-121.0751,0.8835
42219,0.6045,-0.0295,0.752,-12.8181,-27.1959,1.2859,-34.3431,-12.7608,-121.0546,0.9653
42236,0.6191,-0.0864,0.8542,-20.925,-22.9974,1.8126,-34.7427,-12.8568,-121.0237,1.0586
42293,0.7644,-0.1021,0.926,6.4109,-25.8524,5.1867,-34.5769,-14.0087,-120.7281,1.2051
42310,0.7009,-0.1001,0.8894,-4.5586,-31.3027,-0.3782,-34.7909,-14.2161,-120.7345,1.1368
42327,0.7102,-0.1614,0.9976,-19.6044,-35.4096,7.6294,-35.1232,-14.5929,-120.6048,1.2351
42343,0.7371,-0.2241,1.1985,-15.841,-36.8066,5.8279,-35.2077,-14.9982,-120.5116,1.4247
42360,0.7698,-0.2444,1.3518,-10.9937,-29.9058,-0.3477,-35.1494,-15.2962,-120.5175,1.5747
42377,0.7822,-0.2412,1.3232,-1.3143,-8.6539,3.5989,-34.9721,-15.2388,-120.4563,1.556
42434,0.7246,0.0562,0.509,38.3345,15.369,-9.4164,-33.6655,-13.5365,-120.9931,0.8873
42450,0.6321,0.022,0.408,9.6781,-7.9287,-23.3095,-34.4552,-12.9935,-121.366,0.7526
42467,0.6143,-0.0662,0.5364,-16.2532,-23.3867,-22.4774,-35.2885,-13.1367,-121.7481,0.8182
42484,0.6179,-0.1619,0.6997,-21.1082,-27.9745,-20.6912,-35.8498,-13.5888,-122.0999,0.9474
42501,0.6145,-0.23,0.7817,-15.5662,-22.3409,-16.7294,-36.1507,-14.0656,-122.3843,1.0206
42518,0.6013,-0.2463,0.7998,-3.8945,-10.5623,-7.4698,-36.1961,-14.3601,-122.5113,1.0305
42574,0.512,-0.0476,0.3896,23.4032,3.3003,10.7058,-35.591,-13.8869,-121.9117,0.6451
42591,0.468,-0.0044,0.3247,16.762,-3.8371,9.889,-36.1036,-13.4251,-121.7436,0.5696
42608,0.4443,-0.0037,0.3472,5.0292,-11.3486,10.3546,-36.6572,-13.0974,-121.5676,0.5639
42625,0.4343,-0.0273,0.3918,-6.1845,-18.2722,13.5226,-37.2068,-13.0314,-121.3377,0.5856
42642,0.4666,-0.0654,0.499,-11.6731,-25.3562,17.6829,-37.6223,-13.2228,-121.0371,0.6863
42658,0.5291,-0.0774,0.5667,-8.3601,-28.2951,20.7439,-37.9566,-13.4395,-120.7052,0.7791
42715,0.6316,0.0081,0.5852,2.533,-11.3409,17.0798,-38.187,-13.491,-119.7317,0.8611
42732,0.6145,0.0156,0.5857,2.075,-10.9974,16.8126,-38.4802,-13.0697,-119.4458,0.8491
42748,0.626,0.01,0.6365,2.9529,-15.2646,15.7134,-38.6765,-12.7453,-119.1944,0.8928
42766,0.6365,-0.0068,0.7048,6.1971,-23.1424,13.9119,-38.7056,-12.6577,-118.944,0.9497
42782,0.6794,-0.0244,0.7644,9.8536,-29.6157,11.8203,-38.6707,-12.6794,-118.7549,1.023
42799,0.7139,-0.0327,0.8127,12.4567,-28.3409,10.1561,-38.5714,-12.727,-118.5822,1.0822
42856,0.783,-0.075,0.9619,18.1742,-18.9669,-8.34,-37.5965,-13.434,-119.0576,1.2425
42872,0.7227,-0.156,1.0703,-1.5968,-19.0814,-21.424,-37.467,-13.5214,-119.4004,1.3008
42890,0.6812,-0.2783,1.2585,-29.6578,-10.5928,-17.1874,-37.595,-13.6624,-119.7098,1.4579
42906,0.6887,-0.365,1.4087,-35.467,9.0484,10.7516,-37.6491,-13.558,-119.5378,1.61
42923,0.7383,-0.3521,1.4658,-2.9632,15.9721,36.5684,-37.2352,-13.2952,-118.9161,1.6786
42940,0.7974,-0.2405,1.2256,51.3422,7.5064,34.9729,-36.2101,-13.0849,-118.3216,1.4818
42996,0.5862,-0.043,0.417,-0.154,-9.2646,-8.7141,-36.9472,-13.2949,-118.8095,0.7207
43014,0.5442,-0.1221,0.613,-23.551,-10.5241,-3.882,-37.518,-13.3954,-118.8794,0.8288
43030,0.5183,-0.1836,0.7798,-22.6578,-11.6157,-2.1034,-37.6814,-13.568,-118.9131,0.9542
43046,0.4775,-0.1702,0.8474,-8.1464,-10.0508,-2.5309,-37.4561,-13.6338,-118.9536,0.9875
43064,0.4636,-0.1538,0.7808,7.1361,-1.9058,-1.5385,-37.0435,-13.5672,-118.9813,0.921
43080,0.45,-0.0974,0.6343,17.7162,8.7812,0.1714,-36.6911,-13.2389,-118.9785,0.7837
43138,0.3889,-0.0127,0.3445,0.5177,0.3156,-10.1034,-37.1326,-12.7762,-119.5645,0.5197
43154,0.3687,-0.0315,0.3938,-10.0929,-15.2798,-9.6683,-37.5231,-12.6827,-119.7192,0.5403
43170,0.3611,-0.054,0.5078,-15.4441,-29.318,-8.0729,-37.6699,-12.8683,-119.8484,0.6254
43188,0.3901,-0.0718,0.584,-17.4212,-36.3715,-5.9049,-37.8061,-13.2624,-119.9547,0.706
43204,0.4197,-0.0923,0.6855,-16.0548,-33.6768,-1.7904,-37.7902,-13.5558,-119.9833,0.8091
43222,0.4702,-0.0945,0.7375,-13.154,-27.0432,5.5302,-37.7982,-13.7729,-119.8838,0.8798
43278,0.6162,0.0291,0.7415,4.5559,-28.6463,11.1561,-37.6297,-14.6722,-119.259,0.9645
43294,0.6301,0.041,0.7275,-4.1769,-27.5547,3.431,-37.8227,-14.3795,-119.2041,0.9634
43312,0.6328,0.0012,0.8059,-18.841,-24.2722,-1.2713,-38.161,-14.2203,-119.227,1.0247
43328,0.6538,-0.0847,0.9258,-29.7113,-19.6081,0.4004,-38.4956,-14.1618,-119.2206,1.1365
43345,0.697,-0.1562,0.9622,-28.5052,-4.7837,8.9653,-38.8437,-14.0424,-119.0682,1.1983
43362,0.7866,-0.2053,0.9661,-18.0013,1.285,10.8126,-39.1252,-13.9397,-118.8844,1.2626
43419,0.6133,-0.2102,1.1663,-73.7876,-16.7455,-34.7751,-42.6923,-14.7071,-120.8666,1.3343
43436,0.6445,-0.3152,1.3801,-63.2685,2.2927,-16.2942,-42.9963,-14.5959,-121.1436,1.5555
43452,0.6926,-0.3286,1.3589,-21.8792,20.8118,2.4691,-42.6667,-14.2362,-121.1041,1.5602
43469,0.6858,-0.2078,1.0588,17.8689,25.766,5.5073,-41.966,-13.6903,-121.0104,1.2785
43486,0.6648,-0.1064,0.7473,22.22,14.827,3.0035,-41.5795,-13.225,-120.9594,1.0059
43502,0.6506,-0.0879,0.5449,6.0445,-0.9058,3.3623,-41.8111,-13.0764,-120.9056,0.8532
43559,0.7178,-0.1519,0.6438,10.6933,-27.8142,-8.1263,-41.447,-14.6062,-121.3688,0.9761
43576,0.7075,-0.093,0.5894,16.8536,-8.7684,-11.5767,-41.5085,-14.5238,-121.5656,0.9255
43593,0.6309,-0.0515,0.5017,18.8765,9.1171,-13.5385,-41.5944,-14.0286,-121.7957,0.8077
43610,0.5706,-0.0061,0.4329,19.8994,13.5369,-13.9584,-41.7183,-13.2788,-122.033,0.7162
43626,0.5024,0.0195,0.3711,21.8842,3.8805,-15.2866,-41.854,-12.5676,-122.2776,0.6249
43643,0.4644,0.0154,0.3384,22.4109,-11.2646,-17.0729,-41.9697,-12.1446,-122.5679,0.5748
43700,0.4824,-0.0559,0.5063,-4.1158,-28.9974,-2.4622,-42.2538,-13.4976,-122.7082,0.7016
43717,0.52,-0.0891,0.6155,-7.4975,-22.9287,5.8126,-42.282,-13.6614,-122.6094,0.8107
43734,0.5684,-0.0916,0.7014,-1.4823,-20.5318,13.0187,-42.1662,-13.7475,-122.3881,0.9074
43750,0.6125,-0.0664,0.7253,8.6552,-24.0966,18.4081,-41.9491,-13.7769,-122.0935,0.9517
43767,0.677,-0.0315,0.6831,17.6781,-27.2722,20.7897,-41.7712,-13.7765,-121.7401,0.9623
43784,0.7229,0.0051,0.6877,23.617,-29.1043,20.3852,-41.572,-13.6834,-121.3936,0.9978
43841,0.8088,0.0115,0.7678,21.8536,-20.3715,1.7058,-40.5727,-14.2165,-121.2963,1.1153
43857,0.8376,-0.0212,0.8269,26.3498,-17.7837,-7.6148,-40.3595,-13.9799,-121.4182,1.1772
43874,0.8547,-0.0525,0.8521,30.5941,-13.9211,-20.5309,-40.0473,-13.7889,-121.7672,1.208
43891,0.823,-0.093,0.8374,20.0445,-6.9516,-38.9202,-39.8913,-13.6043,-122.4288,1.1778
43908,0.7332,-0.1641,0.915,-19.07,-0.6463,-58.8515,-40.1374,-13.4773,-123.4293,1.1839
43925,0.6567,-0.2495,1.1411,-57.1158,8.7736,-56.7446,-40.6379,-13.2884,-124.394,1.34
43981,0.5276,-0.2061,1.137,44.7468,25.6744,5.034,-37.5884,-11.7875,-124.1121,1.2702
43999,0.5273,-0.1316,0.7534,50.0368,14.0026,6.7516,-36.6037,-11.4703,-123.9905,0.929
44015,0.5066,-0.0718,0.5247,30.159,4.8423,13.263,-36.4255,-11.2487,-123.7783,0.7328
44032,0.4856,-0.0691,0.4678,6.0368,-5.1882,18.1561,-36.7005,-11.2195,-123.4697,0.6778
44049,0.4812,-0.0845,0.55,-10.238,-12.5318,19.7821,-37.0335,-11.3245,-123.1334,0.7357
44065,0.4714,-0.1089,0.6433,-14.9174,-15.5241,19.9729,-37.2153,-11.4942,-122.8138,0.805
44123,0.481,-0.0344,0.5872,3.9147,3.4072,12.9271,-37.0797,-10.979,-122.064,0.7598
44139,0.4668,-0.0149,0.5439,4.5483,3.1705,7.5455,-37.1516,-10.5538,-121.9433,0.7169
44155,0.4475,-0.0046,0.5005,2.8384,-1.9363,2.0874,-37.294,-10.1827,-121.9099,0.6714
44173,0.446,-0.0039,0.5046,-2.78,-8.4631,-2.8668,-37.5091,-9.9393,-121.9615,0.6735
44189,0.4336,-0.0144,0.5178,-8.1158,-15.6692,-3.424,-37.7306,-9.8462,-122.0163,0.6755
44207,0.4431,-0.0413,0.6091,-8.8334,-23.8524,-2.2942,-37.8129,-10.0195,-122.0576,0.7544
44263,0.5962,0.0288,0.72,19.075,-35.9745,9.7439,-36.8591,-11.4611,-121.5119,0.9352
44279,0.6123,0.0938,0.6968,16.7162,-32.8066,9.3852,-36.7701,-11.2,-121.3618,0.9323
44297,0.6167,0.1318,0.7529,13.0521,-30.0127,4.6905,-36.6296,-10.8734,-121.2773,0.9821
44313,0.6199,0.1199,0.8315,10.8613,-30.0203,-5.8362,-36.4544,-10.5714,-121.3707,1.0441
44329,0.6365,0.073,0.895,6.8613,-28.0737,-12.7675,-36.304,-10.3933,-121.575,1.1007
44347,0.6658,-0.0032,0.9573,2.8231,-21.6005,-12.6072,-36.1958,-10.3584,-121.8019,1.166
44403,0.7209,-0.041,0.9849,29.3956,-37.8447,-16.7981,-34.6149,-12.074,-122.7426,1.2212
44421,0.7107,-0.0503,0.9387,14.0826,-43.9287,-30.6835,-34.4705,-12.4728,-123.2949,1.1785
44437,0.7546,-0.1128,0.9839,-9.612,-31.1424,-34.3477,-34.7317,-12.7138,-123.8445,1.2451
44453,0.6938,-0.1384,1.0898,-36.0777,-11.4249,-37.3629,-35.1876,-12.6703,-124.4423,1.2994
44471,0.6658,-0.1726,1.2229,-44.4288,8.0179,-32.6606,-35.6809,-12.3463,-125.0302,1.403
44487,0.6726,-0.166,1.2466,-20.5739,24.5217,-22.2408,-35.6953,-11.7792,-125.386,1.4262
44545,0.5098,-0.1082,0.4905,4.5101,19.6438,-10.2866,-35.8333,-10.7117,-125.9827,0.7156
44561,0.5,-0.1807,0.5427,-16.5662,3.5751,3.0569,-36.3008,-10.9648,-125.9337,0.7597
44578,0.5413,-0.24,0.6667,-18.5662,-17.3486,10.2783,-36.6467,-11.6011,-125.759,0.8917
44595,0.5693,-0.2156,0.71,-4.8029,-31.6997,11.0874,-36.7592,-12.3301,-125.5705,0.9352
44611,0.6072,-0.1375,0.6946,8.8078,-31.1043,6.7134,-36.7781,-12.7624,-125.4631,0.9327
44628,0.6055,-0.0598,0.5811,12.1284,-16.1806,2.6829,-36.9502,-12.751,-125.4175,0.8413
44685,0.4675,-0.0361,0.373,1.9834,0.911,-2.111,-37.4149,-12.4124,-125.5378,0.5992
44702,0.4429,-0.0242,0.387,0.0368,-14.4707,-4.2255,-37.8697,-12.2951,-125.6097,0.5886
44719,0.4221,-0.0522,0.4236,-7.8181,-25.2569,-0.5385,-38.2699,-12.4967,-125.6188,0.6003
44735,0.4438,-0.0837,0.489,-15.3219,-26.9669,9.431,-38.6471,-12.7997,-125.4679,0.6657
44752,0.4949,-0.0901,0.5811,-16.1006,-27.715,18.6065,-38.9673,-13.0926,-125.1516,0.7685
44769,0.5447,-0.072,0.6404,-10.7189,-29.4707,24.6676,-39.1918,-13.3065,-124.7323,0.8438
44826,0.6606,0.072,0.7136,1.9681,-10.8905,29.5378,-39.2223,-13.1397,-123.0486,0.9751
44843,0.6794,0.0837,0.7239,3.8918,-15.8753,28.5607,-39.3098,-12.6092,-122.5631,0.9963
44859,0.6958,0.0752,0.7629,5.3803,-28.9287,25.9042,-39.3438,-12.324,-122.1486,1.0353
44876,0.762,0.0515,0.8879,8.1971,-43.1043,21.2783,-39.2597,-12.4017,-121.7869,1.1712
44893,0.821,0.0293,0.9895,17.7697,-50.6539,14.5531,-38.9862,-12.6645,-121.5395,1.2861
44910,0.8953,-0.0085,1.0298,28.1284,-47.9974,6.1714,-38.6078,-12.9602,-121.4346,1.3646
44966,0.823,-0.0315,0.8701,-11.3372,9.3919,-47.4393,-39.4085,-12.0198,-124.0912,1.1981
44983,0.719,-0.1008,0.9683,-45.9555,19.6744,-47.6759,-40.0401,-11.4558,-124.9017,1.2102
45000,0.6409,-0.1824,1.1094,-54.9479,23.1324,-29.1034,-40.5226,-10.9934,-125.3964,1.2941
45017,0.6431,-0.2063,1.2324,-30.4975,11.6438,-8.1874,-40.4887,-10.7438,-125.5356,1.4053
45034,0.6279,-0.1731,1.1108,12.0292,-6.2035,-7.8897,-39.8402,-10.7695,-125.6697,1.2877
45050,0.5952,-0.0923,0.8662,28.8689,-14.0508,-12.9965,-39.1769,-10.7978,-125.8777,1.055
45107,0.4883,-0.1165,0.6567,-28.4746,-5.86,12.3164,-40.6163,-11.0888,-125.1756,0.8266
45124,0.4758,-0.1138,0.717,-22.4975,-15.7302,11.1485,-40.6884,-11.2626,-124.9861,0.868
45140,0.4673,-0.073,0.7173,-12.2456,-22.0814,11.805,-40.5669,-11.3837,-124.7972,0.8592
45158,0.48,-0.0442,0.6792,-4.7113,-21.4325,14.1485,-40.4333,-11.4476,-124.5426,0.8329
45174,0.5083,-0.0178,0.6213,1.5177,-17.4173,12.9958,-40.3636,-11.3229,-124.3346,0.803
45191,0.5066,-0.0076,0.5325,2.8536,-14.9287,8.721,-40.4453,-11.1462,-124.1864,0.735
45248,0.4204,-0.0896,0.6597,-32.3219,-39.8066,10.9577,-41.887,-13.188,-123.5618,0.7874
45264,0.4688,-0.1301,0.7969,-21.6578,-49.486,17.118,-41.7497,-13.7916,-123.2879,0.9336
45282,0.5408,-0.1328,0.8193,-0.467,-51.8218,20.3317,-41.4112,-14.5037,-122.9219,0.9906
45298,0.5835,-0.0776,0.7561,11.4261,-44.1424,19.6065,-41.0797,-14.8361,-122.6082,0.9582
45315,0.623,-0.0288,0.6226,10.4796,-31.3562,14.8661,-41.0652,-14.8603,-122.3555,0.8812
45332,0.6494,-0.0083,0.5667,1.22,-20.3027,9.1561,-41.3583,-14.6308,-122.1998,0.8619
45388,0.7004,-0.0503,0.7524,0.1284,-37.0661,-3.5003,-41.4125,-16.1912,-122.3959,1.0292
45406,0.7666,-0.05,0.7876,11.9605,-44.1959,-9.2942,-41.3161,-16.4527,-122.5632,1.1002
45422,0.8528,-0.04,0.7207,18.6246,-38.8371,-19.34,-41.3675,-16.5183,-122.8726,1.1173
45438,0.8784,-0.001,0.6282,7.3727,-20.1348,-46.4698,-41.7768,-16.1704,-123.6161,1.0799
45456,0.7217,-0.0168,0.6179,-45.9174,2.7431,-80.1568,-42.8759,-15.5387,-125.0589,0.9502
45472,0.5642,-0.155,0.9219,-113.5204,14.369,-78.7752,-44.1491,-15.0783,-126.3193,1.0919
45530,0.8513,-0.1741,1.2954,37.8231,3.2392,-15.5996,-41.6002,-14.6009,-127.2241,1.5598
45546,0.8169,0.0134,0.7327,56.449,12.7965,-25.0652,-40.9934,-13.7783,-127.6252,1.0974
45563,0.7378,0.0745,0.2668,24.8002,31.3461,-26.9202,-41.7257,-12.092,-128.0828,0.7881
45580,0.6382,0.0364,0.2,-22.5815,41.9415,-19.5614,-43.3186,-10.5114,-128.4154,0.6698
45596,0.5906,-0.0845,0.4026,-49.2151,32.911,-9.821,-44.5475,-10.0594,-128.5725,0.7197
45614,0.6038,-0.1597,0.5808,-40.0624,17.0942,-1.9049,-45.2605,-9.9765,-128.6068,0.8529
45670,0.5874,-0.0044,0.3582,24.8384,-16.9974,5.8966,-44.4599,-10.5193,-128.2766,0.688
45686,0.5608,-0.0134,0.2925,14.7391,-15.2493,7.1867,-44.9523,-10.4379,-128.1616,0.6326
45704,0.5635,-0.074,0.3577,2.762,-16.6386,9.4157,-45.3885,-10.7753,-127.9921,0.6715
45720,0.5759,-0.1235,0.4668,1.2582,-21.547,11.7516,-45.5545,-11.2682,-127.8041,0.7516
45737,0.6099,-0.1208,0.5505,9.1437,-27.173,12.0187,-45.4733,-11.7562,-127.5998,0.8304
45754,0.6406,-0.1038,0.5637,16.701,-27.4707,14.2172,-45.309,-12.1514,-127.3581,0.8596
45811,0.7876,0.0083,0.5188,26.5788,-22.1577,10.1103,-44.3072,-12.8412,-126.7818,0.9431
45828,0.7695,0.0449,0.5613,26.1208,-18.8447,6.5073,-44.2609,-12.452,-126.6712,0.9535
45844,0.7634,0.0571,0.6533,28.0826,-19.1653,1.431,-44.0326,-12.0484,-126.6483,1.0064
45861,0.7776,0.0396,0.752,35.5559,-21.8905,-4.0423,-43.5278,-11.8033,-126.717,1.0824
45878,0.8086,0.0186,0.7815,42.9834,-22.4249,-6.4622,-42.924,-11.6427,-126.8268,1.1247
45894,0.8437,0.0083,0.7893,49.4185,-22.6234,-5.5843,-42.3242,-11.5004,-126.9162,1.1554
45952,0.7437,-0.1611,0.9409,-15.5052,2.0179,-52.5843,-43.0114,-11.3168,-129.9661,1.2101
45968,0.7004,-0.2139,1.134,-51.4365,25.2927,-29.508,-43.3312,-10.9028,-130.4382,1.35
45985,0.6736,-0.2227,1.3616,-44.4899,34.0255,-4.5767,-43.3649,-10.2829,-130.516,1.5353
46002,0.6641,-0.1733,1.3967,-1.8029,20.9263,-4.9813,-42.6701,-9.813,-130.6007,1.5562
46018,0.6038,-0.0879,1.0859,22.8918,6.7278,-16.6377,-41.7714,-9.5023,-130.8669,1.2456
46035,0.5781,-0.0562,0.824,9.9529,4.224,-14.0271,-41.3379,-9.2092,-131.1053,1.0081
46092,0.5212,-0.1257,0.7344,-7.9784,-0.3638,-9.05,-41.52,-9.2493,-131.6212,0.9093
46109,0.489,-0.0593,0.625,-1.8181,1.6056,-14.6912,-41.4055,-9.07,-131.871,0.7958
46126,0.469,-0.019,0.541,-1.2914,12.6667,-15.7904,-41.4065,-8.5812,-132.1394,0.7163
46142,0.4417,0.0125,0.4988,0.7162,15.2087,-19.9584,-41.3998,-7.9471,-132.4587,0.6663
46159,0.437,-0.0054,0.4167,3.3956,10.7202,-23.7294,-41.5427,-7.4838,-132.8621,0.6039
46176,0.4309,-0.019,0.3662,0.6781,-0.1577,-22.4698,-41.854,-7.3061,-133.2441,0.5658
46232,0.4658,0.0476,0.5967,-15.3067,-22.8524,-27.4393,-42.5184,-8.0599,-134.7807,0.7585
46249,0.4832,0.0254,0.6682,-16.9861,-18.3638,-28.8744,-42.5288,-7.9502,-135.2716,0.825
46266,0.5071,0.0012,0.7739,-13.5968,-14.7913,-27.2026,-42.3789,-7.87,-135.734,0.9253
46283,0.5212,-0.0122,0.7971,-5.5891,-13.6234,-22.3706,-42.1021,-7.8126,-136.1143,0.9525
46300,0.5193,0.0166,0.7771,0.5559,-15.0737,-16.3706,-41.7588,-7.6971,-136.3926,0.9348
46316,0.5215,0.0667,0.7373,2.533,-20.173,-12.7065,-41.4559,-7.4925,-136.5959,0.9055
46373,0.6489,0.0686,0.8474,0.8078,-46.7684,-16.5232,-41.2476,-9.5668,-137.5377,1.0695
46390,0.6885,0.0537,0.9414,4.0903,-55.6615,-18.4774,-40.9764,-9.9619,-137.8519,1.1675
46407,0.7903,0.0195,0.9338,8.9681,-58.5928,-18.4164,-40.8003,-10.4718,-138.1649,1.2235
46424,0.8352,0.0044,0.8987,9.7926,-57.9745,-25.882,-40.7246,-10.9878,-138.6049,1.2269
46440,0.8428,0.0249,0.8762,-2.78,-52.9058,-38.1721,-40.8933,-11.2958,-139.2157,1.216
46457,0.8372,0.0352,0.9307,-22.6273,-42.8218,-51.6072,-41.3049,-11.4563,-140.093,1.2523
46514,0.6536,-0.0662,1.2373,-63.8487,29.3537,-56.1797,-44.2589,-9.5143,-143.2952,1.4009
46531,0.5896,-0.1096,1.1831,-48.7647,47.6285,-43.7523,-44.3401,-8.5681,-144.039,1.3264
46547,0.5586,-0.1282,1.0454,-33.0929,41.4682,-27.8362,-44.1924,-7.8681,-144.4844,1.1922
46564,0.5405,-0.0996,0.8818,-19.2456,19.9721,-12.7446,-43.9925,-7.4852,-144.7011,1.0391
46581,0.583,-0.0654,0.7778,-10.8945,-5.9211,-1.4164,-43.8809,-7.4747,-144.7251,0.9743
46598,0.6284,-0.0381,0.678,-6.6578,-20.9974,5.7287,-43.9456,-7.647,-144.6278,0.9252
46655,0.7026,0.1536,0.4646,0.762,2.995,-12.8591,-44.3519,-6.4456,-145.3607,0.8562
46671,0.626,0.2109,0.4121,-0.8487,11.9415,-24.3248,-44.7314,-4.9202,-145.7499,0.7786
46688,0.5229,0.2249,0.3911,-6.9937,19.7812,-31.1034,-45.025,-3.2047,-146.2787,0.6907
46705,0.4575,0.1853,0.4119,-13.2685,22.2698,-28.1568,-45.2554,-1.7442,-146.7574,0.6429
46722,0.4087,0.147,0.4539,-14.467,18.1629,-20.6683,-45.3047,-0.6602,-147.1087,0.6282
46738,0.3865,0.1072,0.4963,-11.0548,4.1782,-11.5309,-45.1533,-0.0822,-147.2932,0.6381
46795,0.5193,0.1016,0.6423,-5.4288,-35.4249,12.7439,-45.1886,-1.658,-146.5668,0.8322
46812,0.5547,0.1143,0.7168,-7.0853,-29.631,14.95,-44.9921,-1.713,-146.3126,0.9135
46829,0.5886,0.1274,0.7869,-5.07,-25.0356,12.8355,-44.7329,-1.6851,-146.0944,0.9909
46845,0.6238,0.1082,0.8225,-0.4594,-24.8371,10.179,-44.4283,-1.6995,-145.9316,1.0379
46862,0.6521,0.0686,0.8599,7.2277,-25.6844,8.7516,-44.0167,-1.8682,-145.7828,1.0813
46879,0.7041,0.0046,0.8936,15.9834,-24.7837,8.5607,-43.5247,-2.1861,-145.6373,1.1376
46936,0.7759,0.0129,0.8044,10.159,-16.6921,-17.5003,-42.9862,-2.9752,-146.6348,1.1177
46953,0.7288,-0.0293,0.8596,-25.2685,-3.0661,-24.821,-43.2901,-2.9843,-147.0567,1.1273
46969,0.6699,-0.1086,1.0332,-58.3677,6.1858,-12.8439,-43.7676,-3.01,-147.2622,1.2362
46986,0.6248,-0.1689,1.2793,-59.9784,-2.3333,5.889,-44.0292,-3.2286,-147.1621,1.4337
47003,0.6387,-0.1816,1.356,-27.5739,-18.6692,14.0416,-43.719,-3.7093,-146.9234,1.5098
47020,0.625,-0.1245,1.155,3.7391,-24.2417,9.805,-43.0404,-4.2027,-146.7567,1.3192
47076,0.5752,-0.1228,0.6733,-27.4288,2.8041,12.2935,-44.3951,-4.2973,-146.0683,0.894
47093,0.5581,-0.1404,0.6724,-32.2838,-3.005,4.9424,-44.71,-4.6461,-145.9843,0.885
47110,0.5283,-0.1318,0.6814,-31.4517,-6.7302,-4.508,-44.9261,-5.0082,-146.0609,0.8722
47127,0.5088,-0.1201,0.6897,-29.2761,-4.3715,-11.1568,-45.0471,-5.2743,-146.2506,0.8654
47143,0.4888,-0.1133,0.6787,-24.383,3.0637,-13.195,-45.0352,-5.3953,-146.4617,0.844
47160,0.4578,-0.1011,0.6179,-17.5815,11.0713,-14.8286,-44.9676,-5.3704,-146.7138,0.7756
47217,0.376,-0.0388,0.4587,-14.3677,-8.4402,-17.6912,-45.5246,-5.8109,-147.7222,0.5944
47234,0.3633,-0.0398,0.5112,-17.0319,-22.6997,-16.6759,-45.3942,-6.127,-148.0057,0.6284
47251,0.3979,-0.0613,0.6035,-17.925,-32.1272,-18.0958,-45.2016,-6.6381,-148.3133,0.7255
47267,0.427,-0.0911,0.666,-18.3067,-31.0814,-18.1645,-44.9717,-7.1615,-148.6039,0.7964
47284,0.459,-0.0938,0.7134,-17.7342,-23.0966,-13.5538,-44.7636,-7.5514,-148.8343,0.8534
47301,0.4846,-0.0657,0.7444,-13.6349,-17.0661,-10.8439,-44.5141,-7.7295,-149.0187,0.8907
47357,0.5483,0.0039,0.7754,-0.9632,-21.3027,-8.3858,-44.196,-8.5541,-149.4883,0.9497
47375,0.5964,-0.0342,0.7734,3.6628,-27.1272,-4.6988,-43.8693,-8.7819,-149.5729,0.9773
47391,0.6467,-0.0671,0.7966,7.1132,-38.7455,2.9958,-43.5641,-9.2184,-149.5249,1.0283
47408,0.7251,-0.1067,0.8274,10.7391,-55.3791,11.0951,-43.2862,-10.0474,-149.3363,1.1053
47425,0.8413,-0.1279,0.8328,20.8994,-69.5623,10.7592,-43.012,-11.1301,-149.1534,1.1907
47441,0.8901,-0.135,0.7971,21.3345,-74.1195,-2.9584,-42.8739,-12.2079,-149.2007,1.2025
47499,0.7495,-0.2988,1.1396,-55.7723,-11.5776,-27.2942,-45.5629,-12.9519,-150.7838,1.3964
47515,0.7546,-0.3298,1.259,-37.1387,7.5904,-20.2332,-45.515,-12.9044,-151.1075,1.5045
47532,0.761,-0.333,1.1497,-1.8563,12.4072,-25.4698,-45.0226,-12.8319,-151.5405,1.4183
47549,0.7292,-0.3047,0.896,8.2277,9.8728,-31.3019,-44.5921,-12.9088,-152.0727,1.1948
47565,0.6958,-0.3062,0.7322,-8.1922,2.9568,-31.569,-44.584,-13.2547,-152.5778,1.0554
47583,0.6719,-0.3662,0.7617,-28.1616,-5.6692,-29.2942,-44.8266,-13.8495,-153.1051,1.0797
47639,0.6558,-0.3291,0.8013,1.3574,-3.776,-32.7446,-44.4456,-14.3917,-154.9388,1.0864
47655,0.6196,-0.2178,0.6306,7.2658,11.6591,-38.7751,-44.2716,-14.399,-155.5592,0.9105
47673,0.5664,-0.1467,0.4844,4.8307,21.995,-46.8362,-44.3459,-14.1171,-156.4022,0.7596
47689,0.4998,-0.1177,0.3823,-2.8487,24.6133,-50.6759,-44.6688,-13.8587,-157.213,0.6401
47707,0.446,-0.0981,0.364,-14.5739,20.6591,-49.0423,-45.1257,-13.5509,-158.0958,0.584
47723,0.4412,-0.1055,0.4197,-18.78,5.9034,-42.8057,-45.4313,-13.4825,-158.7807,0.618
47779,0.4832,-0.0349,0.5911,-11.2761,-39.5699,-23.4622,-45.7888,-15.2057,-160.0946,0.7642
47797,0.5476,-0.0479,0.6509,-8.3983,-32.5012,-20.1416,-45.7023,-15.3272,-160.4571,0.8519
47813,0.5754,-0.0237,0.6714,-4.2838,-23.4478,-18.2408,-45.5633,-15.1551,-160.749,0.8846
47831,0.603,-0.0024,0.6619,-4.8945,-16.3486,-15.4622,-45.5188,-14.8399,-161.0273,0.8954
47847,0.6064,0.0247,0.6748,-5.3525,-15.5394,-10.8897,-45.4574,-14.4012,-161.2015,0.9076
47863,0.6143,0.0244,0.6973,-4.1769,-19.5928,-8.279,-45.3577,-14.0459,-161.334,0.9296
47921,0.6973,-0.0083,0.8025,1.22,-26.4783,-14.4087,-45.1148,-14.9821,-162.1697,1.0631
47937,0.6846,-0.0405,0.8611,-14.1464,-12.7073,-16.1034,-45.0657,-14.6858,-162.4274,1.1008
47954,0.6978,-0.1021,0.9241,-29.2303,-0.0279,-10.1874,-45.2157,-14.3509,-162.6006,1.1624
47971,0.7422,-0.124,0.9949,-29.6349,1.8957,-1.6225,-45.3512,-14.0302,-162.6282,1.2474
47988,0.7749,-0.0918,1.0156,-13.6655,-5.9058,-3.3171,-45.2493,-13.7719,-162.6846,1.2808
48005,0.7559,-0.0701,0.9465,3.4872,-16.234,-12.279,-44.9238,-13.6553,-162.8933,1.2133
48061,0.6121,-0.0706,0.9473,2.2964,-8.173,-23.5614,-44.3152,-13.7189,-164.2127,1.13
48078,0.6038,-0.0955,0.9995,12.4567,-10.9134,-20.6225,-43.5801,-13.5665,-164.5633,1.1716
48095,0.5789,-0.1008,0.9739,24.4109,-15.2722,-17.6301,-42.6622,-13.5095,-164.863,1.1374
48112,0.5708,-0.0967,0.8584,27.6704,-17.6081,-9.1492,-41.8424,-13.5135,-165.0186,1.0354
48129,0.5801,-0.0645,0.7905,25.2124,-11.1882,1.2172,-41.2044,-13.342,-164.9979,0.9826
48145,0.5613,-0.0593,0.7427,24.6704,-4.3256,5.6905,-40.657,-13.0575,-164.9068,0.9328
48202,0.5906,-0.0566,0.5266,22.2048,-19.3867,-2.1187,-39.7402,-13.8416,-165.0276,0.7933
48219,0.5767,-0.0618,0.519,11.9529,-14.318,-2.0652,-39.8679,-13.793,-165.0627,0.7783
48235,0.5598,-0.0427,0.5645,2.5025,-8.8524,2.9119,-40.022,-13.5504,-165.0161,0.7961
48252,0.5396,-0.0256,0.6626,-0.696,-6.4707,4.7058,-39.9979,-13.2026,-164.9361,0.8549
48269,0.5273,-0.0125,0.7278,-1.3067,-10.5852,8.5989,-39.8562,-12.8865,-164.7899,0.8988
48286,0.4736,-0.0022,0.7546,2.2811,-13.8218,15.2172,-39.5093,-12.6033,-164.5312,0.891
48343,0.5615,0.0391,0.7209,25.846,-12.0737,35.0035,-38.0295,-12.6358,-162.536,0.9147
48359,0.5396,0.1057,0.6023,21.0826,-13.8447,38.4768,-37.8415,-11.9448,-161.9204,0.8155
48376,0.5444,0.0854,0.6143,8.7773,-11.2493,38.8203,-37.8357,-11.3338,-161.2605,0.8252
48393,0.5557,0.1003,0.6841,-2.009,-8.4707,39.5684,-37.9066,-10.6849,-160.5878,0.887
48410,0.5579,0.0923,0.7366,-12.5891,1.9644,44.7516,-38.0728,-9.9398,-159.827,0.9286
48427,0.5627,0.0674,0.7874,-19.8105,10.5522,47.2706,-38.2914,-9.1743,-159.0234,0.9701
48483,0.6382,0.0371,0.8772,-0.5815,10.3919,55.5989,-38.2315,-8.1518,-155.9099,1.0854
48500,0.6394,0.022,0.832,10.5712,15.4759,57.8279,-38.031,-7.5126,-154.9268,1.0496
48517,0.5635,0.0503,0.6587,8.0139,17.1018,59.3699,-37.9975,-6.7584,-153.9175,0.8683
48534,0.6396,-0.0237,0.668,0.4872,27.9186,65.9424,-38.2193,-6.1136,-152.7965,0.9251
48550,0.6482,-0.0508,0.7078,-1.2532,36.4301,68.4844,-38.4062,-5.4737,-151.7007,0.9611
48567,0.6328,-0.072,0.7332,-0.7113,33.9644,64.9653,-38.5081,-4.9248,-150.5963,0.9712
48624,0.6494,-0.1145,0.8223,20.2887,-18.7913,50.889,-37.3789,-6.0732,-147.6957,1.054
48641,0.6326,-0.1316,0.7598,19.617,-16.4554,53.2554,-37.1382,-6.4919,-146.7903,0.9973
48658,0.6575,-0.1436,0.7227,17.0063,-12.2264,53.0722,-37.0449,-6.8812,-145.8881,0.9875
48674,0.6467,-0.1714,0.7383,15.5559,-7.86,53.2325,-36.9431,-7.2494,-145.0364,0.9963
48691,0.6274,-0.1646,0.7039,17.7544,-7.1043,48.3394,-36.814,-7.6017,-144.2146,0.9572
48708,0.5884,-0.1621,0.7131,21.4796,-7.1195,43.3165,-36.5436,-7.9261,-143.4783,0.9386
48764,0.5129,-0.1516,0.6584,25.4567,-12.3409,26.7439,-35.2015,-8.7912,-141.9806,0.8483
48781,0.4834,-0.114,0.6812,16.4948,-17.715,26.5378,-34.9238,-9.1087,-141.5294,0.843
48798,0.5166,-0.1421,0.7776,17.5865,-27.5394,26.8203,-34.5665,-9.6081,-141.0735,0.9443
48815,0.5229,-0.1521,0.8462,24.7697,-28.715,27.1409,-34.032,-10.1,-140.6121,1.0063
48832,0.4988,-0.1377,0.7952,25.3956,-14.7989,30.721,-33.525,-10.3304,-140.0898,0.9487
48848,0.5161,-0.1108,0.7903,22.7239,-2.089,32.8813,-33.1507,-10.2687,-139.5637,0.9504
48905,0.395,-0.1572,0.707,33.9147,-17.0508,45.0111,-31.1131,-11.2924,-136.9981,0.825
48922,0.4026,-0.1064,0.7307,24.7162,-11.8753,55.6523,-30.6092,-11.3661,-136.052,0.841
48939,0.4272,-0.0928,0.7295,26.3269,-13.547,58.5913,-30.1614,-11.4224,-135.056,0.8505
48956,0.4241,-0.1116,0.7368,33.2048,-13.8676,61.2783,-29.5988,-11.5363,-134.0142,0.8574
48972,0.4343,-0.1167,0.6606,33.2429,-8.005,63.8508,-29.221,-11.5985,-132.9926,0.7992
48989,0.4424,-0.1565,0.7878,40.9223,-8.7684,62.1638,-28.538,-11.727,-131.9358,0.917
49046,0.512,-0.0073,0.8191,43.2048,-18.2875,57.7287,-26.3126,-12.2791,-128.6453,0.966
49062,0.5168,-0.0369,0.8711,38.4719,-24.4173,57.0874,-25.8955,-12.2599,-127.7319,1.0136
49080,0.5371,-0.0444,0.9546,30.8307,-25.4631,60.5073,-25.5005,-12.3162,-126.6428,1.0962
49096,0.4856,-0.0557,0.9041,20.4261,-18.0661,66.95,-25.2946,-12.2419,-125.5716,1.0277
49113,0.4863,-0.0815,0.9194,10.9987,-15.3715,71.0874,-25.2147,-12.2058,-124.3631,1.0433
49130,0.5161,-0.0974,0.9067,6.6781,-17.318,71.2477,-25.2774,-12.2455,-123.1519,1.0479
49186,0.5051,-0.1389,0.7522,-9.3143,1.5598,46.3088,-26.1046,-12.0904,-120.5586,0.9167
49204,0.5664,-0.1069,0.7122,-13.696,-8.6997,36.492,-26.8245,-12.0987,-119.9018,0.9162
49220,0.7732,-0.0576,0.7837,-3.238,-31.5928,36.7592,-27.5827,-12.2682,-119.3136,1.1024
49236,0.6973,-0.0295,0.8274,13.6323,-28.1806,38.6065,-27.8742,-12.2921,-118.6959,1.0824
49254,0.6697,-0.1106,0.9084,32.4032,-18.6997,34.8508,-27.6471,-12.4012,-118.0686,1.134
49270,0.5981,-0.1013,0.9846,41.2277,-44.2111,18.1714,-27.1537,-12.8192,-117.7778,1.1565
49328,0.553,0.082,0.739,75.6017,-26.0737,-1.0194,-23.3236,-13.5049,-117.837,0.9266
49344,0.5818,0.0996,0.7288,71.2429,-26.4096,3.2019,-22.8301,-13.059,-117.7857,0.9378
49361,0.5681,0.113,0.7473,58.6323,-41.86,12.3012,-22.4372,-12.8758,-117.5766,0.9455
49378,0.6003,0.1204,0.7542,58.9605,-34.8218,23.3165,-22.1043,-12.5663,-117.1802,0.9714
49394,0.561,0.136,0.71,54.9071,-10.9287,39.0874,-21.8894,-11.7978,-116.5548,0.915
49412,0.5747,0.1089,0.7322,40.2277,-2.2188,55.2554,-21.8317,-11.0259,-115.5602,0.9371
49468,0.5696,0.0569,0.8372,43.5101,-13.2035,75.3241,-19.9861,-11.1392,-111.3421,1.0141
49485,0.5474,0.061,0.8489,41.1437,-26.9592,72.9195,-19.8251,-10.9691,-110.1025,1.0119
49502,0.5806,0.0173,0.9062,50.4948,-48.715,66.347,-19.5136,-11.2815,-108.9746,1.0764
49518,0.551,-0.032,0.7424,59.4872,-57.3027,62.0416,-19.2816,-11.8091,-107.9819,0.9251
49536,0.532,-0.0208,0.6472,49.4567,-40.8371,66.5989,-19.2319,-12.1158,-106.7831,0.838
49552,0.5396,0.0149,0.7109,46.2887,-37.173,62.0951,-19.2392,-12.1542,-105.7896,0.8926
49609,0.6147,0.0498,0.6807,52.2811,-37.8676,49.7745,-17.2893,-13.5727,-102.9524,0.9185
49626,0.624,0.0667,0.6997,57.5254,-35.6463,50.118,-17.3229,-13.3939,-102.1004,0.9399
49642,0.6182,0.041,0.7598,64.0445,-16.4631,49.8661,-17.2099,-12.9874,-101.3026,0.9803
49659,0.6394,0.084,0.7056,47.1284,-13.8218,52.4004,-17.4317,-12.422,-100.4118,0.9559
49676,0.6509,0.0742,0.7383,31.533,-14.7226,51.3012,-17.8701,-11.9358,-99.5397,0.987
49692,0.6565,0.0603,0.761,19.9071,-7.2875,54.3546,-18.4773,-11.389,-98.67,1.0068
49750,0.6631,-0.0703,0.7263,3.7315,-1.4173,73.8966,-19.2209,-11.2336,-94.384,0.986
49766,0.6553,-0.0999,0.7598,1.4643,-3.1806,74.0416,-20.051,-11.1326,-93.1993,1.0083
49783,0.6377,-0.1389,0.7561,-3.7494,-11.2569,72.5531,-20.8972,-11.2874,-91.9659,0.9988
49800,0.6094,-0.1404,0.7236,-5.5815,-14.9898,69.7516,-21.7356,-11.5197,-90.7801,0.9564
49816,0.5967,-0.1338,0.6807,-1.8105,-15.8295,65.6905,-22.522,-11.7468,-89.7291,0.915
49833,0.5974,-0.1484,0.657,6.5406,-9.7531,62.95,-23.1772,-11.9454,-88.6589,0.9003
49890,0.5867,-0.1462,0.7971,43.4185,-6.7913,56.2859,-21.3103,-12.255,-85.4506,1.0005
49906,0.5723,-0.1221,0.8174,41.8078,-0.7684,52.8203,-21.2038,-12.1164,-84.6055,1.0052
49924,0.5549,-0.104,0.79,29.6857,-0.1272,50.3852,-21.2368,-11.9339,-83.6986,0.971
49940,0.5315,-0.0906,0.7551,15.533,-0.3333,45.5226,-21.5466,-11.7353,-82.9702,0.9279
49957,0.5356,-0.0981,0.7544,10.6781,2.1095,38.3852,-21.9165,-11.5279,-82.3177,0.9304
49974,0.5444,-0.0857,0.7622,9.9452,-7.486,31.6523,-22.2922,-11.4456,-81.7796,0.9406
50030,0.5635,-0.0193,0.7058,14.4643,-19.2417,11.6447,-22.1666,-12.0848,-81.1275,0.9034
50048,0.5952,-0.0144,0.7146,19.9071,-18.402,10.3317,-22.5274,-11.9656,-80.9415,0.9301
50064,0.6067,-0.0195,0.6992,26.5941,-12.8982,15.2477,-22.8552,-11.7491,-80.6975,0.9259
50081,0.6257,-0.0273,0.7461,37.6399,-8.4554,22.5149,-22.9254,-11.5011,-80.3148,0.9741
50098,0.6257,-0.0054,0.7837,50.4109,-10.1959,32.4768,-22.7299,-11.2231,-79.7627,1.0029
50114,0.6318,0.0139,0.8132,61.991,-16.7684,41.0416,-22.3821,-10.9925,-79.106,1.0299
50171,0.4988,0.0559,0.8296,56.1666,-6.1959,65.1256,-19.6518,-10.7377,-75.3939,0.9696
50188,0.489,0.053,0.8157,39.617,-0.7989,65.5913,-19.4548,-10.1725,-74.2788,0.9525
50204,0.4863,0.0369,0.7981,25.701,-7.5165,60.8508,-19.535,-9.7753,-73.3052,0.9353
50222,0.4944,0.0125,0.7932,22.2887,-14.3104,52.9042,-19.6457,-9.5956,-72.3529,0.9348
50238,0.5376,0.0012,0.7803,31.3727,-19.2493,44.7134,-19.7606,-9.5039,-71.6375,0.9475
50255,0.5903,0.0061,0.7412,43.3116,-20.6692,42.8737,-19.8047,-9.4422,-70.9086,0.9476
50312,0.6111,0.0125,0.803,87.4262,-23.4402,61.034,-15.7193,-10.3116,-67.4297,1.0091
50328,0.5703,0.0417,0.7695,89.6246,-23.2417,66.3699,-15.174,-10.1319,-66.3678,0.9587
50345,0.5334,0.0605,0.7542,82.7849,-14.3486,68.9806,-14.6235,-9.7772,-65.1951,0.9257
50362,0.5396,0.0627,0.8047,75.8078,-8.6463,68.6981,-14.1518,-9.3489,-64.0273,0.9709
50378,0.5439,0.0156,0.8066,68.7849,-6.0127,71.6371,-13.8887,-9.0229,-62.8811,0.973
50396,0.5208,-0.0396,0.7996,58.8231,2.7507,76.9348,-13.6385,-8.7277,-61.4962,0.955
50452,0.5288,-0.0593,0.8882,46.5712,-11.2722,46.0798,-11.8178,-9.1374,-58.9158,1.0354
50469,0.5273,-0.0681,0.8396,47.701,-18.3027,33.2248,-11.8485,-9.2562,-58.3509,0.9938
50486,0.5349,-0.0549,0.8276,47.5864,-19.9821,23.4081,-11.9107,-9.3639,-57.953,0.987
50502,0.5488,-0.0313,0.7949,44.9452,-19.4325,20.2325,-12.1279,-9.3779,-57.6293,0.9665
50520,0.5359,-0.0166,0.7822,39.9071,-11.9669,23.1714,-12.3296,-9.2582,-57.2122,0.9483
50536,0.5327,0.0171,0.7949,32.9071,-4.2264,25.8508,-12.6838,-8.9035,-56.7986,0.9571
50592,0.5471,0.0383,0.8108,4.4872,2.3766,29.034,-13.2945,-8.3114,-55.1727,0.9789
50610,0.5344,-0.011,0.8025,6.1208,1.2469,26.2019,-14.0033,-7.9887,-54.701,0.9642
50626,0.5278,-0.0212,0.8228,12.4032,-0.7073,19.3775,-14.5596,-7.7392,-54.391,0.9777
50643,0.522,-0.0132,0.8125,14.2964,-8.486,14.2859,-15.0525,-7.6053,-54.1481,0.9658
50660,0.5085,-0.0156,0.8081,11.5406,-10.0661,11.8661,-15.5491,-7.5097,-53.9464,0.9549
50676,0.502,-0.0225,0.783,7.4032,-7.7913,9.6981,-16.1196,-7.3947,-53.7913,0.9303
50734,0.5571,-0.0222,0.7795,9.6017,-6.5623,5.9806,-16.3619,-7.5296,-53.4444,0.9584
50750,0.5569,-0.0188,0.7949,9.1361,-3.0737,11.492,-16.9673,-7.3298,-53.2605,0.9708
50766,0.5305,-0.031,0.8096,11.3269,-1.1882,15.6981,-17.4433,-7.1426,-53.0093,0.9684
50784,0.5208,-0.0266,0.8447,13.6475,-3.4783,14.3394,-17.7754,-6.9892,-52.7512,0.9927
50800,0.5198,-0.0068,0.8452,11.1055,-8.5776,11.0416,-18.1573,-6.8599,-52.5746,0.9923
50817,0.511,-0.01,0.8137,3.075,-9.8905,11.0569,-18.6659,-6.7751,-52.3866,0.9609
50874,0.491,-0.052,0.8157,-4.0624,-0.1806,7.5302,-19.3813,-6.6599,-51.9574,0.9535
50890,0.5051,-0.0754,0.8223,-0.5815,-5.1653,3.6523,-19.8732,-6.6825,-51.8989,0.968
50907,0.5095,-0.1055,0.824,3.159,-8.0966,0.805,-20.2876,-6.8391,-51.8852,0.9745
50924,0.5132,-0.1077,0.8274,4.5865,-13.4783,-1.3782,-20.665,-7.0821,-51.9087,0.9796
50940,0.4934,-0.0439,0.8074,0.9223,-19.5165,-2.7981,-21.08,-7.2232,-51.9534,0.9472
50958,0.4546,0.0266,0.728,-10.8792,-16.4096,0.5226,-21.7033,-7.1341,-51.944,0.8587
51014,0.4263,0.0322,0.7666,-20.7036,15.6056,21.3623,-23.1104,-5.9135,-50.7478,0.8777
51031,0.4314,0.0032,0.8035,-9.551,14.5827,20.5531,-23.4711,-5.4299,-50.3983,0.912
51048,0.439,-0.043,0.843,6.8078,8.911,14.7592,-23.5202,-5.184,-50.1474,0.9514
51064,0.439,-0.0435,0.866,20.7468,5.056,5.6752,-23.3348,-5.0139,-50.0566,0.9718
51081,0.4658,-0.0439,0.9207,30.8307,3.9873,-2.1797,-22.9707,-4.8576,-50.0937,1.0327
51098,0.4812,-0.0232,0.9414,34.6246,3.6438,-6.2484,-22.5695,-4.6603,-50.1999,1.0575
51154,0.4841,-0.0085,0.9902,-1.383,-1.5852,-2.0805,-22.7832,-4.5788,-50.3164,1.1023
51172,0.4844,0.0063,0.95,-13.841,-7.3791,-7.8439,-23.1917,-4.5079,-50.4576,1.0663
51188,0.5176,0.0447,0.8975,-20.8868,-13.6005,-15.1339,-23.7825,-4.4225,-50.6998,1.037
51205,0.5469,0.052,0.8474,-21.2227,-15.715,-16.3553,-24.4891,-4.3616,-50.9778,1.0099
51222,0.5486,0.0459,0.8271,-18.0853,-10.7837,-8.9507,-25.1452,-4.2361,-51.13,0.9936
51238,0.5383,0.032,0.8228,-14.5281,-9.3944,2.2783,-25.6896,-4.1219,-51.0935,0.9837
51295,0.4624,0.0071,0.887,-6.2761,-7.234,15.179,-26.1068,-4.3345,-50.2283,1.0003
51312,0.46,0.0239,0.8684,-4.8105,-12.0737,11.5913,-26.257,-4.2951,-50.0312,0.983
51329,0.4644,0.0125,0.825,-5.009,-8.2264,10.8126,-26.4633,-4.2229,-49.8474,0.9467
51346,0.4819,-0.0322,0.8506,-1.7113,3.0713,12.9653,-26.6135,-4.0907,-49.627,0.9782
51362,0.4834,-0.0486,0.918,4.6552,7.9568,13.7439,-26.5869,-3.926,-49.4071,1.0386
51379,0.4673,-0.0554,0.9685,9.1055,0.766,12.7134,-26.4036,-3.8875,-49.191,1.0768
51436,0.3804,-0.0271,0.8408,-12.4059,-14.5318,-1.6912,-26.9995,-4.601,-49.2874,0.9233
51452,0.3914,-0.0254,0.8042,-15.3448,-8.5928,-4.7217,-27.1928,-4.6213,-49.3629,0.8947
51469,0.4258,-0.03,0.8247,-13.6655,-7.0432,-7.3171,-27.4197,-4.6348,-49.4873,0.9286
51486,0.4622,-0.0403,0.8359,-10.7265,-11.8524,-9.5156,-27.6543,-4.7532,-49.6491,0.956
51503,0.4802,-0.0469,0.825,-10.7265,-15.0661,-8.6606,-27.9298,-4.939,-49.7963,0.9557
51520,0.4697,-0.0449,0.791,-15.4059,-15.5394,-5.6301,-28.2905,-5.1251,-49.892,0.9211
51576,0.4209,-0.0522,0.7754,-18.2151,-7.5776,6.2172,-29.2758,-5.4816,-49.5439,0.8838
51593,0.4241,-0.0542,0.821,-12.4746,-5.7608,3.9882,-29.3989,-5.5075,-49.4761,0.9257
51610,0.4836,-0.0552,0.95,1.0674,-16.9745,-1.8744,-29.2833,-5.6972,-49.5079,1.0674
51627,0.5208,-0.0271,0.9702,9.6323,-36.2188,-1.7981,-29.0833,-6.1244,-49.5385,1.1015
51643,0.4885,-0.0237,0.8955,4.5406,-40.86,3.7439,-28.9945,-6.5676,-49.4786,1.0204
51660,0.4404,-0.0269,0.8254,-3.5281,-26.2569,8.2554,-29.0151,-6.8079,-49.3383,0.936
51717,0.4792,-0.0322,0.8071,12.6857,-20.9058,-9.9202,-28.3875,-7.771,-49.9037,0.9392
51733,0.5005,-0.0313,0.8237,24.304,-23.9363,-8.9813,-28.1293,-7.9148,-50.0474,0.9644
51750,0.4866,-0.0278,0.8467,25.0903,-21.2646,-4.4393,-27.7895,-8.0205,-50.1229,0.9769
51767,0.4714,-0.0171,0.8389,16.6475,-17.5165,-0.4774,-27.5795,-8.0323,-50.131,0.9624
51784,0.4482,-0.0117,0.7708,0.9071,-13.9898,2.8279,-27.6686,-7.9741,-50.0829,0.8917
51801,0.4604,-0.0156,0.7654,-14.8868,-10.9287,4.7592,-28.0458,-7.8803,-50.002,0.8933
51857,0.4893,-0.0686,0.7483,-23.2151,-10.7302,7.8737,-29.4948,-8.3515,-49.5611,0.8967
51874,0.4771,-0.0808,0.7595,-22.4441,-7.5165,7.7439,-29.9608,-8.383,-49.4294,0.9005
51891,0.4836,-0.0952,0.7644,-18.4594,-6.5776,6.0645,-30.3485,-8.439,-49.3264,0.9096
51908,0.4761,-0.104,0.7778,-9.1082,-6.8295,1.4386,-30.533,-8.5176,-49.3019,0.9179
51924,0.4795,-0.0828,0.8247,3.7086,-12.5928,-4.5919,-30.4567,-8.5995,-49.3754,0.9576
51941,0.4895,-0.0415,0.844,12.0139,-23.5241,-10.0042,-30.2456,-8.7521,-49.5454,0.9766
51998,0.4707,0.0081,0.8511,3.0216,-18.2111,-11.2103,-30.0283,-9.3768,-50.1844,0.9726
52015,0.48,0.0115,0.8516,-2.6349,-18.0966,-8.508,-30.0463,-9.2662,-50.3291,0.9776
52031,0.4807,0.0027,0.8496,-6.2151,-18.6005,-3.9965,-30.12,-9.174,-50.393,0.9762
52048,0.4731,-0.0112,0.8293,-7.7494,-11.5165,2.7974,-30.2298,-9.026,-50.3454,0.9549
52065,0.4448,-0.0344,0.8271,-12.1616,5.6667,9.0264,-30.3491,-8.6678,-50.192,0.9398
52082,0.4924,-0.0276,0.8762,-16.7418,0.6133,11.9729,-30.5813,-8.3832,-49.9885,1.0055
52139,0.4697,-0.0999,0.8364,-10.7265,-10.9287,9.5073,-31.1108,-8.9182,-49.4465,0.9645
52155,0.468,-0.0823,0.8181,-5.9403,-13.402,7.4462,-31.1435,-8.9971,-49.3274,0.9461
52172,0.4629,-0.0737,0.7883,-1.5433,-14.6081,4.9271,-31.1354,-9.0893,-49.2436,0.9172
52189,0.4741,-0.0681,0.8081,1.0139,-13.1806,3.8584,-31.086,-9.1336,-49.178,0.9394
52206,0.4966,-0.0791,0.8228,3.5941,-14.1195,3.347,-31.0238,-9.2183,-49.1211,0.9642
52222,0.4905,-0.0757,0.8025,2.2582,-18.2875,3.1409,-31.0009,-9.346,-49.0709,0.9436
52279,0.4885,-0.0881,0.8218,-0.0548,-13.776,3.1103,-30.9874,-9.9708,-48.8936,0.9601
52295,0.4543,-0.1069,0.8293,2.7697,-10.9898,1.3623,-30.846,-10.0347,-48.8718,0.9517
52313,0.3877,-0.0999,0.8469,0.1284,4.6209,-2.6148,-30.5878,-9.8224,-48.9189,0.9368
52329,0.3909,-0.0747,0.8765,-12.3906,26.6591,-9.111,-30.513,-9.2149,-49.0646,0.9626
52346,0.4578,-0.0818,0.9253,-27.8792,21.056,-18.9813,-30.7968,-8.7047,-49.3873,1.0356
52363,0.5042,-0.0935,0.9329,-38.4136,-7.2035,-26.569,-31.3226,-8.7031,-49.839,1.0645
52419,0.5288,-0.094,0.803,-8.9784,-10.8753,-3.0118,-31.8799,-9.2067,-50.0077,0.966
52436,0.5315,-0.093,0.8179,1.4338,-6.6539,4.1867,-31.8953,-9.2065,-49.9365,0.9798
52453,0.5176,-0.0779,0.8408,7.3651,-5.9287,8.1943,-31.7595,-9.1467,-49.7972,0.9904
52470,0.499,-0.0667,0.8696,8.0292,-11.6921,7.9577,-31.5492,-9.147,-49.6619,1.0048
52487,0.4751,-0.0737,0.8291,3.8307,-17.6768,5.2935,-31.4133,-9.2728,-49.5719,0.9584
52503,0.46,-0.0601,0.8093,-0.3448,-18.1959,3.8126,-31.3438,-9.3512,-49.5109,0.9328
52560,0.4731,-0.0891,0.8174,1.3116,-13.5776,3.3699,-31.215,-9.969,-49.3188,0.9486
52577,0.4739,-0.1047,0.8269,3.9758,-14.8371,3.2706,-31.0863,-10.1011,-49.2632,0.9588
52593,0.4709,-0.092,0.8284,4.93,-15.5241,4.2859,-30.9459,-10.1891,-49.1947,0.9573
52611,0.4707,-0.0996,0.8369,3.5101,-15.2417,4.3623,-30.8147,-10.3164,-49.1161,0.9654
52627,0.4729,-0.1001,0.8364,1.5712,-15.3867,4.8432,-30.7303,-10.4131,-49.0386,0.9661
52643,0.4646,-0.1077,0.8389,-0.6349,-14.9898,5.8966,-30.6621,-10.5193,-48.9443,0.965
52701,0.4175,-0.0989,0.7976,-7.5204,-12.4631,5.5989,-30.9523,-11.0752,-48.6196,0.9057
52717,0.4309,-0.1003,0.7974,-6.1387,-5.4249,5.5455,-30.9365,-11.0024,-48.5308,0.9119
52734,0.447,-0.1228,0.812,-1.4746,-2.2722,5.0111,-30.8656,-10.9434,-48.4456,0.935
52751,0.4551,-0.1284,0.8401,6.3651,-1.1653,3.4844,-30.6538,-10.8723,-48.3864,0.964
52767,0.4561,-0.1221,0.8555,12.22,-3.6921,1.1485,-30.3529,-10.819,-48.368,0.9771
52785,0.4409,-0.1062,0.844,12.617,-4.6081,0.4233,-30.0167,-10.7527,-48.3604,0.9581
52841,0.3601,-0.1719,0.8325,26.8689,-12.0737,-33.3706,-28.2899,-11.4383,-50.2292,0.9232
52858,0.4028,-0.1167,0.8159,30.8765,-23.4325,-48.5614,-27.6963,-11.6888,-51.0547,0.9174
52875,0.4307,-0.0356,0.7825,24.9529,-29.7608,-52.8057,-27.3333,-11.8112,-51.9524,0.8939
52891,0.4546,0.0166,0.7725,14.1513,-28.0432,-48.5232,-27.2414,-11.7203,-52.7288,0.8965
52909,0.4729,0.0078,0.7576,5.5101,-16.1119,-34.9202,-27.3355,-11.5062,-53.3573,0.8931
52925,0.4873,0.0237,0.7869,0.846,-0.1424,-17.7217,-27.4994,-10.9792,-53.6409,0.9258
52981,0.533,0.0264,0.9297,7.1284,-5.486,0.3546,-27.2087,-10.77,-53.621,1.0719
52999,0.5176,0.0237,0.9075,7.2887,-13.0508,3.5302,-27.182,-10.5049,-53.5575,1.045
53015,0.4951,0.0176,0.876,3.3956,-12.8218,10.5378,-27.2214,-10.2357,-53.3889,1.0064
53032,0.4612,-0.0027,0.8501,-1.9097,-8.9211,16.5531,-27.3029,-9.9791,-53.1075,0.9671
53049,0.4531,-0.0317,0.8489,-6.3372,-4.86,18.6065,-27.4373,-9.7449,-52.7912,0.9628
53065,0.4639,-0.0591,0.8528,-7.3219,-4.9363,18.7974,-27.5917,-9.5894,-52.4904,0.9726
53123,0.4653,-0.0884,0.865,0.6704,-9.173,18.2859,-27.5769,-9.95,-51.4298,0.9862
53139,0.4551,-0.0984,0.8657,-1.9403,-9.6234,16.9577,-27.6068,-9.9591,-51.1585,0.983
53155,0.4373,-0.1272,0.8669,-3.5357,-9.6386,15.0874,-27.6176,-10.0427,-50.9171,0.9793
53173,0.4167,-0.1313,0.8582,-3.925,-12.0661,10.7668,-27.6065,-10.1976,-50.7233,0.963
53189,0.3979,-0.1204,0.8352,-4.6349,-12.8142,4.3623,-27.5833,-10.3145,-50.6535,0.933
53207,0.4163,-0.1013,0.8345,-4.3906,-13.7608,-4.3171,-27.6096,-10.4166,-50.7312,0.938
53263,0.457,-0.0322,0.8037,8.0979,-20.3485,-18.9736,-27.2541,-11.1858,-51.7937,0.9251
53279,0.481,-0.0359,0.8228,7.8689,-18.4783,-17.9202,-27.2545,-11.1221,-52.0805,0.9537
53297,0.4885,-0.0295,0.8301,4.9605,-15.402,-14.0805,-27.2971,-11.0248,-52.3339,0.9636
53313,0.4888,-0.0247,0.8403,2.0521,-13.6157,-8.5461,-27.3806,-10.8602,-52.4706,0.9725
53329,0.4888,-0.0432,0.876,0.9834,-14.8524,-2.8362,-27.4355,-10.7669,-52.516,1.004
53347,0.4802,-0.0518,0.8547,-1.6731,-19.8218,1.8813,-27.5384,-10.8174,-52.4822,0.9818
53403,0.467,-0.0811,0.8416,-6.2456,-8.5089,10.7745,-27.9293,-11.0622,-51.8788,0.9659
53421,0.4568,-0.0999,0.8699,0.3116,-12.5623,9.6752,-27.9088,-11.0987,-51.7046,0.9876
53437,0.4519,-0.094,0.8774,6.3422,-17.4554,5.8126,-27.7797,-11.1674,-51.6116,0.9914
53453,0.4302,-0.084,0.854,7.4338,-21.7226,0.8661,-27.6193,-11.2791,-51.5978,0.9599
53471,0.4294,-0.0703,0.8467,5.7086,-20.1806,-3.2561,-27.4885,-11.3665,-51.6564,0.952
53487,0.4414,-0.0483,0.8337,1.4261,-19.9516,-5.4393,-27.4814,-11.351,-51.7434,0.9446
53543,0.4888,-0.0454,0.8196,-1.1845,-18.9974,-3.0194,-27.6767,-12.0451,-51.9125,0.9553
53561,0.4834,-0.0435,0.8242,0.7315,-19.5776,0.9195,-27.7712,-12.0224,-51.8959,0.9565
53577,0.4846,-0.0503,0.8252,1.5483,-19.6157,3.6371,-27.8517,-11.9823,-51.8377,0.9583
53595,0.4744,-0.0415,0.8271,1.991,-18.5089,4.8584,-27.8954,-11.9377,-51.7503,0.9544
53611,0.467,-0.0474,0.8271,0.1208,-18.7302,5.179,-27.9541,-11.879,-51.6674,0.9511
53627,0.468,-0.0427,0.8232,-1.612,-19.0279,5.2554,-28.0441,-11.8149,-51.5833,0.9479
53685,0.4622,-0.0725,0.7954,-2.696,-14.4325,7.4997,-28.2747,-12.3543,-51.1484,0.9228
53701,0.4675,-0.0859,0.812,-0.0242,-13.7379,6.4997,-28.3358,-12.3128,-51.0444,0.9409
53718,0.47,-0.074,0.8237,2.6781,-15.8524,4.9958,-28.343,-12.2842,-50.9594,0.9513
53735,0.468,-0.075,0.8186,4.4185,-16.4402,3.9653,-28.3234,-12.2704,-50.892,0.9459
53751,0.4705,-0.0659,0.8296,4.4948,-15.5776,3.6371,-28.3006,-12.2006,-50.8338,0.956
53769,0.4739,-0.0642,0.8201,3.617,-15.6844,4.347,-28.3039,-12.1627,-50.7556,0.9493
53825,0.4673,-0.0867,0.8235,4.1132,-9.173,5.9119,-28.1281,-12.4097,-50.4245,0.9508
53841,0.4666,-0.0935,0.8328,3.9987,-9.6539,4.2401,-28.1058,-12.3178,-50.3567,0.9591
53859,0.4648,-0.0806,0.8335,2.7162,-12.318,1.9271,-28.0961,-12.2588,-50.322,0.9578
53875,0.4717,-0.0725,0.8362,1.388,-14.4936,-0.4316,-28.1243,-12.1893,-50.3289,0.9628
53892,0.4756,-0.0659,0.8164,0.3651,-14.0508,-1.111,-28.199,-12.1157,-50.3478,0.9471
53909,0.4841,-0.0667,0.8083,0.1132,-11.2264,0.0187,-28.3025,-12.0028,-50.3475,0.9446
53965,0.5022,-0.0591,0.8379,7.7849,-13.9058,1.3928,-27.9869,-12.4316,-50.2695,0.9786
53983,0.4922,-0.0474,0.8257,10.449,-18.7989,-0.0271,-27.9171,-12.3905,-50.27,0.9624
53999,0.4944,-0.0249,0.814,8.6628,-16.4554,0.6752,-27.9179,-12.2177,-50.2592,0.9527
54016,0.5002,-0.0286,0.8137,5.3422,-13.3638,2.4157,-27.9766,-12.0276,-50.2181,0.9556
54033,0.5085,-0.0229,0.8274,3.7391,-15.2875,4.3852,-28.0592,-11.8595,-50.1435,0.9715
54049,0.5171,-0.0247,0.8301,3.0903,-16.7837,7.5226,-28.1657,-11.711,-50.0232,0.9783
54106,0.4651,-0.0776,0.8188,-2.0319,-10.0356,13.721,-28.3297,-12.0083,-49.2411,0.9449
54123,0.4773,-0.0935,0.8342,-3.1769,-8.4325,11.7745,-28.4332,-11.9214,-49.0409,0.9657
54139,0.4661,-0.1018,0.8196,-2.1158,-9.4478,9.5378,-28.5059,-11.8729,-48.8883,0.9483
54157,0.4758,-0.0986,0.8384,0.5712,-10.8905,7.0111,-28.5321,-11.8546,-48.7621,0.969
54173,0.4749,-0.0955,0.8391,4.2964,-14.715,3.9424,-28.4988,-11.866,-48.699,0.9689
54190,0.4734,-0.093,0.842,6.8002,-17.3562,1.6065,-28.4157,-11.9268,-48.6717,0.9705
54247,0.4968,-0.0649,0.8176,0.7468,-13.9134,2.1867,-28.4864,-12.3927,-48.5471,0.9589
54263,0.4937,-0.0576,0.8191,-0.6578,-13.4554,3.492,-28.5976,-12.2646,-48.4912,0.9581
54280,0.4758,-0.0559,0.8013,-2.2914,-8.6615,4.2096,-28.7168,-12.0751,-48.4196,0.9336
54297,0.4758,-0.0671,0.8293,-4.7342,-1.9134,3.347,-28.8359,-11.8084,-48.3627,0.9585
54313,0.4478,-0.0637,0.821,-10.8029,7.14,1.576,-28.9898,-11.4039,-48.3375,0.9374
54331,0.4448,-0.0549,0.8962,-20.5128,9.1247,-3.1874,-29.2388,-10.9304,-48.3949,1.0021
54387,0.4897,-0.1113,0.8315,-17.2303,-13.7379,3.3852,-30.2065,-11.5367,-48.2053,0.9714
54404,0.4807,-0.1089,0.8052,-10.4975,-15.7379,2.721,-30.394,-11.6402,-48.1591,0.9441
54421,0.4819,-0.116,0.8015,-3.1082,-15.9745,3.0569,-30.4592,-11.7646,-48.1071,0.9424
54437,0.4849,-0.1167,0.8032,3.0139,-16.547,3.5836,-30.4287,-11.8788,-48.0498,0.9455
54454,0.4834,-0.106,0.8076,7.4338,-18.1043,3.1332,-30.3177,-11.9981,-47.9965,0.9472
54471,0.4824,-0.1013,0.8025,9.2353,-17.6692,2.3394,-30.1868,-12.0944,-47.9567,0.9418
54528,0.48,-0.082,0.8245,4.1971,-18.4936,2.7363,-29.953,-12.8498,-47.8008,0.9575
54545,0.4788,-0.0874,0.8323,2.2353,-18.1424,2.5149,-29.9094,-12.8717,-47.758,0.9641
54561,0.4714,-0.082,0.8362,0.8155,-17.3104,2.0416,-29.8723,-12.8469,-47.7254,0.9634
54578,0.4758,-0.0955,0.8428,0.7926,-17.8676,0.1867,-29.8362,-12.8831,-47.7222,0.9725
54595,0.4783,-0.0979,0.8333,0.4185,-17.0432,-1.0347,-29.8234,-12.9139,-47.7398,0.9657
54611,0.4807,-0.092,0.8354,0.533,-17.1577,-1.8515,-29.8129,-12.9124,-47.7694,0.9683
54668,0.4785,-0.0823,0.8076,0.1971,-18.4936,-5.4698,-29.8303,-13.6406,-48.0812,0.9423
54685,0.4788,-0.082,0.8018,1.4872,-18.9058,-5.1492,-29.8413,-13.6371,-48.1687,0.9374
54702,0.4771,-0.0828,0.8015,2.9452,-18.402,-5.2179,-29.8247,-13.6278,-48.2574,0.9364
54719,0.4624,-0.0801,0.7947,4.2048,-16.6844,-5.7523,-29.7658,-13.5851,-48.3552,0.9229
54735,0.4641,-0.0759,0.812,5.3574,-16.9592,-6.8362,-29.6786,-13.5159,-48.4646,0.9384
54752,0.4707,-0.0674,0.8142,5.7086,-19.5776,-7.3095,-29.5962,-13.484,-48.5888,0.9429
54809,0.488,-0.0813,0.8379,5.7773,-13.5089,-2.3553,-29.3003,-13.9055,-48.7231,0.9731
54825,0.4951,-0.0776,0.843,7.8231,-16.5012,-1.7599,-29.221,-13.8132,-48.7512,0.9807
54842,0.4832,-0.0759,0.8367,6.6704,-15.944,-0.966,-29.1394,-13.7283,-48.7677,0.9691
54859,0.478,-0.0662,0.8425,2.5941,-13.715,-0.2103,-29.1113,-13.5826,-48.7712,0.9709
54876,0.4802,-0.075,0.8347,-1.9097,-13.8905,-0.5614,-29.1705,-13.4713,-48.7808,0.9659
54893,0.4775,-0.0789,0.8279,-5.3525,-13.8142,-1.9965,-29.2857,-13.3755,-48.8147,0.959
54949,0.4897,-0.0786,0.8059,-3.2761,-14.4783,-6.8973,-29.537,-13.8417,-49.201,0.9463
54966,0.49,-0.0669,0.8035,-0.8181,-14.4249,-8.6759,-29.6204,-13.7138,-49.3485,0.9435
54983,0.5078,-0.0642,0.8015,0.4414,-15.3791,-8.7446,-29.7194,-13.5995,-49.4971,0.951
55000,0.5063,-0.0562,0.7961,1.4032,-14.8142,-7.2484,-29.8034,-13.4586,-49.6203,0.9452
55017,0.5115,-0.0464,0.7949,1.8231,-13.944,-5.5385,-29.8901,-13.2814,-49.7145,0.9464
55033,0.5081,-0.0408,0.8003,2.3498,-12.5623,-3.7828,-29.9534,-13.0598,-49.775,0.9488
55090,0.5083,-0.0603,0.8298,4.1819,-12.4554,-1.1187,-29.7833,-13.3852,-49.8388,0.975
55107,0.4993,-0.0571,0.8206,2.3345,-12.5699,-1.7217,-29.8041,-13.2142,-49.8681,0.9622
55123,0.51,-0.0554,0.8162,0.0521,-11.8142,-1.7065,-29.8888,-13.0225,-49.8954,0.964
55141,0.5056,-0.0715,0.8105,-0.0777,-11.2035,-1.2866,-29.9689,-12.897,-49.9185,0.958
55157,0.5166,-0.0691,0.8105,1.9758,-13.1806,-1.3095,-30.0365,-12.7784,-49.9395,0.9637
55174,0.5107,-0.0627,0.8181,3.8613,-14.7684,-2.0118,-30.048,-12.6837,-49.9737,0.9665
55231,0.5139,-0.0706,0.8057,-2.3677,-14.7302,-2.0576,-30.273,-13.1826,-50.091,0.9582
55247,0.51,-0.071,0.803,-3.9708,-13.0279,-1.6225,-30.4159,-13.0577,-50.1169,0.9539
55264,0.5229,-0.0713,0.8181,-2.8792,-14.6692,-2.5919,-30.5458,-12.974,-50.161,0.9736
55281,0.509,-0.0686,0.812,-1.7571,-16.4402,-3.2637,-30.6323,-12.9165,-50.2165,0.9608
55298,0.5105,-0.0698,0.7959,-2.0166,-14.8371,-3.1568,-30.743,-12.8425,-50.2701,0.9481
55315,0.5134,-0.0815,0.8008,-2.8716,-13.8142,-4.1568,-30.8614,-12.7868,-50.3408,0.9547
55371,0.532,-0.0483,0.8396,2.0674,-20.2569,-13.2179,-30.8085,-13.4962,-51.081,0.9951
55388,0.5361,-0.0366,0.8186,-1.4365,-19.2264,-11.7065,-30.9274,-13.3726,-51.28,0.9792
55405,0.5339,-0.0366,0.8137,-3.5968,-18.8066,-10.1874,-31.0788,-13.2477,-51.4532,0.9739
55421,0.5437,-0.0439,0.8213,-4.1082,-19.1501,-9.0729,-31.2374,-13.1344,-51.5984,0.9859
55439,0.5342,-0.0422,0.8186,-4.7189,-21.0127,-7.424,-31.3932,-13.0903,-51.732,0.9784
55455,0.5281,-0.0461,0.8113,-6.009,-20.1195,-5.6377,-31.5505,-13.0059,-51.8222,0.9691
55512,0.5217,-0.0564,0.7581,-8.7952,-16.234,-2.4622,-32.1483,-13.5442,-51.9625,0.922
55529,0.5276,-0.0623,0.7634,-7.2761,-14.6005,-1.7904,-32.3634,-13.4272,-51.993,0.9301
55545,0.5405,-0.0623,0.7656,-4.1769,-16.234,-1.653,-32.5384,-13.3254,-52.0194,0.9393
55562,0.5261,-0.0669,0.7705,-1.3677,-16.8676,-1.4698,-32.6282,-13.2661,-52.0444,0.9354
55579,0.5166,-0.0715,0.7698,-1.2685,-15.5928,-0.5767,-32.6939,-13.2023,-52.0542,0.9298
55596,0.5098,-0.0718,0.7705,-3.7265,-13.0737,-0.7294,-32.7819,-13.1005,-52.0666,0.9267
55653,0.531,-0.0605,0.7683,-2.7418,-11.5165,-4.4316,-33.0033,-13.3869,-52.3192,0.9359
55669,0.5437,-0.0637,0.7659,1.2506,-10.9821,-2.9584,-33.0751,-13.2103,-52.3665,0.9414
55686,0.5361,-0.0674,0.7793,3.6475,-9.3333,-1.3248,-33.0697,-13.0319,-52.3891,0.9483
55703,0.5222,-0.0701,0.7979,4.2277,-8.7608,-1.3248,-33.0021,-12.8544,-52.4116,0.9561
55719,0.5315,-0.063,0.8064,3.2429,-9.3944,-2.9049,-32.9646,-12.6631,-52.4581,0.9678
55737,0.5369,-0.0564,0.8152,1.8307,-10.6997,-4.4011,-32.9466,-12.4998,-52.5373,0.9777
55793,0.5469,-0.0417,0.7837,-0.5433,-9.6768,-1.3706,-33.0527,-12.642,-52.614,0.9565
55810,0.5344,-0.0496,0.78,1.3498,-8.2035,-0.2713,-33.0831,-12.4156,-52.6186,0.9468
55827,0.5444,-0.0525,0.8057,2.9071,-8.6921,-1.0042,-33.072,-12.21,-52.6357,0.9738
55843,0.5359,-0.0491,0.7964,3.159,-10.5318,-2.2332,-33.0561,-12.0244,-52.6714,0.9612
55860,0.5422,-0.05,0.7908,2.3498,-10.2569,-3.3248,-33.0709,-11.8557,-52.728,0.9601
55877,0.5457,-0.054,0.7932,1.6552,-10.005,-3.4164,-33.0995,-11.7004,-52.786,0.9643
55933,0.5496,-0.0515,0.8076,2.0979,-10.8066,-0.569,-33.03,-11.9593,-52.8179,0.9782
55951,0.5522,-0.0593,0.8142,1.159,-10.1272,0.7668,-33.0518,-11.8226,-52.8041,0.9856
55967,0.5513,-0.0574,0.8242,0.0292,-11.0814,1.431,-33.0778,-11.6792,-52.7812,0.9932
55984,0.5403,-0.0635,0.813,-1.1464,-12.0737,0.95,-33.1144,-11.5877,-52.7651,0.9782
56001,0.533,-0.0632,0.8064,-2.5815,-11.9669,0.2096,-33.1672,-11.4988,-52.7615,0.9687
56017,0.5374,-0.061,0.793,-3.0242,-12.4173,0.0569,-33.2488,-11.4056,-52.7606,0.9598
56074,0.5259,-0.0562,0.7996,-0.299,-12.0585,-0.7065,-33.2659,-11.7699,-52.8009,0.9586
56091,0.5349,-0.0586,0.8003,1.7926,-13.6768,-2.4087,-33.2536,-11.6898,-52.8418,0.9644
56108,0.5317,-0.0627,0.7771,2.8155,-13.4936,-2.9813,-33.2493,-11.6271,-52.8925,0.9437
56125,0.5298,-0.0627,0.7888,3.8842,-12.3486,-3.4851,-33.208,-11.5455,-52.9517,0.9523
56141,0.54,-0.0635,0.8005,6.6017,-15.1882,-5.0576,-33.1351,-11.4983,-53.0327,0.9677
56158,0.5466,-0.0505,0.7944,8.2353,-18.1653,-5.6148,-33.0544,-11.4804,-53.1281,0.9657
56215,0.5457,-0.0266,0.8069,9.8689,-17.1043,-2.9889,-32.5544,-12.0327,-53.2985,0.9744
56231,0.5388,-0.0217,0.8035,5.4719,-14.9898,-2.1645,-32.5216,-11.8436,-53.3331,0.9677
56248,0.5374,-0.0115,0.8157,0.7773,-13.3944,-0.7523,-32.543,-11.6207,-53.3459,0.9768
56265,0.5388,-0.0239,0.8005,-2.4059,-13.3867,1.3165,-32.6378,-11.4428,-53.3235,0.9653
56282,0.5457,-0.0288,0.7976,-3.7265,-14.3104,2.5149,-32.7675,-11.3014,-53.2808,0.9668
56299,0.5408,-0.0273,0.7822,-4.4212,-13.8371,4.0187,-32.9146,-11.1552,-53.2124,0.9513
56355,0.5261,-0.0581,0.7803,-1.5128,-12.4707,5.0264,-33.036,-11.5498,-52.931,0.9429
56372,0.5278,-0.0557,0.7732,0.7544,-13.3791,2.3775,-33.0723,-11.4709,-52.8905,0.9378
56389,0.5383,-0.0498,0.7793,3.0674,-13.4249,-0.2637,-33.0826,-11.3774,-52.895,0.9485
56406,0.5449,-0.0513,0.7922,4.388,-15.0585,-1.0423,-33.0663,-11.3162,-52.9127,0.9629
56423,0.5422,-0.0432,0.7813,3.4948,-15.2264,-0.4469,-33.0755,-11.2386,-52.9203,0.952
56439,0.5476,-0.041,0.7771,0.2811,-12.4631,0.4081,-33.1535,-11.1014,-52.9138,0.9515
56496,0.554,-0.0293,0.8269,-4.0319,-12.2798,-1.1034,-33.4001,-11.4104,-52.9767,0.9957
56513,0.5449,-0.03,0.8042,-7.1387,-13.7989,-2.1568,-33.5447,-11.2648,-53.0134,0.9719
56529,0.5491,-0.0601,0.7651,-9.3601,-11.3486,-2.0576,-33.7699,-11.168,-53.0463,0.9437
56546,0.5684,-0.0647,0.7798,-9.1464,-10.234,0.2783,-34.0081,-11.078,-53.0416,0.9671
56563,0.5649,-0.0598,0.7844,-5.238,-12.7837,2.805,-34.1606,-11.018,-52.9939,0.9685
56580,0.5435,-0.0476,0.7734,-0.1082,-9.9134,3.7745,-34.1977,-10.8799,-52.9297,0.9465
56637,0.5378,-0.0767,0.7842,1.3498,-9.2951,2.5073,-34.1286,-11.1767,-52.7868,0.954
56653,0.5437,-0.0769,0.8037,1.075,-8.86,2.1561,-34.1052,-11.0843,-52.7523,0.9734
56670,0.5447,-0.0667,0.8064,1.9529,-12.2111,-0.7599,-34.067,-11.0292,-52.7652,0.9754
56687,0.5476,-0.0574,0.8093,3.7544,-17.4402,-4.6377,-34.0037,-11.0349,-52.8441,0.9789
56704,0.5466,-0.0444,0.7893,3.9605,-19.3485,-6.1874,-33.9654,-11.0381,-52.9492,0.9611
56720,0.5435,-0.043,0.7825,2.5254,-16.6921,-5.7828,-33.9576,-10.9787,-53.0418,0.9537
56777,0.5535,-0.0244,0.8086,0.2887,-18.0966,-5.1797,-33.9587,-11.599,-53.337,0.9802
56794,0.5647,-0.0129,0.8022,-1.7571,-17.0356,-3.2942,-34.0345,-11.45,-53.393,0.9811
56811,0.5576,-0.0146,0.7915,-4.7342,-15.2264,0.3928,-34.1568,-11.2829,-53.3863,0.9683
56827,0.5557,-0.0308,0.7737,-6.1387,-12.2569,3.7745,-34.3114,-11.111,-53.326,0.953
56844,0.5583,-0.0483,0.7844,-4.5586,-12.2264,4.6142,-34.429,-11.0071,-53.2475,0.9641
56861,0.5459,-0.062,0.77,-1.8181,-13.4631,4.7058,-34.4914,-10.9707,-53.1675,0.9459
56918,0.5388,-0.0771,0.7861,2.1055,-15.0279,-1.9126,-34.3685,-11.5784,-53.2765,0.9562
56934,0.5405,-0.0791,0.7776,-0.4441,-13.1424,-2.4469,-34.3872,-11.5495,-53.3157,0.9503
56951,0.5459,-0.0767,0.7949,-2.8945,-12.0127,-2.0423,-34.4332,-11.5039,-53.3504,0.9674
56968,0.553,-0.0642,0.7986,-3.5739,-11.8066,-1.5614,-34.4988,-11.4203,-53.3769,0.9735
56985,0.5479,-0.0657,0.7944,-2.4365,-13.2646,-0.7675,-34.5386,-11.369,-53.39,0.9673
57001,0.5435,-0.0574,0.7881,-2.299,-13.715,-0.0729,-34.5731,-11.2914,-53.3912,0.959
57058,0.551,-0.0637,0.7937,-7.5357,-11.3791,-0.5309,-34.9899,-11.6461,-53.4214,0.9683
57075,0.5562,-0.0503,0.8008,-5.696,-11.7837,-0.2942,-35.0724,-11.5163,-53.4264,0.9763
57092,0.5474,-0.0376,0.7759,-4.1769,-14.0966,-0.4393,-35.1444,-11.3966,-53.4339,0.9503
57109,0.5388,-0.0354,0.7666,-3.238,-12.5852,-0.5843,-35.1944,-11.2519,-53.4438,0.9377
57125,0.5498,-0.0339,0.7747,-1.7113,-12.9363,-1.5232,-35.2265,-11.1009,-53.4682,0.9505
57142,0.5588,-0.0142,0.7788,1.388,-14.0814,-3.1416,-35.2211,-10.9283,-53.5216,0.9587
57199,0.5728,-0.0007,0.761,2.7544,-12.5852,0.5378,-35.1402,-11.1821,-53.4909,0.9524
57216,0.5757,-0.0305,0.7686,1.0979,-10.1806,4.3317,-35.1892,-10.9919,-53.4173,0.9607
57232,0.5581,-0.0605,0.7683,-1.5662,-7.7531,6.3317,-35.2421,-10.8515,-53.316,0.9516
57249,0.5554,-0.0791,0.7778,-2.7189,-6.9058,5.6447,-35.2924,-10.7624,-53.22,0.959
57266,0.5569,-0.0938,0.7817,-1.8487,-8.1119,3.3394,-35.3217,-10.7379,-53.1633,0.9644
57283,0.5657,-0.1003,0.8091,1.3574,-11.6768,-0.2637,-35.2769,-10.7817,-53.1678,0.9923
57339,0.5742,-0.0989,0.8086,4.8613,-14.4478,-1.2332,-35.0117,-11.406,-53.2368,0.9967
57356,0.5713,-0.0923,0.8291,1.8918,-15.4096,-0.5232,-34.9565,-11.4553,-53.2457,1.0111
57373,0.5576,-0.0959,0.8206,-2.1845,-15.234,-0.1263,-34.9546,-11.5125,-53.2479,0.9967
57390,0.542,-0.1011,0.8259,-6.9021,-14.3333,-0.1187,-34.9922,-11.565,-53.2499,0.993
57407,0.5439,-0.1113,0.842,-12.3906,-14.631,-0.569,-35.1002,-11.6424,-53.2595,1.0086
57423,0.5498,-0.115,0.8464,-18.299,-15.5776,-1.6072,-35.2879,-11.7255,-53.2853,1.0159
57480,0.5701,-0.0659,0.7451,-13.0471,-22.4707,-3.6454,-36.0828,-12.6883,-53.493,0.9405
57497,0.5769,-0.0535,0.7622,-4.009,-22.8905,-3.111,-36.187,-12.7148,-53.5459,0.9574
57513,0.5786,-0.0261,0.7544,3.0139,-24.7455,-4.279,-36.1921,-12.6656,-53.6144,0.9511
57531,0.5701,-0.0144,0.7695,5.5406,-25.1348,-5.111,-36.1097,-12.6362,-53.7064,0.9578
57547,0.5747,0.0137,0.7651,6.1742,-29.0432,-4.3858,-36.0468,-12.5359,-53.7766,0.957
57564,0.5554,0.0347,0.7095,1.1666,-27.9974,2.2019,-36.1068,-12.3795,-53.7391,0.9017
57621,0.5605,-0.1023,0.7478,-3.4288,-6.3027,24.7668,-36.3141,-12.5408,-52.3274,0.9402
57637,0.5562,-0.1436,0.7668,1.2582,-6.7608,20.0722,-36.2616,-12.5671,-52.0063,0.9581
57654,0.5615,-0.1711,0.7942,4.4567,-8.631,12.6905,-36.1245,-12.6917,-51.7905,0.9876
57671,0.5569,-0.1934,0.8035,5.8765,-12.6157,4.9042,-35.9426,-12.9312,-51.7072,0.9965
57688,0.5505,-0.2163,0.8037,5.8231,-15.5547,-2.4698,-35.7491,-13.2704,-51.7492,0.9979
57705,0.5488,-0.2114,0.7966,4.1055,-16.7226,-9.9965,-35.5985,-13.607,-51.9191,0.9902
57761,0.625,-0.0676,0.7488,4.0063,-23.6386,-27.821,-35.5487,-14.54,-53.4771,0.9777
57778,0.6404,-0.0356,0.7231,3.3269,-20.0508,-20.4927,-35.7321,-14.3985,-53.8254,0.9666
57795,0.646,-0.0164,0.7256,0.4643,-13.8676,-8.0729,-35.9621,-14.1005,-53.9627,0.9716
57811,0.6467,-0.0142,0.7463,-2.7723,-10.2035,3.5149,-36.2024,-13.7367,-53.9064,0.9877
57828,0.6077,-0.0308,0.7478,-6.9708,-6.8295,10.7745,-36.431,-13.3929,-53.7233,0.9641
57845,0.5959,-0.0413,0.7695,-7.696,-8.089,11.3164,-36.608,-13.112,-53.5309,0.9742
57902,0.5835,-0.0867,0.7366,5.8842,-17.8676,-4.4774,-36.3495,-13.8336,-53.7861,0.9437
57919,0.5823,-0.0803,0.7361,6.9147,-15.6997,-6.4164,-36.3099,-13.7856,-53.8952,0.942
57935,0.584,-0.0801,0.7451,6.7468,-14.6768,-8.1339,-36.271,-13.705,-54.0253,0.9501
57952,0.5964,-0.0688,0.7661,6.4948,-14.6234,-8.7294,-36.2257,-13.6008,-54.1737,0.9733
57969,0.6028,-0.0564,0.7598,6.7239,-16.4325,-8.195,-36.201,-13.4948,-54.313,0.9715
57986,0.6028,-0.061,0.7476,6.9681,-17.234,-5.6148,-36.1908,-13.423,-54.4085,0.9622
58042,0.5928,-0.0657,0.7578,0.6475,-12.2111,2.8432,-36.2255,-13.7406,-54.2493,0.9644
58059,0.5913,-0.0625,0.7676,2.0063,-13.1882,2.1409,-36.2444,-13.5925,-54.2129,0.9709
58076,0.5974,-0.0652,0.7559,3.8994,-15.1272,1.492,-36.2598,-13.4928,-54.1875,0.9656
58093,0.6021,-0.072,0.7588,5.2964,-16.8066,1.5226,-36.2551,-13.4442,-54.1616,0.9713
58109,0.593,-0.0684,0.7449,4.6017,-14.5318,2.1409,-36.2705,-13.3394,-54.1274,0.9546
58126,0.5813,-0.0503,0.7471,2.2429,-12.2722,1.9653,-36.2961,-13.1602,-54.094,0.9479
58183,0.5801,-0.1123,0.7666,-12.1693,4.4301,9.0569,-36.983,-12.7247,-53.5777,0.9679
58200,0.552,-0.0771,0.8389,-13.6044,1.453,6.2019,-37.0551,-12.4022,-53.4723,1.0072
58216,0.6091,-0.0535,0.8132,-8.9097,-10.318,2.3241,-37.1808,-12.2151,-53.4351,1.0175
58233,0.7327,-0.1245,0.7168,-0.1387,-0.776,-11.6835,-37.5039,-12.1333,-53.6337,1.0325
58250,0.5852,-0.0837,0.8101,9.7086,-17.2035,-2.3477,-37.2733,-12.1648,-53.6736,1.0028
58267,0.5818,-0.0894,0.7788,13.0903,-22.7684,-0.8591,-37.032,-12.3116,-53.6882,0.9762
58323,0.5696,-0.0156,0.7671,4.2429,-16.9821,-9.4622,-36.7861,-12.7788,-54.2181,0.9556
58340,0.5752,0.001,0.7795,-4.383,-14.2188,-14.5614,-36.8431,-12.4968,-54.4657,0.9688
58357,0.5686,-0.0386,0.7681,-13.5815,-14.2188,-17.4469,-37.0502,-12.344,-54.7623,0.9564
58374,0.5735,-0.0847,0.7395,-19.5662,-11.4936,-12.6683,-37.392,-12.2992,-54.9776,0.9396
58391,0.5928,-0.0884,0.7344,-17.8716,-11.3104,-6.9049,-37.7363,-12.2663,-55.095,0.9479
58407,0.5999,-0.0723,0.6968,-10.7723,-11.3867,-3.5919,-38.0153,-12.1874,-55.1525,0.9223
58464,0.5911,-0.0303,0.6848,22.2048,-16.6844,-5.6912,-36.9104,-12.7141,-55.4769,0.9051
58481,0.5918,-0.0261,0.7295,26.4109,-14.4402,-2.6454,-36.5643,-12.5233,-55.5219,0.9397
58498,0.5718,-0.0178,0.7598,27.3193,-11.9821,-0.4087,-36.1341,-12.2716,-55.5288,0.951
58515,0.5825,0.0066,0.7769,25.3727,-12.1195,-0.2484,-35.7492,-11.9591,-55.533,0.971
58531,0.5881,0.0139,0.7776,22.6628,-13.0966,-0.424,-35.455,-11.6409,-55.5398,0.9751
58548,0.593,0.0032,0.7744,19.7162,-13.0508,1.5378,-35.2128,-11.3789,-55.5137,0.9754
58605,0.5845,0.0156,0.77,7.304,-10.6615,8.5073,-34.8924,-11.4606,-55.0288,0.9668
58621,0.5818,0.0181,0.7461,7.0826,-10.2646,9.66,-34.9054,-11.1044,-54.8742,0.9463
58638,0.5884,0.0178,0.7334,5.8842,-7.5623,12.1867,-34.9624,-10.7279,-54.667,0.9404
58655,0.5823,0.0024,0.7312,3.2582,-3.9516,16.6829,-35.052,-10.3557,-54.3834,0.9347
58672,0.5774,-0.0068,0.7351,2.1132,-1.7531,20.0951,-35.1413,-9.9913,-54.0418,0.9348
58689,0.572,-0.0122,0.7449,3.4948,-2.8524,21.179,-35.1793,-9.6758,-53.6818,0.9393
58745,0.5862,-0.0334,0.7607,11.5101,-6.3409,15.1638,-34.6569,-9.7304,-52.8326,0.961
58762,0.5769,-0.032,0.7722,13.2582,-7.9211,13.6981,-34.5238,-9.5653,-52.5997,0.9644
58779,0.5715,-0.0266,0.7773,12.0597,-5.9516,13.2172,-34.3984,-9.3582,-52.375,0.9652
58796,0.5776,-0.0281,0.7727,10.6323,-4.4631,12.7287,-34.3194,-9.14,-52.1586,0.9652
58812,0.5854,-0.03,0.7837,9.4567,-3.3944,13.7439,-34.271,-8.9143,-51.9387,0.9787
58829,0.5945,-0.0354,0.7903,8.8231,-3.5623,15.5378,-34.2332,-8.7184,-51.6746,0.9896
58886,0.5637,-0.0254,0.7983,8.3193,-7.7073,14.5607,-33.8171,-8.8643,-50.8446,0.9776
58902,0.561,-0.0322,0.77,8.0063,-7.8905,13.263,-33.7836,-8.7268,-50.6324,0.9533
58919,0.5671,-0.0366,0.7637,8.9605,-6.9592,12.8737,-33.7487,-8.6011,-50.4136,0.9519
58936,0.562,-0.0527,0.7668,12.0826,-7.1577,13.6294,-33.6485,-8.5312,-50.1819,0.9522
58953,0.5559,-0.0535,0.7776,14.2811,-7.0127,14.5455,-33.4894,-8.4618,-49.9346,0.9574
58970,0.5615,-0.0388,0.7891,14.1208,-4.9592,15.4539,-33.3355,-8.3169,-49.6719,0.9692
59026,0.5591,-0.0625,0.8142,7.1742,0.514,22.9577,-32.9923,-8.1322,-48.3862,0.9897
59043,0.5532,-0.0706,0.8281,6.6323,-0.9363,21.3699,-32.9104,-8.017,-48.023,0.9984
59060,0.5483,-0.0508,0.8206,4.8002,-4.4249,18.721,-32.8637,-7.9101,-47.7047,0.9882
59076,0.5537,-0.0459,0.7993,3.0979,-4.3409,16.4691,-32.8883,-7.7919,-47.4412,0.9735
59094,0.5667,-0.0415,0.7849,2.8384,-3.9516,15.5531,-32.9552,-7.6696,-47.1612,0.969
59110,0.5671,-0.0444,0.7827,3.6475,-4.3638,16.8813,-33.0163,-7.5598,-46.8911,0.9676
59167,0.5413,-0.0583,0.7734,5.8536,-2.3409,19.5302,-32.7717,-7.558,-45.7779,0.9458
59184,0.5298,-0.0488,0.7861,6.5483,-2.4325,17.721,-32.711,-7.4376,-45.4767,0.9492
59200,0.5342,-0.0623,0.8098,9.1437,-6.1577,15.9042,-32.5954,-7.4105,-45.2222,0.9721
59217,0.5208,-0.052,0.8003,9.4032,-6.6844,14.6829,-32.458,-7.3719,-44.9726,0.9562
59234,0.5103,-0.05,0.7932,8.1742,-4.3562,14.2935,-32.3343,-7.2925,-44.7296,0.9445
59250,0.5088,-0.0522,0.8162,7.6246,-4.2951,13.1256,-32.1992,-7.2133,-44.5196,0.9632
59308,0.5186,-0.0452,0.8145,3.6857,-5.318,10.9195,-32.0038,-7.3478,-43.8863,0.9666
59324,0.5283,-0.0483,0.8093,4.1819,-6.9898,10.9348,-31.983,-7.298,-43.7113,0.9677
59341,0.5276,-0.0479,0.8037,5.3422,-6.5318,11.805,-31.946,-7.249,-43.5106,0.9626
59358,0.5217,-0.0579,0.8252,7.075,-7.2798,11.8813,-31.8422,-7.2383,-43.3086,0.978
59374,0.5183,-0.0508,0.8196,8.3498,-8.2188,11.1332,-31.7307,-7.2168,-43.1305,0.971
59392,0.519,-0.0435,0.823,7.991,-8.1653,10.6676,-31.6115,-7.1901,-42.9385,0.974
59448,0.4998,-0.0464,0.823,0.5559,-9.089,9.3317,-31.5662,-7.5202,-42.4159,0.964
59464,0.5,-0.0488,0.8201,0.2582,-9.4402,8.1485,-31.5527,-7.5007,-42.2855,0.9617
59482,0.5083,-0.053,0.8213,1.7697,-12.318,6.8355,-31.528,-7.5611,-42.1625,0.9673
59498,0.5037,-0.0476,0.8123,4.2735,-12.8066,6.118,-31.4716,-7.5896,-42.0646,0.9569
59515,0.5173,-0.0488,0.8215,5.3498,-11.9516,6.492,-31.4115,-7.6171,-41.9542,0.9721
59532,0.5049,-0.0522,0.8335,5.6552,-11.4325,6.7974,-31.309,-7.6425,-41.8387,0.9759
59588,0.4893,-0.052,0.8333,0.1971,-13.2493,2.8203,-31.2609,-8.1919,-41.6807,0.9677
59606,0.4927,-0.0454,0.8359,-0.5586,-13.6768,0.4615,-31.2392,-8.2249,-41.6724,0.9714
59622,0.502,-0.0376,0.8066,-0.299,-14.6539,-1.4774,-31.2688,-8.2278,-41.6961,0.9508
59638,0.5115,-0.0378,0.7971,-0.7113,-14.173,-1.2866,-31.3353,-8.2251,-41.7167,0.9479
59656,0.5127,-0.0359,0.7786,-1.5968,-11.6539,0.2401,-31.443,-8.203,-41.7123,0.9329
59672,0.5142,-0.032,0.801,-2.0777,-10.7226,0.95,-31.5241,-8.131,-41.6971,0.9524
59728,0.5161,-0.0386,0.801,-1.5968,-14.9821,-6.05,-31.6596,-8.7215,-42.0359,0.9537
59746,0.521,-0.0476,0.7957,-0.7113,-14.2493,-6.5003,-31.7323,-8.7559,-42.1529,0.9522
59762,0.5247,-0.0374,0.7996,-0.551,-13.8982,-5.5919,-31.8012,-8.7261,-42.2424,0.9571
59780,0.5256,-0.0483,0.8015,-1.1616,-11.7913,-3.9355,-31.8776,-8.7189,-42.3133,0.9597
59796,0.5166,-0.0564,0.8284,-0.0777,-11.0661,-2.737,-31.8793,-8.6959,-42.357,0.9779
59812,0.5151,-0.0642,0.8645,2.9758,-13.7379,-4.1187,-31.7872,-8.729,-42.4229,1.0084
59870,0.5007,-0.0532,0.8311,-2.4517,-20.2417,-2.3629,-31.893,-9.6534,-42.56,0.9717
59886,0.4858,-0.0664,0.7966,-9.0242,-16.1272,1.3699,-32.0074,-9.7056,-42.5381,0.9355
59902,0.4866,-0.0754,0.7883,-12.3906,-12.7073,2.4844,-32.1802,-9.7312,-42.4983,0.9295
59920,0.4763,-0.0752,0.7874,-11.9708,-11.7531,1.0416,-32.3421,-9.7633,-42.4796,0.9233
59936,0.4736,-0.072,0.7876,-8.4365,-12.7684,-2.6683,-32.4146,-9.7779,-42.5223,0.9219
59954,0.4761,-0.0603,0.782,-5.2532,-13.5012,-5.8362,-32.4591,-9.7964,-42.6273,0.9175
60010,0.5098,-0.0364,0.7844,-0.1082,-9.5165,-4.9736,-32.4862,-10.0224,-42.9058,0.9362
60026,0.5098,-0.0352,0.7988,0.533,-9.3867,-4.6912,-32.4793,-9.8665,-42.9809,0.9483
60044,0.5154,-0.0334,0.8118,-0.3219,-9.5089,-5.4545,-32.4812,-9.7305,-43.0791,0.9621
60060,0.5247,-0.0276,0.812,-1.0777,-9.7989,-6.2255,-32.5126,-9.5696,-43.1787,0.9672
60077,0.5234,-0.0215,0.8184,-1.383,-11.6844,-6.3019,-32.5385,-9.4377,-43.2858,0.9717
60094,0.5251,-0.0178,0.8071,-1.8181,-11.4402,-4.1874,-32.5883,-9.2975,-43.357,0.9631
60150,0.5073,-0.05,0.8198,-3.4365,-9.1959,3.3241,-32.7377,-9.5597,-43.1709,0.9654
60168,0.4895,-0.0605,0.824,-4.0166,-8.3104,2.3165,-32.7234,-9.489,-43.1292,0.9603
60184,0.4802,-0.0662,0.8169,-5.4212,-9.6997,0.2401,-32.7124,-9.4437,-43.1253,0.9499
60200,0.4885,-0.061,0.8203,-6.07,-9.8218,-2.569,-32.7254,-9.387,-43.1664,0.9567
60218,0.5076,-0.0591,0.8083,-5.8487,-11.6157,-4.7523,-32.7997,-9.3794,-43.252,0.9563
60234,0.5151,-0.0569,0.7842,-6.7571,-11.2569,-5.0729,-32.9208,-9.3431,-43.3331,0.94
60291,0.5249,-0.0598,0.8237,1.3727,-8.5318,-3.9813,-32.8264,-9.6024,-43.5601,0.9786
60308,0.5286,-0.0674,0.8528,1.846,-10.2646,-4.8362,-32.7517,-9.5665,-43.6423,1.0056
60324,0.5239,-0.053,0.8582,-0.5586,-12.7531,-5.3477,-32.7044,-9.5211,-43.7278,1.0068
60342,0.5078,-0.0569,0.8428,-5.7494,-12.1195,-3.7981,-32.7362,-9.5041,-43.7962,0.9856
60358,0.5042,-0.0603,0.8315,-9.3983,-10.9516,-2.424,-32.8175,-9.4581,-43.835,0.9743
60375,0.5076,-0.074,0.8225,-9.1845,-11.3027,-2.7599,-32.9177,-9.4698,-43.8819,0.9693
60432,0.5056,-0.0571,0.8091,-3.1693,-13.5089,-4.9278,-33.052,-9.9917,-44.1628,0.9558
60448,0.501,-0.0537,0.7959,-3.0853,-13.1272,-3.1339,-33.0625,-9.9481,-44.2129,0.942
60465,0.4929,-0.0503,0.8118,-3.2609,-12.0966,-1.1645,-33.0419,-9.8894,-44.2327,0.951
60482,0.4932,-0.0664,0.8169,-2.5815,-11.0508,-0.1492,-33.0038,-9.8601,-44.2353,0.9565
60498,0.4944,-0.0791,0.8137,-2.6502,-10.5623,-0.9736,-32.9708,-9.85,-44.2509,0.9554
60516,0.4929,-0.073,0.8323,-2.4135,-11.9821,-3.1416,-32.9153,-9.8636,-44.3074,0.97
60572,0.4905,-0.0459,0.8054,-4.1616,-13.2875,-1.6148,-33.0744,-10.3138,-44.3978,0.9441
60589,0.4956,-0.0425,0.8032,-5.8639,-11.1043,1.0111,-33.1127,-10.2036,-44.3806,0.9448
60606,0.499,-0.0571,0.8005,-6.2303,-11.486,2.9042,-33.1648,-10.1462,-44.3313,0.9451
60622,0.4949,-0.0747,0.7917,-5.5204,-9.8447,3.8126,-33.1987,-10.1072,-44.2703,0.9367
60639,0.4875,-0.0828,0.812,-4.696,-9.9058,3.9348,-33.1814,-10.0973,-44.2034,0.9507
60656,0.4868,-0.0867,0.8042,-4.2838,-10.4325,2.4615,-33.1658,-10.1097,-44.1615,0.9441
60712,0.5071,-0.082,0.7986,-1.4823,-10.1653,-1.7752,-33.21,-10.4864,-44.2609,0.9495
60730,0.5073,-0.084,0.8142,-1.696,-8.9211,-0.7828,-33.1825,-10.4567,-44.275,0.963
60746,0.501,-0.0891,0.8081,-0.8334,-8.5776,-0.4164,-33.1337,-10.4219,-44.2817,0.955
60763,0.5012,-0.0923,0.8293,0.4796,-9.1424,-1.1721,-33.0401,-10.4082,-44.3016,0.9734
60780,0.5044,-0.0808,0.844,0.8918,-10.2951,-2.9813,-32.9339,-10.3787,-44.3523,0.9865
60796,0.5081,-0.0781,0.8406,-0.1387,-12.8142,-4.1416,-32.8603,-10.3727,-44.4186,0.9853
60853,0.4885,-0.0703,0.8042,-4.9021,-11.0356,1.179,-33.0614,-10.7616,-44.3514,0.9436
60870,0.4915,-0.0718,0.8071,-2.6044,-10.547,0.889,-33.0309,-10.7065,-44.3362,0.9477
60887,0.4929,-0.0779,0.8179,-0.1387,-11.3256,0.6752,-32.9504,-10.6807,-44.3248,0.9581
60904,0.4885,-0.0801,0.8118,0.9681,-11.7455,0.5149,-32.8533,-10.6705,-44.316,0.9508
60920,0.4717,-0.0798,0.8076,1.0292,-11.8524,-0.0271,-32.73,-10.6515,-44.3164,0.9387
60937,0.4785,-0.075,0.8052,0.991,-11.0203,-0.279,-32.6292,-10.618,-44.3212,0.9396
60994,0.4978,-0.0752,0.8318,-0.3754,-9.9974,2.5378,-32.5764,-10.947,-44.1765,0.9723
61010,0.4888,-0.082,0.8225,-1.4212,-10.5089,3.5989,-32.519,-10.8984,-44.1189,0.9603
61028,0.4939,-0.0811,0.8262,-0.1616,-11.7226,3.1027,-32.4511,-10.8891,-44.0631,0.966
61044,0.5022,-0.0818,0.8267,1.4872,-11.9898,2.5836,-32.3764,-10.8637,-44.0218,0.9707
61061,0.4968,-0.0837,0.8176,2.22,-11.776,2.8661,-32.2912,-10.8553,-43.973,0.9604
61078,0.4941,-0.0881,0.8218,2.1513,-10.9821,2.8203,-32.1994,-10.8451,-43.9251,0.9629
61134,0.491,-0.0708,0.8284,0.8155,-12.9134,1.889,-32.0902,-11.301,-43.8193,0.9655
61151,0.4934,-0.0769,0.8083,-1.7876,-12.5012,2.8584,-32.0871,-11.2703,-43.7707,0.9502
61168,0.4929,-0.0854,0.7817,-4.5052,-10.4631,4.1638,-32.1603,-11.2398,-43.6999,0.9281
61185,0.481,-0.0889,0.7769,-4.3906,-8.3486,4.6752,-32.2094,-11.1875,-43.6205,0.918
61202,0.4792,-0.0974,0.7959,-1.3983,-8.0508,3.4462,-32.1785,-11.1505,-43.5619,0.9341
61218,0.4856,-0.0952,0.8054,2.533,-8.547,1.721,-32.0889,-11.1054,-43.5343,0.9453
61275,0.4863,-0.1003,0.8286,3.1055,-10.7455,-0.8362,-31.8445,-11.5254,-43.582,0.966
61292,0.4807,-0.0964,0.8303,1.0139,-10.1195,-0.7065,-31.7503,-11.4945,-43.594,0.9643
61308,0.478,-0.0901,0.8213,0.3345,-9.2493,-0.2561,-31.6772,-11.4272,-43.5981,0.9545
61325,0.4827,-0.0803,0.8308,0.846,-8.8676,-0.05,-31.5979,-11.3357,-43.599,0.9642
61342,0.4795,-0.0781,0.833,0.6781,-10.3486,-0.5385,-31.5156,-11.2655,-43.6081,0.9643
61359,0.4863,-0.0874,0.8293,-1.1769,-10.486,-0.4851,-31.4842,-11.2267,-43.6164,0.9654
61416,0.4814,-0.0798,0.8225,-0.6044,-10.3867,0.3088,-31.4669,-11.5677,-43.5988,0.9564
61432,0.4707,-0.0906,0.8218,-0.0624,-10.9592,-0.4545,-31.3953,-11.5249,-43.606,0.9514
61449,0.4817,-0.0903,0.8125,-0.8868,-11.631,-0.6301,-31.3743,-11.5075,-43.6167,0.9489
61466,0.4741,-0.0981,0.8201,-1.696,-11.3867,-0.1339,-31.3413,-11.506,-43.619,0.9523
61483,0.4729,-0.0898,0.8176,-1.6349,-10.9211,0.0645,-31.3102,-11.4748,-43.6179,0.9488
61500,0.4683,-0.0979,0.8118,-1.0777,-10.0279,-0.195,-31.2673,-11.4546,-43.6212,0.9422
61556,0.4868,-0.0972,0.832,1.3269,-10.6234,-4.5156,-31.1518,-11.8339,-43.8741,0.9689
61573,0.4897,-0.0859,0.8364,2.1513,-12.7989,-5.3324,-31.0794,-11.8041,-43.9648,0.9731
61590,0.4788,-0.082,0.8357,1.5483,-11.5623,-4.6377,-30.9985,-11.7449,-44.0436,0.9666
61606,0.4973,-0.0618,0.8376,1.5635,-12.7455,-3.279,-30.9597,-11.6396,-44.0961,0.9761
61623,0.4849,-0.0635,0.8274,1.4032,-12.5165,-0.8744,-30.9104,-11.5537,-44.1109,0.9611
61640,0.4771,-0.061,0.825,-0.2456,-11.0127,1.0416,-30.8768,-11.4406,-44.0932,0.9549
61697,0.4602,-0.0818,0.8289,2.3651,-12.5165,-0.0347,-30.6693,-11.8933,-44.0952,0.9516
61714,0.4529,-0.0798,0.8196,2.7315,-12.0966,-1.0042,-30.5503,-11.8375,-44.1123,0.9398
61730,0.4744,-0.0696,0.8276,1.7391,-12.1424,-1.2713,-30.4909,-11.7427,-44.1326,0.9565
61747,0.4675,-0.0623,0.8108,0.5635,-11.631,-1.2637,-30.4579,-11.6385,-44.1541,0.938
61764,0.4714,-0.0679,0.8018,0.8842,-11.0814,-0.3171,-30.4398,-11.5473,-44.1595,0.9326
61780,0.4683,-0.0708,0.7905,2.0979,-9.5012,1.492,-30.4116,-11.4361,-44.1356,0.9215
61837,0.4688,-0.0984,0.8235,2.3422,-8.3791,3.3241,-30.246,-11.7097,-43.9461,0.9526
61854,0.4622,-0.1021,0.8318,1.2429,-6.7989,3.2019,-30.1709,-11.632,-43.8917,0.957
61871,0.4653,-0.0994,0.8511,1.3193,-8.1272,2.0722,-30.0827,-11.5658,-43.8565,0.9751
61888,0.4746,-0.0947,0.845,0.6323,-10.0432,1.2477,-30.0359,-11.5229,-43.8353,0.9738
61904,0.4729,-0.092,0.8359,-1.6807,-9.5623,1.3852,-30.0343,-11.4602,-43.8131,0.9648
61921,0.4656,-0.0852,0.8367,-3.7647,-9.1348,1.5302,-30.0531,-11.3834,-43.7871,0.9613
61978,0.4758,-0.0803,0.8167,-2.1235,-9.5699,0.8966,-30.1715,-11.6765,-43.736,0.9486
61995,0.479,-0.0701,0.8167,-0.8487,-8.402,2.5913,-30.1905,-11.5427,-43.6919,0.9494
62011,0.4753,-0.082,0.8384,-0.2456,-8.9669,3.9806,-30.1641,-11.4422,-43.6282,0.9672
62028,0.4673,-0.0911,0.8447,0.7849,-9.6615,3.8661,-30.0972,-11.3883,-43.5625,0.9696
62045,0.4709,-0.0845,0.845,0.5559,-10.0966,2.3317,-30.0447,-11.3259,-43.5229,0.971
62062,0.4717,-0.095,0.8555,-0.4365,-10.8753,0.3928,-29.9989,-11.3038,-43.5162,0.9815
62118,0.4858,-0.0879,0.8372,0.5254,-12.7989,-1.2255,-29.9704,-11.7794,-43.5848,0.9719
62135,0.481,-0.0854,0.855,1.4109,-14.3867,-0.9507,-29.9181,-11.7713,-43.601,0.9847
62152,0.4819,-0.0925,0.843,1.2582,-15.1577,-0.2713,-29.8852,-11.7984,-43.6056,0.9754
62169,0.4705,-0.0959,0.8452,-0.5815,-15.5547,0.5913,-29.8571,-11.8394,-43.5956,0.9721
62185,0.4656,-0.0896,0.8459,-2.7342,-15.6005,0.7363,-29.8524,-11.8473,-43.5838,0.9698
62202,0.4614,-0.0876,0.8301,-3.8716,-15.6005,0.4691,-29.8789,-11.8691,-43.5758,0.9537
62259,0.4658,-0.0845,0.8223,3.9147,-16.2646,0.118,-29.6457,-12.5189,-43.5691,0.9488
62276,0.4519,-0.0859,0.8201,2.7468,-15.7302,0.7439,-29.564,-12.5142,-43.5564,0.9403
62292,0.4517,-0.0825,0.8337,0.9605,-13.2951,0.9806,-29.4998,-12.4439,-43.5407,0.9518
62309,0.4536,-0.0835,0.8208,-0.6502,-13.8829,0.6829,-29.4826,-12.4051,-43.5291,0.9415
62326,0.4541,-0.0859,0.8186,-1.7723,-13.5012,0.576,-29.4876,-12.3689,-43.5193,0.9401
62343,0.4548,-0.0925,0.8147,-1.1235,-12.9821,0.5684,-29.4871,-12.3452,-43.5097,0.9376
62399,0.4656,-0.085,0.8208,1.8155,-12.6386,2.4539,-29.3873,-12.7673,-43.3723,0.9475
62416,0.4714,-0.0906,0.8394,0.0826,-12.318,1.118,-29.3777,-12.704,-43.3533,0.9669
62433,0.4709,-0.0867,0.8325,-0.9708,-12.4936,-0.0958,-29.393,-12.6374,-43.3549,0.9604
62450,0.4832,-0.0842,0.8352,-1.0242,-13.7302,-1.0958,-29.4309,-12.5864,-43.3735,0.9686
62467,0.4856,-0.0854,0.8201,-0.154,-14.3944,-0.5767,-29.476,-12.5558,-43.3833,0.9569
62483,0.4944,-0.0869,0.8235,0.5406,-13.547,0.805,-29.5223,-12.5026,-43.3704,0.9644
62540,0.4736,-0.0959,0.8271,-0.841,-13.7073,0.9958,-29.5726,-13.0172,-43.3137,0.958
62557,0.4819,-0.0959,0.8276,-0.3296,-13.3486,1.0187,-29.597,-12.9789,-43.2964,0.9625
62573,0.4775,-0.0999,0.8308,0.1819,-14.3638,1.3852,-29.5988,-12.9545,-43.2742,0.9635
62590,0.4702,-0.0923,0.8242,-0.3754,-13.4325,1.8279,-29.603,-12.9111,-43.2431,0.9534
62607,0.468,-0.0981,0.8284,-1.4288,-13.0432,1.8126,-29.614,-12.8778,-43.2123,0.9565
62624,0.4709,-0.0942,0.8149,-2.551,-13.4325,0.8737,-29.6654,-12.8457,-43.1974,0.9459
62681,0.4766,-0.0884,0.8284,1.617,-14.0508,0.0798,-29.5812,-13.3444,-43.1929,0.9597
62697,0.4807,-0.0823,0.8318,0.1132,-13.6386,1.805,-29.5924,-13.246,-43.164,0.9642
62714,0.4663,-0.0845,0.8159,-3.154,-11.4173,3.5149,-29.6448,-13.139,-43.1043,0.9436
62731,0.4678,-0.0928,0.8301,-4.3983,-10.9592,3.2706,-29.7009,-13.0474,-43.0487,0.9573
62747,0.4648,-0.1062,0.8245,-3.6426,-12.2951,2.5226,-29.7373,-13.0079,-43.0083,0.9524
62765,0.4702,-0.1089,0.8264,-2.1998,-11.9287,1.1867,-29.7629,-12.994,-42.9869,0.957
62821,0.4771,-0.1021,0.8142,0.1971,-12.6081,-0.7981,-29.7687,-13.4378,-43.0316,0.9492
62838,0.4709,-0.1023,0.8193,0.2582,-11.8676,-0.7523,-29.7617,-13.3786,-43.0444,0.9506
62855,0.4785,-0.0996,0.8235,0.3422,-11.5852,-1.5614,-29.7648,-13.3084,-43.071,0.9576
62871,0.4773,-0.0901,0.8262,0.7544,-12.4325,-2.0423,-29.7574,-13.216,-43.1036,0.9584
62888,0.4792,-0.0857,0.8184,1.3193,-12.7608,-1.1187,-29.7543,-13.1347,-43.1227,0.9522
62905,0.4922,-0.092,0.8232,1.2887,-12.8218,0.0645,-29.7718,-13.0737,-43.1216,0.9636
62961,0.4766,-0.094,0.8252,0.1208,-12.0279,0.6371,-29.7683,-13.4573,-43.0859,0.9575
62979,0.4861,-0.0903,0.8325,1.0216,-12.9898,-0.1721,-29.7653,-13.3912,-43.089,0.9683
62995,0.4863,-0.094,0.8289,1.7391,-13.7226,0.0493,-29.7577,-13.3251,-43.0882,0.9656
63012,0.4824,-0.0884,0.8191,0.991,-13.3027,0.9042,-29.7653,-13.2556,-43.0728,0.9547
63029,0.4834,-0.0811,0.8213,-0.1693,-13.776,1.4997,-29.7918,-13.1756,-43.0473,0.9564
63045,0.4773,-0.0872,0.801,-1.1158,-11.944,2.6752,-29.8429,-13.0804,-43.0045,0.9365
63102,0.4675,-0.0945,0.8184,4.4032,-11.715,2.8966,-29.5913,-13.4617,-42.8394,0.9472
63119,0.4636,-0.094,0.8318,2.6704,-11.5012,3.2096,-29.5233,-13.3688,-42.7849,0.9569
63135,0.4724,-0.0974,0.843,2.2124,-12.6539,2.6065,-29.4725,-13.2921,-42.7431,0.9713
63153,0.4631,-0.0864,0.8223,1.991,-13.5165,2.1027,-29.4294,-13.234,-42.7053,0.9477
63169,0.4707,-0.0864,0.8125,0.701,-12.0737,2.5836,-29.4393,-13.1329,-42.664,0.943
63186,0.4771,-0.0881,0.8042,0.2048,-11.6921,4.0187,-29.4794,-13.0486,-42.5956,0.9392
63243,0.47,-0.1055,0.833,4.9681,-11.8371,3.0111,-29.1979,-13.463,-42.424,0.9622
63259,0.4712,-0.1018,0.8293,4.5559,-12.2798,2.0187,-29.1367,-13.3931,-42.3917,0.9593
63277,0.4692,-0.0986,0.8423,2.5941,-11.4936,2.3317,-29.0847,-13.3231,-42.3497,0.9692
63293,0.4729,-0.0981,0.8281,0.7239,-11.2646,2.66,-29.0925,-13.2336,-42.3072,0.9587
63309,0.4795,-0.1028,0.8198,0.6017,-12.1424,2.6523,-29.1246,-13.1766,-42.2647,0.9553
63327,0.4753,-0.1045,0.8145,1.1284,-11.5776,2.6981,-29.1428,-13.142,-42.2162,0.9488
63383,0.4763,-0.0981,0.8191,2.0597,-12.4936,0.8279,-29.0664,-13.5613,-42.1698,0.9526
63400,0.4753,-0.0911,0.8152,1.9987,-12.005,0.9271,-29.0748,-13.4697,-42.154,0.948
63417,0.4814,-0.0898,0.8091,2.4948,-11.2569,1.7363,-29.0952,-13.3681,-42.1245,0.9458
63433,0.4814,-0.0854,0.8259,3.7315,-10.8447,2.2783,-29.0783,-13.2362,-42.0881,0.9598
63451,0.4927,-0.0979,0.8315,4.4338,-10.8295,2.4844,-29.0575,-13.1625,-42.0434,0.9715
63467,0.4946,-0.0938,0.8381,4.1895,-11.5699,2.0951,-29.0465,-13.069,-42.0098,0.9777
63523,0.4878,-0.0786,0.8208,-0.1845,-13.7226,1.3165,-29.1189,-13.5028,-41.9361,0.958
63541,0.4907,-0.0859,0.812,0.2429,-13.7302,1.8203,-29.1901,-13.4416,-41.9033,0.9527
63557,0.4946,-0.0918,0.8093,1.0139,-12.7073,2.9271,-29.2577,-13.358,-41.8565,0.9529
63575,0.4824,-0.1042,0.8074,1.7391,-12.2798,2.9271,-29.2834,-13.3301,-41.8038,0.9463
63591,0.4797,-0.0957,0.8306,2.0597,-12.8218,1.2859,-29.2743,-13.2568,-41.7832,0.9639
63607,0.4695,-0.1035,0.8289,1.7544,-14.6921,-0.882,-29.2499,-13.2369,-41.7974,0.9582
63665,0.4709,-0.1094,0.8213,1.2429,-12.1959,1.3165,-29.1953,-13.69,-41.721,0.953
63681,0.4678,-0.1091,0.8345,1.8536,-11.9898,1.3012,-29.1616,-13.6245,-41.7002,0.9628
63697,0.4529,-0.1108,0.8352,1.22,-12.0737,0.3623,-29.1068,-13.5674,-41.6944,0.9565
63715,0.4595,-0.1128,0.8506,-0.9937,-12.5852,-0.9126,-29.0865,-13.5443,-41.7108,0.9733
63731,0.4592,-0.1062,0.8357,-2.5586,-13.6615,-1.9126,-29.1062,-13.5021,-41.7414,0.9595
63749,0.4714,-0.0913,0.8093,-4.3906,-13.3867,-2.4927,-29.2203,-13.4508,-41.7863,0.9411
63805,0.5012,-0.0906,0.801,3.4261,-13.2646,-2.8057,-29.1422,-13.8839,-41.9434,0.9492
63821,0.4929,-0.0835,0.823,4.7086,-13.089,-2.6454,-29.1358,-13.7613,-41.9857,0.9629
63839,0.489,-0.0811,0.8289,2.7926,-12.3256,-1.6377,-29.1389,-13.6473,-42.0152,0.9658
63855,0.4812,-0.0791,0.8384,-0.4212,-12.3409,-0.7752,-29.1696,-13.5065,-42.0276,0.9699
63873,0.4868,-0.0833,0.8267,-1.4899,-12.9592,-0.3782,-29.2433,-13.4203,-42.0344,0.963
63889,0.478,-0.0872,0.8235,-0.4823,-13.1195,-0.2484,-29.2808,-13.3266,-42.0384,0.9562
63945,0.4634,-0.0981,0.8164,-0.0929,-12.6539,-0.0729,-29.2907,-13.748,-42.0425,0.9439
63963,0.4641,-0.0957,0.8086,-1.1158,-11.7531,-0.5385,-29.3256,-13.6712,-42.0522,0.9372
63979,0.4697,-0.1067,0.8159,-0.2761,-11.7073,-1.2103,-29.3456,-13.6022,-42.0715,0.9475
63995,0.4797,-0.1021,0.811,1.6017,-11.6386,-1.5461,-29.3635,-13.5237,-42.0963,0.9478
64013,0.4836,-0.1023,0.8228,3.0521,-12.2111,-1.9202,-29.3465,-13.4773,-42.1308,0.9598
64029,0.4814,-0.0896,0.842,2.6552,-12.5241,-2.1416,-29.3167,-13.3735,-42.1651,0.9741
64087,0.4885,-0.0872,0.8279,-1.7265,-13.1119,-1.737,-29.4564,-13.809,-42.2658,0.9652
64103,0.4927,-0.0801,0.8245,-0.9708,-13.0966,-1.4622,-29.5228,-13.6797,-42.2892,0.9638
64119,0.4932,-0.0767,0.8323,-0.6655,-13.7531,-1.6606,-29.5738,-13.5543,-42.3158,0.9704
64137,0.4807,-0.0776,0.8274,-0.3906,-13.7379,-2.05,-29.5995,-13.4639,-42.3527,0.96
64153,0.4919,-0.0706,0.8318,-0.3525,-14.3486,-1.9813,-29.6414,-13.3397,-42.3844,0.9689
64171,0.4897,-0.0825,0.8257,-0.3525,-14.4936,-1.3935,-29.6838,-13.2849,-42.4095,0.9635
64227,0.4851,-0.0891,0.8242,-0.3219,-14.3027,0.3852,-29.7271,-13.7692,-42.3879,0.9605
64243,0.4849,-0.0811,0.822,-0.78,-13.7073,0.4386,-29.7665,-13.6542,-42.3809,0.9578
64261,0.4846,-0.0891,0.8198,-0.7952,-14.0966,0.6065,-29.8073,-13.5998,-42.37,0.9565
64277,0.4841,-0.0947,0.8213,-0.3448,-14.5623,0.2248,-29.8344,-13.5427,-42.3664,0.9581
64293,0.4871,-0.0869,0.8123,-0.0777,-14.6692,0.3394,-29.8744,-13.4706,-42.361,0.9511
64311,0.4912,-0.0884,0.8057,-0.2609,-13.6386,1.3241,-29.9327,-13.4178,-42.3371,0.9477
64367,0.4692,-0.1021,0.8159,-1.3372,-12.4554,0.179,-29.9957,-13.8359,-42.3271,0.9467
64385,0.4863,-0.0972,0.8137,-1.4823,-13.3562,-2.5843,-30.049,-13.7856,-42.3736,0.9529
64401,0.4958,-0.1038,0.8071,-1.1006,-14.715,-4.5919,-30.1181,-13.7532,-42.4471,0.9529
64417,0.5039,-0.0916,0.8069,-0.4288,-14.1577,-4.4622,-30.1928,-13.6795,-42.5185,0.9557
64435,0.5154,-0.0803,0.812,0.3574,-13.7531,-3.737,-30.27,-13.596,-42.5858,0.9651
64451,0.5144,-0.0769,0.8159,1.8384,-13.8676,-2.6148,-30.3156,-13.4805,-42.6276,0.9676
64508,0.5059,-0.0771,0.8203,-1.5357,-13.86,0.179,-30.4489,-13.9146,-42.6174,0.9668
64525,0.5017,-0.0835,0.8188,-2.4975,-13.9592,1.3317,-30.5263,-13.8187,-42.5947,0.9639
64541,0.502,-0.0991,0.8188,-2.1006,-14.2417,2.1103,-30.5904,-13.7608,-42.561,0.9656
64559,0.5034,-0.1008,0.813,-1.1311,-14.4631,2.4386,-30.6492,-13.7431,-42.5171,0.9615
64575,0.4866,-0.1042,0.812,-1.4746,-13.4936,2.0035,-30.6749,-13.6933,-42.485,0.9524
64592,0.4814,-0.1094,0.8066,-3.07,-15.0356,1.4615,-30.722,-13.6998,-42.4602,0.9457
64649,0.4971,-0.0989,0.7817,-0.4823,-12.2111,-1.0347,-30.8093,-14.1083,-42.5192,0.9316
64665,0.49,-0.1001,0.7944,0.991,-12.5241,-1.4698,-30.8203,-14.0236,-42.5427,0.9387
64683,0.4922,-0.0908,0.7993,1.2658,-11.8142,-1.7904,-30.824,-13.9261,-42.5749,0.9431
64699,0.4983,-0.0872,0.8159,0.6933,-11.2035,-1.3477,-30.8311,-13.7851,-42.5965,0.96
64715,0.501,-0.0891,0.8198,0.1895,-11.7913,-1.2713,-30.8461,-13.6629,-42.6168,0.9649
64733,0.5076,-0.0864,0.8213,-0.9021,-11.6539,-0.8591,-30.8909,-13.5581,-42.6323,0.9693
64789,0.5156,-0.0925,0.8201,-1.07,-12.776,0.5836,-30.9927,-13.9601,-42.5996,0.9731
64806,0.5093,-0.0964,0.8035,-1.3677,-12.2646,0.9577,-31.0626,-13.8756,-42.5833,0.9561
64823,0.5029,-0.0955,0.8162,-2.1693,-11.7608,1.4615,-31.1143,-13.7794,-42.5585,0.9634
64839,0.5039,-0.104,0.8247,-1.4746,-12.0814,1.3928,-31.1413,-13.7013,-42.5362,0.972
64857,0.4944,-0.1018,0.8137,-1.467,-12.0661,1.2935,-31.1644,-13.647,-42.5129,0.9576
64873,0.4873,-0.1052,0.8118,-1.0013,-12.089,0.4233,-31.1638,-13.5822,-42.5061,0.9526
64929,0.4929,-0.094,0.8018,0.2124,-11.8829,-2.3629,-31.1622,-13.9452,-42.6384,0.9458
64947,0.5007,-0.0884,0.8064,1.8536,-11.7302,-2.2408,-31.1511,-13.8403,-42.6788,0.9533
64963,0.5,-0.0815,0.8052,2.2811,-12.3409,-1.5385,-31.1384,-13.7075,-42.7034,0.9513
64980,0.4988,-0.0935,0.8005,0.8613,-10.0432,0.1561,-31.1488,-13.5896,-42.7007,0.9478
64997,0.4978,-0.0974,0.8196,-0.4746,-10.005,1.0722,-31.1545,-13.4804,-42.6825,0.9639
65013,0.4941,-0.1006,0.8167,-1.3296,-10.7073,0.66,-31.1682,-13.3866,-42.672,0.9598
65071,0.5178,-0.0999,0.8164,1.4185,-13.3486,-2.7981,-31.1302,-13.8733,-42.8342,0.9719
65087,0.4968,-0.0977,0.8176,1.5101,-13.2722,-2.1034,-31.106,-13.7946,-42.8679,0.9617
65103,0.5012,-0.0886,0.8184,0.3116,-12.7379,-1.05,-31.1105,-13.6857,-42.8847,0.9637
65121,0.4971,-0.0835,0.8101,-0.7342,-12.1501,-0.3553,-31.1347,-13.5837,-42.8911,0.9541
65137,0.4841,-0.0886,0.8049,-1.3601,-11.8829,0.0493,-31.1451,-13.4741,-42.8903,0.9435
65155,0.4883,-0.0876,0.8042,-1.3983,-12.2569,0.1027,-31.1681,-13.3958,-42.8885,0.9449
65211,0.4841,-0.0996,0.8208,0.1361,-9.6005,1.0416,-31.1281,-13.6528,-42.8301,0.9581
65227,0.4907,-0.0969,0.8315,1.0368,-10.9058,0.7439,-31.0821,-13.5402,-42.8182,0.9704
65245,0.4922,-0.103,0.8281,0.8384,-12.3027,-0.0423,-31.0456,-13.4948,-42.819,0.9688
65261,0.4995,-0.1013,0.8157,-1.07,-11.8982,-0.3477,-31.0717,-13.421,-42.8245,0.9618
65278,0.4929,-0.0981,0.8181,-2.3906,-11.944,-0.7141,-31.1034,-13.3527,-42.8367,0.9602
65295,0.4958,-0.0928,0.8115,-1.7494,-11.86,-0.1416,-31.1382,-13.2731,-42.8391,0.9555
65351,0.4929,-0.0806,0.8142,3.0979,-11.7837,2.4157,-30.9689,-13.6017,-42.7038,0.9552
65369,0.4937,-0.0869,0.8147,2.5788,-11.5394,2.5836,-30.9283,-13.5006,-42.6573,0.9565
65385,0.4875,-0.0781,0.8179,1.2506,-10.7379,2.66,-30.8994,-13.3437,-42.6147,0.9554
65401,0.4966,-0.0791,0.8167,0.7926,-10.7073,2.2706,-30.8986,-13.1958,-42.5784,0.959
65419,0.4983,-0.0806,0.8252,1.5635,-11.3944,2.5684,-30.8759,-13.0879,-42.5322,0.9673
65435,0.4988,-0.0825,0.8125,2.4261,-11.8218,3.2172,-30.8601,-12.9779,-42.4807,0.9569
65491,0.49,-0.0913,0.8225,3.1513,-12.6157,6.2096,-30.6815,-13.3904,-42.133,0.9617
65509,0.4944,-0.0945,0.8184,1.9834,-11.1043,5.9042,-30.6587,-13.3101,-42.0267,0.9608
65525,0.4946,-0.0994,0.8271,1.3498,-11.9974,5.4768,-30.6396,-13.236,-41.9391,0.9689
65543,0.4895,-0.1074,0.8237,2.2277,-12.9821,4.9882,-30.5959,-13.2281,-41.8493,0.9642
65559,0.498,-0.1023,0.8174,3.5177,-14.402,4.9958,-30.5643,-13.2055,-41.7694,0.9626
65575,0.4897,-0.105,0.8066,4.2658,-13.3027,6.1027,-30.5182,-13.1782,-41.6717,0.9495
65633,0.48,-0.093,0.8074,-0.1311,-11.9287,8.576,-30.5274,-13.5782,-41.1743,0.9439
65649,0.4841,-0.0957,0.7974,-0.299,-11.8295,8.6142,-30.5543,-13.4905,-41.0365,0.9377
65666,0.4871,-0.0994,0.8052,2.1361,-12.3409,7.5073,-30.5364,-13.4337,-40.9089,0.9463
65683,0.4844,-0.0938,0.8081,4.6094,-13.0966,6.1027,-30.4705,-13.3748,-40.8051,0.9468
65699,0.4907,-0.0898,0.813,6.1819,-13.7073,5.2477,-30.3952,-13.3026,-40.7211,0.9539
65717,0.4902,-0.0874,0.7988,6.0216,-13.1043,5.9271,-30.3307,-13.2467,-40.6145,0.9413
65773,0.4976,-0.0774,0.8252,4.0674,-12.4631,12.9958,-30.1379,-13.6011,-39.8867,0.9667
65789,0.4946,-0.0786,0.8157,4.93,-12.2493,14.4691,-30.1013,-13.4654,-39.6552,0.9572
65807,0.5029,-0.0852,0.8325,4.8155,-12.0356,15.1103,-30.0542,-13.3685,-39.3832,0.9764
65823,0.49,-0.0732,0.8359,4.2277,-12.9058,15.2096,-29.9984,-13.2323,-39.1398,0.9717
65840,0.501,-0.0725,0.8369,5.3574,-14.6157,15.0035,-29.9434,-13.1396,-38.8848,0.9781
65857,0.5078,-0.0583,0.8237,6.6246,-14.6615,15.4233,-29.9011,-13.0154,-38.6226,0.9694
65913,0.4954,-0.0479,0.8018,7.304,-13.9287,22.4157,-29.579,-13.3802,-37.3673,0.9437
65931,0.5073,-0.0479,0.7966,9.4414,-13.7226,24.0111,-29.5304,-13.2196,-36.9351,0.9457
65947,0.5144,-0.0518,0.8096,14.0063,-13.1119,26.1332,-29.4292,-13.0386,-36.517,0.9606
65964,0.5161,-0.0408,0.8213,18.159,-13.5318,27.9577,-29.2403,-12.8515,-36.0417,0.9709
65981,0.5129,-0.0278,0.8364,19.9758,-13.8829,28.8279,-29.0049,-12.6403,-35.5516,0.9816
65997,0.5137,-0.0134,0.8528,19.9376,-14.0585,29.5684,-28.7808,-12.3867,-35.0785,0.9956
66055,0.522,0.0339,0.8303,16.8231,-19.8676,34.4081,-27.9782,-12.9038,-33.0829,0.9813
66071,0.5229,0.0356,0.813,17.846,-17.9974,39.1561,-27.894,-12.5637,-32.4564,0.9673
66087,0.5132,0.0083,0.8113,19.3803,-16.2264,45.2096,-27.7731,-12.2869,-31.733,0.96
66105,0.52,-0.0122,0.7969,19.9147,-12.234,50.2706,-27.6431,-12.042,-30.8281,0.9516
66121,0.4985,-0.0247,0.8115,18.846,-6.9898,55.3928,-27.5099,-11.7373,-29.9418,0.9527
66138,0.48,-0.0483,0.7976,17.7697,-5.86,56.8126,-27.3592,-11.5021,-28.976,0.9321
66195,0.4834,-0.0942,0.8494,23.3269,-20.6386,30.9424,-26.1682,-12.4247,-27.2123,0.9818
66211,0.4819,-0.0706,0.8044,21.7849,-22.0508,23.4768,-26.02,-12.4669,-26.8367,0.9404
66229,0.4995,-0.051,0.7971,19.4567,-18.776,19.7516,-25.9238,-12.4392,-26.4812,0.9421
66245,0.5254,-0.0415,0.7971,19.3956,-14.0585,18.6981,-25.9231,-12.2767,-26.182,0.9556
66262,0.5464,-0.0359,0.8271,21.533,-14.5699,18.95,-25.8716,-12.1228,-25.8598,0.992
66279,0.5408,-0.0552,0.8372,21.2964,-18.1119,19.9577,-25.8014,-12.0843,-25.5206,0.9982
66335,0.4912,-0.0735,0.7834,-2.5433,-15.4783,19.3317,-26.185,-12.6474,-24.438,0.9276
66353,0.4788,-0.0986,0.7578,-6.0624,-13.0966,18.7592,-26.5251,-12.6645,-24.1003,0.9018
66369,0.457,-0.0964,0.7559,-6.9708,-10.173,17.9271,-26.8093,-12.605,-23.8135,0.8885
66385,0.4531,-0.1157,0.759,-6.4975,-10.4325,15.8661,-27.0586,-12.6078,-23.5596,0.8915
66403,0.4417,-0.1077,0.7561,-3.6197,-8.9592,13.6065,-27.2404,-12.5824,-23.3147,0.8822
66419,0.4402,-0.095,0.804,1.0216,-13.5394,10.9729,-27.2765,-12.5566,-23.1391,0.9215
66477,0.4287,-0.0725,0.8328,-0.0166,-7.9363,7.4615,-27.2725,-12.6953,-22.7064,0.9394
66493,0.4211,-0.0505,0.8474,-0.9708,-9.4631,8.1256,-27.2519,-12.4693,-22.5764,0.9476
66509,0.4106,-0.0271,0.8345,-3.7571,-4.6081,8.5455,-27.2671,-12.1157,-22.4396,0.9304
66527,0.4365,-0.01,0.8396,-5.467,0.6362,9.0264,-27.3697,-11.6474,-22.2772,0.9464
66543,0.4805,-0.0273,0.8508,-1.1006,3.1171,10.1485,-27.4694,-11.2073,-22.1148,0.9775
66561,0.5056,-0.0308,0.8542,7.7468,5.1247,13.0264,-27.461,-10.7529,-21.8803,0.9931
66617,0.4443,-0.0522,0.8965,11.5483,9.7049,14.8966,-26.7947,-9.9345,-21.0461,1.0019
66633,0.4785,-0.0154,0.9216,13.159,6.7965,9.2401,-26.6182,-9.471,-20.8983,1.0386
66651,0.5154,-0.0203,0.8977,17.2429,-0.1043,7.1256,-26.4497,-9.1456,-20.77,1.0353
66667,0.5396,-0.031,0.8701,18.2277,0.1782,10.9424,-26.3832,-8.8587,-20.5949,1.0243
66683,0.5571,-0.0479,0.8877,15.7468,-3.4402,18.5836,-26.369,-8.6806,-20.2976,1.0491
66701,0.5002,-0.0427,0.8203,7.388,-3.7302,26.9958,-26.4403,-8.5171,-19.8116,0.9618
66757,0.5071,-0.0811,0.8447,8.4948,-3.9516,38.6829,-26.1604,-8.6081,-17.6454,0.9886
66774,0.4998,-0.0994,0.8337,12.8002,-9.6539,41.9729,-26.1355,-8.6932,-16.9319,0.9771
66791,0.4768,-0.1099,0.833,11.0063,-13.3562,44.8584,-26.0934,-8.864,-16.1693,0.9661
66807,0.446,-0.0925,0.8159,4.3651,-13.6386,43.95,-26.1231,-8.9777,-15.4661,0.9345
66825,0.4553,-0.0732,0.8125,-1.1158,-14.3104,40.0874,-26.2641,-9.0719,-14.7445,0.9343
66841,0.4705,-0.0696,0.7786,-3.009,-16.4249,37.4233,-26.5015,-9.1656,-14.1457,0.9123
66897,0.52,-0.0474,0.7751,16.3345,-24.8295,38.7287,-25.9155,-10.2737,-11.9769,0.9346
66915,0.5034,-0.0344,0.801,22.9529,-24.8066,39.95,-25.7673,-10.3898,-11.2578,0.9467
66931,0.5066,-0.0327,0.8391,25.7544,-24.9134,40.9195,-25.585,-10.4462,-10.6031,0.9807
66949,0.49,-0.0354,0.8616,24.2658,-25.0127,43.8279,-25.3266,-10.5547,-9.8142,0.9918
66965,0.4822,-0.0513,0.8706,19.6781,-23.0966,46.9729,-25.1688,-10.6221,-9.0626,0.9965
66981,0.4624,-0.0659,0.8643,13.2811,-22.9134,47.8661,-25.0812,-10.7236,-8.2968,0.9824
67039,0.4573,-0.1111,0.8145,11.7773,-26.4249,39.0493,-24.5857,-12.0767,-6.0319,0.9406
67055,0.4492,-0.1409,0.8105,12.5712,-25.5852,37.1103,-24.5546,-12.381,-5.4382,0.9374
67072,0.4341,-0.1489,0.7874,12.5101,-24.5928,32.0264,-24.506,-12.7155,-4.8937,0.9113
67089,0.4338,-0.1736,0.7839,12.2353,-23.8524,24.3012,-24.4614,-13.0956,-4.4806,0.9126
67105,0.4417,-0.1748,0.7861,14.533,-24.2264,16.347,-24.4094,-13.4453,-4.219,0.9185
67123,0.447,-0.1694,0.7949,19.5483,-25.4096,8.4691,-24.2476,-13.8279,-4.0666,0.9276
67179,0.4509,-0.1702,0.824,22.8155,-19.5089,-0.1187,-23.1787,-14.7903,-4.0732,0.9546
67195,0.4617,-0.1685,0.8472,16.8994,-12.6157,2.9119,-23.117,-14.8423,-4.0267,0.9794
67213,0.4763,-0.1685,0.8928,14.991,-10.547,6.0569,-23.0399,-14.8583,-3.9176,1.0259
67229,0.4556,-0.1409,0.8977,14.6857,-10.005,8.9882,-22.9578,-14.7744,-3.7738,1.0165
67246,0.4509,-0.1497,0.9143,14.4796,-8.2417,11.4157,-22.8413,-14.6897,-3.5797,1.0304
67263,0.377,-0.0959,0.9028,12.3956,0.2545,19.8203,-22.6272,-14.3406,-3.2428,0.9831
67319,0.4492,-0.1885,0.949,8.4719,5.766,17.263,-22.2629,-13.9064,-2.2761,1.0667
67337,0.4336,-0.1736,0.8962,-0.5891,4.6133,9.7974,-22.3988,-13.7088,-2.0997,1.0106
67353,0.469,-0.1418,0.8767,-3.5357,2.0942,-3.6759,-22.6707,-13.4959,-2.1585,1.0043
67369,0.5198,-0.1035,0.8618,1.1513,-2.3715,-13.9049,-22.9827,-13.2665,-2.381,1.0117
67387,0.5554,-0.0989,0.8608,11.9071,-4.8524,-16.3171,-23.164,-13.0818,-2.6747,1.0292
67403,0.5691,-0.1072,0.8923,25.1208,-7.089,-12.4011,-23.1453,-12.9413,-2.8731,1.0638
67460,0.4045,-0.011,0.9045,14.8078,-21.6615,-2.1263,-22.373,-13.6368,-2.9943,0.9909
67477,0.3792,-0.0015,0.8538,2.6475,-15.9898,6.5531,-22.3927,-13.3563,-2.8829,0.9342
67493,0.3704,-0.0298,0.8289,-5.0471,-7.8066,17.2401,-22.537,-13.0242,-2.6071,0.9083
67511,0.3735,-0.0786,0.8479,-5.4135,-4.4402,24.9424,-22.6765,-12.7919,-2.1581,0.9299
67527,0.3533,-0.1042,0.884,-2.2227,-9.6997,26.3088,-22.6694,-12.6982,-1.7372,0.9577
67544,0.3076,-0.0979,0.8787,-3.2227,-20.1959,20.6981,-22.5826,-12.7742,-1.3853,0.9361
67601,0.3044,-0.0095,0.7417,-21.299,-30.6234,-4.0042,-23.7374,-13.9683,-1.6136,0.8018
67617,0.333,-0.0042,0.7114,-22.1922,-30.0203,-4.3324,-24.1321,-13.8841,-1.6829,0.7855
67634,0.3264,0.0261,0.688,-21.9021,-26.3791,-2.6225,-24.5389,-13.6723,-1.7275,0.7619
67651,0.3562,0.0164,0.6794,-20.3067,-21.7837,-1.9584,-24.9951,-13.4257,-1.7608,0.7673
67667,0.3579,0.0054,0.6909,-16.9479,-16.9287,-3.1492,-25.351,-13.1309,-1.8111,0.7781
67685,0.3889,0.0129,0.7686,-10.8792,-15.6997,-6.6988,-25.5985,-12.8384,-1.9317,0.8615
67741,0.47,-0.0085,0.8098,-8.0319,-18.402,-11.7217,-26.2114,-13.3383,-2.5881,0.9363
67758,0.4749,-0.0425,0.8508,-12.8181,-10.6615,-4.6683,-26.5376,-13.0931,-2.6675,0.9753
67775,0.4885,-0.0654,0.9102,-15.2303,-8.7684,-1.5843,-26.8512,-12.8769,-2.6944,1.035
67791,0.491,-0.0701,0.9473,-17.07,-12.5776,-3.424,-27.1327,-12.7243,-2.7492,1.0692
67809,0.458,-0.0454,0.9424,-21.0548,-14.3486,-4.5767,-27.447,-12.5736,-2.8316,1.0488
67825,0.4136,0.0098,0.9109,-24.299,-6.0356,-2.5614,-27.6991,-12.1388,-2.8726,1.0004
67881,0.4976,-0.1445,1.1484,34.762,20.2011,5.6294,-25.6527,-10.8541,-2.5573,1.2599
67899,0.4443,-0.1692,1.1948,49.22,6.2698,-0.5843,-24.5847,-10.634,-2.5678,1.2859
67915,0.3884,-0.1648,1.1472,44.3956,-6.7608,-12.3706,-23.6605,-10.6395,-2.7658,1.2224
67932,0.3687,-0.1089,1.0366,24.7086,-15.5852,-26.2484,-23.0899,-10.7081,-3.212,1.1056
67949,0.4072,-0.0894,0.9229,-0.2532,-14.8905,-32.2637,-23.1189,-10.744,-3.7605,1.0127
67965,0.4819,-0.0964,0.8303,-14.6655,-12.5776,-25.3629,-23.6181,-10.7724,-4.1663,0.9649
68023,0.4475,-0.0813,0.7043,-3.2685,-12.8218,9.9958,-24.1457,-11.3188,-3.5865,0.8384
68039,0.4275,-0.0862,0.7244,4.3193,-14.7379,12.7516,-24.3284,-11.3638,-3.3825,0.8455
68056,0.4006,-0.0835,0.7483,9.5177,-19.2951,15.2325,-24.3206,-11.4789,-3.1236,0.8529
68073,0.3701,-0.0815,0.7454,8.7315,-22.1959,18.0035,-24.2561,-11.6317,-2.8175,0.8362
68089,0.3496,-0.0693,0.7495,4.4185,-24.5547,19.1638,-24.2145,-11.755,-2.5109,0.8299
68107,0.355,-0.0554,0.752,-0.2074,-26.5012,20.1943,-24.258,-11.9113,-2.1474,0.8334
68163,0.3777,-0.1218,0.7302,-12.8334,-21.8295,26.7058,-25.0588,-12.9873,-0.6519,0.8311
68179,0.374,-0.1375,0.7175,-15.2074,-22.2035,22.2096,-25.3744,-13.2426,-0.2965,0.8208
68197,0.394,-0.1458,0.7004,-17.154,-22.2646,16.8813,-25.8096,-13.5678,0.0074,0.8168
68213,0.4187,-0.165,0.687,-17.07,-17.6692,14.6676,-26.2655,-13.8368,0.242,0.8213
68230,0.4534,-0.1863,0.6938,-11.8181,-12.2875,15.0645,-26.6979,-14.085,0.4981,0.8495
68247,0.4749,-0.1982,0.7639,-3.9861,-11.8753,14.3775,-26.9364,-14.2973,0.7426,0.9211
68303,0.4385,-0.1802,0.8567,9.2277,-19.0661,1.9653,-26.4271,-15.2255,0.8526,0.9791
68321,0.4668,-0.1672,0.8955,8.8918,-17.3562,-2.4698,-26.3016,-15.3395,0.8082,1.0236
68337,0.5164,-0.167,0.9397,14.3574,-18.8066,-5.0042,-26.1656,-15.4179,0.7281,1.0851
68354,0.5444,-0.1604,0.9756,19.1513,-24.8066,-6.9278,-25.96,-15.5795,0.6103,1.1287
68371,0.5247,-0.0974,0.9631,15.9758,-26.8676,-6.9431,-25.7991,-15.6258,0.4923,1.1011
68387,0.5117,-0.0571,0.9136,6.7162,-18.2111,-4.3477,-25.8323,-15.4236,0.4227,1.0487
68444,0.6213,-0.2549,1.0471,25.1361,17.9492,39.805,-24.6221,-14.3717,2.6916,1.244
68461,0.4941,-0.2898,1.0847,24.6704,8.3766,46.3928,-24.1848,-14.2585,3.4803,1.2267
68477,0.3362,-0.2485,1.032,11.1742,2.2163,38.6905,-23.7487,-14.1957,4.0993,1.1135
68494,0.2527,-0.1802,0.9783,-1.5968,-1.715,18.179,-23.395,-14.0733,4.4084,1.0263
68511,0.2944,-0.1833,0.8894,-5.0395,-3.5852,-3.0118,-23.26,-14.0348,4.3572,0.9546
68528,0.4001,-0.1995,0.9087,5.0216,-4.8066,-8.1492,-23.1786,-14.0471,4.2186,1.0127
68585,0.2883,-0.0752,0.8064,6.3574,-30.715,-12.2332,-22.6874,-15.379,3.5214,0.8597
68601,0.3025,-0.0586,0.7241,-11.9632,-27.3791,-15.2026,-22.8679,-15.3694,3.2781,0.7869
68618,0.3418,-0.0366,0.6633,-25.7494,-22.776,-11.3553,-23.4624,-15.2528,3.0851,0.7471
68635,0.396,-0.0383,0.5984,-31.1922,-16.7837,-4.4698,-24.3706,-15.0632,3.0091,0.7186
68652,0.4495,-0.0569,0.6453,-25.2074,-17.0127,3.0111,-25.1974,-14.9398,3.0603,0.7884
68668,0.4497,-0.073,0.6782,-13.7647,-27.0203,8.0416,-25.7367,-15.003,3.1889,0.817
68725,0.4041,-0.061,0.7961,-0.5891,-25.9592,-9.8057,-25.8131,-15.9987,2.63,0.8949
68742,0.4695,-0.0598,0.8452,4.4414,-33.2188,-16.737,-25.8677,-16.0628,2.3455,0.9687
68759,0.5103,-0.0281,0.874,6.159,-45.7913,-18.6148,-25.943,-16.2412,2.029,1.0125
68775,0.4976,-0.0083,0.8101,-3.6884,-48.4707,-15.0271,-26.2243,-16.3595,1.7886,0.9507
68792,0.4897,-0.0156,0.7573,-20.8945,-36.4631,-9.3171,-26.8317,-16.3475,1.6302,0.902
68809,0.5269,-0.0469,0.7817,-33.2609,-24.0279,-2.5919,-27.6585,-16.223,1.5861,0.9439
68866,0.5583,-0.1992,0.9238,-14.8334,-29.8066,1.4539,-28.5868,-17.6919,1.669,1.0977
68882,0.4539,-0.1345,0.8757,-14.238,-26.0966,-0.4622,-28.747,-17.7344,1.6616,0.9955
68899,0.4043,-0.0527,0.8496,-14.1998,-11.0814,-2.3324,-28.845,-17.3479,1.622,0.9424
68916,0.4807,-0.0896,0.9028,-2.6655,8.6209,0.2706,-28.8514,-16.74,1.6266,1.0268
68933,0.5815,-0.1943,1.0654,21.1437,13.8041,10.9729,-28.4817,-16.2586,1.8131,1.2293
68950,0.542,-0.2761,1.1257,37.8842,7.7965,19.8203,-27.7266,-16.0323,2.1501,1.2796
69006,0.3391,-0.178,0.8943,-13.1693,-8.6157,-24.2713,-28.1415,-16.3044,0.7909,0.9728
69023,0.4438,-0.1711,0.8127,-17.5815,-9.0737,-28.8897,-28.4275,-16.276,0.2997,0.9417
69040,0.522,-0.1824,0.7671,-8.8868,-9.7913,-20.2026,-28.7757,-16.3197,-0.0437,0.9456
69057,0.509,-0.1824,0.7231,4.7773,-13.7684,-5.4545,-28.9193,-16.4578,-0.1364,0.9029
69073,0.4236,-0.1628,0.6953,13.4643,-10.3944,3.6905,-28.7827,-16.4863,-0.0774,0.8303
69090,0.3665,-0.1658,0.6934,15.3269,-8.4783,4.9348,-28.4694,-16.5031,0.0065,0.8016
69147,0.3899,-0.1438,0.6973,16.1132,-19.3027,-2.8668,-27.5972,-17.3653,-0.1569,0.8117
69164,0.4204,-0.1267,0.6909,12.3422,-22.5394,2.9271,-27.5279,-17.4543,-0.1071,0.8186
69180,0.4124,-0.1243,0.6709,5.4567,-19.4783,10.5226,-27.5889,-17.475,0.0612,0.7972
69197,0.3845,-0.1331,0.6755,-2.1387,-15.0814,14.1638,-27.6875,-17.4679,0.302,0.7886
69214,0.3882,-0.1311,0.7009,-6.2761,-14.7531,9.7745,-27.8249,-17.4337,0.4682,0.8119
69230,0.4307,-0.1455,0.7109,-5.7036,-17.4936,6.1485,-28.0271,-17.4677,0.5665,0.8438
69287,0.4712,-0.1819,0.76,-8.0777,-17.7379,8.3241,-28.5915,-18.278,1.041,0.9125
69304,0.4966,-0.1926,0.772,-7.9632,-22.2111,4.3623,-28.8566,-18.4698,1.1152,0.9379
69321,0.5193,-0.1873,0.7617,-5.4517,-21.9669,1.492,-29.1315,-18.6419,1.1405,0.9407
69338,0.5259,-0.166,0.7776,-0.5662,-19.4783,0.2554,-29.3147,-18.6962,1.1449,0.9533
69354,0.5574,-0.1643,0.8274,6.6475,-17.5852,-0.1339,-29.3782,-18.6677,1.1427,1.0111
69371,0.5759,-0.1816,0.8936,14.3422,-18.2722,0.3623,-29.2601,-18.6789,1.1489,1.0785
69428,0.4875,-0.1521,0.9534,-4.5204,-11.6539,0.0264,-29.4088,-18.932,1.1504,1.0816
69444,0.4976,-0.1316,0.939,-7.6578,-3.4096,-0.4011,-29.4577,-18.5462,1.144,1.0708
69462,0.573,-0.1436,0.9375,-0.1235,3.3232,1.263,-29.527,-18.0951,1.1667,1.1081
69478,0.6494,-0.239,0.9622,11.8765,2.4606,7.8355,-29.4926,-17.8916,1.2921,1.1852
69495,0.5747,-0.26,0.9351,17.9529,-2.402,20.6905,-29.2452,-17.8367,1.6438,1.1279
69512,0.4272,-0.2122,0.8938,14.1284,2.7736,25.9195,-28.8425,-17.6121,2.0845,1.0131
69568,0.3987,-0.1211,0.8416,31.5177,-13.486,-20.1492,-26.9993,-17.9601,0.9561,0.9391
69585,0.4524,-0.1042,0.8398,41.533,-22.9745,-16.7752,-26.3666,-17.8997,0.6709,0.9596
69602,0.4141,-0.0928,0.8027,38.5406,-23.2111,-7.7446,-25.7682,-17.8262,0.5393,0.908
69618,0.3503,-0.0818,0.7639,24.4948,-18.2417,-4.1645,-25.3417,-17.6378,0.4726,0.8444
69636,0.3188,-0.0774,0.7407,8.2048,-13.1806,-7.8591,-25.1134,-17.3986,0.3312,0.8101
69652,0.3452,-0.0776,0.7068,-3.1693,-9.2875,-9.0194,-25.1934,-17.0961,0.1869,0.7904
69708,0.396,-0.0818,0.7297,-4.4135,-1.318,2.4386,-25.5564,-16.7389,0.3234,0.8343
69726,0.3792,-0.1062,0.7832,0.6628,-8.0432,-4.8897,-25.5478,-16.5172,0.2354,0.8766
69742,0.3391,-0.1155,0.7959,-0.2532,-13.776,-17.2103,-25.4443,-16.3984,-0.04,0.8728
69758,0.3208,-0.0874,0.7976,-7.9632,-18.1272,-34.3935,-25.4205,-16.271,-0.5903,0.8641
69776,0.3708,-0.0444,0.7783,-16.5815,-23.2569,-50.7064,-25.7079,-16.1527,-1.503,0.8633
69792,0.4744,-0.0459,0.7256,-21.8258,-26.2035,-56.653,-26.3397,-16.0539,-2.4094,0.8681
69850,0.5581,-0.1116,0.7795,-19.5662,-4.0432,-29.966,-27.7886,-15.9627,-4.1474,0.9652
69866,0.5496,-0.1599,0.8848,-9.5052,-4.3486,-27.0194,-28.0805,-15.8008,-4.5798,1.0538
69882,0.5413,-0.2253,0.9541,-2.0013,-10.7073,-31.966,-28.1441,-15.8647,-5.0912,1.1198
69900,0.5032,-0.207,0.95,-3.5204,-16.9058,-40.4927,-28.1737,-16.0141,-5.8201,1.0947
69916,0.4072,-0.0029,0.866,-11.6502,-8.4402,-43.6225,-28.2331,-15.5109,-6.518,0.9569
69934,0.4285,0.0591,0.8713,-8.8792,15.6591,-39.5309,-28.3025,-14.4647,-7.2296,0.9728
69990,0.4434,-0.0898,1.2185,45.0292,18.5217,-1.1797,-25.5474,-13.0591,-7.2957,1.2998
70006,0.3347,-0.0247,1.1436,27.1437,17.911,-5.5919,-24.7611,-12.311,-7.3851,1.1918
70024,0.3145,0.0237,1.0698,1.4567,21.682,-15.2332,-24.4005,-11.3932,-7.6593,1.1153
70040,0.3982,-0.0154,1.0071,-17.0395,20.5217,-20.2255,-24.549,-10.6572,-7.9829,1.0831
70057,0.47,-0.0576,0.9448,-21.4059,18.4606,-16.6683,-24.9726,-10.0693,-8.2663,1.0568
70074,0.4919,-0.0674,0.9084,-18.4135,7.285,-8.5538,-25.409,-9.7173,-8.4117,1.0353
70130,0.4187,-0.072,0.731,-13.8945,-5.3027,0.9119,-26.327,-9.8388,-8.3606,0.8455
70148,0.3896,-0.0764,0.699,-11.9555,-9.7455,4.3088,-26.6403,-9.8632,-8.2831,0.8039
70164,0.3616,-0.0723,0.7019,-10.0242,-14.2417,6.5073,-26.8139,-9.9225,-8.179,0.7929
70180,0.3442,-0.0452,0.709,-7.8945,-21.7455,5.4233,-26.8967,-10.0054,-8.0922,0.7894
70198,0.3318,-0.04,0.6919,-5.6426,-26.715,5.1485,-26.9416,-10.1993,-7.9995,0.7684
70214,0.3289,-0.0437,0.6748,-4.6731,-24.6768,7.8355,-26.9731,-10.3186,-7.8742,0.7519
70270,0.3826,-0.1165,0.7976,-13.4746,-17.9134,14.0111,-27.6342,-11.2012,-7.0895,0.8922
70288,0.4133,-0.0989,0.7969,-19.0395,-22.2646,6.3623,-27.9473,-11.4208,-6.975,0.9031
70304,0.4492,-0.0825,0.7705,-20.9861,-23.4478,1.3852,-28.3558,-11.5686,-6.9529,0.8957
70322,0.5024,-0.0835,0.77,-16.8029,-20.9287,0.7134,-28.8308,-11.7151,-6.94,0.9232
70338,0.5212,-0.0979,0.7957,-7.4517,-20.5089,2.6981,-29.1133,-11.8421,-6.8968,0.9562
70354,0.5125,-0.1226,0.8137,1.7315,-22.7837,3.3852,-29.1986,-12.061,-6.8427,0.9694
70412,0.4509,-0.1846,0.9397,16.0139,-15.173,0.4844,-28.1476,-12.8678,-6.8146,1.0585
70428,0.4517,-0.189,1.0151,17.7544,-21.3027,-4.4927,-27.694,-13.1021,-6.8865,1.127
70445,0.4075,-0.1226,0.9797,10.4567,-23.234,-8.195,-27.3126,-13.2424,-7.0258,1.0681
70462,0.4224,-0.1062,0.9561,-1.8639,-13.402,-6.6454,-27.1987,-13.185,-7.1388,1.0506
70478,0.4482,-0.0857,0.9778,-5.4975,-2.4936,-0.3858,-27.177,-12.8962,-7.1449,1.079
70496,0.5059,-0.1111,0.9951,-2.0853,6.7965,7.8737,-27.1981,-12.5177,-7.0032,1.1218
70552,0.3237,-0.1157,0.9314,-10.6349,-9.631,9.8355,-27.4431,-12.8181,-6.4524,0.9928
70568,0.3215,-0.0781,0.8738,-12.4746,-7.6234,0.889,-27.3421,-12.6268,-6.4382,0.9343
70586,0.3782,-0.0815,0.8721,-1.3983,-6.6157,0.3165,-27.2067,-12.4497,-6.4325,0.954
70602,0.4038,-0.0881,0.9065,15.3193,-8.9516,6.4997,-26.8396,-12.3114,-6.3285,0.9963
70619,0.3494,-0.0625,0.9241,23.8613,-15.2111,12.8661,-26.2033,-12.2219,-6.1098,0.9899
70636,0.2673,-0.0713,0.8914,18.5406,-16.5852,13.4462,-25.5184,-12.1866,-5.8812,0.9333
70692,0.3425,-0.0554,0.7046,-20.5662,-18.0585,-2.966,-26.6375,-12.8499,-6.0473,0.7854
70710,0.3857,-0.0605,0.6743,-21.1158,-14.9592,5.1943,-27.1238,-12.7996,-5.9538,0.7792
70726,0.3804,-0.0994,0.6621,-17.9555,-14.1119,13.66,-27.4988,-12.8458,-5.7352,0.77
70743,0.3391,-0.1328,0.6624,-13.7723,-11.6463,16.2325,-27.6898,-12.9756,-5.4593,0.7559
70760,0.293,-0.1379,0.6936,-11.6044,-10.715,9.3546,-27.6717,-13.0813,-5.3002,0.7655
70776,0.2942,-0.1301,0.7271,-8.7571,-13.9898,-3.9202,-27.5681,-13.1789,-5.363,0.795
70834,0.4099,-0.1243,0.7793,3.0826,-28.8524,-20.5385,-27.3917,-14.6206,-6.5542,0.8893
70850,0.3899,-0.0894,0.7751,-3.8716,-25.9516,-21.424,-27.4175,-14.6974,-6.897,0.8723
70866,0.4304,-0.0618,0.8145,-9.925,-24.3638,-21.6606,-27.5847,-14.6572,-7.2436,0.9233
70884,0.4636,-0.0547,0.8259,-12.3143,-22.0508,-17.7217,-27.8643,-14.6035,-7.5625,0.9487
70900,0.4812,-0.0825,0.8662,-7.8258,-18.6157,-11.0042,-28.0277,-14.523,-7.7386,0.9943
70917,0.4695,-0.1038,0.9236,-1.696,-17.7302,-5.7828,-28.0062,-14.4878,-7.8369,1.0412
70974,0.3188,-0.0276,1.0112,-6.7723,5.5598,0.4539,-27.9564,-13.6666,-7.8111,1.0607
70990,0.3689,-0.093,1.0549,3.2658,14.6896,0.5149,-27.5561,-13.0958,-7.8028,1.1214
71008,0.427,-0.1721,1.1338,22.0063,13.2545,0.431,-26.8905,-12.6883,-7.7951,1.2237
71024,0.4043,-0.1987,1.1477,31.762,-0.776,-3.1874,-26.0927,-12.5856,-7.8461,1.233
71041,0.3247,-0.1755,1.052,25.4719,-8.6081,-11.1721,-25.3106,-12.6016,-8.036,1.1149
71058,0.2969,-0.1233,0.9453,11.2887,-2.4554,-19.2179,-24.8059,-12.4348,-8.3627,0.9985
71114,0.4895,-0.1196,0.8755,13.6017,-2.8905,-5.4011,-24.2418,-12.4041,-8.6651,1.0101
71131,0.4333,-0.0854,0.8279,16.8002,-6.2722,-2.1721,-24.0982,-12.246,-8.7021,0.9383
71148,0.4177,-0.0962,0.7878,14.4719,-7.8982,-1.6301,-24.0084,-12.1635,-8.7298,0.8969
71164,0.417,-0.1204,0.7698,10.7239,-5.5547,1.5531,-24.0095,-12.1177,-8.7049,0.8837
71182,0.4146,-0.1611,0.7678,7.9223,-3.8905,7.8126,-24.0263,-12.1743,-8.5643,0.8873
71198,0.3774,-0.1643,0.7852,5.2277,-7.6234,11.0187,-23.9929,-12.2772,-8.388,0.8865
71255,0.3369,-0.0549,0.7388,2.2658,-28.9211,-3.3935,-23.8874,-13.5388,-8.5814,0.8138
71272,0.3633,-0.0481,0.731,4.9529,-28.486,-2.2561,-23.9062,-13.6127,-8.6198,0.8177
71288,0.3977,-0.0693,0.7236,4.9834,-28.6234,0.7592,-24.0207,-13.7268,-8.6076,0.8286
71305,0.3901,-0.093,0.6941,0.9223,-23.6768,3.576,-24.2097,-13.8694,-8.5468,0.8016
71322,0.3879,-0.1055,0.71,-3.78,-17.5394,3.4081,-24.4387,-13.9389,-8.4889,0.8159
71339,0.4023,-0.0823,0.7395,-5.78,-16.5623,-1.7981,-24.6915,-13.9056,-8.5195,0.8459
71396,0.5315,-0.0801,0.8108,12.304,-23.9745,-1.6759,-24.3553,-14.8869,-8.615,0.9728
71412,0.5024,-0.0859,0.811,8.6475,-18.234,3.0187,-24.5137,-14.8134,-8.5667,0.9579
71429,0.4966,-0.1096,0.8608,2.8231,-11.5165,7.1714,-24.6783,-14.6991,-8.4448,0.9998
71446,0.5037,-0.1257,0.938,1.1132,-10.2264,8.3623,-24.7939,-14.5834,-8.3026,1.0721
71462,0.521,-0.1479,1.0083,3.8613,-16.5852,5.3623,-24.8259,-14.5887,-8.2168,1.1446
71479,0.5146,-0.165,1.0464,5.5177,-25.6921,0.7974,-24.7793,-14.783,-8.2033,1.1777
71536,0.4333,-0.032,0.9041,-16.3983,-10.005,4.0264,-25.7093,-14.8202,-7.9738,1.0031
71553,0.4702,-0.0581,0.9116,-14.9326,1.3537,12.7745,-26.0141,-14.3512,-7.7566,1.0274
71570,0.4929,-0.0996,0.9333,-7.3296,8.1324,19.7134,-26.2014,-13.8881,-7.4215,1.0602
71586,0.499,-0.1387,0.9736,-0.1998,6.3308,21.9958,-26.2326,-13.5595,-7.0696,1.1028
71603,0.4397,-0.1555,0.9634,-0.7189,-2.0432,19.6218,-26.1652,-13.4173,-6.736,1.0703
71620,0.3652,-0.1409,0.8992,-8.07,-5.9363,13.7058,-26.1249,-13.3337,-6.503,0.9807
71676,0.3992,-0.095,0.8972,7.7468,-10.7226,0.4691,-25.6181,-13.6184,-6.4767,0.9866
71693,0.3689,-0.0667,0.8962,15.3269,-14.5776,3.805,-25.2359,-13.4817,-6.412,0.9715
71710,0.3242,-0.0486,0.9009,13.0979,-16.0279,4.6981,-24.8034,-13.3275,-6.3322,0.9587
71727,0.2954,-0.0515,0.8594,5.6323,-17.1959,2.3165,-24.4769,-13.2123,-6.2928,0.9102
71744,0.304,-0.054,0.8271,-3.4365,-16.8142,1.347,-24.3594,-13.1075,-6.2699,0.8829
71760,0.3406,-0.0408,0.7644,-12.3296,-17.0585,5.2706,-24.5338,-12.9673,-6.1855,0.8378
71817,0.3259,-0.0647,0.6858,-17.4059,-14.3867,22.263,-25.5178,-13.4514,-4.9166,0.7621
71834,0.3083,-0.0706,0.6929,-14.8868,-14.9898,21.4462,-25.6952,-13.3906,-4.552,0.7617
71851,0.3044,-0.0737,0.7092,-12.467,-11.2646,18.1943,-25.7957,-13.2762,-4.2427,0.7753
71867,0.3079,-0.0847,0.7261,-9.3143,-10.3256,13.0874,-25.8205,-13.17,-4.0333,0.7932
71884,0.3259,-0.0884,0.7488,-5.4135,-7.7837,6.8432,-25.8111,-13.0395,-3.9169,0.8214
71901,0.3811,-0.094,0.8066,-0.1616,-13.7837,-0.508,-25.7869,-13.0087,-3.9256,0.8971
71957,0.4121,-0.0752,0.7947,-12.6273,-17.8524,-16.6454,-26.5265,-13.6643,-4.8577,0.8983
71974,0.4551,-0.0518,0.8086,-11.1998,-17.0814,-18.8973,-26.8211,-13.543,-5.179,0.9293
71991,0.4995,-0.04,0.823,-2.8868,-14.2264,-17.0423,-27.0444,-13.3449,-5.4687,0.9636
72008,0.5305,-0.051,0.8835,7.7697,-13.4249,-14.2026,-27.0734,-13.1624,-5.7101,1.0318
72025,0.5425,-0.0752,0.9458,15.6704,-13.3409,-11.3248,-26.9251,-13.0354,-5.9027,1.0929
72041,0.5159,-0.1077,1.0283,17.4948,-18.8447,-8.4698,-26.64,-13.0425,-6.0382,1.1555
72098,0.4854,-0.0549,1.0461,-1.8792,1.369,-3.0652,-26.6716,-12.5662,-6.2129,1.1546
72115,0.4895,-0.0989,1.0818,9.3498,10.1247,12.8813,-26.4224,-12.1072,-5.9939,1.1915
72132,0.4392,-0.1514,1.1304,18.0445,16.4606,21.4004,-25.9135,-11.6593,-5.6301,1.2221
72148,0.4021,-0.2144,1.1648,21.701,10.6362,14.3012,-25.2938,-11.4467,-5.4013,1.2508
72165,0.3547,-0.2065,1.114,17.3193,-4.1348,-1.9507,-24.6948,-11.4764,-5.4344,1.1872
72182,0.3416,-0.1438,0.979,7.4261,-11.8295,-16.279,-24.3475,-11.5447,-5.7112,1.0468
72239,0.4802,-0.1499,0.7607,5.7239,-5.0203,1.6218,-24.3313,-11.8035,-5.6187,0.912
72255,0.4294,-0.1521,0.7571,10.2964,-2.8524,10.6142,-24.3631,-11.8296,-5.4489,0.8836
72272,0.3796,-0.168,0.7922,9.1971,-4.2111,11.5989,-24.2431,-11.9039,-5.2517,0.8944
72289,0.3528,-0.1772,0.8083,5.1819,-9.3944,7.3394,-24.1124,-12.0758,-5.127,0.8996
72306,0.3401,-0.1755,0.7905,0.6323,-17.1577,3.2935,-24.0488,-12.3735,-5.071,0.8783
72323,0.3518,-0.1707,0.7639,-3.696,-22.9058,2.3852,-24.1152,-12.7561,-5.0304,0.8582
72379,0.3472,-0.1287,0.7014,-12.0013,-21.6692,7.2554,-24.8341,-13.8266,-4.6241,0.7931
72396,0.3743,-0.1104,0.7217,-9.4212,-24.1501,1.1103,-25.0802,-14.0154,-4.6052,0.8204
72413,0.4053,-0.0854,0.7166,-5.6655,-27.9516,-4.6835,-25.3422,-14.183,-4.6849,0.8276
72429,0.4329,-0.0698,0.7029,-1.8639,-29.0127,-6.279,-25.6172,-14.2882,-4.7853,0.8284
72446,0.4673,-0.0547,0.6763,0.3651,-26.1043,-2.0347,-25.9688,-14.3276,-4.8199,0.8238
72463,0.4741,-0.0708,0.6829,0.4414,-16.7379,6.7897,-26.308,-14.2645,-4.7045,0.8343
72520,0.4719,-0.1687,0.9065,12.7391,-19.3333,8.7668,-25.6428,-15.1735,-4.2048,1.0358
72537,0.4463,-0.1487,0.9216,10.2964,-22.3256,0.3317,-25.471,-15.2975,-4.1991,1.0347
72553,0.4465,-0.1382,0.9158,4.0445,-23.5852,-6.2332,-25.4197,-15.3911,-4.2989,1.0282
72570,0.4624,-0.1465,0.8816,-0.3448,-22.2035,-8.5614,-25.5029,-15.5152,-4.4444,1.0062
72587,0.4895,-0.158,0.873,0.4032,-19.3791,-7.6759,-25.6316,-15.621,-4.5749,1.0133
72603,0.4939,-0.1626,0.9153,4.8536,-19.9669,-7.7065,-25.6511,-15.7058,-4.6982,1.0527
72660,0.4656,-0.0427,0.9546,15.4338,-10.9516,-9.7599,-24.8196,-15.7794,-5.2545,1.0629
72677,0.4902,-0.0579,0.9473,20.533,-1.8982,1.0187,-24.5844,-15.319,-5.2372,1.0682
72694,0.5115,-0.145,0.9888,27.1742,5.6744,12.2477,-24.2417,-14.9474,-5.029,1.1226
72711,0.4722,-0.1824,1.0322,29.4032,2.4148,19.1943,-23.7622,-14.7109,-4.7027,1.1496
72727,0.3481,-0.1343,1.0081,19.4338,-3.0127,18.1027,-23.2691,-14.4722,-4.4131,1.0749
72744,0.269,-0.1038,0.9487,5.2811,-3.6768,9.7439,-22.8819,-14.203,-4.2474,0.9916
72801,0.3757,-0.0928,0.8643,12.3116,-16.486,0.8737,-22.228,-14.782,-4.1976,0.947
72817,0.3391,-0.0869,0.8225,5.7773,-13.5241,5.7439,-22.1419,-14.6398,-4.1057,0.8939
72835,0.3276,-0.0903,0.7859,-4.3448,-10.776,6.6218,-22.2312,-14.5027,-3.9865,0.8562
72851,0.3484,-0.0933,0.7512,-10.9784,-9.5547,5.2859,-22.4991,-14.3524,-3.9019,0.8333
72867,0.3733,-0.0969,0.698,-13.2303,-7.776,6.9729,-22.9188,-14.214,-3.7904,0.7975
72885,0.3984,-0.1013,0.6895,-10.7876,-8.3256,11.8508,-23.3789,-14.1237,-3.5771,0.8027
72941,0.2778,-0.093,0.741,-2.3754,-8.4402,6.0493,-23.3877,-14.2987,-3.2383,0.7968
72958,0.2883,-0.0586,0.7568,-3.2609,-12.4783,-5.3477,-23.3373,-14.1075,-3.3292,0.812
72975,0.3447,-0.0256,0.7771,-2.612,-16.5776,-13.2561,-23.4029,-13.8893,-3.5546,0.8505
72991,0.3931,0.0007,0.7593,-0.925,-21.6921,-13.7599,-23.5758,-13.6647,-3.7747,0.855
73009,0.4224,0.0151,0.7451,-0.2074,-19.2646,-10.0805,-23.818,-13.4044,-3.9562,0.8566
73025,0.4233,0.0161,0.7444,-2.6044,-15.005,-4.0729,-24.0901,-13.0491,-4.0213,0.8565
73081,0.4192,-0.0066,0.8191,-9.8334,-11.7531,-10.8057,-24.7392,-13.1775,-4.6264,0.9201
73099,0.4661,0.0125,0.8657,-1.2838,-14.9669,-11.821,-24.9036,-12.876,-4.8392,0.9833
73115,0.4758,0.0117,0.8804,8.8689,-17.5547,-9.7065,-24.9068,-12.6001,-4.9945,1.0008
73133,0.4614,0.0078,0.9033,15.1819,-16.5547,-7.9126,-24.7304,-12.3624,-5.137,1.0144
73149,0.4385,-0.0176,0.9158,13.5559,-13.7379,-8.4851,-24.5563,-12.1229,-5.2727,1.0155
73165,0.4219,-0.0125,0.9109,5.8078,-11.0432,-8.5996,-24.4788,-11.8389,-5.4103,1.0039
73223,0.4771,-0.0132,0.9861,9.6857,13.0942,4.1867,-23.9929,-10.6669,-5.1675,1.0955
73239,0.5178,-0.0725,1.0767,21.6704,12.4072,10.1638,-23.7257,-10.2038,-5.0049,1.1969
73255,0.4883,-0.0977,1.1145,26.6704,2.2163,10.1943,-23.3102,-9.9619,-4.8418,1.2207
73273,0.3977,-0.1045,1.0344,15.9758,-3.4096,5.1409,-22.939,-9.853,-4.7492,1.1132
73289,0.3564,-0.0918,0.9495,-0.1616,-0.6005,-1.9049,-22.8435,-9.689,-4.7797,1.0183
73307,0.3901,-0.0908,0.8979,-7.6273,0.9034,-7.8591,-22.9967,-9.5169,-4.9212,0.9832
73363,0.3882,-0.1133,0.8533,18.9987,-6.6157,4.0264,-22.0264,-9.7944,-4.6957,0.9442
73379,0.3481,-0.1211,0.8181,16.1361,-7.1348,-1.3248,-21.8107,-9.849,-4.7169,0.8973
73396,0.3569,-0.1326,0.7856,9.9681,-6.1424,-4.3782,-21.7408,-9.9384,-4.7913,0.873
73413,0.3787,-0.1343,0.7664,4.4567,-4.2875,-1.0347,-21.8365,-10.0083,-4.8089,0.8653
73430,0.3584,-0.1191,0.7615,-0.009,-3.8447,5.2477,-21.9608,-10.0264,-4.7197,0.85
73447,0.3276,-0.1123,0.7747,-2.8029,-3.005,9.1867,-22.0366,-10.0044,-4.5635,0.8486
73503,0.3325,-0.074,0.7861,-8.3983,-14.2569,1.3165,-22.5201,-10.5857,-4.4898,0.8568
73520,0.3716,-0.0588,0.7798,-10.4975,-17.547,0.0264,-22.8072,-10.6212,-4.4893,0.8658
73537,0.4106,-0.0491,0.7759,-11.1311,-18.2417,0.7668,-23.1903,-10.6388,-4.4763,0.8792
73553,0.4434,-0.0537,0.7866,-8.9174,-19.1424,3.721,-23.5737,-10.6636,-4.4168,0.9046
73570,0.4492,-0.0513,0.7834,-7.0777,-18.0279,6.9882,-23.9373,-10.681,-4.298,0.9046
73587,0.4419,-0.0786,0.8008,-7.154,-14.5318,9.6371,-24.2476,-10.7152,-4.1341,0.918
73644,0.4763,-0.0737,0.8486,-15.78,-23.5547,-2.0881,-25.3097,-11.7741,-4.2532,0.976
73660,0.4819,-0.0742,0.8362,-16.5739,-22.6997,-4.1645,-25.7462,-11.8547,-4.3198,0.968
73677,0.5129,-0.0779,0.8503,-13.4212,-20.1653,-3.111,-26.1752,-11.9189,-4.3727,0.9961
73694,0.522,-0.0854,0.8748,-8.6807,-16.2035,0.7516,-26.498,-11.9298,-4.3599,1.0222
73711,0.511,-0.1067,0.9287,-2.9097,-13.4096,2.4462,-26.6321,-11.9336,-4.3183,1.0654
73728,0.4834,-0.1155,1.0139,2.2429,-18.4554,-2.2408,-26.5441,-12.0173,-4.3564,1.1292
73784,0.4802,-0.0505,0.9705,-3.0777,-10.3715,-9.6912,-26.6996,-12.2134,-4.8991,1.084
73801,0.5115,-0.1116,1.0203,1.3269,1.2698,6.7897,-26.6696,-11.9538,-4.7837,1.1467
73818,0.4766,-0.1819,1.0425,2.1284,6.3919,20.1485,-26.5378,-11.7672,-4.4412,1.1606
73835,0.4087,-0.2461,1.0476,-3.7876,5.6744,18.9424,-26.3699,-11.7327,-4.1191,1.1511
73851,0.3284,-0.2271,1.0137,-12.6273,-2.0966,5.7668,-26.2108,-11.8006,-4.0269,1.0895
73868,0.271,-0.1575,0.9077,-18.1158,-8.4554,-12.8897,-26.1137,-11.8603,-4.246,0.9603
73925,0.4314,-0.0762,0.8494,32.4185,-6.2493,-13.3248,-24.3685,-11.9328,-5.0055,0.9557
73942,0.3608,-0.071,0.8674,37.5941,-3.5012,0.5607,-23.681,-11.6999,-4.996,0.9422
73958,0.2893,-0.0583,0.9106,29.5559,-0.8142,6.1485,-22.9834,-11.3911,-4.8976,0.9573
73975,0.2642,-0.0625,0.9241,14.3956,-6.4631,0.9042,-22.4659,-11.1957,-4.8822,0.9631
73992,0.2739,-0.0588,0.8699,-2.154,-15.5394,-8.4316,-22.3001,-11.1562,-5.0256,0.9139
74009,0.3135,-0.0278,0.8113,-16.9326,-19.6921,-9.4851,-22.529,-11.11,-5.1868,0.8702
74065,0.3494,0.0037,0.6294,-26.2074,-12.3333,10.889,-24.1981,-11.3153,-4.577,0.7199
74082,0.3555,0.0098,0.6936,-12.2761,-16.7608,10.0111,-24.5158,-11.1039,-4.4068,0.7794
74099,0.3269,0.0371,0.7183,1.1361,-23.0203,4.4157,-24.4944,-10.9171,-4.3318,0.79
74116,0.3086,0.0493,0.7158,6.1437,-22.1653,-0.653,-24.3452,-10.6846,-4.3429,0.7811
74132,0.3254,0.0405,0.7546,5.6094,-17.9745,-2.1645,-24.2172,-10.4103,-4.3775,0.8228
74149,0.344,0.0242,0.7849,3.3574,-14.9134,-0.4622,-24.1399,-10.1667,-4.3854,0.8573
74206,0.3494,0.0066,0.8347,-8.3448,-24.3944,-12.5385,-24.5394,-11.0768,-5.1001,0.9049
74222,0.3928,0.0049,0.8352,-8.7723,-24.8905,-19.0576,-24.7001,-11.0027,-5.405,0.923
74240,0.4558,0.0081,0.8296,-6.3143,-23.6844,-22.2179,-24.9726,-10.9496,-5.8049,0.9466
74256,0.5261,0.0049,0.8472,-1.0853,-22.7913,-20.821,-25.264,-10.8484,-6.138,0.9973
74273,0.5688,-0.021,0.8997,6.3803,-21.4096,-15.4011,-25.4413,-10.8174,-6.3999,1.0646
74290,0.5691,-0.0781,0.9448,11.22,-24.1195,-9.1492,-25.4795,-10.9674,-6.5554,1.1057
74346,0.4583,-0.0178,0.9934,-9.551,-4.3944,-9.3019,-25.9642,-10.8061,-7.0763,1.0942
74363,0.521,-0.0557,1.052,4.7391,6.8194,0.4768,-25.9009,-10.3837,-7.0682,1.1753
74380,0.5198,-0.1331,1.1709,27.8384,12.3614,13.2783,-25.3626,-10.0259,-6.8425,1.288
74397,0.4324,-0.1946,1.2312,41.2887,4.8728,12.6752,-24.4394,-9.9046,-6.627,1.3193
74414,0.3438,-0.1917,1.2102,35.7239,-8.9974,-1.1416,-23.5057,-10.0152,-6.6464,1.2726
74430,0.2466,-0.0935,1.0706,14.0368,-18.0508,-18.882,-22.8668,-10.0915,-6.9485,1.1026
74487,0.4966,-0.1167,0.7383,-12.9555,-4.4173,-7.0576,-24.005,-10.2889,-7.3508,0.8974
74504,0.4382,-0.0994,0.6733,-3.3296,-0.86,7.2706,-24.4102,-10.2271,-7.2272,0.8095
74520,0.3799,-0.0823,0.6521,5.2658,2.9797,13.1332,-24.554,-10.0599,-7.0171,0.7592
74537,0.3591,-0.1287,0.6807,13.9071,2.056,12.6371,-24.441,-10.0521,-6.8022,0.7803
74554,0.344,-0.1497,0.6982,19.6017,1.3079,12.5226,-24.1723,-10.1126,-6.5893,0.7926
74571,0.3284,-0.1763,0.7329,18.6857,0.9568,14.1714,-23.842,-10.2334,-6.3484,0.8222
74628,0.2922,-0.1436,0.7139,-18.7418,-11.1348,-3.2637,-24.7886,-10.8882,-6.5345,0.7846
74644,0.3247,-0.1135,0.6636,-21.5968,-14.1348,-10.7065,-25.1587,-11.0581,-6.7058,0.7474
74661,0.3782,-0.0874,0.6387,-18.4059,-15.547,-13.9813,-25.6687,-11.1812,-6.9434,0.7474
74678,0.4324,-0.073,0.625,-11.7418,-14.0127,-13.8973,-26.2133,-11.2291,-7.1797,0.7635
74694,0.4761,-0.0608,0.6599,-4.299,-9.8753,-11.6912,-26.6585,-11.1421,-7.3668,0.816
74712,0.4907,-0.0496,0.7249,0.5483,-7.2264,-9.5461,-26.9441,-10.9778,-7.5386,0.8767
74768,0.4917,-0.0488,0.886,-1.9479,-13.86,-14.7981,-27.1308,-11.41,-8.3673,1.0145
74784,0.5281,-0.0408,0.9392,-3.467,-14.5776,-15.737,-27.2718,-11.2769,-8.6191,1.0783
74802,0.572,-0.0527,0.988,-0.1922,-22.1959,-14.279,-27.3855,-11.3316,-8.8761,1.1429
74818,0.5581,-0.0688,0.9775,2.3803,-25.9058,-9.1339,-27.4401,-11.4374,-9.0222,1.1277
74835,0.5015,-0.0542,0.9858,-1.0624,-20.9821,-5.0194,-27.4368,-11.4482,-9.1076,1.1074
74852,0.4485,-0.053,1.0405,-4.8716,-15.6997,-3.7523,-27.3505,-11.3631,-9.1714,1.1343
74908,0.4875,-0.1528,1.1855,13.8994,22.6362,30.9195,-26.3968,-9.9854,-7.4399,1.291
74926,0.3948,-0.1831,1.1934,10.3422,20.056,37.179,-25.8865,-9.5884,-6.7706,1.2702
74942,0.2744,-0.1863,1.1379,-1.3448,13.7507,26.6829,-25.4071,-9.3655,-6.3437,1.1853
74959,0.1851,-0.1431,1.0315,-10.2151,5.3308,5.8126,-24.9606,-9.2198,-6.2449,1.0577
74976,0.2141,-0.0886,0.9353,-12.467,-4.9287,-15.2713,-24.6792,-9.1479,-6.5045,0.9636
74992,0.2969,-0.0273,0.833,-5.7494,-6.3104,-21.0576,-24.5646,-8.9541,-6.8414,0.8848
75049,0.2805,0.106,0.7434,23.1513,-21.0203,-3.9126,-23.1345,-9.4217,-7.0645,0.8016
75066,0.251,0.1055,0.6912,8.1132,-14.6997,1.6142,-22.8666,-8.9377,-7.037,0.7428
75082,0.2808,0.0649,0.6643,-7.0853,-8.318,8.6752,-22.9733,-8.4846,-6.8982,0.7241
75100,0.2935,0.0012,0.7009,-11.5052,-8.5089,15.9348,-23.1618,-8.2883,-6.6114,0.7599
75116,0.2742,-0.031,0.6985,-10.6273,-13.8905,19.2554,-23.2551,-8.2718,-6.3033,0.751
75132,0.2478,-0.0444,0.697,-10.0242,-16.776,17.6905,-23.2602,-8.3445,-6.0202,0.7411
75190,0.2373,-0.0229,0.6387,-16.7876,-18.5089,-13.1721,-24.0794,-9.1236,-6.7842,0.6817
75206,0.2805,-0.0115,0.6409,-15.7723,-15.7684,-18.5309,-24.3039,-9.0419,-7.0807,0.6997
75224,0.3369,0.0071,0.6719,-9.5052,-18.8982,-21.8515,-24.5612,-8.9826,-7.4741,0.7516
75240,0.3845,0.0066,0.676,-1.1998,-21.2111,-22.2942,-24.7824,-8.9268,-7.8308,0.7778
75256,0.4231,0.009,0.7214,5.5406,-19.4783,-20.653,-24.9215,-8.8402,-8.1612,0.8364
75274,0.4348,0.0154,0.7883,8.8231,-16.5699,-17.7904,-24.9272,-8.7282,-8.4814,0.9004
75330,0.501,-0.0376,1.0767,-6.551,-7.4936,-11.737,-25.2799,-8.8619,-9.1387,1.1881
75346,0.4917,-0.0811,1.1309,-10.9555,-8.1424,-8.3324,-25.3748,-8.7965,-9.272,1.2358
75364,0.3921,-0.0347,1.1479,-14.07,-3.5241,-8.9736,-25.3569,-8.5747,-9.4335,1.2136
75380,0.3137,0.02,1.167,-12.2532,7.9034,-14.5843,-25.1327,-8.071,-9.6669,1.2086
75398,0.2749,0.042,1.21,1.0445,24.0637,-15.9965,-24.621,-7.2529,-9.9548,1.2415
75414,0.3574,-0.0681,1.3601,31.5483,32.2469,-18.737,-23.7398,-6.5821,-10.2546,1.4079
75470,0.3823,-0.0979,1.0908,24.2735,-20.8066,-45.3095,-22.2551,-7.6425,-12.792,1.16
75488,0.425,-0.0933,0.9531,-11.7494,-3.2951,-32.7828,-22.5252,-7.6173,-13.382,1.0478
75504,0.4358,-0.1113,0.8567,-28.551,6.453,-16.8591,-23.1335,-7.5097,-13.6518,0.9676
75522,0.406,-0.1169,0.7708,-28.1158,8.6133,-3.2103,-23.7944,-7.4056,-13.7096,0.879
75538,0.3958,-0.1379,0.7749,-11.3372,0.1476,3.6829,-24.0845,-7.5108,-13.6507,0.881
75554,0.3269,-0.1414,0.7378,7.8918,-6.6463,6.179,-23.9406,-7.7463,-13.5518,0.8193
75612,0.1965,-0.0435,0.7039,10.8842,-20.1882,-11.0576,-22.9999,-8.7019,-14.1931,0.7321
75628,0.2292,-0.0137,0.6868,2.9452,-21.4707,-12.0194,-22.7729,-8.7292,-14.3854,0.7241
75644,0.2722,0.0061,0.6946,-2.3448,-25.1959,-10.9813,-22.754,-8.7469,-14.5611,0.746
75662,0.314,0.0308,0.6714,-5.9174,-32.8905,-8.5614,-22.9477,-8.8604,-14.7152,0.7418
75678,0.3086,0.0425,0.6067,-11.8945,-31.4936,-2.8591,-23.2886,-8.8295,-14.761,0.682
75696,0.3296,0.0317,0.5952,-19.3754,-21.9363,4.0569,-23.8495,-8.7333,-14.688,0.6811
75752,0.4622,-0.0146,0.7793,-15.2456,-19.3944,3.0645,-24.9417,-9.4697,-14.5164,0.9062
75768,0.4636,0.0168,0.759,-9.8181,-25.7989,-1.4316,-25.3513,-9.4363,-14.5393,0.8896
75786,0.4644,0.0337,0.7505,-6.1387,-19.8753,0.6142,-25.7121,-9.2995,-14.5282,0.8832
75802,0.4824,0.0061,0.7871,-1.3983,-13.0356,7.3623,-25.9653,-9.11,-14.4104,0.9232
75819,0.4907,-0.0522,0.8513,6.0445,-10.3256,10.1867,-26.0246,-9.0546,-14.2372,0.984
75836,0.4941,-0.0916,0.9246,14.9376,-8.9898,9.1103,-25.8601,-9.0653,-14.0824,1.0523
75892,0.345,-0.0337,1.1975,5.0521,7.4988,3.0874,-25.1966,-8.364,-13.9095,1.2467
75909,0.3489,-0.0283,1.2241,3.6704,21.8805,4.0111,-24.765,-7.7254,-13.8413,1.2732
75926,0.4609,-0.158,1.3245,9.2353,26.1171,6.6065,-24.3862,-7.2622,-13.729,1.4112
75942,0.4663,-0.2305,1.3323,13.159,10.2392,8.7821,-23.9698,-7.207,-13.5884,1.4302
75960,0.3069,-0.1733,1.1833,2.6323,-0.5547,3.8432,-23.5412,-7.2616,-13.5193,1.2347
75976,0.1965,-0.1074,1.0352,-11.0624,-0.5547,-7.1416,-23.1972,-7.2167,-13.6335,1.0591
76033,0.3396,-0.0591,0.9744,29.2658,-13.6844,-11.2026,-21.4352,-7.8156,-14.2721,1.0335
76050,0.2751,-0.0381,0.9541,31.4109,-21.1882,-1.6912,-20.7082,-7.9402,-14.3008,0.9937
76066,0.1965,-0.0188,0.9177,17.2277,-24.5241,0.0798,-20.0986,-8.0463,-14.2996,0.9387
76083,0.1653,-0.0071,0.8357,-2.3601,-26.6844,-3.9202,-19.7807,-8.1793,-14.3662,0.8519
76100,0.187,0.0073,0.7629,-19.3754,-28.2188,-10.3935,-19.8565,-8.2907,-14.5429,0.7856
76116,0.2346,0.0566,0.6907,-29.6197,-31.4096,-11.8362,-20.2654,-8.254,-14.7323,0.7316
76174,0.3115,0.0015,0.5762,-18.9861,-18.4325,19.0569,-21.6479,-8.9443,-13.627,0.655
76190,0.2478,0.0042,0.6233,-11.9861,-12.5852,16.0645,-21.8333,-8.7646,-13.3699,0.6708
76207,0.2168,-0.0007,0.6802,-8.696,-11.8371,2.2096,-21.8091,-8.6096,-13.3324,0.7139
76224,0.2722,-0.0234,0.7673,-4.7952,-16.7684,-13.5767,-21.7959,-8.6089,-13.5632,0.8145
76240,0.3357,-0.03,0.8179,-1.7342,-26.3944,-21.7523,-21.8428,-8.7541,-13.9112,0.8846
76258,0.3569,-0.0149,0.8047,-4.7647,-30.3715,-22.653,-22.0081,-8.9711,-14.319,0.8804
76314,0.363,0.0461,0.825,-27.8716,-15.7684,-27.8668,-23.5749,-9.3319,-15.8795,0.9025
76331,0.416,0.0156,0.9146,-23.78,-14.173,-22.2103,-23.9983,-9.1508,-16.2571,1.0048
76348,0.3911,-0.0161,0.9958,-9.6349,-20.2798,-20.7446,-24.0532,-9.1528,-16.6097,1.07
76364,0.3618,-0.0151,1.0579,5.3269,-27.7684,-29.2255,-23.7645,-9.246,-17.0774,1.1181
76382,0.3354,0.052,1.0684,11.8384,-28.9669,-36.3935,-23.3058,-9.2653,-17.7324,1.121
76398,0.3484,0.1301,1.0889,11.6628,-15.4554,-31.6988,-22.8994,-8.8595,-18.2396,1.1506
76454,0.3748,-0.1392,1.3745,45.4796,-1.0356,0.5302,-20.1455,-8.792,-18.2099,1.4315
76472,0.2983,-0.1582,1.2615,30.2658,-16.234,-5.7294,-19.345,-9.0068,-18.3131,1.3059
76488,0.189,-0.082,1.0293,-3.5739,-8.4936,-10.5003,-19.0409,-8.9592,-18.4811,1.0497
76505,0.2434,-0.0669,0.9163,-28.3448,4.9034,-14.4851,-19.3354,-8.6879,-18.7273,0.9504
76522,0.3181,-0.0706,0.835,-29.2074,4.1247,-16.6988,-19.8702,-8.4662,-19.0112,0.8963
76538,0.3689,-0.0588,0.7407,-14.9937,0.4301,-12.8744,-20.3618,-8.3026,-19.2172,0.8296
76596,0.2642,-0.0117,0.709,31.9147,2.8118,3.4462,-18.5876,-7.8519,-19.0173,0.7567
76612,0.2639,-0.012,0.7273,27.8842,1.1705,1.7516,-18.2135,-7.5575,-18.9893,0.7738
76628,0.2781,-0.0095,0.7529,15.7468,0.5522,6.9958,-18.0539,-7.2757,-18.8773,0.8027
76646,0.2959,-0.0095,0.7546,0.0597,-1.9363,14.5149,-18.187,-7.047,-18.6161,0.8106
76662,0.2905,0.0032,0.7322,-13.3219,-5.6615,17.4386,-18.5299,-6.8422,-18.3371,0.7877
76679,0.2964,0.0198,0.7014,-18.4288,-8.7684,16.2935,-19.0054,-6.647,-18.0601,0.7617
76736,0.4153,-0.0522,0.7168,-10.0471,-14.5928,23.9119,-19.9958,-7.3464,-16.6971,0.8301
76752,0.3958,-0.0623,0.7368,-8.1922,-15.6844,18.4386,-20.448,-7.4866,-16.4021,0.8387
76770,0.3931,-0.0623,0.7432,-4.1158,-17.8676,10.0416,-20.8129,-7.6875,-16.2213,0.843
76786,0.4053,-0.0435,0.7344,1.8918,-16.2875,4.347,-21.1053,-7.7656,-16.1518,0.8399
76803,0.4097,-0.0449,0.7388,7.7162,-12.5394,1.7592,-21.2938,-7.7988,-16.1219,0.8459
76820,0.394,-0.0537,0.8118,11.5177,-8.3256,-0.9736,-21.2878,-7.7742,-16.1384,0.9039
76876,0.4727,-0.0383,1.0303,4.7086,-5.0203,-11.1034,-21.1683,-7.8183,-16.7602,1.1342
76893,0.4836,-0.0859,1.1213,8.8689,-8.9669,-2.2332,-21.1076,-7.8272,-16.7982,1.2242
76910,0.3687,-0.0747,1.1455,5.3269,-11.2264,-0.5767,-20.8886,-7.8466,-16.808,1.2057
76926,0.2676,-0.0469,1.1458,-4.2303,-5.7073,-4.8515,-20.6434,-7.7141,-16.8856,1.1775
76944,0.2725,-0.0393,1.1599,-7.9174,0.9721,-10.9736,-20.4829,-7.4664,-17.0831,1.1921
76960,0.2263,0.0154,1.1843,-0.4823,13.6972,-4.4393,-20.1037,-6.9276,-17.1541,1.2059
77017,0.1726,-0.1514,1.2073,35.533,-10.3562,2.5989,-17.6782,-7.503,-17.006,1.2289
77034,0.0935,-0.0757,1.0681,25.3116,-12.4096,2.3088,-16.7576,-7.5675,-16.9668,1.0749
77050,0.0608,-0.019,0.9644,12.304,-2.402,2.8966,-16.0425,-7.347,-16.9204,0.9665
77067,0.1213,-0.0159,0.9009,2.8155,0.4759,1.7287,-15.6617,-7.0857,-16.891,0.9092
77084,0.1743,-0.0579,0.8152,-2.8639,2.1629,2.6829,-15.5636,-6.9294,-16.8454,0.8356
77101,0.2097,-0.0554,0.7559,-7.9174,-0.1806,2.9195,-15.689,-6.8229,-16.7958,0.7864
77157,0.2527,0.0847,0.5969,-24.7647,-25.1043,-1.6301,-17.3023,-7.5765,-16.8871,0.6537
77174,0.2698,0.0957,0.5503,-31.1845,-24.2951,2.179,-18.1504,-7.2753,-16.85,0.6203
77191,0.2917,0.0901,0.5483,-34.1464,-20.2264,10.7516,-19.0896,-6.9412,-16.6673,0.6276
77208,0.2915,0.0776,0.5718,-29.8563,-14.4478,21.3699,-19.8854,-6.59,-16.304,0.6465
77224,0.283,0.0642,0.6501,-19.9708,-10.9134,28.2325,-20.3334,-6.2684,-15.8522,0.712
77241,0.2639,0.0605,0.7397,-9.8487,-11.318,31.8355,-20.4638,-6.0152,-15.311,0.7877
77298,0.2136,0.04,0.9111,-15.299,-27.4325,11.2401,-21.0097,-7.1751,-14.6704,0.9367
77315,0.2349,0.0535,0.885,-28.8639,-27.9134,-0.2561,-21.2339,-7.2053,-14.6747,0.9172
77331,0.2957,0.0681,0.8479,-36.0777,-29.1959,-7.0042,-21.7053,-7.1819,-14.7868,0.9005
77348,0.3623,0.0701,0.8372,-33.8181,-26.005,-6.737,-22.3222,-7.1276,-14.9013,0.9149
77365,0.3948,0.0645,0.8533,-24.5052,-27.5318,-4.9126,-22.8199,-7.119,-14.9848,0.9424
77382,0.3889,0.0549,0.8784,-10.0013,-24.9287,-4.4469,-23.0239,-7.098,-15.0604,0.9622
77438,0.3416,-0.0129,1.1777,3.8842,-21.5012,-3.8973,-22.541,-7.9951,-15.2787,1.2263
77455,0.2302,0.0735,1.1604,-5.0929,-9.0661,-3.1797,-22.1704,-7.6784,-15.3327,1.1853
77472,0.2117,0.1177,1.2085,-5.0853,15.0255,-3.8973,-21.7622,-6.9035,-15.399,1.2325
77489,0.3162,-0.0408,1.3616,13.6246,23.4301,0.0722,-21.192,-6.3136,-15.3977,1.3984
77505,0.3391,-0.1936,1.4253,38.8002,8.4148,4.0645,-20.279,-6.2412,-15.3327,1.4778
77522,0.27,-0.2324,1.2935,42.3498,-11.2417,-0.9355,-19.2411,-6.5825,-15.3486,1.3416
77579,0.2664,-0.1633,0.8601,-5.2914,7.3156,3.4157,-19.4379,-6.349,-15.1539,0.9151
77596,0.2766,-0.1809,0.8264,4.3803,6.369,11.3317,-19.3131,-6.485,-14.9613,0.8901
77613,0.2866,-0.2012,0.8311,17.6475,3.2163,14.3699,-18.9939,-6.7174,-14.717,0.9018
77629,0.2573,-0.1794,0.8362,25.5406,-4.4783,9.2935,-18.5116,-7.002,-14.5683,0.8931
77646,0.2537,-0.1511,0.8477,25.1208,-9.6234,2.4233,-18.0178,-7.2833,-14.5271,0.8976
77663,0.2568,-0.1338,0.8411,17.449,-16.6692,-0.8668,-17.6836,-7.6256,-14.5418,0.8895
77719,0.2673,-0.0574,0.7061,-14.2609,-22.8905,9.9271,-18.57,-8.737,-13.9859,0.7571
77736,0.2847,-0.0537,0.6821,-12.5281,-28.8905,11.3394,-18.9352,-9.0391,-13.7931,0.7411
77753,0.2874,-0.0332,0.6511,-11.1235,-31.2722,13.1027,-19.3107,-9.3046,-13.5704,0.7125
77770,0.3054,-0.0295,0.6533,-13.0319,-30.1806,16.0264,-19.7523,-9.5285,-13.2979,0.7218
77787,0.3203,-0.0459,0.6565,-17.0395,-27.1882,19.3165,-20.2784,-9.7511,-12.9696,0.7319
77803,0.3406,-0.0732,0.677,-19.6884,-23.5089,21.1256,-20.8326,-9.9691,-12.6316,0.7614
77860,0.4192,-0.0864,0.8982,-4.9021,-19.7913,13.4997,-21.2642,-10.8732,-11.8621,0.995
77877,0.4285,-0.1003,0.9846,-0.4517,-23.8066,13.6676,-21.3574,-11.0595,-11.6297,1.0785
77894,0.4065,-0.0991,0.9983,-4.2914,-26.0432,12.347,-21.4554,-11.269,-11.4198,1.0824
77911,0.3901,-0.1035,0.9866,-15.1158,-19.2569,10.7974,-21.7027,-11.3721,-11.2363,1.0659
77927,0.394,-0.1267,1.0029,-23.9708,-11.1272,9.5455,-22.0546,-11.3762,-11.0835,1.085
77944,0.4246,-0.1511,1.0554,-22.8716,-10.4249,5.95,-22.4142,-11.4172,-10.9824,1.1476
78001,0.29,-0.094,1.1143,8.4567,7.9721,-17.9965,-21.6365,-10.7171,-12.0082,1.1552
78018,0.3528,-0.0313,1.1521,21.9147,12.0789,-29.6912,-21.0941,-10.1535,-12.5129,1.2053
78034,0.4841,-0.1658,1.2024,39.7773,0.1629,-32.9813,-20.5092,-10.0588,-13.0406,1.3068
78051,0.4082,-0.2395,1.1169,48.4261,-15.2569,-21.6225,-19.6851,-10.3896,-13.4082,1.2131
78068,0.2263,-0.1802,0.979,39.7849,-11.6921,-9.7599,-18.7607,-10.5819,-13.5742,1.0208
78085,0.1213,-0.1567,0.8989,19.5636,0.8118,-5.1797,-17.994,-10.541,-13.6622,0.9205
78141,0.2683,-0.1609,0.8875,17.1284,-11.4783,-18.7675,-17.0161,-11.1475,-14.7132,0.941
78158,0.2825,-0.1211,0.8704,19.3803,-15.86,-13.6225,-16.732,-11.2772,-14.9448,0.923
78175,0.2737,-0.0857,0.8606,11.5101,-20.402,-8.5996,-16.5772,-11.3866,-15.091,0.9071
78192,0.25,-0.0422,0.8169,-4.5662,-25.4249,-5.7752,-16.6685,-11.4644,-15.1891,0.8553
78209,0.2202,-0.0076,0.7263,-25.0777,-24.4096,-2.8973,-17.0856,-11.4281,-15.2384,0.759
78225,0.2302,-0.0044,0.6584,-40.9784,-21.4249,2.1103,-17.8025,-11.3154,-15.2046,0.6975
78282,0.2593,-0.0042,0.6719,-6.2914,-17.9516,14.8966,-18.2787,-11.8592,-14.3555,0.7202
78299,0.2495,-0.0117,0.7661,9.2353,-19.5928,14.4768,-18.1184,-11.7397,-14.1094,0.8058
78316,0.2192,-0.0168,0.8347,13.6323,-21.2722,10.034,-17.7597,-11.6635,-13.9388,0.8632
78332,0.2288,-0.0271,0.9033,7.0903,-22.9287,2.3699,-17.5086,-11.6179,-13.9009,0.9322
78349,0.2676,0.0183,0.9299,-6.696,-27.5699,-4.9126,-17.5595,-11.558,-13.9844,0.9678
78366,0.3452,0.0085,0.9165,-21.3754,-32.5699,-5.4316,-18.0315,-11.6058,-14.0768,0.9794
78423,0.2952,-0.0029,0.8108,-33.8639,-17.5012,17.0111,-19.9635,-12.1075,-13.1071,0.8629
78440,0.2427,-0.0273,0.8728,-18.07,-15.0966,13.0035,-20.0811,-11.9414,-12.8861,0.9063
78456,0.228,-0.0637,0.9771,-2.8334,-17.3104,0.5836,-19.8457,-11.8789,-12.8767,1.0053
78473,0.2576,-0.1023,1.0249,6.0597,-21.6234,-15.737,-19.5146,-11.9846,-13.1443,1.0617
78490,0.2659,-0.1099,1.0837,9.4872,-25.9669,-28.6377,-19.1278,-12.1605,-13.6311,1.1213
78507,0.1396,0.0134,1.0879,9.8384,-22.776,-38.4927,-18.4947,-12.0175,-14.2855,1.0969
78564,0.4873,-0.1504,1.1255,44.3269,0.6362,-72.0042,-16.2584,-11.8065,-18.3897,1.2356
78580,0.5164,-0.2305,1.0676,47.991,-9.2188,-51.0652,-15.8831,-11.9631,-19.2068,1.2081
78597,0.4346,-0.1589,0.9465,30.3727,-7.9898,-26.6988,-15.7265,-11.9962,-19.6606,1.0536
78614,0.3357,-0.1467,0.8462,4.3803,6.6056,-5.5232,-15.8799,-11.802,-19.7545,0.9221
78630,0.2886,-0.1548,0.8213,-8.841,20.2087,5.6218,-16.1425,-11.4465,-19.6646,0.8842
78648,0.3145,-0.1663,0.8467,-7.0929,21.1324,7.2783,-16.4203,-11.0678,-19.5336,0.9184
78704,0.3635,-0.2039,0.9084,28.0903,12.1095,21.1638,-15.1065,-10.48,-18.3484,0.9995
78721,0.312,-0.1987,0.9792,24.617,3.7354,20.2859,-14.7941,-10.4587,-18.0036,1.0468
78738,0.2683,-0.1699,0.957,13.8613,-9.9516,13.3775,-14.5934,-10.6055,-17.7761,1.0084
78754,0.2056,-0.0938,0.8633,-5.5204,-19.486,3.118,-14.6272,-10.7285,-17.7263,0.8924
78771,0.2187,-0.0447,0.7554,-25.8639,-21.5623,-2.4164,-15.1092,-10.7867,-17.7673,0.7877
78788,0.2568,-0.0266,0.6746,-37.1998,-16.6005,2.9348,-15.9451,-10.7165,-17.7174,0.7223
78844,0.2783,-0.0398,0.6301,-20.6197,-9.8905,12.3241,-17.3673,-10.9641,-17.0273,0.69
78862,0.2915,-0.0618,0.6492,-17.7342,-10.5012,7.1943,-17.9425,-10.9244,-16.8978,0.7143
78878,0.2769,-0.0674,0.6614,-17.6884,-8.3486,-0.4316,-18.4009,-10.8484,-16.9047,0.7201
78895,0.3167,-0.0503,0.71,-13.0853,-6.2646,-10.4393,-18.8377,-10.6787,-17.0822,0.779
78912,0.3689,-0.0083,0.7749,-3.4594,-8.089,-18.5461,-19.1589,-10.4081,-17.3975,0.8583
78928,0.4231,0.001,0.8625,8.388,-8.5012,-20.3324,-19.3089,-10.1198,-17.7228,0.9607
78986,0.3354,-0.1084,1.1455,1.8765,-3.8218,-12.2255,-19.0822,-10.144,-18.4319,1.1985
79002,0.2529,-0.0415,1.1492,-10.1922,-2.0279,-9.3706,-18.9716,-9.8522,-18.5818,1.1774
79019,0.1658,0.0085,1.0952,-18.467,15.6438,2.0264,-18.8584,-9.1849,-18.5473,1.1077
79036,0.2595,-0.0615,1.1677,-17.1616,33.2774,6.263,-18.8847,-8.395,-18.4409,1.1978
79052,0.2366,-0.002,1.261,-5.6731,44.0637,17.2019,-18.6415,-7.386,-18.1656,1.283
79069,0.3699,-0.1226,1.3374,4.9147,39.827,23.9348,-18.4315,-6.65,-17.7587,1.393
79126,0.042,-0.1899,0.9622,9.9071,-13.2264,4.7974,-17.2502,-7.5544,-17.4853,0.9816
79142,0.0337,-0.1741,0.873,10.8384,-10.7302,-4.1492,-16.4804,-7.8681,-17.5517,0.8909
79160,0.1238,-0.1599,0.8491,18.2277,-10.8066,-5.2866,-15.8323,-8.1667,-17.6468,0.8729
79176,0.1943,-0.1851,0.8235,27.3193,-11.4783,-0.9965,-15.2981,-8.523,-17.6628,0.8661
79193,0.2173,-0.1821,0.835,27.6323,-7.3486,7.5455,-14.8058,-8.7942,-17.5345,0.8818
79210,0.2021,-0.1626,0.8826,18.0826,-9.2417,10.7058,-14.4262,-9.0108,-17.3525,0.9199
79266,0.2249,-0.0254,0.678,-40.3754,-31.3791,-9.6148,-16.7532,-10.4231,-17.8909,0.7147
79284,0.2488,-0.0254,0.6497,-44.2227,-27.3027,2.0645,-17.6848,-10.5675,-17.8538,0.6961
79300,0.229,-0.0398,0.6243,-37.3372,-22.7913,14.4233,-18.3552,-10.6408,-17.623,0.6661
79316,0.1885,-0.0383,0.6794,-23.9403,-15.1806,20.9348,-18.608,-10.5775,-17.288,0.7061
79334,0.1414,-0.0151,0.7449,-12.3906,-14.6692,18.9195,-18.5075,-10.4544,-16.9475,0.7583
79350,0.1152,-0.0159,0.8281,-5.9708,-16.1272,10.4081,-18.1757,-10.3279,-16.781,0.8363
79408,0.199,-0.0227,0.8933,-21.9937,-21.3791,-6.1187,-19.1754,-11.1634,-17.1359,0.9155
79424,0.2119,-0.0032,0.9006,-25.0853,-21.4554,-6.3324,-19.3233,-11.0545,-17.2372,0.9252
79440,0.2185,0.01,0.9031,-24.6273,-22.715,-11.0805,-19.4727,-10.9358,-17.4145,0.9292
79458,0.2617,0.0342,0.9216,-20.154,-24.1577,-15.9736,-19.6758,-10.8309,-17.702,0.9587
79474,0.3198,0.0034,0.9502,-7.6273,-26.6768,-16.5461,-19.75,-10.7991,-17.9667,1.0026
79492,0.3613,-0.0391,0.9971,6.6704,-29.8142,-12.8897,-19.641,-10.9721,-18.1987,1.0612
79548,0.1677,-0.0339,1.0186,-26.8487,-22.8905,-20.3324,-20.6725,-11.8401,-19.3374,1.0328
79564,0.0996,0.1233,1.0215,-23.3677,-9.2875,-29.0958,-20.4258,-11.2339,-19.8029,1.0337
79582,0.2822,0.085,1.0583,1.9376,-4.3333,-41.0576,-20.1707,-10.6758,-20.5419,1.0986
79598,0.4138,-0.1736,1.1172,37.6017,-14.9287,-27.279,-19.5904,-10.8314,-20.9784,1.2039
79616,0.4368,-0.3357,1.1367,56.4567,-13.0432,-4.2408,-18.6404,-11.2816,-21.0547,1.2632
79632,0.3301,-0.3113,1.1206,45.0674,-18.4478,8.4004,-17.8363,-11.7347,-20.9203,1.209
79688,0.2925,-0.2227,0.8787,-29.5204,2.285,22.8432,-19.4252,-11.7112,-19.6411,0.9525
79706,0.3049,-0.2329,0.822,-19.1922,2.9415,34.3088,-19.7655,-11.8247,-19.0235,0.9072
79722,0.2605,-0.2371,0.7866,-4.0548,4.7431,43.4157,-19.7409,-11.9497,-18.3289,0.8619
79738,0.2168,-0.2288,0.8132,8.0521,5.8194,43.2248,-19.4033,-12.0108,-17.6373,0.8722
79756,0.1931,-0.2224,0.8401,12.8002,-0.3715,34.3699,-18.9071,-12.1299,-17.0186,0.8902
79772,0.1895,-0.2131,0.8582,11.159,-9.0432,23.3699,-18.4632,-12.3416,-16.6447,0.9043
79830,0.2441,-0.0571,0.6704,-17.8792,-29.2493,3.8355,-19.5179,-13.6713,-16.4222,0.7158
79846,0.2769,-0.0708,0.6096,-25.1998,-22.4783,10.1943,-20.0955,-13.7347,-16.2591,0.6733
79862,0.2915,-0.0999,0.5793,-31.2609,-14.9211,17.0722,-20.8268,-13.8057,-15.986,0.6562
79880,0.3,-0.1243,0.5742,-32.467,-10.1959,18.2477,-21.6369,-13.9181,-15.6575,0.6597
79896,0.3054,-0.1333,0.605,-28.1845,-11.1272,13.4081,-22.2541,-14.0293,-15.443,0.6907
79913,0.3235,-0.1184,0.6516,-20.3067,-17.9287,4.7516,-22.7367,-14.1727,-15.3622,0.7371
79970,0.4434,-0.1855,0.7805,1.7697,3.2469,13.1103,-22.8874,-13.963,-14.6149,0.9166
79986,0.4058,-0.2354,1.0027,3.9681,5.9415,13.6447,-22.7711,-13.8416,-14.3966,1.107
80004,0.303,-0.2473,1.1272,-1.9861,-3.3256,-1.8744,-22.483,-13.8404,-14.4304,1.1931
80020,0.2979,-0.2397,1.186,-13.0395,-11.1959,-22.8515,-22.3371,-13.9159,-14.796,1.2461
80037,0.3569,-0.2412,1.1938,-16.8334,-15.7531,-29.569,-22.3717,-14.0732,-15.2987,1.2692
80054,0.3674,-0.2131,1.1697,-9.6884,-15.005,-18.5919,-22.3219,-14.1683,-15.6147,1.2444
80110,0.3066,-0.2842,1.2136,21.1742,25.8805,14.7287,-20.8435,-12.7374,-14.7899,1.2836
80128,0.3159,-0.4451,1.2615,25.6857,10.8957,26.0874,-20.0974,-12.8169,-14.3203,1.3745
80144,0.1311,-0.3762,1.1375,12.3727,-1.9669,29.9119,-19.3533,-13.0666,-13.8417,1.2052
80161,-0.0132,-0.2429,0.9937,-14.7571,2.2774,26.0569,-18.7904,-13.0562,-13.3988,1.023
80178,-0.0203,-0.2214,0.8918,-28.8029,7.2392,16.0951,-18.4584,-12.9736,-13.1252,0.9191
80194,0.054,-0.2544,0.8469,-18.696,7.6591,6.4691,-18.1469,-13.0058,-13.0217,0.886
80251,0.1135,-0.2202,0.877,18.449,-6.173,18.034,-16.6977,-13.3872,-11.9937,0.9113
80268,0.0752,-0.168,0.8359,2.9834,-13.6463,7.8661,-16.1827,-13.5289,-11.86,0.856
80284,0.0898,-0.1316,0.7522,-19.8181,-16.8753,-2.9278,-16.1082,-13.6438,-11.9068,0.7689
80302,0.1558,-0.1101,0.6687,-37.3907,-17.1501,-6.4164,-16.6278,-13.7684,-12.0223,0.6954
80318,0.2266,-0.1089,0.6245,-40.4365,-18.9363,-2.3248,-17.3704,-13.9042,-12.0595,0.6732
80335,0.2441,-0.1418,0.5811,-33.5662,-16.2111,5.805,-18.1116,-14.1613,-11.9608,0.646
80392,0.1699,-0.1626,0.749,-4.4823,-9.4325,-1.8515,-18.1324,-14.6009,-12.0664,0.7851
80408,0.1921,-0.1736,0.804,-4.2151,-11.9363,-11.3629,-17.9978,-14.6876,-12.2482,0.8446
80425,0.2407,-0.2009,0.8489,-7.5052,-15.4783,-16.508,-18.0174,-14.8854,-12.5288,0.9049
80442,0.2507,-0.2131,0.8562,-12.7265,-17.0356,-17.6377,-18.139,-15.1271,-12.8287,0.9173
80459,0.23,-0.1772,0.8611,-17.5052,-14.5852,-18.6148,-18.2855,-15.2253,-13.1451,0.9087
80476,0.2385,-0.1653,0.9004,-14.1922,-13.4096,-22.8744,-18.3699,-15.2512,-13.534,0.946
80532,0.2183,-0.1501,1.0896,-40.1387,-11.318,-30.2255,-20.2419,-15.5635,-15.2266,1.1213
80549,0.2197,-0.207,1.0642,-40.2074,-12.7608,-26.1034,-20.5467,-15.5895,-15.6704,1.1062
80566,0.1506,-0.1799,1.0569,-14.4594,-17.6844,-19.1034,-20.2807,-15.641,-15.9951,1.0826
80583,0.0972,-0.1069,1.0527,18.846,-13.8829,-17.4316,-19.3718,-15.474,-16.2915,1.0626
80600,0.0803,-0.0923,1.1123,52.9529,-9.7608,-17.0881,-17.8974,-15.204,-16.582,1.119
80616,0.1462,-0.1982,1.1616,77.1361,-9.3333,-16.882,-16.2796,-15.1266,-16.8521,1.1875
80673,0.1621,-0.2581,0.9922,20.1132,-7.0127,-11.9049,-14.8873,-15.4884,-17.5307,1.0379
80690,0.2249,-0.2825,0.9363,8.5788,-2.6081,-5.8286,-14.6697,-15.583,-17.6297,1.0035
80707,0.2869,-0.2881,0.9248,13.4643,-6.2646,0.5073,-14.5231,-15.754,-17.6211,1.0102
80723,0.2976,-0.2844,0.8809,21.4796,-8.0279,12.1561,-14.3251,-15.9629,-17.4266,0.9723
80740,0.2842,-0.3096,0.8623,25.2048,-6.0814,21.8966,-14.0301,-16.2136,-17.0544,0.9593
80757,0.2207,-0.3123,0.844,21.2735,-10.6463,22.6676,-13.6729,-16.5509,-16.669,0.9266
80814,0.1707,-0.2102,0.626,-8.2456,-24.5165,-3.1416,-14.1568,-17.9729,-16.8481,0.682
80831,0.2031,-0.1885,0.6025,-7.2532,-22.402,-0.2332,-14.4223,-18.3144,-16.8521,0.6632
80847,0.2434,-0.1702,0.6365,-0.9632,-23.3256,5.8661,-14.6713,-18.5388,-16.7582,0.7024
80864,0.2522,-0.1672,0.6516,1.7162,-24.5318,11.7592,-14.8784,-18.7734,-16.5583,0.7184
80881,0.2612,-0.1726,0.6785,-5.5739,-19.0127,16.4004,-15.1928,-18.9037,-16.2795,0.7472
80898,0.2441,-0.1875,0.6528,-19.8639,-13.1119,14.9653,-15.7001,-19.0025,-16.0251,0.7218
80955,0.3733,-0.1553,0.8623,-2.78,-18.9898,-15.111,-16.1472,-19.6899,-16.8864,0.9524
80971,0.3469,-0.1565,0.8716,4.1437,-19.9363,-17.966,-16.2935,-19.6157,-17.1739,0.9511
80988,0.332,-0.1719,0.9089,2.8231,-11.0432,-16.6759,-16.3854,-19.4396,-17.4574,0.9828
81005,0.3079,-0.1882,1.0032,0.1819,-4.631,-12.9202,-16.3984,-19.1627,-17.677,1.0661
81021,0.2727,-0.2324,1.075,-2.1464,-5.5547,-9.3019,-16.3325,-18.9695,-17.8258,1.1331
81039,0.22,-0.2559,1.0911,-3.5281,-8.9516,-12.2713,-16.1844,-18.8933,-18.0467,1.142
81095,0.2637,-0.1912,1.1079,33.3193,2.1705,8.3317,-14.2737,-18.4125,-17.5801,1.1548
81112,0.3186,-0.3718,1.1948,41.7697,9.4377,33.8584,-13.5925,-18.2134,-17.0045,1.2913
81129,0.1624,-0.355,1.1912,27.617,2.0942,48.1638,-12.8957,-18.1145,-16.1858,1.2535
81145,0.0034,-0.269,1.1028,0.4414,-1.9516,41.6829,-12.38,-17.9683,-15.5188,1.1351
81163,-0.0828,-0.1235,0.9336,-20.7647,-1.402,23.5149,-12.0427,-17.5753,-15.0956,0.9454
81179,0.0105,-0.093,0.8206,-27.7571,-3.0356,5.9042,-12.0165,-17.1776,-15.0011,0.8259
81235,0.1204,-0.1929,0.8386,27.1895,-6.2875,35.3088,-10.3926,-17.3466,-13.0238,0.8689
81253,0.0627,-0.2144,0.8491,16.7697,-3.8218,29.034,-9.8511,-17.2855,-12.5012,0.878
81269,0.064,-0.1599,0.864,-1.9708,-7.8066,12.3852,-9.6538,-17.1334,-12.303,0.881
81287,0.103,-0.0972,0.8044,-21.3983,-17.8371,-5.3553,-9.9273,-17.0318,-12.3994,0.8168
81303,0.1731,-0.0791,0.7141,-32.0166,-21.5852,-12.1187,-10.5638,-16.9349,-12.5933,0.739
81319,0.2302,-0.0693,0.6816,-29.4746,-21.0585,-7.6683,-11.3369,-16.8133,-12.716,0.7228
81377,0.1553,-0.0669,0.7395,-11.07,-14.5318,15.492,-11.9723,-17.1566,-11.8175,0.7586
81393,0.145,-0.0862,0.7666,-17.3677,-15.1043,6.1409,-12.186,-16.9589,-11.7192,0.7849
81411,0.1807,-0.1145,0.8079,-20.7876,-17.9592,-3.5309,-12.5572,-16.9136,-11.7828,0.8357
81427,0.2332,-0.1392,0.8301,-17.5433,-24.7226,-7.9965,-12.9437,-16.9975,-11.9107,0.8734
81443,0.2336,-0.1379,0.8188,-12.5968,-24.8829,-8.6148,-13.248,-17.0823,-12.0486,0.8626
81461,0.2253,-0.1328,0.8367,-6.1235,-20.4707,-9.9965,-13.4198,-17.1135,-12.2285,0.8766
81517,0.2544,-0.1904,1.0818,18.5636,-28.944,-28.7446,-12.4066,-18.3843,-13.8382,1.1275
81534,0.2473,-0.2129,1.093,13.0903,-27.5165,-29.4545,-12.1976,-18.5389,-14.3389,1.1407
81551,0.1848,-0.1187,1.1243,7.2964,-20.7684,-22.4164,-11.962,-18.3773,-14.72,1.1455
81567,0.1536,-0.1021,1.1257,5.4338,-15.0585,-17.9431,-11.7095,-18.0807,-15.0071,1.1407
81585,0.0735,0.0146,1.1294,12.5865,-5.6157,-17.195,-11.1725,-17.4247,-15.3166,1.1319
81601,0.1121,-0.0044,1.1592,27.6552,3.3843,-15.569,-10.5217,-16.6845,-15.5657,1.1646
81658,0.1111,-0.2747,1.0081,0.2277,0.9339,8.7974,-10.3311,-16.5756,-15.0643,1.0507
81675,0.0918,-0.2559,0.9229,-23.6731,7.2316,9.7439,-10.5232,-16.4144,-14.8986,0.9621
81691,0.1489,-0.2666,0.8574,-26.3372,8.0866,8.2096,-10.8835,-16.3245,-14.7673,0.9102
81709,0.2144,-0.2593,0.8162,-12.1845,1.3385,8.6905,-11.2209,-16.3534,-14.6108,0.8828
81725,0.2395,-0.2712,0.76,7.1437,-2.1501,17.4157,-11.3235,-16.5179,-14.3322,0.8418
81741,0.2432,-0.2688,0.7666,23.7086,2.2469,27.0111,-11.173,-16.5956,-13.9,0.848
81799,0.1809,-0.1711,0.7551,11.2506,-7.173,21.3928,-10.6257,-16.8419,-12.6592,0.7951
81815,0.2236,-0.1768,0.7893,0.5025,-6.4096,25.9119,-10.8111,-16.7716,-12.2446,0.8392
81831,0.2031,-0.1875,0.7666,-7.7876,-8.0814,31.6447,-11.0757,-16.7746,-11.7383,0.8149
81849,0.1865,-0.231,0.7527,-12.1082,-8.9669,29.9271,-11.375,-16.9409,-11.1996,0.8091
81865,0.1873,-0.2427,0.7961,-11.7494,-19.4249,18.9653,-11.6076,-17.2397,-10.8962,0.8531
81883,0.1982,-0.2288,0.7642,-15.0471,-28.3791,5.6065,-11.9616,-17.7072,-10.7953,0.8219
81939,0.3247,-0.1672,0.7073,-17.0929,-22.7684,-6.3171,-13.365,-18.755,-11.149,0.796
81955,0.3545,-0.1758,0.7878,-1.1616,-26.0356,-4.5156,-13.7966,-18.9079,-11.2213,0.8816
81973,0.3286,-0.1792,0.8484,13.0521,-30.6234,-2.1492,-13.8494,-19.1578,-11.26,0.9273
81989,0.2937,-0.1802,0.9263,17.4338,-28.8524,-2.0194,-13.7192,-19.2749,-11.2923,0.9883
82007,0.2842,-0.1948,0.9878,14.4948,-25.944,-5.0729,-13.5505,-19.3986,-11.3836,1.0462
82023,0.2961,-0.2236,1.051,10.1437,-22.0661,-6.1874,-13.469,-19.442,-11.4826,1.1146
82079,0.1802,-0.1304,1.0835,8.3727,-39.7913,-31.5461,-12.8551,-21.078,-13.2492,1.1061
82097,0.2026,-0.0005,1.0627,24.5788,-37.0432,-54.7675,-12.348,-20.876,-14.235,1.0819
82113,0.3699,0.0952,1.0642,43.8307,-30.3715,-64.4087,-11.9446,-20.303,-15.2655,1.1307
82130,0.6362,-0.0718,1.1523,50.7468,-17.7531,-32.6072,-11.7929,-19.9232,-15.8198,1.3183
82147,0.5415,-0.2791,1.1917,51.4261,-16.8524,14.5913,-11.4366,-19.9284,-15.5718,1.3383
82163,0.2268,-0.2834,1.1477,44.7849,-13.3486,37.9195,-10.7256,-19.8912,-14.9651,1.2037
82221,0.0366,-0.3042,0.9756,23.6475,-6.944,-13.3553,-9.062,-20.175,-15.7397,1.0226
82237,0.1218,-0.2593,0.9338,30.449,-13.3638,-18.966,-8.5184,-20.1939,-16.0431,0.9768
82254,0.137,-0.1565,0.8254,31.0216,-21.6539,-20.9278,-8.0418,-20.169,-16.3989,0.8512
82271,0.1411,-0.0801,0.7434,23.2124,-25.7608,-23.3782,-7.7688,-20.0285,-16.7963,0.7609
82287,0.1658,-0.0122,0.6226,7.9987,-28.9363,-24.2332,-7.9315,-19.7168,-17.1841,0.6444
82305,0.1863,0.022,0.5156,-11.1387,-20.234,-18.2637,-8.6006,-19.1802,-17.5128,0.5487
82361,0.1897,0.0054,0.489,-27.0471,-4.486,18.4844,-10.5586,-18.6289,-16.4777,0.5245
82378,0.156,-0.0317,0.5183,-20.4364,1.1858,20.1256,-11.1387,-18.0046,-16.1356,0.5422
82395,0.136,-0.0674,0.6003,-16.4594,2.5293,14.66,-11.4692,-17.4993,-15.8863,0.6192
82411,0.1392,-0.0784,0.6812,-14.2456,-1.3867,3.1332,-11.6881,-17.0832,-15.8362,0.6996
82428,0.1772,-0.0549,0.749,-11.78,-8.1959,-11.5385,-11.944,-16.7014,-16.0324,0.7717
82445,0.2317,-0.0107,0.821,-8.9326,-17.6692,-21.111,-12.2423,-16.3517,-16.3913,0.8532
82502,0.3506,0.0933,1.0293,-5.1769,-20.7837,-13.9355,-12.7854,-16.6278,-17.1856,1.0914
82519,0.4004,0.0474,1.1467,-8.4212,-11.318,-6.5385,-13.1807,-16.0528,-17.2967,1.2155
82535,0.4277,-0.042,1.2993,-13.0471,-6.8524,2.5531,-13.5824,-15.59,-17.2559,1.3686
82552,0.3892,-0.0693,1.4333,-17.7723,-19.7379,9.431,-13.9361,-15.3993,-17.0956,1.4869
82569,0.2405,0.0313,1.3979,-21.5433,-17.0814,9.3164,-14.1205,-15.0108,-16.9372,1.4188
82586,0.1885,0.1179,1.3411,-17.6349,-6.2875,-4.5309,-14.1623,-14.312,-17.0142,1.3594
82642,0.4199,-0.3665,1.1858,44.9529,-12.1119,22.8737,-11.9269,-15.0776,-15.7333,1.3102
82659,0.2305,-0.3135,1.0735,22.762,-4.7073,39.6752,-11.5441,-15.2025,-15.0588,1.1418
82676,0.134,-0.2715,1.0254,3.0674,11.0942,38.7592,-11.3204,-15.0065,-14.3999,1.0692
82693,0.1646,-0.2341,1.0408,0.449,5.9797,22.5455,-11.211,-14.8158,-14.0166,1.0794
82709,0.1816,-0.2229,0.9404,10.9758,-13.6234,9.8737,-11.0197,-14.9657,-13.8586,0.9834
82726,0.196,-0.2024,0.8,20.5788,-19.715,7.9806,-10.7776,-15.2567,-13.723,0.8482
82783,0.1365,-0.1604,0.7065,6.3193,-13.3486,23.4004,-10.4274,-15.8885,-12.3891,0.7373
82800,0.104,-0.1462,0.6909,-2.0242,-16.6081,12.7668,-10.3784,-16.0021,-12.1721,0.7138
82817,0.1326,-0.1067,0.668,-9.8792,-25.8066,-2.8591,-10.5681,-16.1461,-12.2207,0.6893
82833,0.1958,-0.0696,0.5925,-15.3525,-29.2951,-11.6606,-11.1079,-16.2182,-12.4073,0.6279
82850,0.2625,-0.0371,0.5671,-16.551,-28.2035,-10.6683,-11.9252,-16.1795,-12.5886,0.626
82867,0.312,-0.0256,0.5571,-13.3906,-27.6768,-2.7828,-12.8357,-16.0893,-12.6359,0.6391
82924,0.3494,-0.0874,0.729,-6.8716,-13.4478,15.2783,-13.7161,-16.4551,-11.7651,0.8131
82940,0.3418,-0.1152,0.8005,-7.2838,-16.5394,8.6981,-14.1957,-16.3786,-11.6259,0.878
82957,0.356,-0.1003,0.8345,-8.1616,-22.4554,-3.6912,-14.6792,-16.3642,-11.6887,0.9128
82974,0.3877,-0.1174,0.8691,-6.1311,-22.8447,-9.2713,-15.146,-16.3902,-11.8463,0.9589
82991,0.4041,-0.1562,0.918,-0.6807,-16.9211,-7.3935,-15.4896,-16.3972,-11.972,1.0151
83008,0.3801,-0.2139,1.0183,4.4796,-9.1195,-6.5919,-15.5996,-16.3646,-12.084,1.1078
83064,0.1077,-0.0737,1.2329,6.0063,2.4988,-19.821,-14.852,-15.7125,-13.194,1.2398
83081,0.2151,-0.136,1.2202,13.075,24.1553,-16.569,-14.442,-14.9442,-13.4757,1.2465
83098,0.3887,-0.3477,1.4155,32.8842,28.9568,-5.6454,-13.9249,-14.4258,-13.5716,1.5085
83115,0.3335,-0.4087,1.5164,47.5101,1.9721,4.6523,-13.0721,-14.4199,-13.4926,1.6055
83131,0.0906,-0.2578,1.3635,41.4643,-15.3409,4.4844,-12.0617,-14.5071,-13.4208,1.3906
83148,-0.0439,-0.1526,1.1897,29.5483,-8.8066,-5.1492,-11.0131,-14.3628,-13.5083,1.2002
83205,0.0994,-0.0667,0.7466,21.2887,-12.0814,-27.9049,-9.7097,-14.6535,-15.0989,0.7561
83222,0.1367,0.02,0.7312,17.5941,-10.6005,-18.7294,-9.4576,-14.1776,-15.4173,0.7441
83238,0.1362,0.0483,0.6523,11.6094,-11.7302,-12.7675,-9.3716,-13.6212,-15.6216,0.6682
83255,0.1348,0.0515,0.5977,3.1819,-4.0508,-6.8744,-9.4513,-12.9454,-15.7385,0.6148
83272,0.1562,0.0569,0.5999,-8.154,3.1171,1.7516,-9.7878,-12.16,-15.7087,0.6225
83289,0.1755,0.0405,0.615,-20.1082,5.6973,8.8737,-10.3604,-11.4298,-15.5578,0.6408
83345,0.1555,0.011,0.6702,-3.4365,-14.8829,0.3012,-10.6532,-11.7352,-15.541,0.6881
83362,0.1533,0.0327,0.6685,2.0292,-17.4936,-4.6072,-10.7101,-11.4392,-15.6193,0.6866
83379,0.1528,0.0366,0.6802,0.7315,-12.005,-6.7904,-10.7756,-11.0542,-15.7347,0.6981
83396,0.2205,0.0161,0.7864,-2.8563,-4.2493,-7.9889,-11.0175,-10.6345,-15.8705,0.8169
83412,0.2395,0.0427,0.8484,-4.6807,-6.7379,-8.4927,-11.2785,-10.1973,-16.0064,0.8826
83429,0.2625,0.0659,0.9104,-4.3067,-19.7913,-12.2255,-11.5393,-9.9467,-16.2143,0.9498
83486,0.2659,0.1226,0.8774,-20.9784,-19.5318,-14.8057,-12.8938,-10.2996,-17.0582,0.925
83503,0.3064,0.084,1.0085,-14.3296,-15.5165,-10.6148,-13.2857,-9.9504,-17.2386,1.0574
83519,0.2988,0.0439,1.1257,-2.3983,-22.5623,-8.5461,-13.3853,-9.8095,-17.3754,1.1655
83536,0.2798,0.0527,1.1765,2.2124,-29.5852,-15.0958,-13.3484,-9.7973,-17.632,1.2105
83553,0.3252,0.0315,1.2476,-2.1769,-36.9134,-23.6377,-13.4342,-9.95,-18.0338,1.2896
83570,0.2825,0.1216,1.2827,-4.4594,-34.3791,-20.9507,-13.4642,-9.8965,-18.39,1.3191
83627,0.3772,-0.0852,1.3887,29.0368,-11.6692,-10.5996,-11.9435,-10.2796,-18.9942,1.4415
83643,0.3481,-0.1982,1.2966,28.7773,-23.2264,2.0569,-11.6183,-10.5729,-18.9613,1.3571
83660,0.2759,-0.1951,1.1448,5.6246,-19.4554,15.8508,-11.5963,-10.8543,-18.6918,1.1936
83677,0.2278,-0.1821,1.009,-20.2609,-7.9592,28.0035,-11.9642,-10.9593,-18.2157,1.0503
83694,0.2185,-0.1743,0.9148,-28.9479,1.1553,32.431,-12.4862,-10.9336,-17.6644,0.9565
83710,0.2371,-0.2021,0.8748,-20.8563,1.056,33.4844,-12.8988,-11.0005,-17.1287,0.9286
83767,0.1584,-0.2336,0.8384,22.1055,-11.3486,33.5455,-11.5859,-11.8044,-15.2166,0.8846
83784,0.145,-0.2207,0.8386,19.9376,-21.2646,22.2096,-11.1768,-12.269,-14.839,0.8792
83801,0.1228,-0.1621,0.77,10.2811,-24.318,12.7439,-10.9168,-12.6507,-14.6224,0.7964
83817,0.144,-0.0913,0.7134,-3.8334,-26.3867,6.4004,-10.992,-12.8417,-14.52,0.7335
83834,0.1875,-0.032,0.6633,-13.0395,-30.2264,4.5989,-11.3958,-12.9317,-14.4418,0.6901
83851,0.2319,-0.0024,0.5811,-18.5433,-30.7379,8.3164,-12.113,-12.9258,-14.3004,0.6256
83908,0.2715,-0.0718,0.6267,-11.925,-33.7989,26.7974,-13.2124,-14.5195,-12.773,0.6867
83924,0.251,-0.0615,0.5847,-17.0013,-30.3409,21.3317,-13.8697,-14.6451,-12.4316,0.6393
83941,0.2915,-0.0549,0.6018,-20.1464,-24.5318,13.9806,-14.6738,-14.6682,-12.194,0.6709
83958,0.3508,-0.0549,0.6216,-14.9861,-23.3715,9.1409,-15.5052,-14.6649,-12.0386,0.7159
83975,0.3892,-0.0881,0.6475,-3.8945,-18.7684,10.0722,-16.1796,-14.6947,-11.8674,0.7605
83992,0.4075,-0.1123,0.7234,6.2811,-12.4096,15.2554,-16.594,-14.6624,-11.608,0.8378
84048,0.3069,-0.1316,1.0117,10.3651,-8.0737,-8.737,-16.0426,-14.8064,-12.0973,1.0654
84065,0.322,-0.137,1.0786,6.1284,-9.6692,-22.0194,-15.9608,-14.6614,-12.4716,1.134
84082,0.2402,-0.0503,1.1179,6.846,-6.547,-26.4774,-15.6953,-14.2848,-12.9217,1.1445
84099,0.1829,-0.0081,1.1533,14.4796,9.7431,-25.5156,-15.1916,-13.5704,-13.3555,1.1678
84116,0.2097,-0.0068,1.293,31.8078,27.6362,-26.0118,-14.4333,-12.5887,-13.7977,1.3099
84132,0.3093,-0.0928,1.4436,45.1895,38.6133,-17.6988,-13.6447,-11.6392,-14.0809,1.4793
84189,0.0996,-0.1384,1.2209,12.9605,-32.7989,-27.1034,-12.5751,-13.2271,-15.6258,1.2328
84206,0.0969,-0.0884,0.991,-10.4823,-31.4096,-33.5003,-12.4657,-13.4145,-16.1953,0.9996
84222,0.1631,-0.0884,0.8181,-13.8868,-25.2951,-30.1416,-12.6288,-13.513,-16.6775,0.8389
84240,0.2104,-0.1338,0.7061,-3.612,-16.4478,-18.8133,-12.839,-13.6859,-17.0162,0.7488
84256,0.2227,-0.1545,0.7122,12.93,-11.3944,-4.966,-12.8064,-13.8032,-17.0956,0.762
84273,0.1951,-0.1169,0.7505,23.2964,-15.3715,1.2477,-12.4901,-13.8562,-17.0744,0.7842
84330,0.1646,0.0176,0.5869,-23.612,-21.7226,-14.7675,-13.9087,-14.422,-17.9162,0.6098
84346,0.2095,0.0432,0.5557,-29.8334,-17.0127,-9.9355,-14.6346,-13.9286,-18.0751,0.5954
84364,0.2297,0.0564,0.5227,-24.6578,-11.486,-0.4087,-15.4194,-13.3236,-18.0825,0.5737
84380,0.2212,0.0608,0.5742,-12.7418,-5.0814,7.5684,-15.8368,-12.627,-17.9614,0.6183
84397,0.2041,0.0515,0.6575,0.7086,-3.3791,9.1867,-15.8796,-11.9979,-17.8052,0.6903
84414,0.1948,0.0374,0.7681,8.8155,-2.547,4.9195,-15.6692,-11.4481,-17.7216,0.7933
84470,0.25,0.0608,0.8855,-12.8487,-13.0279,-8.9049,-16.3624,-11.5335,-18.2203,0.9221
84488,0.2451,0.0857,0.8816,-19.7036,-15.6157,-6.3477,-16.6672,-11.1199,-18.3345,0.919
84504,0.2285,0.1084,0.8916,-20.6044,-17.486,-5.4087,-16.8879,-10.6664,-18.4211,0.9268
84520,0.2366,0.116,0.8982,-16.3601,-19.6463,-9.4393,-17.0493,-10.2473,-18.5721,0.936
84538,0.2549,0.1606,0.9458,-6.1693,-24.3791,-15.6988,-17.0691,-9.8731,-18.8547,0.9926
84554,0.3071,0.1558,0.9729,6.0826,-26.234,-19.8515,-16.9854,-9.5173,-19.1723,1.032
84611,0.3555,0.1033,1.1387,-3.8181,-26.5165,1.8355,-17.2057,-10.3803,-19.0677,1.1973
84628,0.2349,0.2222,1.1685,-15.4975,-20.1119,-0.653,-17.2172,-9.8627,-19.0788,1.2124
84644,0.2229,0.2659,1.106,-15.299,-8.1348,-10.6377,-17.207,-9.0524,-19.249,1.1591
84662,0.3992,0.1021,1.1519,-1.5128,4.8957,-11.8286,-17.3067,-8.4032,-19.4619,1.2233
84678,0.5049,-0.1206,1.2031,19.5941,5.7583,4.0264,-17.22,-8.2076,-19.3975,1.3103
84695,0.501,-0.2727,1.2185,25.7849,-2.8066,24.6142,-16.9848,-8.4297,-18.979,1.3454
84752,0.2502,-0.2708,1.041,-15.4212,10.8728,30.9958,-17.6731,-8.0807,-17.2123,1.1044
84768,0.2957,-0.2881,1.03,-4.7723,6.3843,30.1027,-17.6576,-8.2844,-16.7306,1.1097
84785,0.2927,-0.2688,0.9912,7.1513,-0.8753,34.4997,-17.4709,-8.5742,-16.1441,1.0679
84802,0.2556,-0.2405,0.9521,11.1361,-4.5623,37.0111,-17.1739,-8.8727,-15.5149,1.0148
84818,0.2332,-0.2075,0.9119,5.7162,-8.5089,32.4386,-16.9592,-9.1613,-14.9959,0.9638
84836,0.2092,-0.1624,0.842,-7.3067,-14.234,24.4233,-16.9555,-9.4774,-14.5563,0.8827
84892,0.2744,-0.0332,0.5662,-28.3906,-25.4096,13.3623,-18.8364,-10.5985,-13.808,0.63
84909,0.3162,-0.0359,0.5535,-20.7342,-26.3486,16.3164,-19.6087,-10.753,-13.5306,0.6384
84926,0.3281,-0.0613,0.5413,-10.3067,-33.6997,17.7516,-20.2351,-11.1312,-13.2289,0.6359
84942,0.3037,-0.0505,0.5325,-2.5968,-35.3791,15.5607,-20.6492,-11.4463,-12.9799,0.6151
84960,0.3005,-0.0325,0.5403,-2.238,-32.5089,11.6218,-21.0235,-11.6878,-12.7707,0.6191
84976,0.3359,-0.0295,0.5911,-5.383,-29.6081,10.4462,-21.4485,-11.7895,-12.6036,0.6805
85032,0.3745,-0.0938,0.7317,-5.1769,-13.4096,19.1943,-21.9456,-12.3309,-11.5287,0.8273
85050,0.3896,-0.0967,0.8086,3.4872,-17.6386,16.6829,-22.0303,-12.4152,-11.2284,0.9028
85066,0.396,-0.1057,0.896,14.7544,-18.7837,14.8355,-21.8704,-12.4762,-10.991,0.9853
85083,0.3884,-0.1436,0.9653,21.7926,-15.6844,12.0645,-21.508,-12.5715,-10.7859,1.0504
85100,0.3599,-0.1641,1.0549,19.9376,-14.089,5.347,-21.0674,-12.6521,-10.695,1.1266
85116,0.2952,-0.1021,1.1279,13.9071,-13.4707,-2.2866,-20.5954,-12.5598,-10.7316,1.1704
85174,0.2705,-0.1023,1.2925,23.8002,34.1247,10.8432,-18.9178,-10.3383,-10.1027,1.3244
85190,0.3667,-0.3071,1.3782,35.1284,25.8347,15.8203,-18.2038,-10.0305,-9.8496,1.4588
85207,0.2522,-0.3435,1.3542,37.4719,6.3919,18.5149,-17.2734,-10.0943,-9.5348,1.4197
85224,0.0732,-0.2419,1.1833,19.9376,-3.2569,9.9042,-16.3959,-10.2059,-9.3665,1.21
85240,0.0024,-0.1311,1.0088,2.4109,1.3919,-7.737,-15.7085,-10.0724,-9.4903,1.0173
85257,0.0825,-0.1096,0.9407,4.5635,-1.6921,-27.5996,-15.2049,-9.963,-9.9594,0.9506
85314,0.2637,-0.0149,0.8606,56.6246,-27.6157,-19.7828,-12.1795,-11.1153,-11.0871,0.9002
85330,0.2009,0.0708,0.8132,40.4338,-27.0356,-8.8744,-11.6244,-10.8869,-11.2291,0.8407
85348,0.1787,0.1174,0.7542,13.4948,-18.9974,-2.9813,-11.4533,-10.4257,-11.2827,0.7839
85364,0.178,0.1096,0.6917,-15.8181,-12.6234,-1.3477,-11.8086,-9.8423,-11.3043,0.7225
85381,0.2222,0.0483,0.6208,-34.1616,-6.6615,2.66,-12.6791,-9.3793,-11.2591,0.6612
85398,0.2603,0.0364,0.6155,-37.0471,-1.0432,8.6218,-13.692,-8.8858,-11.1125,0.6692
85454,0.136,0.0127,0.7153,-5.3906,-5.6005,13.6294,-13.8646,-8.7908,-10.3492,0.7283
85471,0.1316,0.0232,0.7695,-1.7418,-9.5776,-1.4774,-13.7264,-8.5264,-10.3744,0.781
85488,0.1602,0.041,0.79,-0.3906,-13.8524,-16.2103,-13.6415,-8.2926,-10.6499,0.8072
85505,0.239,0.0532,0.8232,0.6017,-18.9516,-23.7294,-13.7323,-8.1222,-11.0533,0.8589
85522,0.3254,0.0674,0.8528,1.2964,-19.944,-23.1568,-13.995,-7.9421,-11.447,0.9153
85538,0.3276,0.0972,0.8679,2.075,-21.089,-18.2255,-14.2259,-7.6928,-11.7386,0.9328
85595,0.3914,0.0857,1.1333,-5.5662,-26.4554,-19.2637,-14.7215,-8.6598,-12.8366,1.202
85612,0.4094,0.0508,1.1528,-9.9174,-34.6463,-22.5385,-15.0759,-8.7779,-13.2198,1.2244
85628,0.4253,0.0051,1.1245,-17.6044,-35.7608,-21.3629,-15.5719,-8.9656,-13.5616,1.2023
85645,0.3599,0.0447,1.1572,-23.5662,-30.3867,-7.7217,-16.0241,-9.0145,-13.6929,1.2127
85662,0.302,0.0588,1.1577,-25.154,-18.5547,2.4768,-16.3777,-8.8403,-13.6508,1.1979
85679,0.2039,0.1443,1.1704,-19.3219,-5.8753,6.0798,-16.4303,-8.3015,-13.5474,1.1968
85736,0.3274,-0.2102,1.2031,13.9681,-33.2722,5.263,-15.609,-10.1865,-13.2474,1.2645
85752,0.2048,-0.1353,0.9846,-19.7876,-28.2264,10.2019,-15.7544,-10.5255,-13.0842,1.0148
85769,0.1826,-0.1042,0.8386,-46.612,-6.0966,16.3241,-16.3727,-10.4874,-12.8067,0.8646
85786,0.2417,-0.1375,0.8184,-47.5052,7.995,19.805,-17.1426,-10.3188,-12.47,0.8643
85803,0.3025,-0.1975,0.8401,-24.5433,5.5369,22.9042,-17.6301,-10.3449,-12.0806,0.9145
85819,0.2949,-0.2539,0.8479,7.388,-3.089,25.4768,-17.5485,-10.6454,-11.673,0.9329
85876,0.2236,-0.158,0.8369,24.1513,-15.2798,8.8813,-16.1135,-11.4832,-11.1668,0.8806
85893,0.2231,-0.1277,0.7786,10.5712,-17.3944,4.576,-15.9282,-11.6803,-11.089,0.8199
85910,0.2581,-0.1177,0.7493,-0.6731,-18.7608,3.6142,-16.0536,-11.8763,-11.0275,0.8012
85926,0.2856,-0.1079,0.7134,-8.5815,-23.486,5.2783,-16.4073,-12.106,-10.9431,0.776
85943,0.2842,-0.085,0.6714,-13.8029,-24.6539,6.5455,-16.8874,-12.3126,-10.8318,0.734
85960,0.2979,-0.0825,0.6394,-15.4441,-25.547,6.9424,-17.4558,-12.5312,-10.7138,0.7102
86017,0.3442,-0.0774,0.627,-2.7571,-35.8524,0.9882,-18.0519,-14.2733,-10.6574,0.7194
86034,0.3386,-0.0786,0.6187,-1.4517,-28.6768,2.6523,-18.4936,-14.46,-10.6124,0.7096
86050,0.3496,-0.0583,0.6836,5.6094,-19.7684,-0.966,-18.7478,-14.3804,-10.6278,0.77
86067,0.387,-0.0476,0.7944,19.5101,-14.8829,-7.2942,-18.7167,-14.1853,-10.7518,0.8849
86084,0.4138,-0.0481,0.9622,41.4032,-25.0432,-11.7981,-18.2222,-14.141,-10.9524,1.0485
86100,0.3887,-0.0542,1.0466,54.6017,-37.5776,-13.2866,-17.4685,-14.2712,-11.165,1.1178
86158,0.3074,0.0398,1.0776,-1.0242,-4.2035,-11.1797,-17.4632,-13.8498,-11.8134,1.1213
86174,0.2725,0.073,1.0989,-7.9021,4.5064,-3.1874,-17.4419,-13.0745,-11.8644,1.1345
86191,0.2642,0.0579,1.0728,-4.2609,16.3537,7.5913,-17.3663,-12.1612,-11.7353,1.1063
86208,0.3408,-0.0969,1.1421,5.9758,25.6972,13.1332,-17.2365,-11.4494,-11.5121,1.1958
86224,0.3606,-0.187,1.2166,19.6781,15.3079,18.2477,-16.8979,-11.1058,-11.2201,1.2826
86241,0.2205,-0.1133,1.165,21.22,2.0942,14.9806,-16.3024,-10.8496,-10.9654,1.1911
86298,0.2073,-0.0132,0.8867,39.8765,-7.8295,-15.0347,-13.9944,-10.8781,-11.8224,0.9107
86315,0.2625,-0.0381,0.929,59.0445,-9.9516,-4.1797,-13.1016,-10.6993,-11.8935,0.9661
86332,0.2507,-0.0254,0.9863,68.3345,-19.3333,8.9348,-12.0327,-10.6458,-11.7416,1.018
86348,0.1907,0.0413,0.9111,65.7162,-24.7455,13.1027,-11.0143,-10.4964,-11.5319,0.9318
86365,0.1643,0.095,0.8306,52.1437,-19.3485,9.4386,-10.1675,-10.1313,-11.3715,0.852
86382,0.1755,0.1084,0.7717,34.5635,-12.5318,0.0951,-9.7045,-9.6108,-11.3699,0.7988
86438,0.241,-0.0012,0.5938,-23.1922,1.8194,1.2019,-11.4467,-9.1333,-11.3026,0.6408
86455,0.2388,-0.0085,0.6372,-19.2914,1.1553,-0.1263,-12.1252,-8.7798,-11.3047,0.6805
86472,0.2263,0.0366,0.7002,-11.2914,-10.5012,-9.882,-12.5401,-8.4802,-11.4727,0.7368
86489,0.2256,0.0952,0.696,-9.1464,-25.1577,-21.5309,-12.8998,-8.24,-11.8387,0.7379
86506,0.2317,0.1477,0.658,-11.7723,-28.9211,-26.6988,-13.3344,-7.8763,-12.2926,0.713
86522,0.2747,0.158,0.6526,-12.9937,-19.5318,-25.1492,-13.8905,-7.317,-12.695,0.7254
86579,0.3464,0.1589,0.918,-6.9861,-16.0585,0.5684,-14.5331,-7.5101,-12.6626,0.994
86596,0.3193,0.168,0.9578,-11.1769,-19.6386,-0.3858,-14.8614,-7.1323,-12.6692,1.0235
86612,0.3394,0.1484,0.989,-16.7723,-17.4631,-2.2866,-15.2743,-6.7739,-12.7057,1.0561
86630,0.3767,0.0942,1.0474,-21.8029,-14.402,-1.2866,-15.8285,-6.5461,-12.7289,1.117
86646,0.3943,0.0181,1.1204,-28.9632,-20.8295,-1.508,-16.4156,-6.5673,-12.753,1.1879
86663,0.3752,0.0051,1.1416,-35.6273,-27.86,-3.4545,-17.0683,-6.7489,-12.8118,1.2017
86720,0.3691,0.1074,1.2529,-9.6884,24.8423,18.0493,-17.5701,-4.9236,-11.7829,1.3106
86736,0.4419,-0.1162,1.4092,15.1819,30.2774,36.7134,-17.3283,-4.4502,-11.1955,1.4814
86753,0.3455,-0.1963,1.4055,14.93,10.6972,47.034,-16.9387,-4.4156,-10.396,1.4606
86770,0.1282,-0.1362,1.1882,-15.009,-1.8905,45.1409,-16.7508,-4.5314,-9.6286,1.2029
86787,0.0581,-0.0681,0.9978,-44.2303,12.2316,28.2706,-16.9356,-4.3068,-9.148,1.0018
86804,0.1384,-0.0796,0.9309,-52.7571,10.5064,3.7439,-17.4563,-4.1585,-9.0843,0.9445
86860,0.2576,-0.1431,0.8123,12.8155,-9.6005,-4.7217,-16.7628,-4.9079,-9.3487,0.864
86877,0.2173,-0.1313,0.8147,18.4872,-10.7073,-0.4469,-16.3806,-5.2526,-9.3563,0.8533
86894,0.1929,-0.1274,0.7961,15.0674,-11.6081,-1.8515,-16.0176,-5.5957,-9.3878,0.829
86910,0.2114,-0.1079,0.7866,6.6781,-12.776,-6.3019,-15.8708,-5.8806,-9.4886,0.8217
86927,0.2424,-0.0725,0.7888,-3.5433,-19.4707,-8.4087,-15.9745,-6.1732,-9.6316,0.8284
86944,0.2681,-0.0637,0.739,-11.8639,-23.631,-6.279,-16.3239,-6.5091,-9.7383,0.7887
87001,0.3022,-0.0313,0.6934,-15.4975,-31.3027,3.4233,-17.4602,-8.0648,-9.5432,0.757
87017,0.3101,-0.0151,0.7036,-15.1235,-32.4325,2.4081,-17.9452,-8.2897,-9.5047,0.769
87034,0.333,-0.011,0.6924,-17.5815,-32.5699,1.5684,-18.5416,-8.526,-9.478,0.7684
87051,0.3516,-0.0127,0.6853,-21.5052,-27.2188,4.5989,-19.2371,-8.6716,-9.3998,0.7703
87068,0.364,-0.0183,0.7058,-22.5052,-21.7455,10.431,-19.9258,-8.7391,-9.2225,0.7944
87085,0.3706,-0.043,0.7332,-16.299,-16.5852,15.721,-20.4659,-8.7944,-8.9552,0.8226
87141,0.2842,-0.0845,0.9365,16.701,-19.776,-0.0652,-19.422,-9.7119,-8.9589,0.9823
87158,0.2693,-0.0896,0.9958,14.3498,-19.6081,-8.6377,-19.0139,-9.8491,-9.1057,1.0355
87175,0.2729,-0.0574,1.0576,11.8536,-22.1806,-17.6988,-18.6379,-9.9413,-9.4066,1.0938
87192,0.2385,0.0459,1.0789,13.0903,-18.3867,-19.5843,-18.177,-9.7463,-9.7395,1.1059
87208,0.229,0.0964,1.1118,20.1361,-3.1195,-13.5385,-17.6045,-9.2061,-9.9562,1.1392
87225,0.3149,0.0347,1.175,29.1971,17.2927,-5.7446,-17.0237,-8.488,-10.0538,1.217
87282,0.1479,-0.0034,1.0933,-0.5204,-13.3944,5.3623,-16.6795,-8.8886,-9.7482,1.1032
87299,0.0679,0.0359,0.8936,-15.551,-7.4173,-5.5385,-16.4397,-8.5621,-9.8423,0.8968
87315,0.1648,-0.062,0.8782,-6.9632,8.0637,-12.9965,-16.3132,-8.2573,-10.0503,0.8957
87332,0.2847,-0.176,0.9563,24.2048,2.369,-12.966,-15.9184,-8.3056,-10.2707,1.0132
87349,0.2263,-0.1541,0.9927,49.991,-9.234,-10.8057,-14.9736,-8.4769,-10.4544,1.0297
87366,0.1572,-0.0876,0.9441,52.7239,-20.8753,-15.8973,-13.8908,-8.6907,-10.7246,0.9611
87422,0.2427,0.0813,0.6851,12.0216,-17.2798,-20.8591,-13.4641,-9.0013,-11.8928,0.7313
87439,0.2808,0.0671,0.6628,9.8613,-10.9974,-5.3095,-13.6787,-8.5894,-11.983,0.723
87456,0.2532,0.04,0.6956,10.9834,-9.6157,13.1409,-13.7511,-8.2709,-11.7596,0.7413
87473,0.1978,-0.0005,0.7388,11.3345,-12.8218,25.1409,-13.6155,-8.1509,-11.3322,0.7648
87490,0.1016,-0.0178,0.7424,5.533,-12.6157,25.8508,-13.2921,-8.0857,-10.8928,0.7496
87506,0.0798,-0.0291,0.7837,-5.3906,-6.1348,17.721,-13.0757,-7.9414,-10.6092,0.7883
87563,0.3105,0.064,0.7793,-20.5128,-18.7379,-13.0881,-14.5416,-8.4614,-11.3552,0.8413
87580,0.3401,0.0051,0.7747,-22.7494,-10.5547,-3.4698,-15.2793,-8.28,-11.4142,0.846
87597,0.312,-0.0039,0.8262,-23.1082,-10.9974,-2.3629,-15.8728,-8.1392,-11.4544,0.8831
87613,0.2839,0.0439,0.8806,-20.4517,-14.0737,-11.6912,-16.266,-7.9155,-11.6415,0.9263
87630,0.3076,0.0842,0.9475,-12.1235,-20.6463,-25.7981,-16.53,-7.7326,-12.08,0.9997
87647,0.3687,0.0957,0.9839,0.8842,-31.402,-37.3553,-16.6725,-7.7136,-12.7151,1.055
87703,0.3735,0.0779,1.0647,-0.6807,-24.86,-18.2713,-16.8136,-8.5742,-13.7383,1.131
87720,0.3101,0.1084,1.1199,-11.9097,-21.6692,-8.6683,-16.9517,-8.3637,-13.8856,1.167
87737,0.2212,0.2024,1.1777,-17.9174,-19.3562,-6.3858,-16.9855,-7.955,-13.9942,1.2153
87754,0.2122,0.2253,1.1584,-17.5052,-13.8829,-6.6988,-16.9994,-7.423,-14.1081,1.1991
87771,0.3296,0.0825,1.1528,-12.6807,-6.7302,-4.6683,-17.1631,-7.0722,-14.1874,1.2019
87787,0.4053,-0.0837,1.147,-7.9021,-7.0585,3.6676,-17.3744,-7.0647,-14.1287,1.2193
87844,0.2581,-0.0381,0.8757,-34.3601,-1.8905,4.492,-19.2158,-6.9852,-13.8727,0.9138
87861,0.335,-0.0596,0.8584,-18.4517,0.9415,2.5913,-19.5991,-6.8492,-13.8286,0.9234
87877,0.3862,-0.1113,0.856,1.3651,-5.0356,8.721,-19.7584,-6.949,-13.6891,0.9456
87895,0.3643,-0.1221,0.8508,16.6857,-2.4631,21.2477,-19.5984,-7.0402,-13.3066,0.9335
87911,0.2991,-0.1152,0.8684,21.6475,-0.7684,29.6829,-19.236,-7.0728,-12.8317,0.9257
87928,0.2532,-0.1289,0.8672,15.3498,-3.5394,28.6981,-18.8603,-7.1858,-12.3439,0.9125
87985,0.2422,-0.0701,0.679,-22.5739,-12.5623,11.3623,-20.1226,-7.8215,-11.6962,0.7243
88001,0.2708,-0.0713,0.6538,-24.8563,-12.5852,12.6829,-20.5945,-7.9508,-11.4933,0.7112
88018,0.3206,-0.1001,0.6716,-19.6807,-20.2569,11.5989,-21.1027,-8.3025,-11.2961,0.7509
88035,0.3235,-0.0955,0.6484,-12.3601,-27.7302,6.9424,-21.5111,-8.7579,-11.1781,0.7309
88051,0.3057,-0.0564,0.6172,-10.1158,-29.3944,2.6981,-21.8561,-9.0679,-11.1349,0.691
88069,0.3176,-0.0283,0.5999,-11.5586,-28.402,0.1714,-22.2966,-9.3041,-11.1318,0.6793
88125,0.397,-0.0603,0.7393,6.1208,-9.7913,16.4615,-22.2019,-9.6449,-10.21,0.8413
88142,0.3706,-0.0823,0.8623,13.8842,-10.4707,21.2859,-22.0138,-9.648,-9.8481,0.9422
88159,0.3127,-0.0806,0.9312,12.8078,-9.089,20.1714,-21.6643,-9.6082,-9.5052,0.9856
88175,0.2998,-0.0881,1.0059,6.5483,-6.0356,16.4386,-21.3586,-9.5169,-9.2422,1.0533
88193,0.2908,-0.0979,1.0791,1.2353,-5.486,13.1256,-21.0838,-9.4383,-9.0059,1.1219
88209,0.2676,-0.0696,1.1431,-2.6502,-7.9134,8.4539,-20.8072,-9.3217,-8.8707,1.176
88265,0.3298,-0.1055,1.2588,4.1361,28.0866,19.721,-20.3379,-7.6305,-7.7663,1.3056
88283,0.2949,-0.1523,1.2913,13.7544,20.3308,28.889,-19.7979,-7.2431,-7.2463,1.3332
88299,0.229,-0.1436,1.2632,16.3422,13.8576,21.7439,-19.1634,-6.9999,-6.8984,1.2918
88315,0.2163,-0.1108,1.188,17.2811,0.3232,5.6752,-18.5425,-6.9281,-6.8076,1.2126
88333,0.1836,-0.0574,1.0388,17.6552,-11.0737,-6.7446,-17.896,-6.9688,-6.929,1.0565
88349,0.2073,-0.0608,0.9255,17.1666,-7.776,-6.7065,-17.4204,-6.9598,-7.0363,0.9504
88406,0.1584,-0.0525,0.844,5.2582,-15.0814,17.2859,-16.8603,-7.649,-6.051,0.8603
88423,0.1353,-0.0278,0.7561,-1.8181,-19.3867,8.2783,-16.621,-7.7438,-5.9103,0.7686
88439,0.1748,0.011,0.6702,-8.467,-22.5394,-0.9126,-16.6709,-7.7426,-5.9249,0.6927
88457,0.2263,0.0283,0.5818,-12.9784,-20.3562,-0.0194,-17.0777,-7.6732,-5.9252,0.6249
88473,0.251,0.0361,0.5349,-12.0395,-13.5318,8.3699,-17.5829,-7.4196,-5.7913,0.592
88489,0.252,0.0076,0.5547,-4.696,-8.1882,19.2096,-17.9288,-7.2173,-5.4839,0.6093
88547,0.1831,-0.0017,0.7712,14.4796,-15.1043,15.3317,-16.9396,-7.7747,-4.5947,0.7927
88563,0.1733,0.072,0.782,8.4948,-11.8753,9.4081,-16.6295,-7.4356,-4.4442,0.8042
88580,0.2244,0.0969,0.8296,-1.7342,-10.1119,8.2554,-16.594,-7.0367,-4.3038,0.8648
88597,0.2593,0.0967,0.8357,-10.7036,0.4988,16.5455,-16.7901,-6.4831,-4.0226,0.8803
88613,0.2864,0.0723,0.8982,-17.1158,8.5217,27.1027,-17.0867,-5.9089,-3.5889,0.9455
88630,0.2739,0.0134,0.9492,-20.4594,9.056,31.3088,-17.3809,-5.4923,-3.0567,0.988
88687,0.2478,-0.1042,1.0601,-27.4135,-9.4402,-14.1339,-18.7096,-6.0138,-3.8623,1.0936
88704,0.2859,-0.1172,1.0781,-29.5586,-14.7226,-26.2484,-19.0343,-6.2617,-4.3085,1.1215
88720,0.2837,-0.105,1.1123,-25.9632,-15.4707,-33.6148,-19.2417,-6.4645,-4.8464,1.1527
88737,0.1829,0.0403,1.1724,-15.3448,-12.5928,-35.5156,-19.0768,-6.3327,-5.4501,1.1872
88754,0.0427,0.176,1.217,0.7926,3.827,-34.4698,-18.3804,-5.6878,-6.0361,1.2304
88771,0.1182,0.0793,1.3315,28.7926,22.2163,-38.1187,-17.3778,-4.9613,-6.6841,1.3391
88827,0.2527,-0.1394,1.1741,27.304,-42.3791,-25.9431,-15.6974,-7.312,-8.1369,1.209
88844,0.199,-0.0757,0.9707,-28.8105,-15.3409,-3.424,-16.0017,-7.4482,-8.1951,0.9938
88861,0.2166,-0.0933,0.8423,-60.3372,2.4377,11.431,-16.9197,-7.3632,-8.0008,0.8747
88878,0.241,-0.1633,0.7512,-57.6349,8.5217,17.1867,-17.8796,-7.4203,-7.7086,0.8057
88895,0.2822,-0.2415,0.7385,-30.9479,1.7125,15.6371,-18.468,-7.8197,-7.4428,0.8267
88911,0.2422,-0.2761,0.7268,2.0063,-7.1424,11.6142,-18.3905,-8.4487,-7.257,0.8143
88968,0.1843,-0.1182,0.7302,16.6857,-32.0432,-13.966,-17.3016,-10.2318,-8.0531,0.7623
88984,0.2187,-0.106,0.678,-5.7036,-28.9898,-11.7828,-17.4044,-10.6232,-8.2416,0.7202
89001,0.2356,-0.1042,0.6182,-21.1235,-23.3638,-4.3019,-17.8768,-10.9624,-8.3147,0.6697
89018,0.2271,-0.0925,0.6045,-27.6426,-18.7837,3.2325,-18.4276,-11.1786,-8.2598,0.6523
89035,0.2153,-0.0708,0.6333,-26.1082,-18.5623,2.2935,-18.8634,-11.2895,-8.2208,0.6726
89052,0.2354,-0.0515,0.6677,-18.7571,-24.6157,-5.4469,-19.1895,-11.4161,-8.3134,0.7099
89108,0.3159,0.0222,0.7617,-10.6426,-24.6539,-3.9431,-19.8948,-12.2181,-8.5342,0.8249
89125,0.3342,0.0459,0.8032,-15.1845,-21.5318,-4.6301,-20.2492,-11.9499,-8.6129,0.8712
89142,0.3672,0.019,0.8572,-14.5891,-21.5699,-3.5232,-20.6046,-11.773,-8.6728,0.9327
89159,0.3862,-0.022,0.9058,-8.5433,-21.6692,1.8355,-20.8434,-11.7113,-8.6416,0.9849
89176,0.4016,-0.0654,0.9924,0.0903,-22.1195,7.0493,-20.8877,-11.7548,-8.5217,1.0726
89192,0.3721,-0.1072,1.0698,3.6094,-21.5012,11.95,-20.7603,-11.8437,-8.3305,1.1377
89249,0.1492,-0.0337,1.146,-9.9021,20.4759,21.0187,-20.7683,-10.3168,-7.1325,1.1562
89266,0.3032,-0.2556,1.251,3.846,28.7965,29.7897,-20.4092,-9.8961,-6.626,1.3123
89282,0.2922,-0.4177,1.3235,16.0063,8.2011,42.5913,-19.8226,-10.075,-5.9446,1.4183
89299,0.074,-0.3147,1.2327,14.6781,-0.7226,39.5378,-18.9232,-10.2567,-5.2724,1.2744
89316,-0.094,-0.2361,1.1169,5.5941,-7.0356,21.9806,-17.8867,-10.4386,-4.8988,1.1455
89333,-0.1274,-0.1562,0.9961,5.8918,-10.4096,-7.0958,-16.787,-10.5475,-5.0194,1.0163
89390,0.1973,-0.1384,0.8523,48.2582,-18.9287,-24.4316,-13.9896,-11.5304,-6.412,0.8857
89406,0.1787,-0.0676,0.855,32.9147,-21.1272,-16.5232,-13.3952,-11.5746,-6.6764,0.8761
89423,0.1599,-0.0066,0.7666,7.1055,-25.3409,-12.0194,-13.2147,-11.5449,-6.8807,0.7831
89440,0.1804,0.0024,0.666,-17.4441,-17.7531,-9.7828,-13.5771,-11.3645,-7.047,0.69
89456,0.2559,-0.0066,0.6025,-31.7265,-13.1348,-3.5309,-14.4416,-11.1367,-7.1035,0.6546
89474,0.3005,-0.0063,0.6067,-31.07,-14.2722,5.4157,-15.4549,-10.9618,-7.006,0.6771
89530,0.1621,-0.0378,0.7124,-3.841,-18.6081,9.8813,-15.5553,-11.6454,-6.4527,0.7316
89547,0.158,-0.0273,0.7712,-3.925,-16.715,2.3623,-15.4598,-11.5335,-6.4125,0.7877
89564,0.1912,-0.0037,0.8142,-5.4212,-17.1043,-4.7675,-15.4584,-11.3617,-6.4936,0.8364
89580,0.2178,0.0193,0.8223,-9.2074,-17.2722,-6.821,-15.5747,-11.1187,-6.6027,0.8508
89597,0.2512,0.0032,0.8259,-13.3525,-15.8524,-2.569,-15.8464,-10.9239,-6.6464,0.8633
89614,0.2661,-0.0352,0.8616,-15.3677,-4.7379,5.9577,-16.1493,-10.6577,-6.5451,0.9024
89670,0.2009,-0.1965,1.1824,-10.8181,-22.5623,-20.6148,-16.4656,-11.8219,-7.6995,1.2153
89688,0.1633,-0.124,1.2161,-8.1235,-36.0585,-42.9889,-16.2518,-12.205,-8.4733,1.2332
89704,0.1047,0.019,1.2021,-2.8639,-38.7989,-58.6072,-15.8448,-12.2765,-9.411,1.2069
89721,0.0808,0.1738,1.1523,11.1895,-25.4478,-62.1645,-15.1871,-11.8576,-10.4678,1.1682
89738,0.2332,0.075,1.1519,37.4414,-3.1959,-57.508,-14.4254,-11.2865,-11.4455,1.1776
89754,0.4329,-0.1345,1.2703,68.7239,-1.9363,-48.3935,-13.5415,-11.1066,-12.2198,1.3487
89811,0.2219,-0.0405,0.845,-14.7494,-2.9058,15.1103,-14.395,-10.9312,-11.3585,0.8746
89828,0.2563,-0.0649,0.79,-33.6044,16.369,26.9653,-15.0844,-10.4148,-10.9001,0.8331
89845,0.3281,-0.1721,0.8044,-18.0471,22.9568,36.9729,-15.6454,-10.1066,-10.2715,0.8857
89862,0.334,-0.2483,0.8545,11.5177,11.5522,43.2019,-15.6545,-10.1619,-9.5371,0.9504
89878,0.2378,-0.2507,0.8442,31.9376,-1.3562,39.3775,-15.1422,-10.4379,-8.907,0.9122
89895,0.186,-0.2244,0.8638,37.533,-14.3791,27.263,-14.3949,-10.8375,-8.4436,0.9116
89952,0.2207,-0.0278,0.6711,-1.2609,-25.7684,-4.8744,-14.6157,-11.909,-8.7214,0.707
89969,0.2803,-0.0193,0.6316,-6.4059,-18.9898,5.9729,-15.0924,-11.8125,-8.6199,0.6913
89986,0.293,-0.0317,0.6375,-8.925,-15.8295,16.4386,-15.6206,-11.7124,-8.3404,0.7023
90002,0.2952,-0.0232,0.6489,-9.1922,-15.6615,19.2477,-16.1148,-11.5663,-8.0325,0.7133
90019,0.3093,-0.02,0.6753,-7.9097,-19.2035,15.6981,-16.5833,-11.485,-7.7656,0.743
90036,0.332,-0.0088,0.6655,-7.8105,-19.0432,13.6294,-17.1079,-11.3666,-7.5339,0.7438
90092,0.3953,-0.0581,0.8069,-0.7647,-5.7684,31.4539,-17.5063,-11.3868,-5.7725,0.9004
90109,0.3391,-0.0854,0.8899,-1.7876,-4.3638,32.2935,-17.6662,-11.222,-5.2235,0.9561
90126,0.2974,-0.1108,0.9546,-9.9555,-3.3944,24.6294,-17.8098,-11.0934,-4.8048,1.006
90143,0.2825,-0.0923,0.9863,-15.7647,-10.7913,9.9577,-17.9912,-11.0396,-4.6355,1.0301
90160,0.2815,-0.0518,0.9482,-14.841,-16.7302,-4.653,-18.1742,-10.996,-4.7146,0.9905
90176,0.2981,-0.0266,0.9502,-3.8334,-17.1424,-12.4087,-18.2026,-10.8837,-4.9131,0.9962
90233,0.2029,0.0305,1.1123,33.2353,-1.005,-6.4622,-16.0692,-10.4404,-5.2815,1.1311
90250,0.1443,0.0779,1.1506,34.0216,7.0026,-5.1263,-15.1564,-9.7537,-5.3686,1.1623
90266,0.1904,0.0447,1.187,29.1361,25.514,0.805,-14.467,-8.8854,-5.3558,1.203
90284,0.2957,-0.0925,1.2671,27.3269,34.1782,8.0264,-13.9401,-8.1064,-5.2113,1.3044
90300,0.3318,-0.1755,1.3157,30.9605,24.8805,14.2172,-13.4683,-7.704,-4.9838,1.3682
90317,0.2505,-0.1287,1.2805,33.1284,8.1324,14.3394,-12.8295,-7.4926,-4.74,1.3111
90374,0.1453,-0.084,1.0425,29.3574,-2.3486,6.4081,-11.0262,-7.5057,-4.3748,1.0559
90390,0.1738,-0.106,1.0449,28.0521,-0.6234,15.2554,-10.5301,-7.4466,-4.1307,1.0646
90407,0.1653,-0.0779,1.0881,25.9529,-11.4173,17.3699,-10.03,-7.4988,-3.8354,1.1034
90424,0.1243,-0.0784,0.9963,21.9071,-24.2493,14.7974,-9.5548,-7.7745,-3.5838,1.0071
90440,0.1021,-0.0583,0.8972,7.9223,-28.8905,12.6218,-9.3099,-8.0562,-3.3819,0.9049
90458,0.1077,-0.022,0.7681,-12.0013,-24.1653,11.4768,-9.464,-8.217,-3.1753,0.7759
90514,0.1941,-0.0076,0.574,-35.009,-23.5241,17.263,-11.7148,-9.1832,-2.2086,0.606
90530,0.157,-0.0139,0.5491,-28.4059,-23.7837,15.8966,-12.3205,-9.2393,-1.9542,0.5712
90548,0.1558,-0.0137,0.5825,-20.0471,-20.4783,11.3317,-12.7727,-9.2774,-1.7503,0.6031
90564,0.144,0.011,0.6418,-13.1845,-20.8295,3.3852,-12.9702,-9.187,-1.6961,0.6579
90582,0.1514,0.0376,0.6931,-10.6349,-20.4783,-5.111,-13.1273,-9.0492,-1.7881,0.7104
90598,0.1704,0.0518,0.718,-12.2151,-16.86,-9.6377,-13.3225,-8.7813,-1.9423,0.7398
90654,0.2415,-0.0078,0.9019,-19.9555,-16.6005,-6.8668,-14.4619,-9.3423,-2.3269,0.9337
90672,0.2039,-0.0164,0.9424,-27.9555,-17.8829,-8.0042,-14.8547,-9.3174,-2.4709,0.9643
90688,0.1804,-0.0198,0.957,-34.841,-16.8371,-14.3324,-15.2226,-9.2507,-2.7002,0.9741
90705,0.1963,-0.012,0.9976,-32.154,-17.7226,-23.9889,-15.5837,-9.1974,-3.1081,1.0168
90722,0.2463,-0.0012,1.0215,-21.6578,-24.6844,-33.8362,-15.8562,-9.235,-3.6833,1.0508
90738,0.2678,0.0054,1.0205,-10.7418,-32.1195,-39.7675,-15.9751,-9.3469,-4.3196,1.0551
90796,0.1304,0.2124,1.2268,36.0903,-1.5012,-32.5156,-13.5657,-8.6638,-6.2055,1.2519
90812,0.2305,0.1277,1.3376,57.6933,-3.547,-36.0805,-12.5262,-8.1536,-6.7827,1.3633
90828,0.3184,0.0442,1.3491,68.1666,-5.6157,-31.1339,-11.5089,-7.8387,-7.2809,1.3869
90846,0.3779,-0.042,1.3196,54.8613,-11.6692,-19.0118,-10.7395,-7.7997,-7.6231,1.3733
90862,0.3242,-0.0693,1.1738,23.7849,-13.9669,-1.424,-10.5612,-7.8374,-7.6459,1.2198
90880,0.2471,-0.0657,0.9995,-9.5739,0.4148,11.8584,-10.8584,-7.6671,-7.4324,1.0317
90936,0.386,-0.1658,0.8877,15.9376,-0.7989,10.6676,-10.493,-7.8265,-6.835,0.9821
90952,0.3369,-0.1841,0.874,41.5941,-16.5852,14.7592,-10.2611,-8.2439,-6.5989,0.9546
90970,0.2749,-0.1619,0.906,49.0826,-18.5852,14.576,-9.6677,-8.6405,-6.3365,0.9605
90986,0.239,-0.1392,0.915,36.7162,-26.6768,11.4004,-9.2962,-9.0505,-6.1541,0.9559
91002,0.2151,-0.0952,0.8523,11.8613,-31.2569,5.0722,-9.3054,-9.4236,-6.073,0.8842
91020,0.2327,-0.0276,0.7705,-14.1311,-34.1653,-0.4622,-9.849,-9.719,-6.0813,0.8053
91076,0.2939,0.0264,0.5515,-40.6655,-35.4783,15.2477,-12.7624,-11.1281,-5.2274,0.6255
91092,0.2825,0.0081,0.5327,-40.5891,-31.5928,21.179,-13.9927,-11.1336,-4.8886,0.603
91110,0.2627,-0.0037,0.5313,-37.6655,-25.3867,23.0798,-15.1363,-11.1427,-4.4731,0.5927
91126,0.2683,-0.0085,0.5444,-32.4823,-18.631,21.1867,-16.079,-11.0192,-4.1341,0.607
91144,0.2859,0.0056,0.6052,-24.2227,-13.6157,18.7974,-16.8658,-10.7924,-3.7958,0.6694
91160,0.3103,0.0049,0.7097,-11.8334,-11.5547,15.7668,-17.3175,-10.5224,-3.5435,0.7746
91216,0.3518,0.0129,1.0059,5.6246,-7.1882,15.1027,-17.0935,-10.4585,-2.6978,1.0657
91234,0.355,-0.0374,1.075,-4.07,-3.4554,19.7516,-17.2107,-10.1795,-2.3422,1.1327
91250,0.3232,-0.0706,1.1316,-16.6426,3.6973,23.1714,-17.4144,-9.8582,-1.9715,1.179
91268,0.271,-0.0818,1.1616,-23.6731,2.4148,20.7287,-17.6509,-9.5833,-1.5984,1.1956
91284,0.1802,-0.0195,1.1763,-16.5204,8.0713,17.805,-17.5469,-9.114,-1.3135,1.1901
91300,0.1868,0.0127,1.1777,-0.1769,16.4148,15.3088,-17.2082,-8.4726,-1.0685,1.1925
91358,0.2268,-0.1436,1.3491,44.93,-5.4707,16.66,-14.3978,-8.6813,-0.1023,1.3756
91374,0.1814,-0.1252,1.2615,27.6552,-20.0814,5.3928,-13.7228,-8.8693,-0.016,1.2806
91390,0.1106,-0.0859,1.0732,12.0521,-31.6157,-4.7675,-13.2234,-9.1832,-0.0923,1.0823
91408,0.1155,-0.085,0.855,0.8918,-31.0279,-9.0881,-12.9852,-9.5791,-0.2558,0.8669
91424,0.1548,-0.0747,0.7229,-3.7265,-20.2493,-6.3935,-13.004,-9.7429,-0.3581,0.7431
91442,0.1975,-0.053,0.6978,0.2735,-16.089,1.2096,-13.1096,-9.8049,-0.3364,0.7271
91498,0.1296,-0.0039,0.5791,-4.7876,-15.7531,8.9577,-13.3473,-10.2751,0.1653,0.5934
91514,0.1753,-0.0151,0.5776,-12.9174,0.2316,14.4386,-13.6868,-9.9205,0.3963,0.6038
91531,0.2144,-0.0444,0.6323,-15.841,7.1247,19.1027,-14.1452,-9.5682,0.721,0.6691
91548,0.2141,-0.0232,0.6914,-12.4975,5.6744,18.9348,-14.4713,-9.1697,1.0429,0.7242
91565,0.2043,0.0298,0.7573,-5.7952,-4.402,13.0798,-14.5906,-8.7847,1.2653,0.785
91582,0.2078,0.0283,0.7993,-1.9784,-15.6157,6.7058,-14.6217,-8.607,1.3793,0.8264
91638,0.2654,0.0112,0.8296,-10.2532,-8.2111,10.7134,-15.2975,-8.6731,1.9792,0.8711
91655,0.2869,0.0105,0.874,-12.6273,-8.5241,11.9195,-15.6185,-8.4378,2.1818,0.92
91672,0.2932,-0.0266,0.9072,-14.0624,-10.2493,12.2096,-15.9394,-8.3348,2.3894,0.9538
91688,0.3035,-0.0674,0.9197,-17.1082,-11.6463,10.66,-16.2932,-8.3479,2.56,0.9708
91705,0.3013,-0.104,0.9348,-22.3143,-11.6615,8.179,-16.7161,-8.4582,2.699,0.9877
91722,0.2959,-0.1189,0.9412,-25.6731,-14.6157,3.4539,-17.1594,-8.6464,2.7577,0.9937
91779,0.2957,-0.2239,0.9517,-16.4135,-11.8447,-19.279,-18.0442,-9.4782,1.6588,1.0214
91795,0.1978,-0.156,1.0952,-7.78,-10.6386,-29.7523,-17.8473,-9.5868,1.1828,1.1238
91812,0.0671,0.0095,1.2058,3.1819,-15.5928,-47.5996,-17.209,-9.4397,0.3736,1.2077
91829,0.0225,0.1077,1.2097,17.7315,-3.4325,-67.2332,-16.2736,-8.9147,-0.7694,1.2147
91846,0.1646,-0.0117,1.2742,38.1284,8.0484,-71.5309,-15.2947,-8.4478,-1.9854,1.2848
91863,0.3521,-0.1909,1.3447,61.22,3.8041,-64.4545,-14.2651,-8.371,-3.0811,1.4031
91919,0.2693,-0.0913,0.9709,-3.7647,6.4988,-21.2255,-14.5143,-7.9017,-4.2697,1.0117
91936,0.3237,-0.0784,0.9038,-13.3525,14.0255,-9.4469,-14.9372,-7.555,-4.4303,0.9632
91953,0.3425,-0.1282,0.8315,-5.8029,14.3461,3.0187,-15.3205,-7.3692,-4.379,0.9084
91969,0.342,-0.1936,0.8481,11.6017,11.5522,11.2019,-15.388,-7.4113,-4.1998,0.9348
91986,0.2947,-0.2029,0.8762,22.5254,-3.1272,10.8584,-15.1305,-7.6873,-4.0152,0.9464
92003,0.2209,-0.1926,0.8315,18.8765,-14.6005,2.805,-14.7977,-8.1398,-3.9675,0.8817
92060,0.2864,-0.0469,0.6096,-9.6044,-15.3486,-15.1492,-15.7353,-8.83,-4.831,0.6752
92077,0.321,-0.0186,0.6267,-8.4975,-14.3715,-5.0881,-16.3291,-8.7792,-4.9175,0.7044
92093,0.3032,-0.0149,0.6292,-8.5662,-16.5089,4.4615,-16.8366,-8.7358,-4.8461,0.6986
92110,0.2637,-0.0217,0.6592,-9.7647,-14.4631,6.9195,-17.1941,-8.6979,-4.7285,0.7103
92127,0.2639,-0.0247,0.6953,-15.6273,-13.3333,4.3546,-17.5923,-8.6488,-4.6545,0.7441
92143,0.2822,-0.0166,0.72,-21.7418,-12.1501,-1.6683,-18.0785,-8.5424,-4.6812,0.7735
92200,0.3879,0.0374,0.8042,-15.6655,-15.7684,2.2401,-19.2417,-8.9571,-4.5535,0.8937
92217,0.3643,0.0205,0.8503,-12.5815,-11.9974,8.1332,-19.6047,-8.7394,-4.4152,0.9253
92234,0.3115,-0.0132,0.9153,-10.8868,-7.1424,7.5073,-19.75,-8.5394,-4.2876,0.9669
92251,0.231,-0.0237,1.0215,-13.0624,-4.1272,-4.424,-19.6826,-8.3183,-4.3628,1.0475
92267,0.2107,-0.0173,1.0657,-21.2227,-9.4783,-25.8286,-19.6686,-8.1684,-4.7761,1.0864
92284,0.2813,0.021,1.093,-20.8868,-23.2569,-44.1645,-19.7998,-8.1772,-5.5269,1.1288
92341,0.1201,0.158,1.1072,15.5406,2.5522,10.4462,-18.4027,-7.3857,-4.9314,1.1248
92357,0.052,0.0908,1.2556,22.617,25.2698,25.0111,-17.4138,-6.5366,-4.5312,1.26
92375,0.158,-0.167,1.4331,26.5254,34.4453,23.9882,-16.5088,-5.9458,-4.0995,1.4514
92391,0.2512,-0.387,1.5664,42.5177,15.4224,21.2401,-15.5493,-6.0261,-3.7596,1.6329
92408,0.1606,-0.3181,1.4648,43.5406,-17.8753,15.1409,-14.4615,-6.5669,-3.5022,1.5076
92425,0.0518,-0.2109,1.2935,26.7086,-28.9058,14.8203,-13.5376,-7.1465,-3.2503,1.3116
92481,0.0652,-0.1758,0.7834,-13.8945,-8.3562,24.7821,-13.9287,-7.8157,-1.8625,0.8056
92498,0.0903,-0.155,0.7197,-11.9021,-14.9363,18.0951,-13.8456,-8.2331,-1.5549,0.7418
92515,0.1125,-0.1099,0.6506,-7.3601,-26.5241,9.1485,-13.7991,-8.72,-1.3993,0.6694
92532,0.158,-0.0608,0.5928,-6.9861,-32.5776,4.2477,-13.955,-9.1371,-1.3271,0.6165
92549,0.2017,-0.0369,0.5259,-10.6502,-29.1882,6.4539,-14.408,-9.4083,-1.2174,0.5644
92565,0.2341,-0.0166,0.5447,-13.5128,-25.4631,13.6371,-14.9692,-9.4929,-0.9992,0.5931
92622,0.2407,-0.0315,0.718,-21.4364,-15.2569,30.1638,-16.2842,-10.0485,0.7201,0.758
92639,0.2349,-0.0183,0.7786,-19.5204,-15.9211,27.9729,-16.6227,-9.9603,1.1957,0.8134
92655,0.2346,-0.0173,0.8225,-17.8868,-12.5852,28.7974,-16.8692,-9.8035,1.6564,0.8555
92673,0.228,-0.042,0.8928,-16.4823,-9.7989,29.7821,-17.0517,-9.6884,2.1925,0.9224
92689,0.2231,-0.0718,0.9661,-16.4364,-13.9745,26.7134,-17.141,-9.6855,2.6199,0.9941
92706,0.2004,-0.1067,1.002,-22.8029,-18.1195,19.721,-17.2775,-9.8369,2.9552,1.0274
92763,0.229,-0.1143,0.9958,-34.2761,-27.8905,-21.0194,-18.9768,-11.2314,1.7571,1.0282
92779,0.2795,-0.1328,1.0273,-18.5357,-33.6539,-30.5919,-19.1065,-11.5937,1.2676,1.0729
92796,0.2976,-0.1826,1.0325,-4.1387,-38.9134,-37.0729,-19.0436,-12.1663,0.6374,1.0899
92813,0.2534,-0.199,1.0825,0.4338,-36.1501,-42.7217,-18.7934,-12.6862,-0.0889,1.1295
92829,0.1755,-0.1108,1.1299,-1.2456,-27.4783,-49.3477,-18.4124,-12.8249,-0.8785,1.1488
92847,0.0959,-0.0103,1.1365,1.5865,-17.1577,-57.6606,-17.8415,-12.6291,-1.9164,1.1406
92903,0.4553,-0.4163,1.3115,84.3727,-8.3409,-53.9202,-13.3243,-13.2767,-4.9359,1.4494
92920,0.3945,-0.3906,1.208,60.0445,-22.4096,-38.653,-12.502,-13.8281,-5.593,1.3295
92937,0.282,-0.3242,1.0552,13.1208,-4.6234,-15.653,-12.3609,-14.0336,-5.8591,1.1393
92953,0.2393,-0.2844,0.96,-27.3754,16.7583,-3.1187,-12.8246,-13.875,-5.909,1.0294
92971,0.2544,-0.3865,0.8669,-38.0242,24.6972,1.0722,-13.5688,-13.8543,-5.8897,0.9827
92987,0.2588,-0.4541,0.8049,-20.0548,28.7202,0.2325,-13.9598,-14.0362,-5.886,0.9597
93043,0.1333,-0.2832,0.7944,44.0826,-43.9974,-60.508,-11.3908,-16.6249,-9.2744,0.8539
93061,0.1121,-0.1233,0.6506,29.5101,-47.1959,-76.653,-10.8094,-17.2046,-10.6542,0.6716
93077,0.187,-0.0657,0.5676,7.4948,-39.5165,-76.3095,-10.9868,-17.3874,-11.8751,0.6012
93094,0.2463,-0.0615,0.5127,-7.383,-25.9974,-63.7904,-11.688,-17.3899,-12.9596,0.5721
93111,0.2593,-0.0486,0.5,-12.2227,-14.089,-49.8515,-12.5119,-17.1462,-13.807,0.5653
93127,0.2795,-0.0469,0.5759,-6.3906,-13.089,-40.5232,-13.1422,-16.8475,-14.4554,0.6419
93185,0.2339,0.0415,0.6714,-9.841,-26.7837,-32.0652,-13.9314,-17.5235,-16.3152,0.7122
93201,0.2388,0.0552,0.6489,-20.9479,-19.2722,-27.8897,-14.5013,-16.9241,-16.7614,0.6937
93218,0.281,0.0513,0.679,-24.9937,-9.8447,-23.2713,-15.2262,-16.2351,-17.157,0.7366
93235,0.3198,0.0652,0.8035,-15.3677,-12.7989,-21.3171,-15.7336,-15.6091,-17.5194,0.8672
93251,0.3137,0.0652,0.843,-0.2227,-25.4096,-21.0958,-15.9219,-15.1981,-17.857,0.9019
93268,0.3098,0.0298,0.8811,10.7239,-25.8447,-19.2713,-15.8845,-14.9345,-18.1846,0.9345
93325,0.1946,0.0435,1.0977,-4.2914,-16.4554,-10.0271,-15.8857,-15.1469,-18.7561,1.1156
93342,0.2341,-0.0251,1.1304,-15.5204,2.8881,-4.7294,-15.9716,-14.5449,-18.8365,1.1546
93359,0.2883,-0.075,1.2402,-11.0548,7.5446,0.0187,-16.0357,-13.9783,-18.8362,1.2755
93375,0.3005,-0.1184,1.2883,9.8842,1.0102,10.4615,-15.7656,-13.6137,-18.6688,1.3282
93392,0.3076,-0.1672,1.2893,31.6933,-2.3104,17.2706,-15.1502,-13.4025,-18.3752,1.336
93409,0.2961,-0.1697,1.3042,43.9758,-4.7913,21.9882,-14.3341,-13.2411,-18.0014,1.3481
93466,0.116,-0.1238,1.0066,16.2124,-5.5699,32.118,-13.1345,-13.2966,-16.1707,1.0208
93483,0.1035,-0.1328,0.9224,4.9452,-12.3333,17.6752,-12.782,-13.2938,-15.8702,0.9376
93499,0.123,-0.1421,0.8215,2.1895,-14.7913,2.5989,-12.5729,-13.3817,-15.8286,0.8428
93516,0.1921,-0.1467,0.7751,6.4719,-20.3027,-2.6988,-12.5118,-13.6066,-15.8745,0.812
93533,0.2175,-0.1252,0.7258,6.9071,-20.3638,0.1409,-12.5568,-13.7862,-15.8721,0.768
93550,0.2192,-0.1003,0.6841,2.2124,-16.5699,5.5455,-12.7221,-13.839,-15.7778,0.7253
93606,0.2261,-0.0908,0.7852,-4.4899,-7.5089,9.7745,-13.0931,-13.953,-15.2305,0.8221
93623,0.2458,-0.0906,0.8328,-1.6884,-7.9745,10.3775,-13.2512,-13.7734,-15.0541,0.873
93640,0.2322,-0.0994,0.8989,-0.238,-7.7073,11.9882,-13.301,-13.6005,-14.8503,0.9337
93657,0.2097,-0.1116,0.9429,-2.2456,-7.4631,11.8203,-13.3038,-13.4482,-14.6493,0.9723
93673,0.179,-0.1191,0.9751,-8.3296,-8.2798,8.805,-13.3126,-13.3161,-14.5084,0.9985
93690,0.1497,-0.1218,0.9714,-17.3372,-9.3791,2.2325,-13.4106,-13.2225,-14.4705,0.9904
93747,0.2053,-0.0984,0.9006,-30.2914,-10.3715,-21.6683,-15.0425,-13.5105,-15.7056,0.929
93764,0.2231,-0.0967,0.9148,-23.9021,-14.2035,-24.2255,-15.3763,-13.4432,-16.1174,0.9466
93780,0.2205,-0.115,0.9351,-15.238,-17.7455,-26.3477,-15.5222,-13.4585,-16.539,0.9676
93797,0.1902,-0.094,0.9612,-9.07,-16.776,-29.9431,-15.4949,-13.4173,-17.048,0.9843
93814,0.1414,-0.0291,0.9795,-5.4059,-10.7302,-31.6912,-15.2917,-13.1237,-17.5868,0.9901
93831,0.1797,-0.0405,1.0369,-3.0166,-5.9058,-36.5767,-15.1222,-12.7847,-18.2086,1.0531
93888,0.2849,-0.1304,0.929,-17.1387,-13.4325,-31.6759,-16.131,-13.3279,-20.0141,0.9804
93904,0.2512,-0.1472,0.8506,-28.925,-6.2875,-25.2103,-16.579,-13.2841,-20.4174,0.899
93921,0.2437,-0.1592,0.8062,-31.0319,-0.715,-24.4774,-17.083,-13.2112,-20.8336,0.8571
93938,0.2534,-0.175,0.8328,-23.7952,0.5598,-27.5767,-17.4513,-13.1484,-21.3024,0.8879
93955,0.2842,-0.1758,0.8853,-10.1235,-7.2722,-31.8897,-17.6176,-13.1904,-21.8445,0.9462
93972,0.2832,-0.1914,0.9229,2.7391,-19.6844,-38.4545,-17.5372,-13.4527,-22.4982,0.9841
94028,0.2729,-0.0906,0.8447,-18.4364,-21.3562,-42.6148,-18.5393,-14.3076,-24.8847,0.8923
94045,0.2842,-0.1028,0.7952,-25.5357,-13.3027,-33.5385,-18.9951,-14.247,-25.4548,0.8507
94062,0.311,-0.1389,0.7856,-27.0853,-6.9287,-24.0576,-19.5293,-14.1912,-25.8638,0.8563
94078,0.3149,-0.1729,0.8159,-22.3525,-5.3867,-18.5385,-19.9189,-14.1848,-26.1604,0.8915
94096,0.2839,-0.1809,0.8311,-16.154,-6.8905,-18.2408,-20.1397,-14.2277,-26.4887,0.8967
94112,0.2556,-0.1741,0.8596,-12.4746,-8.5699,-22.0042,-20.1757,-14.2481,-26.8408,0.9136
94169,0.2922,-0.1553,0.8464,-16.6502,-3.9821,-24.5919,-21.03,-14.3119,-28.2425,0.9088
94186,0.3088,-0.1802,0.8599,-14.4288,-2.1195,-21.0194,-21.1991,-14.2474,-28.5999,0.9312
94202,0.3003,-0.1946,0.8855,-10.7494,-2.4783,-21.6835,-21.2492,-14.2113,-28.9468,0.9551
94220,0.2998,-0.199,0.9175,-7.78,-6.2951,-28.4851,-21.2421,-14.2411,-29.4595,0.9855
94236,0.3113,-0.1912,0.9148,-6.6731,-10.9821,-36.4087,-21.2318,-14.3122,-30.0421,0.985
94253,0.3274,-0.1802,0.8958,-6.5204,-12.8676,-41.1339,-21.2775,-14.4047,-30.7414,0.9706
94310,0.3411,-0.1934,0.8799,-5.2914,-1.4631,-35.966,-21.5454,-14.4043,-32.7914,0.9633
94326,0.3308,-0.2219,0.9136,-0.7876,-3.0737,-37.2103,-21.4711,-14.4215,-33.3868,0.9966
94344,0.3142,-0.2166,0.9248,2.701,-8.5394,-41.569,-21.2978,-14.5194,-34.135,1.0004
94360,0.3057,-0.2173,0.9534,3.1361,-16.3333,-47.5538,-21.0921,-14.703,-34.8959,1.0245
94376,0.2876,-0.21,0.9099,-1.3372,-18.8676,-53.111,-20.9536,-14.9245,-35.7457,0.9771
94394,0.2803,-0.1934,0.9004,-8.0929,-15.6539,-55.8362,-20.9324,-15.0828,-36.7507,0.9626
94450,0.3076,-0.1821,0.8696,-9.8792,-6.9669,-57.7523,-21.3901,-15.3272,-39.9848,0.9402
94468,0.3149,-0.2063,0.8594,-6.8563,-5.9745,-60.3019,-21.4375,-15.3573,-41.0703,0.9382
94484,0.3254,-0.2253,0.8777,-4.612,-4.2111,-62.4698,-21.4411,-15.3836,-42.0698,0.9628
94500,0.3259,-0.2283,0.9019,-3.2532,-7.173,-64.8973,-21.4057,-15.4466,-43.1081,0.9857
94518,0.3235,-0.2141,0.9165,-5.3906,-9.2722,-67.966,-21.4014,-15.515,-44.3315,0.9952
94534,0.3228,-0.199,0.9153,-7.3448,-11.1043,-71.2179,-21.4186,-15.5555,-45.471,0.9907
94592,0.3459,-0.1104,0.8296,5.9987,-22.0585,-69.882,-21.1262,-16.4646,-49.5242,0.9056
94608,0.3315,-0.1172,0.8447,11.9147,-17.1577,-62.1874,-20.9479,-16.3855,-50.5192,0.915
94624,0.3005,-0.1121,0.8774,10.3651,-16.4707,-60.3248,-20.7014,-16.2742,-51.4844,0.9342
94642,0.2646,-0.1262,0.8845,0.22,-14.1806,-63.6148,-20.5295,-16.1931,-52.6294,0.9319
94658,0.2539,-0.1147,0.8728,-18.1464,-7.0814,-68.882,-20.6306,-15.9537,-53.7316,0.9162
94675,0.2896,-0.1067,0.8889,-31.9021,-5.6005,-74.5385,-21.0429,-15.6807,-54.9987,0.941
94732,0.3384,-0.0869,0.824,-16.5204,-7.0585,-74.4316,-21.9938,-15.6806,-59.2413,0.895
94748,0.3379,-0.0771,0.8247,-11.0395,-4.5852,-73.3095,-22.1713,-15.3376,-60.4143,0.8946
94766,0.3425,-0.0774,0.8523,-8.9097,-3.0508,-71.6988,-22.311,-14.9843,-61.7048,0.9218
94782,0.3284,-0.0632,0.8711,-10.1693,-3.8218,-70.9736,-22.3989,-14.6097,-62.8404,0.9331
94799,0.3198,-0.0437,0.887,-13.4135,-5.776,-70.2561,-22.5141,-14.2324,-64.0348,0.9439
94816,0.3145,-0.0291,0.8806,-17.0777,-7.1882,-69.7446,-22.6779,-13.856,-65.2204,0.9355
94872,0.3386,-0.0303,0.8118,-25.0548,-3.8676,-63.3858,-24.0229,-13.5951,-68.77,0.8801
94889,0.3486,-0.0435,0.8142,-23.9326,-5.2035,-63.9126,-24.3786,-13.2585,-69.8566,0.8868
94906,0.3655,-0.0229,0.7795,-21.299,-8.4173,-66.0118,-24.7554,-12.9329,-70.9788,0.8613
94923,0.3838,-0.0225,0.7485,-18.383,-9.1195,-67.5843,-25.1506,-12.6332,-72.1277,0.8415
94940,0.3965,-0.0161,0.7393,-15.383,-5.9821,-66.0042,-25.5236,-12.2755,-73.2498,0.839
94956,0.4026,-0.0269,0.729,-11.5052,-0.631,-62.0958,-25.8351,-11.8785,-74.2433,0.8332
95013,0.3979,-0.0671,0.8647,-1.4823,3.5293,-57.1568,-25.8687,-11.3878,-77.5012,0.9543
95030,0.3906,-0.0835,0.9207,-0.9632,1.1324,-59.9889,-25.7659,-11.1211,-78.521,1.0036
95047,0.3843,-0.0793,0.9651,-3.299,-1.5928,-65.0423,-25.6549,-10.8903,-79.6268,1.0418
95064,0.356,-0.0503,0.9792,-10.2761,-4.7455,-68.0118,-25.5945,-10.6497,-80.783,1.0431
95080,0.3145,-0.0208,0.9712,-18.009,1.7278,-66.9202,-25.5648,-10.2461,-81.8537,1.021
95097,0.3052,-0.0208,0.9915,-19.2456,15.4148,-62.0042,-25.5405,-9.6327,-82.9078,1.0376
95154,0.1667,-0.0427,1.144,-8.4823,0.5064,-68.6149,-25.3145,-9.3052,-86.8188,1.1569
95171,0.1323,0.0012,1.0867,-10.4441,-6.2875,-82.569,-24.7501,-9.0331,-88.2225,1.0947
95187,0.1692,0.0115,1.0037,-4.841,-9.1806,-95.4316,-24.2172,-8.7865,-89.7494,1.0179
95204,0.2498,0.0322,0.9661,3.9529,-1.1043,-95.9431,-23.7635,-8.3767,-91.3804,0.9983
95221,0.2974,0.0178,1.0286,9.4414,3.8805,-83.3324,-23.3038,-7.9386,-92.7971,1.0708
95238,0.2561,0.0017,1.0796,10.9452,-1.3333,-69.4698,-22.7268,-7.6392,-93.9781,1.1096
95294,0.0859,0.0022,0.9001,-18.7723,-10.0356,-76.1874,-23.0451,-7.8675,-98.2446,0.9042
95311,0.0964,-0.0012,0.8203,-20.4364,-5.9592,-73.9889,-22.725,-7.6535,-99.5024,0.826
95328,0.1133,-0.0103,0.833,-13.6578,-4.2493,-69.0652,-22.3486,-7.4449,-100.6765,0.8407
95345,0.0918,-0.0205,0.8484,-4.4899,-8.2417,-65.2026,-21.7749,-7.337,-101.7849,0.8536
95362,0.0706,-0.0054,0.8823,2.1819,-9.944,-64.6454,-21.0512,-7.2198,-102.8839,0.8852
95378,0.0547,0.0234,0.906,3.3116,-16.944,-68.0042,-20.2964,-7.1319,-103.972,0.908
95435,0.1738,0.1104,0.7886,-21.5739,-8.1501,-53.6759,-21.1576,-6.974,-107.0315,0.815
95452,0.2012,0.0901,0.7607,-26.9632,2.2163,-40.424,-21.3399,-6.3887,-107.7187,0.792
95469,0.197,0.0571,0.8342,-29.0013,8.1018,-32.0652,-21.49,-5.8442,-108.2638,0.8591
95485,0.2029,0.0264,0.8901,-27.3219,4.224,-31.424,-21.5634,-5.4777,-108.7666,0.9133
95502,0.2224,-0.0042,0.8938,-23.4594,0.7125,-35.569,-21.6427,-5.2576,-109.3713,0.9211
95519,0.2461,-0.0166,0.9045,-20.6807,-2.3715,-38.9736,-21.7232,-5.1281,-110.0338,0.9376
95576,0.2874,0.022,0.8557,-31.6426,-8.5852,-38.7599,-23.328,-5.3339,-112.2431,0.9029
95593,0.2986,0.0193,0.8523,-32.4365,-7.173,-35.966,-23.6963,-5.1858,-112.8545,0.9033
95609,0.3296,-0.0034,0.8589,-30.4288,-7.944,-33.3477,-24.0556,-5.1095,-113.3881,0.92
95626,0.3318,-0.01,0.8872,-27.3677,-13.2569,-33.0881,-24.3601,-5.1473,-113.9506,0.9473
95643,0.334,-0.0203,0.9043,-25.9479,-18.6005,-35.0042,-24.6198,-5.2963,-114.5457,0.9642
95660,0.3225,-0.0186,0.9087,-26.0929,-24.0203,-38.1263,-24.8424,-5.5233,-115.1938,0.9644
95717,0.3496,0.0278,0.8337,-23.9479,-35.4478,-44.653,-26.0686,-7.1656,-117.739,0.9045
95733,0.343,0.0127,0.8235,-20.3448,-30.1501,-39.1721,-26.2428,-7.3067,-118.3658,0.8922
95750,0.3313,-0.0129,0.8801,-19.8792,-23.7989,-31.3553,-26.3426,-7.4365,-118.8988,0.9405
95767,0.3157,-0.0789,1.0103,-20.6426,-24.7455,-27.1568,-26.3179,-7.7215,-119.3605,1.0614
95783,0.219,-0.0129,1.033,-30.3372,-28.5547,-30.6301,-26.2099,-7.8799,-119.8506,1.056
95801,0.1265,0.1143,0.9653,-46.1235,-17.3333,-32.7904,-26.255,-7.5942,-120.4408,0.9803
95857,0.3486,-0.2319,1.3186,30.0521,15.827,10.3241,-24.173,-6.8386,-119.8627,1.3835
95875,0.1953,-0.2637,1.2981,34.449,3.6515,6.1867,-22.9463,-6.9613,-119.7513,1.3389
95891,0.082,-0.2036,1.2012,13.2887,-4.7837,-8.5919,-21.9785,-7.1411,-119.8888,1.2211
95907,0.0793,-0.1655,1.0046,-12.4288,-6.6081,-29.1568,-21.4685,-7.3312,-120.3553,1.0213
95925,0.1458,-0.1523,0.8196,-22.4594,-1.7684,-44.3095,-21.3945,-7.4897,-121.1529,0.8463
95941,0.2395,-0.1252,0.7429,-12.9937,8.7049,-41.8668,-21.4437,-7.4392,-121.8227,0.7906
95997,0.2187,-0.2065,0.8833,42.9376,6.3156,-17.9431,-18.82,-7.3285,-122.8275,0.9331
96015,0.1763,-0.1685,0.8809,34.3651,-2.8753,-26.3629,-17.9181,-7.5182,-123.3021,0.914
96031,0.175,-0.1243,0.8538,18.0903,-8.1806,-34.0042,-17.3823,-7.6743,-123.8461,0.8803
96049,0.2271,-0.1084,0.8018,3.3269,-10.2111,-32.3706,-17.2566,-7.8518,-124.4288,0.8403
96065,0.25,-0.0894,0.7678,-6.7571,-9.1653,-23.7141,-17.387,-7.944,-124.8082,0.8124
96081,0.241,-0.1003,0.7131,-13.8868,-8.3715,-14.6912,-17.6448,-8.0752,-125.0433,0.7594
96139,0.2305,-0.0901,0.7153,-13.299,-18.0432,-19.5232,-18.3886,-9.044,-126.1757,0.7569
96155,0.2808,-0.0874,0.7505,-5.1922,-20.4478,-18.9355,-18.5482,-9.262,-126.4786,0.806
96173,0.2913,-0.0718,0.7617,-0.0471,-18.6539,-12.6454,-18.6407,-9.4292,-126.7062,0.8187
96189,0.3032,-0.0894,0.8352,0.5254,-9.8905,-2.5232,-18.681,-9.4482,-126.7466,0.893
96205,0.2756,-0.1179,0.9375,-3.1464,-7.547,5.2859,-18.6326,-9.473,-126.662,0.9843
96223,0.23,-0.1536,1.0142,-10.6807,-5.7455,4.7668,-18.5773,-9.5377,-126.5762,1.0512
96279,0.2727,-0.1487,1.1665,-1.2838,-25.6692,-20.6072,-18.4255,-10.8268,-127.7303,1.2071
96296,0.2849,-0.1331,1.2141,5.4567,-29.5547,-23.1874,-18.1247,-11.1262,-128.1244,1.2542
96313,0.2632,-0.072,1.2422,8.1819,-32.5394,-23.6148,-17.7439,-11.3449,-128.5259,1.2718
96329,0.2002,0.0408,1.1995,6.3345,-27.9898,-18.9813,-17.3156,-11.2432,-128.8296,1.2167
96347,0.2407,0.0322,1.1907,7.1666,-13.0432,-11.7599,-16.9562,-10.9568,-129.0413,1.2152
96363,0.3276,-0.0681,1.2104,11.3422,-7.3638,-2.0576,-16.7086,-10.7605,-129.0742,1.2559
96420,0.1079,-0.0273,0.8186,-22.78,-10.1195,12.5607,-17.587,-10.9603,-128.3582,0.8261
96437,0.0862,-0.0266,0.7527,-7.9708,-4.8982,3.7745,-17.2747,-10.6828,-128.2941,0.7581
96453,0.1301,-0.031,0.76,23.2658,-6.2264,-3.1721,-16.6147,-10.4446,-128.3448,0.7717
96471,0.1711,-0.0994,0.8406,54.2582,-8.776,2.1943,-15.4698,-10.4481,-128.3053,0.8636
96487,0.1326,-0.1147,0.9062,68.4185,-9.3791,9.1103,-14.1303,-10.4629,-128.1596,0.9231
96503,0.0964,-0.0996,0.9343,59.6552,-12.4631,9.4539,-12.8832,-10.4793,-128.0083,0.9446
96561,0.1355,0.0183,0.6809,-20.4823,-23.005,-14.4087,-13.9584,-11.2794,-128.844,0.6945
96577,0.2036,0.0144,0.5869,-27.9403,-17.234,-10.508,-14.5943,-11.0367,-129.0121,0.6214
96594,0.2466,0.0234,0.5598,-24.1769,-12.4783,-2.0958,-15.3552,-10.703,-129.0478,0.6122
96611,0.2856,0.0122,0.6174,-11.3677,-17.1806,6.6447,-15.9195,-10.5099,-128.9348,0.6804
96628,0.2842,0.0137,0.6514,0.7849,-18.9745,12.1256,-16.2125,-10.3511,-128.7287,0.7108
96645,0.2808,0.0178,0.7217,4.6933,-16.5776,14.6829,-16.3375,-10.151,-128.4791,0.7746
96701,0.3494,-0.0476,0.8687,-28.5891,-7.5241,23.6142,-18.0961,-10.275,-127.1567,0.9375
96718,0.3433,-0.0967,0.9036,-35.1998,-13.3333,25.1409,-18.7745,-10.3259,-126.7293,0.9714
96735,0.2991,-0.1587,0.926,-31.0471,-23.2035,20.1867,-19.2365,-10.6805,-126.3861,0.986
96752,0.2771,-0.1812,0.927,-18.2761,-29.0127,10.2096,-19.4193,-11.169,-126.2125,0.9843
96769,0.2742,-0.1743,0.9348,-8.8792,-25.4478,5.5149,-19.4308,-11.5601,-126.1188,0.9897
96785,0.2844,-0.2048,1.0464,-5.2227,-22.005,1.2935,-19.3312,-11.8787,-126.0981,1.1035
96842,0.2046,-0.1042,1.1292,-13.3525,-19.3791,-11.4622,-19.6977,-12.675,-126.7514,1.1523
96859,0.187,-0.0923,1.1506,-13.5128,-8.5012,-4.7752,-19.4984,-12.4901,-126.8326,1.1694
96876,0.1565,-0.0564,1.1355,-11.9097,10.7583,2.8737,-19.2264,-11.9287,-126.7838,1.1476
96892,0.217,-0.1218,1.2356,-0.2914,19.0331,0.3317,-18.8584,-11.3844,-126.7785,1.2604
96909,0.2375,-0.1663,1.3035,19.4643,7.8957,-6.7904,-18.1963,-11.091,-126.8939,1.3353
96926,0.1794,-0.135,1.231,26.5636,-11.5776,-13.5614,-17.3647,-11.0866,-127.1244,1.2513
96983,0.1006,-0.083,0.7026,-3.6502,-6.7608,-29.1797,-17.1935,-11.2826,-128.7877,0.7146
97000,0.1267,-0.093,0.6111,0.3116,4.3919,-30.1187,-16.9641,-11.1058,-129.2997,0.631
97016,0.1934,-0.124,0.6685,9.7544,15.827,-23.8362,-16.7707,-10.8389,-129.6811,0.7068
97033,0.2212,-0.1492,0.7634,19.9605,12.5598,-15.7599,-16.4091,-10.6426,-129.949,0.8087
97050,0.2131,-0.1379,0.8118,19.9987,1.5522,-12.2561,-16.0069,-10.5774,-130.1573,0.8505
97067,0.1914,-0.1348,0.7673,9.2124,-10.318,-11.3706,-15.7684,-10.7211,-130.3506,0.8022
97124,0.1858,-0.1521,0.6614,-25.0013,-7.4783,-12.3858,-17.1181,-11.2195,-131.0566,0.7036
97140,0.187,-0.1587,0.6619,-19.7494,-13.4325,-18.3935,-17.3513,-11.5164,-131.3509,0.7058
97157,0.1975,-0.1108,0.6606,-11.5281,-23.1806,-27.3019,-17.5025,-11.815,-131.8151,0.6984
97174,0.2319,-0.0725,0.6206,-5.5739,-27.944,-30.2942,-17.708,-12.065,-132.3301,0.6665
97190,0.2925,-0.0625,0.6248,-2.0319,-20.6081,-24.0576,-18.0299,-12.1275,-132.715,0.6927
97208,0.3364,-0.0691,0.7075,3.4414,-13.1501,-14.0729,-18.2623,-12.0927,-132.9683,0.7865
97264,0.3296,-0.1125,1.0198,0.2506,-7.3867,2.1943,-18.2307,-12.258,-132.8454,1.0776
97282,0.3523,-0.135,1.0876,-6.3143,-14.0661,0.889,-18.3234,-12.2938,-132.8294,1.1512
97298,0.3186,-0.1404,1.095,-12.5662,-14.6005,-0.1797,-18.4274,-12.3185,-132.8323,1.149
97314,0.3286,-0.1475,1.1064,-15.7113,-9.3256,-2.3324,-18.5878,-12.2727,-132.8696,1.1636
97332,0.3496,-0.1321,1.1836,-9.0319,-11.5012,-5.0423,-18.6548,-12.2352,-132.9604,1.2412
97348,0.2949,-0.0747,1.22,0.9987,-19.7989,-2.0958,-18.4359,-12.1901,-132.9939,1.2573
97404,0.1624,-0.0151,1.1831,21.0521,0.0408,13.3775,-16.8792,-11.7296,-132.2447,1.1943
97422,0.1621,-0.0188,1.1389,28.4567,-4.402,13.8737,-16.0363,-11.3743,-131.995,1.1505
97438,0.0881,0.0518,1.0762,32.388,-19.4249,14.3928,-15.0844,-11.1076,-131.7647,1.081
97456,-0.0002,0.095,0.938,27.3956,-13.1577,16.3852,-14.007,-10.6594,-131.4698,0.9428
97472,-0.0151,0.0894,0.8687,18.9529,9.7049,18.0722,-13.1159,-9.849,-131.1806,0.8734
97488,0.0317,0.0308,0.8936,21.0826,24.7583,18.5836,-12.3488,-8.9959,-130.8833,0.8946
97546,0.0808,-0.0356,0.9246,42.22,-12.9211,-4.8133,-9.7037,-9.4438,-131.1625,0.9288
97562,0.1265,0.0002,0.8792,25.5712,-13.8524,-7.6606,-9.2502,-9.2782,-131.2851,0.8882
97580,0.1672,0.0327,0.7854,4.0216,-14.089,-5.4011,-9.2911,-9.0551,-131.3823,0.8037
97596,0.1843,0.0466,0.668,-15.9861,-12.4631,1.3241,-9.7807,-8.7246,-131.3611,0.6945
97612,0.188,0.0186,0.5605,-30.1998,-2.8447,11.1409,-10.5945,-8.3435,-131.1828,0.5915
97630,0.2007,-0.0132,0.5232,-34.4365,9.4988,18.7592,-11.605,-7.9034,-130.8452,0.5605
97686,0.2048,-0.011,0.6824,5.846,-18.9134,11.7668,-11.4948,-8.6409,-130.1862,0.7125
97703,0.2036,0.0142,0.7039,4.0292,-16.1882,9.3623,-11.6145,-8.5134,-130.0271,0.7329
97720,0.2283,0.0127,0.7712,-0.7952,-9.8142,9.3164,-11.8223,-8.2953,-129.8687,0.8044
97736,0.2473,-0.0337,0.8452,-3.6807,-10.0661,10.7516,-12.0578,-8.2094,-129.6967,0.8813
97754,0.2185,-0.0691,0.9497,-4.5433,-19.631,11.4615,-12.171,-8.3867,-129.4904,0.977
97770,0.1462,-0.0898,0.9873,-12.3143,-26.1424,6.0722,-12.2089,-8.6607,-129.3932,1.0021
97826,0.23,-0.0984,1.1174,-13.1693,-26.776,-22.1874,-12.892,-9.9551,-130.6357,1.1451
97844,0.2368,-0.0571,1.207,0.4185,-31.5241,-15.2713,-12.8126,-10.21,-130.9106,1.2314
97860,0.1536,0.0354,1.2083,0.0445,-22.1959,-1.4087,-12.589,-10.0754,-130.9331,1.2185
97878,0.0806,0.0491,1.2468,-10.4288,0.5598,12.3317,-12.4135,-9.5725,-130.7111,1.2504
97894,0.0349,0.0486,1.3086,-15.3372,23.8499,21.9195,-12.2136,-8.7382,-130.3604,1.31
97910,0.0933,-0.1062,1.3533,-7.383,35.369,22.721,-11.9957,-8.0249,-129.9969,1.3606
97968,-0.0708,-0.189,1.1455,-7.0624,2.0713,-4.7217,-11.7695,-7.9633,-130.2708,1.1631
97984,-0.0327,-0.1738,1.0366,-17.9326,7.7125,-16.1187,-11.5028,-7.9071,-130.5287,1.0516
98001,0.01,-0.1604,0.9407,-15.238,7.6667,-23.8897,-11.3154,-7.8527,-130.9348,0.9543
98018,0.0566,-0.1206,0.8638,-4.3219,4.1171,-27.6683,-11.082,-7.7894,-131.4052,0.874
98034,0.1089,-0.124,0.8044,9.5025,-2.9058,-24.8286,-10.7975,-7.873,-131.8024,0.8212
98052,0.1519,-0.1379,0.7791,18.9987,-7.8295,-16.508,-10.4719,-8.095,-132.0996,0.8056
98108,0.1116,-0.0857,0.626,-18.7494,-5.3256,-4.3858,-11.4616,-8.3693,-132.3452,0.6416
98125,0.126,-0.0972,0.5979,-30.4059,-1.1348,-3.8591,-11.9693,-8.4223,-132.4108,0.6187
98142,0.1643,-0.0881,0.5894,-29.612,-4.9058,-4.3095,-12.5904,-8.5057,-132.484,0.6181
98158,0.1943,-0.1172,0.6172,-17.612,-14.0356,-4.4316,-13.0449,-8.8111,-132.5549,0.6576
98176,0.2029,-0.1453,0.6606,0.3498,-23.2493,-5.6835,-13.1849,-9.3564,-132.6573,0.7062
98192,0.1694,-0.145,0.6931,10.2429,-30.9669,-9.7981,-13.0384,-9.9305,-132.814,0.7281
98249,0.1646,-0.168,0.8347,-20.0242,-7.9134,-33.3248,-14.0501,-10.4214,-134.7135,0.8672
98266,0.2222,-0.127,0.9385,-10.0319,-32.9363,-44.5156,-14.1799,-10.8503,-135.4703,0.9727
98282,0.2351,-0.1094,0.9263,1.9681,-43.3256,-47.8897,-14.1484,-11.3511,-136.2365,0.9619
98299,0.2307,-0.0454,0.9048,4.701,-30.8295,-42.4316,-14.0773,-11.5151,-136.9579,0.9348
98316,0.2485,-0.0386,1.0095,3.1895,-17.0127,-30.9889,-14.015,-11.4197,-137.4847,1.0404
98332,0.2932,-0.0503,1.1619,7.1895,-13.9974,-21.7065,-13.91,-11.277,-137.832,1.1993
98390,0.1833,0.0217,1.2595,3.7926,-12.4402,19.7058,-13.4736,-11.4791,-136.6891,1.273
98406,0.1458,0.0098,1.2773,2.1819,-2.1577,29.805,-13.1616,-11.0356,-136.2122,1.2857
98423,0.1245,-0.0107,1.2639,5.7697,8.0942,43.7058,-12.766,-10.4815,-135.4692,1.2701
98440,0.1694,-0.1624,1.2822,9.7544,10.2011,55.9729,-12.3949,-10.1844,-134.5176,1.3035
98456,0.0947,-0.259,1.1863,4.4796,5.9721,63.9271,-12.0087,-10.178,-133.4948,1.2179
98473,-0.0491,-0.2317,1.0466,-9.9403,6.6896,62.1256,-11.5858,-10.161,-132.4387,1.0731
98530,-0.0076,-0.0815,0.8069,20.6628,-0.3638,-2.6835,-9.9703,-10.0053,-132.5916,0.811
98547,0.0508,-0.0623,0.7793,42.1208,-4.9898,-1.8515,-9.0327,-9.8692,-132.6231,0.7834
98564,0.0432,-0.0391,0.7576,45.6552,0.453,6.5684,-8.0567,-9.5851,-132.5115,0.7598
98580,0.0298,-0.0452,0.7788,35.5177,2.3919,12.0493,-7.2764,-9.2977,-132.3187,0.7807
98597,0.0234,-0.0503,0.76,20.0368,1.285,11.2935,-6.7288,-9.0563,-132.1267,0.762
98614,0.0334,-0.0442,0.7026,3.9376,1.4072,4.5989,-6.5042,-8.815,-132.0485,0.7048
98670,0.1736,-0.0183,0.5918,-11.8639,-23.4631,4.7592,-7.5354,-9.7947,-131.782,0.617
98688,0.1716,-0.0137,0.5454,-16.3067,-13.6615,11.3928,-8.2143,-9.6964,-131.5769,0.5719
98704,0.1873,-0.0415,0.5908,-15.1311,-3.7379,16.5684,-8.8199,-9.5267,-131.3118,0.6212
98721,0.2153,-0.0488,0.6963,-4.9403,0.6896,18.3775,-9.2336,-9.2948,-130.9994,0.7305
98738,0.25,-0.0833,0.8923,13.1284,-14.173,13.8661,-9.2734,-9.3675,-130.7637,0.9304
98754,0.1987,-0.1301,0.9553,22.9376,-34.2188,4.7974,-9.016,-9.8287,-130.6869,0.9844
98811,0.2007,-0.0857,1.0476,-38.4594,-12.9058,-24.9278,-11.1923,-10.3288,-132.1078,1.0701
98828,0.2512,-0.0977,1.1812,-24.5204,-29.2493,-42.2103,-11.6235,-10.5821,-132.8254,1.2115
98844,0.2539,-0.0713,1.1721,-0.8029,-47.2569,-52.3171,-11.6589,-11.0239,-133.6625,1.2014
98862,0.2588,-0.0679,1.1235,15.533,-41.2111,-52.1721,-11.442,-11.4333,-134.6016,1.1549
98878,0.2786,-0.074,1.1941,22.8384,-37.6234,-42.8668,-11.1578,-11.6957,-135.2874,1.2284
98895,0.177,-0.0535,1.2166,26.0597,-31.5089,-27.3324,-10.617,-11.8427,-135.7521,1.2305
98952,0.0088,-0.1514,1.2632,23.9605,-8.6081,-19.0042,-8.8971,-12.1134,-136.8353,1.2723
98969,-0.0234,-0.1582,1.1819,33.0597,-13.2493,-24.6606,-7.9566,-12.1501,-137.2545,1.1927
98985,-0.0098,-0.1479,1.1011,33.5254,-14.5928,-23.0805,-7.1033,-12.1943,-137.6238,1.111
99002,-0.0073,-0.1138,1.0049,27.2506,-9.3715,-18.4927,-6.3578,-12.1179,-137.9382,1.0113
99019,-0.0173,-0.0623,0.9446,20.2658,-3.4783,-15.9126,-5.7308,-11.8407,-138.2087,0.9468
99036,-0.0195,-0.0205,0.8948,15.8689,-0.9898,-15.821,-5.1926,-11.4358,-138.4777,0.8952
99093,0.1128,-0.0591,0.7825,9.3193,-7.7226,-4.1339,-4.8021,-11.5737,-138.7133,0.7928
99109,0.0994,-0.0698,0.7146,0.6781,-8.0203,-0.1874,-4.9148,-11.4571,-138.7163,0.7248
99126,0.0518,-0.0398,0.6338,-12.2838,-5.4783,-4.2942,-5.105,-11.232,-138.7893,0.6371
99143,0.0735,-0.0251,0.6223,-19.2227,-7.5699,-14.5996,-5.4837,-10.9988,-139.0375,0.6271
99160,0.1226,0.0264,0.5969,-18.5815,-13.8524,-22.6835,-6.0313,-10.6837,-139.4231,0.6099
99176,0.1919,0.051,0.6128,-13.1082,-19.8982,-22.7904,-6.6846,-10.3716,-139.7878,0.6442
99233,0.1794,-0.0112,0.7642,3.1971,-10.3256,-0.0958,-6.7708,-10.5555,-139.7932,0.785
99250,0.1904,-0.01,0.8264,1.2124,-12.7989,-7.5767,-6.9992,-10.3699,-139.922,0.8481
99267,0.2263,0.0002,0.906,0.9071,-18.0814,-11.4545,-7.2655,-10.2496,-140.1168,0.9338
99283,0.2358,0.0161,0.9265,0.5483,-25.5165,-10.2026,-7.5376,-10.1916,-140.28,0.9562
99300,0.209,0.0264,0.9133,-4.1464,-19.9363,-8.3553,-7.8191,-10.0432,-140.422,0.9373
99317,0.21,0.0278,0.939,-6.3525,-10.2569,-6.9889,-8.114,-9.741,-140.5408,0.9626
99374,0.1423,0.001,1.1929,32.2811,-29.1501,-2.0652,-6.2952,-10.9445,-140.6586,1.2013
99391,0.0869,0.0481,1.1499,26.0521,-26.7913,4.2248,-5.7909,-10.8482,-140.5867,1.1542
99407,-0.0085,0.1521,1.0835,16.1284,-2.1806,23.8813,-5.2937,-10.1281,-140.2046,1.0942
99424,0.0381,0.1262,1.1177,21.5712,35.6515,48.4844,-4.8074,-8.8834,-139.3804,1.1254
99441,0.2041,-0.0317,1.3528,41.4032,43.8041,65.2859,-4.2825,-7.867,-138.2705,1.3685
99458,0.1748,-0.1541,1.4883,52.4643,18.4453,72.9042,-3.5216,-7.4876,-137.0312,1.5064
99514,-0.085,0.0422,1.1355,-12.9861,-13.776,8.5378,-3.9078,-7.8435,-136.5531,1.1395
99531,-0.0559,0.064,0.917,-13.3754,-16.9974,0.9882,-3.8305,-7.6476,-136.5363,0.9209
99548,-0.0547,0.0884,0.7551,-9.383,-13.944,2.2019,-3.6659,-7.3022,-136.4988,0.7622
99565,-0.0593,0.0857,0.6384,-5.7036,-8.402,3.5684,-3.4018,-6.8415,-136.4382,0.6469
99581,-0.0481,0.0774,0.6147,-2.7265,1.0713,0.5607,-3.1301,-6.2643,-136.4292,0.6215
99598,0.0125,0.0798,0.6726,-0.2532,-4.1195,-4.6072,-3.0512,-5.8102,-136.5075,0.6774
99655,0.145,0.1145,0.5305,-22.7265,-20.1424,1.0874,-4.7711,-6.1928,-136.4455,0.5618
99672,0.1758,0.1064,0.5303,-32.78,-9.6157,10.1943,-5.8354,-5.648,-136.2722,0.5687
99688,0.1995,0.074,0.5732,-32.9326,-5.3715,15.4691,-6.8694,-5.2105,-136.0247,0.6114
99705,0.2029,0.0586,0.6501,-25.8639,-8.7684,16.66,-7.7073,-4.9392,-135.7415,0.6836
99722,0.187,0.04,0.7031,-15.9403,-11.4707,12.6447,-8.254,-4.7984,-135.5265,0.7287
99739,0.1997,0.0308,0.7878,-6.7494,-15.8447,4.3241,-8.6026,-4.7757,-135.453,0.8133
99795,0.2524,0.0535,0.9487,-15.467,-18.8142,-4.9049,-9.6851,-5.4671,-135.7277,0.9832
99812,0.249,0.0686,1.0396,-13.7952,-14.9287,-5.2179,-10.0605,-5.341,-135.8164,1.0712
99829,0.2644,0.0701,1.1536,-0.2227,-19.6005,-7.1416,-10.1772,-5.3082,-135.9378,1.1856
99846,0.2749,0.0049,1.2451,11.762,-30.5394,-7.0347,-10.0762,-5.5853,-136.0574,1.2751
99862,0.2461,-0.0452,1.2935,10.2277,-35.7455,-5.34,-9.9467,-5.9909,-136.1428,1.3174
99879,0.1252,-0.0039,1.2908,-6.925,-28.7837,-0.4316,-9.8835,-6.228,-136.1502,1.2968
99936,-0.0459,0.0125,1.302,11.3956,8.5369,-5.111,-8.7838,-5.4898,-136.4415,1.3029
99953,-0.0215,-0.1223,1.333,45.2048,-0.1653,-14.1034,-7.658,-5.4826,-136.6813,1.3388
99970,-0.0583,-0.1707,1.2944,56.2964,-15.4402,-23.3629,-6.3305,-5.8157,-137.0784,1.3069
99986,-0.1165,-0.1829,1.1482,40.5483,-17.9516,-29.9278,-5.2257,-6.2208,-137.5573,1.1685
100003,-0.1086,-0.123,1.0288,16.4032,-7.1272,-35.0118,-4.5095,-6.3611,-138.1525,1.0418
100020,-0.0591,-0.0618,0.9248,0.8536,-6.7302,-39.7064,-4.1693,-6.3693,-138.8275,0.9287
100076,0.1365,-0.0608,0.6919,18.8918,-4.0661,-20.3095,-3.4316,-6.534,-139.9648,0.7078
100093,0.1191,-0.0527,0.6885,14.4185,-0.4783,-9.2255,-3.4506,-6.4556,-140.1216,0.7007
100110,0.093,-0.0549,0.7146,4.0674,-2.1882,-7.5461,-3.542,-6.4089,-140.2499,0.7227
100127,0.0991,-0.0493,0.6863,-5.7418,-10.6921,-12.4774,-3.8219,-6.4915,-140.462,0.6952
100144,0.1165,-0.0264,0.6292,-14.5357,-11.0356,-14.653,-4.3254,-6.5079,-140.7111,0.6404
100160,0.1575,-0.0288,0.6145,-18.2609,-4.6844,-11.1797,-5.0072,-6.4269,-140.89,0.635
100217,0.179,-0.0178,0.6997,-28.5739,-24.173,9.7439,-6.9441,-7.5509,-140.3346,0.7224
100234,0.1218,-0.0735,0.6814,-44.4594,-19.9592,14.9119,-7.7951,-7.8209,-140.0811,0.6961
100251,0.0784,-0.1184,0.656,-54.1006,-9.5699,11.347,-8.6344,-8.0735,-139.8882,0.6712
100268,0.0935,-0.0808,0.6885,-50.0166,0.4148,-4.9049,-9.4126,-8.0115,-139.9716,0.6995
100284,0.1821,-0.0354,0.8115,-23.07,-3.7913,-24.6454,-9.896,-7.8492,-140.3659,0.8325
100301,0.2798,-0.0137,0.9402,17.5941,-22.005,-36.2713,-9.8758,-7.9277,-140.9825,0.981
100358,0.1863,0.1082,1.2605,34.3651,-18.5852,-31.5538,-7.9354,-8.4314,-142.7811,1.2788
100375,0.1741,0.1357,1.3555,11.8536,-8.0432,-14.195,-7.7158,-7.9967,-143.0224,1.3733
100391,0.0686,0.2144,1.3521,-6.78,2.8957,11.3317,-7.6261,-7.272,-142.8411,1.3707
100408,0.0879,0.1484,1.3298,-13.2838,21.7125,34.9729,-7.6881,-6.372,-142.2466,1.341
100425,0.1411,-0.0498,1.3623,-9.1616,25.0026,54.1256,-7.7665,-5.7928,-141.3264,1.3705
100442,0.0791,-0.1819,1.3315,-5.1998,17.285,65.3241,-7.6755,-5.5901,-140.2159,1.3462
100500,-0.0959,0.032,0.9038,-21.0624,-15.9821,-10.9507,-8.299,-6.1754,-140.8511,0.9094
100516,0.0171,0.062,0.7964,-0.2609,-16.0508,-16.4545,-8.02,-5.9968,-141.1144,0.799
100534,0.082,0.0388,0.748,21.6628,-14.2264,-5.9278,-7.5749,-5.8839,-141.2211,0.7535
100550,0.0581,0.0281,0.75,33.9681,-10.0279,7.1867,-6.9272,-5.7168,-141.1061,0.7528
100568,0.02,0.0313,0.7732,31.8613,-4.2722,10.8584,-6.1588,-5.4694,-140.9106,0.7741
100584,0.0149,0.0283,0.7937,20.7239,-4.7455,6.0798,-5.6371,-5.2418,-140.8134,0.7943
100642,0.1731,0.0696,0.5627,-27.8563,-6.3715,12.4004,-7.6417,-5.1049,-140.0941,0.5929
100659,0.1716,0.0476,0.5408,-29.7113,-3.318,21.0187,-8.5227,-4.7536,-139.7368,0.5693
100676,0.1624,0.012,0.5527,-24.78,-4.9898,22.6142,-9.2408,-4.5953,-139.3524,0.5762
100692,0.1443,0.0027,0.5933,-17.8563,-8.9592,16.7287,-9.6923,-4.5388,-139.0847,0.6106
100709,0.1348,0.0313,0.6423,-12.2838,-13.5241,5.5226,-9.9785,-4.4665,-138.9908,0.6571
100726,0.178,0.0481,0.6875,-8.07,-15.8447,-3.1645,-10.2902,-4.3864,-139.0446,0.7118
100785,0.2478,0.0032,0.938,-12.299,-26.8982,7.8508,-11.1672,-5.7267,-138.5814,0.9702
100801,0.1973,0.0024,0.9863,-32.1922,-24.0737,6.118,-11.6674,-5.8617,-138.4835,1.0059
100817,0.2139,-0.0305,0.9988,-44.0013,-15.3944,1.6142,-12.3598,-5.9337,-138.4577,1.0219
100835,0.2715,-0.0806,1.106,-37.8487,-12.4936,-1.111,-13.0697,-6.0789,-138.4777,1.1416
100851,0.2849,-0.155,1.2009,-24.4975,-21.9821,-1.3629,-13.4528,-6.4676,-138.4995,1.244
100869,0.1353,-0.1104,1.2329,-14.6044,-23.3485,2.9424,-13.4165,-6.817,-138.4466,1.2452
100927,-0.1008,-0.0859,1.5959,38.9147,4.3843,1.2325,-10.5686,-6.4235,-138.3751,1.6014
100943,-0.051,-0.1729,1.6201,56.5254,-5.7531,-16.0423,-9.2059,-6.4985,-138.6318,1.6301
100961,-0.0544,-0.2117,1.4995,49.5406,-33.4631,-24.6988,-7.8993,-7.1382,-139.0763,1.5154
100977,-0.0947,-0.2236,1.1833,21.2429,-29.1272,-21.2561,-7.0771,-7.7281,-139.4164,1.208
100994,-0.0771,-0.1677,1.0562,-7.4746,-4.6081,-12.1645,-6.7509,-7.8551,-139.6232,1.0722
101011,-0.0608,-0.1135,0.9507,-17.9326,-4.5165,-8.7446,-6.6282,-7.887,-139.7719,0.9594
101069,0.021,-0.1841,0.7161,26.9452,-9.6844,-8.6225,-4.9279,-8.6875,-140.272,0.7396
101086,0.0063,-0.1987,0.7397,22.0292,-15.7455,-9.9431,-4.3902,-9.1984,-140.441,0.766
101102,-0.0369,-0.1875,0.71,7.5636,-19.2188,-17.9965,-3.9835,-9.7174,-140.729,0.7352
101120,-0.0259,-0.1414,0.6589,-9.383,-22.5394,-31.6225,-3.8983,-10.2025,-141.2982,0.6744
101136,0.0442,-0.1006,0.6191,-16.6349,-21.9974,-40.2332,-4.1591,-10.5014,-141.9419,0.6288
101153,0.1113,-0.0386,0.6016,-12.5968,-20.0661,-39.6759,-4.6169,-10.5556,-142.6164,0.613
101212,0.1436,-0.0007,0.644,0.5406,-31.6157,-3.821,-4.9042,-11.9267,-142.8418,0.6598
101228,0.1394,0.02,0.696,-12.9403,-21.5241,-0.6301,-5.3596,-11.7143,-142.8519,0.7101
101244,0.1846,0.0127,0.751,-20.6731,-21.9211,-2.2026,-6.015,-11.5437,-142.8872,0.7734
101262,0.2412,0.0139,0.7703,-18.5739,-21.0661,-1.5538,-6.7908,-11.4046,-142.9151,0.8073
101278,0.2585,-0.0034,0.7871,-10.1845,-18.173,3.5607,-7.4029,-11.2375,-142.8582,0.8285
101296,0.2393,-0.0364,0.8489,-1.9555,-14.9211,6.5149,-7.7697,-11.144,-142.7409,0.8827
101353,0.1978,-0.0464,1.2297,18.6094,-28.4096,-29.2484,-6.8058,-12.3392,-144.4081,1.2464
101370,0.2024,0.0171,1.2786,15.8155,-39.3944,-31.0118,-6.6352,-12.4579,-144.9353,1.2946
101387,0.1233,0.1191,1.2512,8.8536,-37.1959,-20.9584,-6.4494,-12.3491,-145.2916,1.2629
101404,0.0232,0.2292,1.2029,4.7086,-12.631,-3.5538,-6.158,-11.6296,-145.352,1.2248
101421,0.1182,0.0825,1.2473,9.7391,20.5827,12.9882,-5.9687,-10.6772,-145.1312,1.2556
101437,0.2258,-0.1057,1.3853,12.9758,18.1324,33.805,-5.9,-10.1461,-144.5903,1.4075
101495,-0.1814,0.147,0.9417,-45.8716,9.9797,35.4004,-7.787,-8.8298,-142.5371,0.9702
101513,-0.1646,-0.043,0.9653,-29.8487,4.6591,10.2783,-7.6048,-8.498,-142.3521,0.9802
101529,0.178,0.0088,0.6636,-6.0471,22.3995,15.0645,-7.994,-7.7837,-142.111,0.6871
101547,0.0359,-0.114,0.8457,21.2811,1.7125,38.4157,-7.4028,-7.7499,-141.4196,0.8541
101563,-0.0386,-0.0586,0.7969,24.8307,-7.1959,31.8432,-6.6147,-7.7186,-140.9101,0.8
101579,-0.0332,-0.0564,0.8049,12.4643,-8.9287,25.9882,-6.0645,-7.7073,-140.4942,0.8076
101638,0.1245,-0.0647,0.7021,-29.299,-38.9974,-6.7904,-7.8819,-9.8184,-140.8949,0.716
101655,0.1809,-0.0674,0.616,-27.5128,-48.173,-7.0958,-8.6667,-10.4616,-141.0155,0.6455
101671,0.1821,-0.0334,0.5337,-32.9861,-44.5318,-1.6377,-9.579,-10.8706,-141.0417,0.5649
101688,0.1877,0.0208,0.4976,-37.4975,-32.6921,-0.4622,-10.6341,-10.8737,-141.0496,0.5322
101705,0.2288,0.0149,0.5525,-28.5815,-27.8905,-2.7599,-11.5746,-10.8322,-141.0965,0.5982
101722,0.2939,-0.0166,0.6702,-4.0777,-36.6234,-4.1797,-12.1252,-11.0534,-141.1675,0.732
101780,0.2935,-0.0754,0.8647,15.7162,-40.3944,3.3088,-11.5123,-13.0598,-140.9756,0.9163
101797,0.2905,-0.0583,0.9043,6.8765,-38.8371,2.0035,-11.6506,-13.3189,-140.9416,0.9516
101814,0.2695,-0.0586,0.9365,1.4567,-32.8371,-2.2942,-11.8018,-13.4653,-140.9806,0.9763
101830,0.2834,-0.0762,1.0168,4.2506,-34.1424,-8.0576,-11.8859,-13.6225,-141.1095,1.0584
101848,0.2888,-0.1375,1.073,10.3345,-36.547,-12.882,-11.8298,-14.0011,-141.3414,1.1197
101864,0.2676,-0.1721,1.1316,14.8384,-36.486,-16.3171,-11.655,-14.3474,-141.6024,1.1755
101922,0.0564,-0.0999,1.2966,25.1666,-2.8829,-13.0881,-9.8868,-14.1102,-142.3616,1.3017
101940,0.0457,-0.1265,1.3723,39.075,2.911,-19.6683,-8.8921,-13.7061,-142.7156,1.3789
101956,0.074,-0.1321,1.4021,55.159,-1.3027,-37.2637,-7.8094,-13.3931,-143.3118,1.4102
101974,0.0737,-0.0923,1.3252,58.6017,-10.9516,-48.1721,-6.6115,-13.206,-144.1789,1.3304
101990,0.0615,-0.0657,1.1086,37.6246,-18.9974,-46.1645,-5.8959,-13.1051,-144.9175,1.1123
102006,0.0759,-0.0493,0.9873,14.304,1.4453,-37.7217,-5.6161,-12.6731,-145.5211,0.9914
102065,0.1689,-0.1094,0.8662,8.0216,3.7431,-7.653,-5.3751,-12.242,-145.9726,0.8893
102082,0.1897,-0.1499,0.8469,10.2429,0.8728,-2.0423,-5.4905,-12.1396,-146.0073,0.8808
102098,0.1733,-0.1423,0.8201,8.8307,-4.5089,-1.821,-5.6058,-12.1171,-146.0364,0.8502
102115,0.147,-0.1162,0.7839,3.6246,-12.2722,-6.6835,-5.7427,-12.17,-146.1501,0.806
102132,0.1377,-0.0754,0.7153,-8.3143,-20.6539,-16.966,-6.0821,-12.2611,-146.4385,0.7324
102149,0.1589,-0.0647,0.6326,-19.6426,-28.4554,-24.8668,-6.7207,-12.4686,-146.8612,0.6554
102207,0.2729,0.0173,0.6343,-6.9555,-32.1653,-10.8973,-7.7702,-13.6982,-147.4933,0.6907
102224,0.2429,0.0396,0.646,-9.551,-25.3562,-5.1874,-8.4382,-13.424,-147.5814,0.6913
102241,0.2559,0.043,0.6914,-13.2838,-19.2111,-0.4927,-9.1283,-13.0583,-147.5898,0.7385
102257,0.2749,0.0322,0.7896,-11.299,-19.1119,2.7287,-9.704,-12.736,-147.5462,0.8367
102275,0.2817,0.0283,0.8533,-8.7876,-22.5012,3.5302,-10.1983,-12.5394,-147.4826,0.899
102291,0.2856,0.033,0.9055,-7.7189,-26.8982,1.576,-10.6088,-12.3676,-147.4574,0.9501
102349,0.2754,0.0237,1.0232,-2.6578,-17.3562,-1.5538,-10.9348,-12.7862,-147.5475,1.0599
102367,0.3152,-0.0339,1.1458,4.3651,-23.8753,-2.9355,-11.037,-12.7552,-147.6004,1.1888
102383,0.2441,0.0132,1.1953,5.4567,-31.8829,-4.7981,-10.9734,-12.7094,-147.6771,1.2201
102400,0.1628,0.126,1.2161,4.6704,-29.1348,-6.2866,-10.7617,-12.44,-147.784,1.2334
102417,0.0757,0.2483,1.1895,11.0139,-16.6005,1.3012,-10.2941,-11.7417,-147.7619,1.2174
102433,0.1797,0.1621,1.1692,23.2277,14.4835,9.0493,-9.8718,-10.7338,-147.6171,1.194
102492,0.0864,0.0447,1.073,29.2429,-14.5241,50.576,-8.0046,-11.0317,-144.6331,1.0774
102509,-0.0454,0.1531,0.9153,9.5101,-2.6539,47.7668,-7.4172,-10.2539,-143.8211,0.9291
102525,-0.0454,0.1899,0.8364,-1.1616,9.4224,29.5989,-7.0171,-9.1873,-143.3475,0.8589
102542,0.0571,0.1179,0.8242,-0.7418,11.3385,15.9195,-6.9055,-8.3091,-143.0769,0.8346
102559,0.1589,-0.031,0.8662,11.9987,10.9263,16.3699,-6.8491,-7.8804,-142.7986,0.8812
102576,0.158,-0.1152,0.8701,18.7162,11.8194,23.2172,-6.6778,-7.6741,-142.4039,0.8918
102634,0.1421,-0.0066,0.7605,-18.1006,-13.8447,0.3546,-7.8418,-8.1578,-142.3833,0.7737
102650,0.1943,0.0286,0.6633,-28.3143,-23.1424,-4.0042,-8.6156,-8.0884,-142.4474,0.6918
102668,0.2549,0.0537,0.5876,-35.5968,-24.0737,-0.6148,-9.8206,-7.9719,-142.4584,0.6428
102684,0.2866,0.0454,0.5813,-35.7265,-19.7913,7.2859,-11.0236,-7.7784,-142.3419,0.6497
102702,0.2847,0.0286,0.5852,-31.5815,-18.1348,13.7439,-12.1649,-7.6688,-142.0945,0.6514
102718,0.2769,0.0356,0.6025,-23.9479,-16.1348,17.2401,-13.0318,-7.4745,-141.8186,0.6641
102776,0.3384,-0.0037,0.8018,-14.78,-32.4631,8.1714,-14.2487,-8.9935,-141.3447,0.8702
102793,0.335,-0.0276,0.8652,-15.6502,-27.234,12.347,-14.7803,-9.1513,-141.1348,0.9282
102810,0.303,-0.02,0.936,-14.1998,-25.2035,11.0874,-15.1381,-9.2456,-140.9463,0.9841
102827,0.2886,-0.0166,1.0083,-11.9555,-25.9669,0.9806,-15.3665,-9.3373,-140.9296,1.0489
102844,0.3215,-0.0549,1.0847,-5.9174,-27.1577,-7.6148,-15.508,-9.5229,-141.0591,1.1327
102860,0.3367,-0.095,1.1589,1.2277,-29.2035,-11.4316,-15.5147,-9.778,-141.242,1.2106
102919,0.1011,-0.0068,1.2742,-4.7952,-1.486,-1.9049,-15.3472,-9.4833,-141.3544,1.2782
102935,0.0693,-0.0352,1.3562,9.617,20.8423,3.4997,-14.7026,-8.8432,-141.2984,1.3584
102952,0.105,-0.179,1.4766,39.6475,23.4072,-8.2103,-13.6289,-8.3839,-141.438,1.4911
102969,0.113,-0.2734,1.5583,66.1971,6.4911,-28.4545,-12.1669,-8.3407,-141.9217,1.5862
102986,0.0454,-0.249,1.3965,62.2353,-24.7913,-41.737,-10.7379,-8.8161,-142.6312,1.4192
103003,-0.0083,-0.1724,1.0923,28.3193,-26.9821,-50.1263,-9.829,-9.2625,-143.4834,1.1058
103061,0.1343,-0.0183,0.7512,7.5254,-7.0585,-65.8897,-9.4221,-9.3409,-147.305,0.7633
103077,0.1963,-0.0078,0.717,21.1361,-22.2646,-54.3782,-9.3329,-9.3342,-148.175,0.7435
103095,0.2131,-0.0071,0.6902,28.3727,-23.5928,-36.8133,-9.1557,-9.392,-148.8377,0.7224
103111,0.1956,0.0313,0.6758,25.304,-16.089,-22.8897,-9.0457,-9.1576,-149.2039,0.7042
103129,0.1812,0.0757,0.7,10.8689,-14.1424,-17.5461,-9.0733,-8.7888,-149.5197,0.727
103145,0.1917,0.1101,0.6816,-6.3296,-17.7455,-16.6759,-9.4281,-8.3428,-149.7865,0.7166
103203,0.3088,0.0911,0.605,-26.0166,-10.8142,16.1256,-11.5709,-8.2688,-148.8513,0.6853
103220,0.3093,0.0652,0.6375,-19.1387,-8.9745,23.6905,-12.4512,-7.851,-148.4485,0.7115
103237,0.2864,0.031,0.6807,-15.6731,-7.5241,25.2783,-13.1208,-7.5554,-148.0188,0.7391
103254,0.2722,0.0127,0.7261,-14.0777,-8.486,21.4691,-13.6477,-7.3516,-147.6538,0.7755
103270,0.2856,-0.0051,0.7971,-12.5052,-13.547,13.2554,-14.0824,-7.2804,-147.4417,0.8468
103287,0.292,0.0027,0.8274,-12.6197,-20.7684,6.1027,-14.5026,-7.3206,-147.338,0.8774
103346,0.312,-0.0156,0.9529,-5.9403,-11.5165,-2.7446,-14.9841,-7.7177,-147.4999,1.0028
103362,0.3013,-0.021,1.0508,2.1895,-9.3791,-6.6377,-14.9909,-7.5988,-147.6061,1.0933
103379,0.3037,-0.0144,1.1282,10.0826,-14.8676,-13.4851,-14.8294,-7.5668,-147.8354,1.1684
103396,0.2588,0.0134,1.1453,11.7697,-21.7531,-18.4393,-14.5534,-7.5922,-148.1488,1.1742
103412,0.2285,0.0642,1.1482,14.7391,-15.5547,-18.8591,-14.1944,-7.3994,-148.4506,1.1725
103430,0.208,0.1289,1.1956,21.4567,-7.2111,-12.6148,-13.6484,-6.9819,-148.6776,1.2203
103488,0.1133,-0.1189,1.2937,27.7086,14.2774,42.034,-11.759,-6.1177,-146.2397,1.3041
103504,-0.0339,-0.0076,1.1794,14.6246,9.1705,34.95,-10.9981,-5.7469,-145.6804,1.18
103522,-0.1025,0.0679,1.0728,1.7239,3.9797,19.1485,-10.3104,-5.3034,-145.3358,1.0798
103538,-0.0857,0.1003,0.936,-0.8639,0.9492,2.7058,-9.7032,-4.8319,-145.2925,0.9453
103555,-0.0359,0.0964,0.8179,9.1513,1.1858,-5.6759,-9.0659,-4.3503,-145.389,0.8243
103572,0.0581,0.0483,0.7866,23.7391,7.2469,-1.0118,-8.4845,-3.9174,-145.4062,0.7902
103630,0.0469,0.0349,0.8745,4.4948,-7.6921,15.4157,-8.0175,-4.0975,-144.5121,0.8765
103647,0.0576,0.0767,0.7634,-20.1082,-22.0203,3.0416,-8.1968,-4.0636,-144.4604,0.7694
103663,0.125,0.0889,0.6379,-42.3143,-21.9974,-0.5461,-8.9581,-3.9217,-144.4691,0.6561
103681,0.2112,0.0962,0.5928,-48.5815,-16.0508,5.1485,-10.2143,-3.6735,-144.3764,0.6366
103697,0.2607,0.0786,0.5769,-44.6044,-13.3867,15.2554,-11.4558,-3.4218,-144.1324,0.638
103713,0.2673,0.0459,0.5771,-37.7036,-17.1119,26.6676,-12.5681,-3.3659,-143.7057,0.6377
103772,0.2822,0.0195,0.8391,-6.6273,-18.6463,22.5378,-13.1842,-4.2341,-142.376,0.8855
103789,0.3049,-0.0195,0.9111,-2.9021,-30.3638,16.576,-13.4442,-4.6094,-142.0942,0.961
103805,0.2749,-0.0149,0.9216,-8.1311,-33.9287,12.889,-13.6955,-4.9832,-141.8879,0.9619
103823,0.271,-0.0208,0.9734,-16.0929,-30.4707,11.8126,-14.048,-5.3592,-141.6753,1.0106
103839,0.2883,-0.0635,1.0254,-21.383,-25.0661,11.4539,-14.4416,-5.6716,-141.492,1.067
103856,0.292,-0.0979,1.1133,-22.1311,-26.0356,7.2935,-14.8108,-6.0706,-141.3681,1.1551
103914,0.1936,-0.032,1.075,3.5406,-26.7684,-13.8286,-14.4294,-7.3864,-142.1701,1.0927
103931,0.1821,-0.0371,1.1543,19.6246,-12.7302,-8.9202,-13.8905,-7.3724,-142.3218,1.1692
103948,0.1414,-0.0078,1.21,29.0597,5.5293,-0.9584,-13.1271,-7.0021,-142.3381,1.2182
103965,0.1199,-0.0691,1.3245,37.5025,13.2774,-1.279,-12.1966,-6.6247,-142.3598,1.3317
103982,0.1228,-0.1431,1.3835,42.6628,2.8347,-13.0118,-11.2143,-6.5496,-142.581,1.3963
103998,0.082,-0.1086,1.2847,32.1132,-16.2035,-25.2103,-10.4181,-6.7299,-142.9844,1.2919
104056,0.1277,-0.0544,0.8931,-7.5968,-2.6157,-13.7828,-10.7492,-6.7459,-143.7838,0.9038
104074,0.1216,-0.0598,0.8398,3.3116,-0.9898,-6.9736,-10.5907,-6.6561,-143.9093,0.8507
104090,0.1125,-0.083,0.814,11.5254,-2.7531,-0.3477,-10.3033,-6.6651,-143.9149,0.8259
104108,0.1201,-0.1089,0.8157,15.4948,-4.1119,2.7134,-9.9556,-6.7737,-143.866,0.8316
104124,0.1267,-0.1079,0.8042,12.2429,-5.7302,3.1638,-9.7244,-6.8964,-143.8154,0.8212
104140,0.137,-0.0889,0.7671,0.0597,-9.8447,2.2325,-9.7368,-7.0361,-143.7797,0.7843
104199,0.2043,-0.0354,0.626,-28.6807,-16.2493,2.0951,-11.6939,-7.8045,-143.6561,0.6594
104216,0.2415,-0.0432,0.6399,-19.7342,-18.9363,1.1561,-12.3734,-7.9559,-143.6364,0.6853
104232,0.2703,-0.0386,0.6753,-10.8487,-19.1195,3.4386,-12.9163,-8.0621,-143.5814,0.7284
104249,0.2883,-0.0359,0.7246,-6.1845,-19.4249,5.4997,-13.3675,-8.1701,-143.4879,0.7807
104266,0.2737,-0.0376,0.7549,-9.4365,-24.173,6.0493,-13.783,-8.3518,-143.3851,0.8038
104283,0.2378,-0.0293,0.7605,-18.5586,-23.8218,3.6523,-14.2286,-8.4948,-143.323,0.7973
104341,0.2603,-0.1147,0.989,-10.6807,-19.6463,-7.8897,-14.8402,-9.5136,-143.7806,1.0291
104357,0.2102,-0.0859,1.0225,7.2277,-19.5318,-13.2561,-14.5986,-9.6252,-143.9927,1.0474
104375,0.207,-0.0691,1.0803,19.991,-25.1348,-23.0576,-14.1023,-9.8209,-144.4077,1.1021
104391,0.2244,-0.0483,1.1284,29.1971,-27.3027,-29.9126,-13.5392,-9.9456,-144.8863,1.1515
104409,0.1748,0.0352,1.1426,35.6552,-25.4402,-26.1339,-12.7293,-9.9169,-145.3567,1.1564
104425,0.1768,0.0947,1.1765,37.4719,-17.3333,-21.7141,-11.9852,-9.6023,-145.7042,1.1935
104483,0.3003,-0.0098,1.2327,41.3651,-0.8447,19.4615,-9.7502,-9.2834,-144.5754,1.2688
104500,0.2202,-0.0476,1.1895,28.6857,1.4148,37.6294,-9.3113,-8.9806,-143.9357,1.2106
104517,0.0928,0.0557,1.0881,14.8231,-2.1501,45.0035,-8.8916,-8.5394,-143.1706,1.0935
104534,-0.0039,0.1128,0.9663,7.1208,-3.402,38.492,-8.4105,-7.987,-142.5163,0.9729
104551,-0.012,0.1042,0.8503,7.7926,-4.6615,29.9729,-7.9149,-7.464,-142.0067,0.8568
104567,0.0483,0.0354,0.7991,15.6246,1.2087,30.7363,-7.4967,-7.0454,-141.515,0.8013
104626,0.0081,-0.0413,0.7871,8.7315,6.4453,37.5913,-6.7257,-6.5186,-139.2971,0.7882
104642,0.03,-0.0139,0.7725,-8.3067,-0.0279,20.7516,-6.6733,-6.2996,-138.9651,0.7732
104659,0.0698,0.021,0.7141,-26.5739,-13.5776,5.6142,-7.0633,-6.2018,-138.8696,0.7178
104676,0.1165,0.0327,0.6306,-41.0242,-16.0661,-2.3629,-7.8683,-6.0971,-138.9098,0.6421
104692,0.1707,0.0334,0.5859,-47.5281,-12.3562,-2.3706,-8.9321,-5.9124,-138.9477,0.6112
104710,0.2046,0.0439,0.6282,-41.5815,-6.6157,-1.6072,-10.0133,-5.6301,-138.9766,0.6621
104768,0.2883,0.1135,0.8357,-4.0624,-33.631,0.5913,-10.5939,-6.968,-138.9424,0.8913
104784,0.3206,0.0659,0.8569,-10.3143,-36.6005,10.3012,-11.1468,-7.0755,-138.7775,0.9173
104802,0.324,0.0278,0.8667,-25.4364,-32.7913,18.8508,-11.9599,-7.2856,-138.4382,0.9257
104818,0.3042,-0.0037,0.875,-38.4365,-20.5928,25.7058,-12.8387,-7.3201,-138.0269,0.9264
104835,0.3083,-0.0237,0.9363,-41.154,-8.7073,26.2783,-13.7257,-7.2273,-137.5802,0.986
104852,0.2954,-0.0486,1.0469,-30.2532,-16.318,20.3928,-14.3001,-7.3108,-137.2335,1.0888
104910,0.2158,-0.1506,1.178,-0.2609,-27.1959,-8.1492,-14.1546,-8.8241,-137.7062,1.207
104927,0.1865,-0.1414,1.1978,-4.6655,-14.8753,-12.7141,-14.0162,-8.9832,-137.9223,1.2204
104944,0.092,-0.0454,1.2161,-5.2532,-10.9669,-16.3858,-13.7143,-8.8884,-138.2009,1.2204
104961,0.0237,-0.0579,1.2507,5.1742,4.1095,-16.1034,-13.1246,-8.5717,-138.4747,1.2523
104977,0.012,-0.1389,1.3022,25.0826,10.453,-21.3171,-12.2353,-8.3118,-138.8157,1.3097
104994,0.062,-0.2263,1.343,44.6704,4.9339,-38.6759,-11.1212,-8.2815,-139.4732,1.3634
105053,0.1287,-0.0413,0.9338,3.8765,-9.2111,-47.2255,-10.7702,-8.5731,-142.2595,0.9436
105069,0.1572,-0.03,0.8687,5.4185,-12.0585,-39.0423,-10.6663,-8.4946,-142.8842,0.8833
105086,0.1863,-0.0396,0.7876,8.388,-3.0966,-27.1263,-10.6344,-8.3204,-143.3453,0.8103
105103,0.2009,-0.1062,0.7925,8.4261,6.1247,-11.6835,-10.6358,-8.1929,-143.544,0.8244
105119,0.1699,-0.1384,0.7815,2.304,10.3919,-0.8591,-10.6583,-8.1074,-143.5577,0.8116
105137,0.1199,-0.1545,0.7424,-8.4135,13.9263,0.1409,-10.7367,-8.0128,-143.5552,0.7678
105195,0.2305,-0.0701,0.6909,-22.7418,-7.1119,-41.0423,-12.3079,-8.3199,-145.9356,0.7317
105211,0.3433,-0.0662,0.7209,-14.1311,-21.6844,-38.0042,-13.0473,-8.5299,-146.5437,0.8012
105228,0.3699,-0.0801,0.6851,-13.4365,-30.2722,-19.3248,-13.8728,-8.9494,-146.8722,0.7826
105245,0.3381,-0.0793,0.6941,-16.696,-24.0508,3.3928,-14.6235,-9.2448,-146.8145,0.7761
105262,0.2678,-0.04,0.7109,-23.5891,-22.8142,11.2706,-15.248,-9.3763,-146.6229,0.7608
105279,0.2568,-0.0132,0.7295,-29.2914,-21.4554,7.2783,-15.8918,-9.3928,-146.4992,0.7735
105337,0.2439,-0.1301,0.9187,-7.8716,-26.2951,-6.0576,-16.2835,-10.8037,-146.8505,0.9594
105354,0.2329,-0.1152,0.9888,-0.4288,-28.9669,-13.195,-16.1659,-11.1102,-147.0749,1.0223
105371,0.2021,-0.0825,1.0107,2.8765,-27.6921,-18.7217,-15.9233,-11.3044,-147.3931,1.0341
105388,0.1865,-0.1033,1.0693,10.0674,-23.1501,-24.9278,-15.516,-11.4507,-147.8169,1.0904
105404,0.2119,-0.0815,1.1548,23.1971,-26.4936,-32.3706,-14.954,-11.5611,-148.3348,1.1769
105421,0.1753,-0.0225,1.1404,33.617,-30.6386,-29.8057,-14.1567,-11.6439,-148.8415,1.154
105480,0.271,-0.2561,1.4866,5.7849,48.3232,38.5684,-13.6702,-8.8321,-146.566,1.5326
105496,0.0906,-0.3071,1.3806,5.7239,12.5598,36.9348,-13.182,-8.7875,-145.975,1.4173
105513,-0.0757,-0.145,1.1663,9.4872,-2.5165,13.2172,-12.3525,-8.7606,-145.7503,1.1777
105530,-0.1138,0.0715,0.9846,13.6246,-16.5776,-13.4851,-11.3731,-8.5145,-145.9796,0.9937
105546,-0.0344,0.1409,0.8381,23.5636,-17.4936,-31.4698,-10.4635,-8.061,-146.4831,0.8506
105564,0.1133,0.1118,0.8306,34.6323,1.3308,-20.4851,-9.7544,-7.4089,-146.8518,0.8457
105622,0.0315,0.0635,0.9956,32.3498,2.0866,64.6523,-7.6353,-6.8504,-143.102,0.9981
105638,-0.0027,0.1111,0.9521,22.388,-1.3562,53.263,-6.9796,-6.3311,-142.2498,0.9586
105655,0.0063,0.1594,0.8572,6.22,-7.4173,33.1638,-6.6156,-5.7774,-141.686,0.8719
105672,0.0679,0.1277,0.7703,-16.1311,-20.8753,18.0416,-6.813,-5.5105,-141.3793,0.7837
105689,0.1296,0.0784,0.6853,-31.4135,-20.089,15.492,-7.4789,-5.357,-141.1159,0.7018
105706,0.186,0.0374,0.6372,-37.1311,-13.86,19.7439,-8.4357,-5.2347,-140.7803,0.6649
105764,0.2253,0.0701,0.6462,-7.4594,-32.6005,16.6294,-9.2784,-6.593,-139.8158,0.688
105781,0.231,0.0769,0.6526,-3.8105,-32.3944,12.9348,-9.744,-6.5891,-139.5959,0.6965
105797,0.2556,0.0833,0.6633,-4.7723,-29.8218,10.0645,-10.2645,-6.4975,-139.4349,0.7157
105815,0.301,0.0486,0.7202,-5.3677,-27.3944,10.1561,-10.8522,-6.5566,-139.2521,0.7821
105831,0.3225,0.0327,0.7664,-4.5128,-28.089,13.9729,-11.3996,-6.628,-139.0285,0.8321
105847,0.2744,0.0254,0.8137,-0.8181,-28.2493,18.0722,-11.7013,-6.7253,-138.7393,0.8591
105906,0.2183,0.0476,1.0691,-14.9021,-23.6539,-3.3248,-12.5384,-7.6941,-138.9355,1.0922
105923,0.2544,-0.001,1.1123,-10.9861,-25.3715,-12.6148,-12.7315,-7.8024,-139.1499,1.141
105939,0.3447,-0.0459,1.1509,-4.0929,-30.0966,-10.8515,-12.9515,-8.0439,-139.3236,1.2023
105957,0.365,-0.1162,1.1428,-6.4288,-34.7608,4.0569,-13.2497,-8.5551,-139.2505,1.2053
105973,0.1987,-0.0698,1.1355,-16.3677,-19.089,23.4386,-13.3674,-8.6468,-138.8755,1.1549
105990,0.0737,-0.0815,1.2297,-23.2838,-0.2188,22.7668,-13.3497,-8.4563,-138.4885,1.2346
106048,0.1458,-0.0122,1.2771,27.6323,-20.3867,-64.6988,-11.5375,-9.2751,-142.241,1.2854
106065,0.2297,-0.0835,1.1584,30.075,-27.3791,-61.3324,-11.0328,-9.5158,-143.2837,1.184
106082,0.2285,-0.1108,0.9871,17.8689,-16.6692,-39.9126,-10.8181,-9.6635,-143.9622,1.0192
106099,0.2104,-0.0667,0.9199,6.7162,2.3232,-18.9584,-10.7899,-9.4048,-144.2845,0.946
106116,0.198,-0.043,0.9255,5.7926,1.4759,-10.821,-10.7463,-9.1108,-144.4684,0.9475
106132,0.189,-0.0527,0.9148,15.8384,-12.2417,-12.7981,-10.5392,-9.0664,-144.6732,0.9356
106190,0.2253,-0.1021,0.759,3.6323,1.2927,16.2859,-10.5712,-8.9381,-143.7286,0.7983
106208,0.1875,-0.1245,0.7451,0.9987,-0.631,23.2859,-10.6887,-8.9709,-143.3095,0.7784
106224,0.1611,-0.1506,0.7449,4.0597,-5.9058,23.4081,-10.6776,-9.1601,-142.935,0.7768
106242,0.1584,-0.1399,0.7229,7.2887,-9.5241,19.889,-10.6103,-9.3964,-142.577,0.7532
106258,0.1545,-0.1162,0.739,6.1284,-17.486,13.4462,-10.5587,-9.6465,-142.3618,0.7639
106274,0.1597,-0.1055,0.7021,2.6704,-23.5547,5.8813,-10.6023,-9.9642,-142.2677,0.7278
106333,0.2019,-0.0251,0.6016,-16.5968,-24.0356,5.6676,-11.8597,-11.0227,-141.9333,0.635
106350,0.2122,-0.022,0.6287,-21.8334,-16.7531,10.2019,-12.4872,-10.9353,-141.7599,0.6639
106366,0.2312,-0.0393,0.6948,-19.8334,-12.0508,12.179,-13.0274,-10.8125,-141.565,0.7333
106383,0.2295,-0.054,0.7712,-9.0242,-14.2264,6.805,-13.3149,-10.7723,-141.4494,0.8065
106400,0.2214,-0.0281,0.8262,2.3498,-15.3944,-1.569,-13.3438,-10.6705,-141.476,0.8558
106417,0.2295,0.0232,0.8721,6.9071,-17.4936,-6.2484,-13.2869,-10.4682,-141.5822,0.9021
106475,0.3037,-0.0286,1.2068,29.1513,-7.8218,1.7058,-11.6971,-10.5392,-141.4833,1.2447
106492,0.2429,0.0027,1.2517,33.9071,-12.0127,3.1561,-11.1152,-10.3088,-141.4297,1.2751
106509,0.1755,0.0837,1.2634,28.9834,-4.4936,4.9424,-10.5133,-9.8181,-141.3456,1.2783
106525,0.1252,0.1489,1.2861,22.2582,7.2545,4.1561,-9.9719,-9.0497,-141.2791,1.3008
106543,0.145,0.1443,1.2668,18.4643,20.6744,6.9882,-9.5135,-8.0706,-141.1533,1.2833
106559,0.1995,0.0225,1.2866,20.6399,22.9644,14.8813,-9.1684,-7.355,-140.9152,1.3022
106617,-0.05,0.0342,0.8887,-7.1082,0.3079,13.1027,-9.0686,-6.9556,-140.1553,0.8907
106634,-0.0088,0.0669,0.811,-1.8716,1.14,-7.2103,-8.7116,-6.4701,-140.2779,0.8138
106651,0.0835,0.0532,0.8162,17.8155,-1.2264,-20.4774,-8.3056,-6.0821,-140.626,0.8221
106668,0.1626,0.0313,0.8774,42.4032,-6.2646,-20.7828,-7.701,-5.8595,-140.9793,0.8929
106685,0.1677,0.0491,0.8933,57.4796,-16.0432,-13.4164,-6.8796,-5.7611,-141.2073,0.9102
106701,0.1235,0.0835,0.8599,50.5254,-16.7379,-6.1645,-6.1539,-5.5659,-141.306,0.8727
106760,0.1338,0.0803,0.7629,-23.9555,-11.0737,-0.0118,-7.6603,-5.7301,-141.3067,0.7787
106776,0.1555,0.0684,0.7021,-33.299,-8.9287,3.0187,-8.3626,-5.4156,-141.2584,0.7224
106793,0.1809,0.0559,0.6772,-34.1464,-11.3027,4.3241,-9.1817,-5.1947,-141.1849,0.7032
106810,0.1958,0.0664,0.6577,-28.5052,-12.2493,5.179,-9.9396,-4.9562,-141.0968,0.6894
106826,0.2131,0.0596,0.6467,-19.7876,-17.2493,6.5378,-10.5727,-4.8124,-140.9922,0.6835
106844,0.2263,0.0664,0.676,-10.0548,-18.8753,6.9424,-11.0606,-4.7217,-140.8673,0.716
106902,0.3328,0.0728,0.8772,-4.9937,-37.234,0.1485,-11.7246,-6.4163,-140.8586,0.941
106918,0.2961,0.0964,0.8547,-19.4441,-38.3638,1.4844,-12.3142,-6.4915,-140.8349,0.9097
106936,0.2756,0.1011,0.8398,-31.7036,-28.4249,3.0416,-13.0914,-6.4485,-140.7801,0.8897
106952,0.2683,0.1011,0.8823,-34.0624,-25.1501,-0.2332,-13.7633,-6.3155,-140.7839,0.9277
106969,0.2842,0.0952,0.9592,-27.7647,-27.6921,-10.1645,-14.3229,-6.288,-140.9567,1.005
106986,0.323,0.0728,1.0134,-17.4135,-35.8142,-19.7599,-14.7396,-6.4567,-141.2926,1.0661
107044,0.1982,0.0088,1.2598,-3.7494,-11.9287,19.0416,-14.7165,-6.8467,-140.1882,1.2753
107061,0.1245,-0.0017,1.353,-14.2303,2.4224,19.9195,-14.5704,-6.5362,-139.8495,1.3587
107078,0.1267,-0.0569,1.446,-11.3067,1.2316,7.9806,-14.3723,-6.3447,-139.7139,1.4527
107095,0.1353,-0.1536,1.4094,-1.1769,-13.9211,-7.569,-14.0346,-6.5669,-139.8425,1.4242
107111,0.1074,-0.1851,1.2744,2.8155,-19.1882,-17.4469,-13.6207,-6.9294,-140.1217,1.2923
107128,0.073,-0.1584,1.1382,-3.154,-13.715,-20.0271,-13.2727,-7.1931,-140.4621,1.1515
107187,0.1433,-0.0317,0.8943,25.7239,-14.0432,-36.8897,-11.6488,-7.7821,-142.6386,0.9063
107203,0.1682,-0.0313,0.824,31.8994,-10.1424,-27.4087,-11.154,-7.7134,-143.0772,0.8415
107220,0.2002,-0.0564,0.8184,29.5254,-1.8371,-12.2561,-10.7746,-7.5926,-143.2855,0.8444
107237,0.2122,-0.0911,0.8401,20.9147,-3.2264,-0.1416,-10.5661,-7.589,-143.2879,0.8712
107253,0.1282,-0.0889,0.7793,8.1742,-6.5928,4.2172,-10.3891,-7.6469,-143.2205,0.7948
107271,0.0798,-0.0691,0.7102,-10.6273,-11.2569,-0.9049,-10.4125,-7.7578,-143.2367,0.718
107329,0.1719,-0.0354,0.4292,-32.8639,-17.9592,-22.8362,-12.6962,-8.6361,-144.5612,0.4637
107345,0.1833,-0.04,0.3997,-27.925,-17.0356,-24.8133,-13.5987,-8.7812,-144.9582,0.4415
107363,0.1968,-0.0417,0.4424,-17.238,-18.1959,-28.3629,-14.308,-8.96,-145.4688,0.486
107379,0.2197,-0.0149,0.5159,-6.4212,-16.2035,-31.5538,-14.7568,-8.9166,-145.9736,0.5609
107396,0.241,0.0168,0.6082,1.449,-16.6692,-33.0042,-15.0072,-8.7685,-146.5347,0.6544
107413,0.2686,0.0505,0.7351,7.3651,-15.6234,-34.0194,-15.0877,-8.5154,-147.113,0.7843
107471,0.428,0.0452,1.1526,12.0216,-15.3027,-20.4774,-14.6291,-8.9371,-148.3007,1.2303
107488,0.4092,0.0728,1.2178,10.1208,-10.7837,-9.3858,-14.6205,-8.6189,-148.4603,1.2867
107505,0.3528,0.0803,1.2883,8.4796,-11.2798,1.7058,-14.5087,-8.3155,-148.4313,1.3382
107522,0.2769,0.1096,1.3445,5.2277,-5.1882,14.7058,-14.307,-7.8811,-148.1813,1.3771
107538,0.1951,0.1377,1.3857,6.1895,6.1934,33.4691,-13.9586,-7.2437,-147.6458,1.4062
107555,0.1838,0.0476,1.4092,9.4796,14.453,48.5149,-13.5427,-6.6407,-146.821,1.4219
107614,0.093,-0.0862,1.1621,5.4872,3.7507,53.6523,-12.8727,-6.3323,-143.6556,1.169
107630,0.0911,-0.0417,1.0513,13.4643,-2.7608,41.7363,-12.3489,-6.2124,-142.9878,1.056
107646,0.0662,-0.0117,0.918,28.159,3.0179,33.7134,-11.5873,-5.9468,-142.4484,0.9204
107664,0.0701,0.0076,0.9392,46.2353,7.4072,20.7439,-10.4955,-5.5624,-142.075,0.9418
107680,0.095,0.04,0.9551,54.1666,-22.776,2.492,-9.4706,-5.5938,-142.0351,0.9606
107698,0.0759,0.0969,0.8125,41.7315,-39.3715,-7.3477,-8.5827,-5.7782,-142.1674,0.8218
107755,0.2268,0.1201,0.5881,-38.78,-4.0279,-6.2179,-11.1894,-5.3058,-142.5218,0.6417
107772,0.2576,0.0801,0.623,-38.4899,-1.6157,-0.0118,-12.2618,-4.827,-142.522,0.6789
107789,0.2878,0.0359,0.6604,-26.8945,-17.2951,6.5684,-13.151,-4.7917,-142.4103,0.7213
107806,0.2563,0.012,0.6309,-14.7189,-25.3791,12.6905,-13.7496,-4.9708,-142.1946,0.6811
107823,0.2397,0.0327,0.6482,-5.4594,-20.6539,15.4539,-14.0997,-4.9935,-141.9319,0.6919
107839,0.2517,0.0525,0.6843,-2.6197,-21.944,16.1256,-14.3815,-4.9553,-141.6738,0.731
107897,0.2639,-0.0266,0.8882,-8.0395,-30.173,19.576,-14.9156,-6.5058,-140.5384,0.9269
107915,0.2246,-0.0313,0.8811,-17.3906,-34.9363,10.6294,-15.1912,-6.9305,-140.3471,0.9098
107931,0.2124,-0.0352,0.8596,-28.0395,-36.3104,-1.6988,-15.5689,-7.3047,-140.3743,0.8862
107949,0.2368,-0.02,0.8735,-30.7113,-33.1043,-11.0194,-16.0835,-7.6371,-140.5726,0.9053
107965,0.2693,-0.0144,0.928,-23.1158,-29.3715,-15.8439,-16.4424,-7.8183,-140.8261,0.9664
107981,0.3035,-0.0686,1.0222,-7.3677,-33.715,-16.2561,-16.5578,-8.177,-141.0862,1.0685
108040,0.1038,0.0225,1.1101,-3.3677,5.2011,13.6523,-16.2998,-7.509,-140.2807,1.1152
108057,0.1301,0.0269,1.2317,-7.7876,20.1553,11.5378,-16.0161,-6.8297,-140.0846,1.2388
108073,0.1899,-0.0449,1.353,2.4032,14.3079,4.721,-15.658,-6.4128,-140.0091,1.367
108091,0.1665,-0.1047,1.3533,15.5483,0.0866,3.9424,-15.0428,-6.3318,-139.9381,1.3675
108107,0.0786,-0.0703,1.2654,12.1666,-0.0432,3.805,-14.3962,-6.2065,-139.8772,1.2698
108124,0.0178,-0.042,1.1628,1.3193,8.6667,-0.0271,-13.8339,-5.8995,-139.8777,1.1637
108182,0.1487,-0.0425,0.907,18.1361,14.6514,-13.6835,-12.6427,-4.955,-140.6713,0.9201
108199,0.1709,-0.0498,0.8948,27.4109,14.7812,-7.9202,-12.1215,-4.643,-140.806,0.9123
108216,0.1736,-0.0562,0.8923,30.7544,5.7736,-4.7523,-11.5742,-4.5071,-140.8868,0.9108
108232,0.1433,-0.0669,0.8582,27.388,-3.2951,-5.6148,-11.0687,-4.5557,-140.9766,0.8726
108250,0.1406,-0.043,0.803,16.8536,-9.715,-10.0958,-10.7315,-4.6639,-141.1583,0.8163
108266,0.1748,-0.0203,0.7654,3.5101,-11.1806,-10.4469,-10.7627,-4.7097,-141.3255,0.7854
108324,0.2271,0.0078,0.613,-23.0471,-11.318,-0.2942,-12.4284,-5.1223,-141.3425,0.6538
108342,0.2605,-0.0044,0.6436,-18.467,-16.4249,-2.6988,-13.1318,-5.2169,-141.3911,0.6943
108358,0.2781,0.0088,0.6694,-10.8792,-24.6615,-6.2332,-13.6759,-5.3569,-141.4908,0.7249
108375,0.2876,0.0286,0.6804,-5.8716,-31.9669,-9.7599,-14.1404,-5.5682,-141.6568,0.7393
108392,0.2949,0.0493,0.6655,-4.3754,-33.1195,-11.1339,-14.5999,-5.7164,-141.846,0.7296
108408,0.3003,0.0764,0.6829,-3.78,-28.4249,-9.6759,-15.0182,-5.669,-142.0009,0.7499
108467,0.3137,0.0798,0.9927,20.8765,-33.6539,-0.8515,-13.9345,-7.1645,-142.0511,1.0441
108483,0.2866,0.0791,1.0588,18.3269,-30.9363,2.8432,-13.6998,-7.1822,-142.0056,1.0998
108500,0.2734,0.0562,1.1006,15.4414,-31.5165,5.2172,-13.4573,-7.2924,-141.9169,1.1354
108517,0.2261,0.0593,1.0823,8.4796,-33.2798,4.9729,-13.2518,-7.4183,-141.8324,1.1072
108534,0.1702,0.0974,1.0898,1.5483,-27.9058,6.4233,-13.0501,-7.3727,-141.7232,1.1073
108551,0.0952,0.1697,1.0588,-1.3219,-15.0203,10.7668,-12.7526,-6.9588,-141.5401,1.0766
108609,0.1758,-0.2349,1.3521,37.4719,18.7507,56.0264,-10.4481,-6.0306,-138.2906,1.3835
108625,-0.0203,-0.1558,1.262,33.5788,3.1095,49.8737,-9.4778,-6.023,-137.4926,1.2717
108643,-0.1387,-0.0273,1.1433,20.7849,-4.8982,31.9577,-8.463,-5.9215,-136.9174,1.152
108659,-0.1504,0.0679,0.988,12.2277,-3.4402,6.5913,-7.5913,-5.5803,-136.8119,1.0017
108676,-0.0664,0.061,0.9023,17.9223,-4.7913,-15.0118,-6.8272,-5.2805,-137.0671,0.9068
108693,0.0491,0.02,0.8667,33.3116,-4.8142,-19.2866,-6.14,-5.095,-137.395,0.8683
108751,0.0635,0.0828,0.7258,16.3956,-0.2035,6.2935,-5.1802,-4.6423,-137.03,0.7333
108768,0.0674,0.1184,0.7068,0.8155,3.3919,2.431,-5.1745,-4.0208,-136.9887,0.7198
108784,0.1328,0.1299,0.6755,-14.2074,-1.9287,-3.7523,-5.6229,-3.4543,-137.0487,0.7006
108802,0.1921,0.1462,0.6062,-22.3906,-5.0966,-5.2561,-6.4698,-2.8617,-137.1433,0.6525
108818,0.2415,0.1328,0.5818,-23.6502,-1.6463,-1.1187,-7.4555,-2.2581,-137.1612,0.6438
108835,0.2771,0.1145,0.5911,-20.3525,-1.6539,6.4997,-8.478,-1.7562,-137.0507,0.6628
108893,0.2676,0.1133,0.7815,-1.2609,-3.0966,15.5607,-8.9578,-1.5285,-136.1482,0.8338
108910,0.2988,0.0918,0.8354,-4.3448,-8.5318,9.9958,-9.4533,-1.3558,-135.9783,0.892
108926,0.3445,0.1025,0.9075,-12.925,-15.1348,5.6905,-10.1004,-1.2761,-135.8872,0.9761
108944,0.342,0.1169,0.8931,-20.9403,-19.9516,7.66,-10.89,-1.2715,-135.7494,0.9634
108960,0.3276,0.1396,0.8818,-24.7876,-14.3562,12.5913,-11.6412,-1.0812,-135.5479,0.951
108977,0.2961,0.1199,0.9541,-20.612,-12.1043,14.7134,-12.1966,-0.949,-135.2978,1.0062
109035,0.261,0.0603,1.2461,-2.299,-29.1424,6.3546,-12.3094,-2.4229,-134.9292,1.2746
109052,0.1543,0.0925,1.2229,-17.8716,-15.6844,16.7668,-12.3955,-2.4089,-134.6442,1.2361
109069,0.137,0.0303,1.282,-22.8487,2.3079,18.3852,-12.5165,-2.2207,-134.3316,1.2896
109086,0.1355,0.0249,1.3743,-9.383,3.4377,12.263,-12.3941,-2.0343,-134.1232,1.3812
109103,0.1016,-0.03,1.4097,12.3574,-7.1424,1.8813,-11.8615,-2.1183,-134.0912,1.4136
109119,0.0439,-0.0786,1.3335,27.533,-18.6234,-12.2561,-11.0395,-2.4546,-134.2873,1.3365
109177,0.02,-0.0454,1.0103,25.6017,-2.9821,-18.9813,-9.2178,-2.6254,-135.3882,1.0115
109195,0.0347,-0.0339,0.9675,35.1437,-12.3715,-19.821,-8.3238,-2.8145,-135.745,0.9687
109211,0.0391,-0.0176,0.8801,38.2429,-19.631,-19.05,-7.5051,-3.0492,-136.0498,0.8812
109229,0.0452,-0.0127,0.8022,33.0445,-15.776,-16.8057,-6.7628,-3.2361,-136.3523,0.8036
109245,0.0652,-0.0176,0.7544,22.5941,-9.2188,-14.2484,-6.3427,-3.3017,-136.5802,0.7574
109261,0.0967,-0.0232,0.7397,8.991,-7.9898,-12.0805,-6.2486,-3.3641,-136.7735,0.7464
109320,0.1401,0.0398,0.5845,-34.5281,-15.3791,-6.8362,-8.4924,-3.9448,-137.1769,0.6024
109337,0.1633,0.0659,0.5461,-34.0548,-17.86,-6.5767,-9.37,-3.8032,-137.2887,0.5738
109353,0.2019,0.0664,0.5627,-23.9403,-16.8447,-3.4774,-10.1473,-3.6406,-137.3443,0.6015
109370,0.2327,0.0317,0.637,-7.2609,-20.2188,4.5836,-10.6617,-3.7109,-137.2664,0.6789
109387,0.208,-0.0015,0.7051,3.7697,-16.6463,13.1561,-10.8312,-3.8389,-137.0427,0.7351
109404,0.176,0.0332,0.7942,2.5788,-13.9821,12.1256,-10.8553,-3.8178,-136.8366,0.8141
109462,0.2615,0.0535,1.0376,-7.4746,-26.9745,-9.2103,-11.4023,-5.049,-137.3708,1.0714
109478,0.2349,0.051,1.0825,-4.6426,-31.2417,-10.9584,-11.5066,-5.219,-137.5461,1.1089
109496,0.1917,0.0769,1.0574,-6.1769,-34.1424,-15.1034,-11.563,-5.4338,-137.818,1.0773
109512,0.1943,0.0688,1.0986,-5.9861,-29.4478,-18.9202,-11.5929,-5.5253,-138.1207,1.1178
109530,0.1863,0.0715,1.1323,-2.9937,-31.8753,-18.4011,-11.5539,-5.7105,-138.4519,1.1498
109546,0.0886,0.1572,1.1189,-0.0471,-28.776,-13.6835,-11.2718,-5.6041,-138.6709,1.1334
109604,0.3088,-0.1416,1.3955,45.2582,41.8576,23.7897,-8.7977,-3.2811,-137.2911,1.4363
109621,0.1643,-0.1304,1.3796,49.0139,6.766,37.9806,-7.9163,-3.2554,-136.6454,1.3955
109638,-0.0618,0.0549,1.1555,24.0139,-3.8295,42.0035,-7.0855,-3.0788,-135.9313,1.1585
109655,-0.1943,0.1824,0.9575,-5.7418,9.0942,35.8432,-6.4448,-2.3759,-135.322,0.9939
109672,-0.1641,0.1741,0.8696,-17.5968,26.2163,18.4386,-6.0549,-1.4002,-135.0085,0.9019
109688,-0.0134,0.0757,0.8694,-4.1082,27.5751,7.6829,-5.8406,-0.7216,-134.8856,0.8728
109747,0.0388,0.0278,0.905,27.5406,2.2316,-3.6072,-4.1452,-0.4959,-135.0984,0.9063
109763,0.0647,0.0701,0.8752,11.9605,-10.6081,-16.2026,-3.9643,-0.4559,-135.3577,0.8804
109780,0.1091,0.1353,0.741,-7.6349,-14.5012,-22.6683,-4.2601,-0.2606,-135.743,0.7611
109797,0.1663,0.1423,0.6428,-23.5357,-8.5241,-20.3019,-5.0407,0.1101,-136.0882,0.6791
109813,0.24,0.1348,0.6704,-24.551,-6.8218,-11.9584,-5.9897,0.4556,-136.2795,0.7247
109831,0.2441,0.1155,0.686,-17.0853,-20.0508,-1.05,-6.8189,0.4731,-136.2984,0.7373
109889,0.1833,0.1204,0.7205,-29.612,-24.0203,-2.2026,-8.7585,-0.5039,-136.4262,0.7531
109905,0.2439,0.1321,0.7942,-29.7723,-22.5394,-6.653,-9.5396,-0.4523,-136.5326,0.8412
109922,0.3262,0.1238,0.8848,-24.1922,-30.4631,-9.0118,-10.3552,-0.6128,-136.6858,0.9511
109939,0.3267,0.0991,0.9636,-17.0013,-41.4783,-7.0347,-10.9638,-1.0303,-136.8054,1.0223
109956,0.2734,0.0901,0.96,-15.8258,-55.6081,-4.5309,-11.4168,-1.6821,-136.8824,1.0022
109973,0.2339,0.1008,0.9512,-23.7036,-50.1806,-4.7599,-11.8966,-2.1918,-136.9633,0.9847
110031,0.3188,0.0154,1.231,-14.6731,-49.5928,1.6752,-12.8186,-4.8368,-136.8662,1.2717
110048,0.199,0.0635,1.2178,-10.2227,-44.0127,13.6523,-12.8434,-5.2422,-136.6341,1.2356
110064,0.1738,0.019,1.2593,-7.78,-35.6615,15.2325,-12.7635,-5.5457,-136.3904,1.2714
110082,0.113,0.0161,1.2471,-6.1769,-27.5165,16.8279,-12.5668,-5.7697,-136.0875,1.2523
110098,0.0664,-0.0068,1.23,-0.8105,-18.6386,16.6981,-12.2002,-5.8379,-135.8203,1.2318
110115,0.0105,-0.0356,1.1516,3.4719,-5.6692,13.9958,-11.6764,-5.7679,-135.5824,1.1522
110174,0.0066,-0.1074,0.9587,17.6552,0.2011,-19.0042,-10.225,-5.7815,-136.7036,0.9648
110190,0.0435,-0.0647,0.8777,24.4948,-1.6921,-25.4927,-9.5529,-5.7448,-137.1115,0.8811
110206,0.0894,-0.0491,0.8162,29.7773,3.2392,-22.9202,-8.9629,-5.6029,-137.4782,0.8225
110224,0.1328,-0.0664,0.7908,30.6857,10.7431,-10.8973,-8.4541,-5.3852,-137.6744,0.8046
110240,0.156,-0.1069,0.811,27.4414,14.3232,1.7287,-8.1264,-5.2502,-137.6467,0.8328
110257,0.1277,-0.1204,0.8013,18.1819,11.6209,6.7974,-7.8628,-5.1923,-137.5312,0.8203
110315,0.1731,0.0061,0.6541,-19.4212,-19.6386,-15.4622,-9.2226,-6.0567,-138.428,0.6766
110332,0.2144,0.01,0.668,-16.1006,-22.2417,-11.1645,-9.828,-6.143,-138.6177,0.7016
110349,0.1787,0.0186,0.5833,-14.0395,-23.715,-3.0347,-10.3451,-6.2115,-138.6693,0.6103
110366,0.1582,0.0315,0.5649,-13.5052,-18.3562,-0.0042,-10.7766,-6.1349,-138.6694,0.5875
110383,0.1868,0.0261,0.6448,-11.5968,-17.9363,-0.9049,-11.1804,-6.0895,-138.6848,0.6718
110399,0.1973,0.0232,0.7156,-8.8334,-22.715,-3.2866,-11.4851,-6.1205,-138.7374,0.7426
110457,0.2361,0.0596,0.8977,-2.4899,-24.8371,-7.3935,-11.7524,-7.1068,-139.1662,0.9301
110475,0.2451,0.0461,0.9922,4.2735,-28.089,-2.9813,-11.763,-7.2014,-139.2199,1.0231
110491,0.2092,0.0339,1.002,3.5712,-25.2188,2.6371,-11.7092,-7.2231,-139.1777,1.0241
110508,0.1904,0.0225,1.0625,-0.5433,-17.8676,5.1943,-11.656,-7.1773,-139.0894,1.0797
110525,0.1946,-0.0022,1.1313,0.6246,-17.2646,5.1943,-11.5699,-7.1764,-139.0011,1.148
110541,0.1829,-0.0078,1.1831,5.3269,-21.4478,3.4691,-11.3767,-7.234,-138.9456,1.1972
110600,0.1226,0.062,1.1057,11.8765,28.1247,12.5836,-10.5016,-5.2232,-138.2031,1.1142
110617,0.2852,-0.1016,1.2261,29.3651,28.9415,18.0111,-10.1243,-4.7314,-137.8969,1.2629
110633,0.2102,-0.1025,1.2168,37.5635,3.6591,23.7897,-9.533,-4.6786,-137.5163,1.2391
110650,0.0322,0.0261,1.093,29.8307,-8.4249,18.4615,-8.7324,-4.5742,-137.2025,1.0938
110667,-0.052,0.1086,0.9177,15.2735,-10.1119,2.9271,-8.005,-4.2862,-137.1527,0.9256
110684,-0.0381,0.1401,0.781,13.1055,6.5064,-15.3553,-7.361,-3.6016,-137.4138,0.7944
110742,0.1416,0.1777,1.0466,75.2811,3.6362,5.889,-3.1788,-2.8696,-137.0722,1.071
110758,0.0525,0.1904,1.0525,54.5406,2.0255,7.8203,-2.3263,-2.3135,-136.9471,1.0709
110776,0.0957,0.2009,1.0586,21.3727,6.3919,4.1485,-2.067,-1.6806,-136.8724,1.0817
110792,0.1399,0.1797,0.9851,-19.7571,-6.486,6.0111,-2.6059,-1.2995,-136.7762,1.0111
110809,0.1582,0.1323,0.7964,-54.2151,-9.6615,11.9958,-3.8299,-1.0278,-136.5723,0.8227
110826,0.1511,0.083,0.665,-70.1616,-8.173,16.5836,-5.33,-0.8355,-136.2904,0.687
110884,0.1741,0.0032,0.6353,-12.8639,-32.3027,-10.2561,-6.4461,-2.5893,-136.8852,0.6587
110901,0.1938,0.0283,0.6541,-0.5891,-44.0508,-18.7904,-6.8576,-3.1054,-137.2047,0.6828
110917,0.2263,0.0408,0.6997,2.0216,-53.2035,-21.3019,-7.2681,-3.665,-137.5455,0.7365
110935,0.2585,0.0266,0.7664,-1.0166,-63.547,-19.2408,-7.7402,-4.537,-137.8918,0.8092
110951,0.2639,0.0728,0.8196,-9.7723,-62.4936,-17.7523,-8.292,-5.1125,-138.1759,0.8641
110968,0.2793,0.1028,0.8669,-18.4517,-63.8447,-18.4851,-8.9711,-5.6795,-138.4901,0.9166
111027,0.3137,0.1648,0.9819,-35.4136,-47.4554,-8.9584,-11.3176,-7.7591,-139.0187,1.0439
111043,0.3391,0.1099,1.0342,-35.3296,-46.715,-3.0042,-12.13,-7.9237,-139.0667,1.0939
111059,0.301,0.1055,1.0762,-34.696,-33.0585,10.347,-12.8,-7.8907,-138.9012,1.1224
111077,0.269,0.0671,1.1621,-24.238,-18.2035,26.5531,-13.2274,-7.7573,-138.4232,1.1947
111093,0.156,0.0872,1.2332,-10.0624,-7.3256,37.95,-13.1405,-7.3978,-137.816,1.246
111111,0.1223,0.0491,1.2786,4.304,10.682,34.3241,-12.759,-6.8294,-137.1982,1.2853
111169,0.0496,-0.1511,1.166,32.701,10.2163,16.0035,-10.5244,-6.2828,-136.27,1.1768
111185,0.0105,-0.1108,1.0605,27.3193,16.3461,10.6752,-9.7063,-6.0191,-136.0992,1.0664
111202,0.0344,-0.0515,1.0288,31.449,13.285,-1.2179,-8.8814,-5.6761,-136.1199,1.0307
111219,0.0635,0.0132,0.9687,40.8918,2.3385,-10.737,-8.0087,-5.3797,-136.3024,0.9709
111236,0.0647,0.0139,0.8555,42.3803,-0.1043,-11.8057,-7.1697,-5.129,-136.5031,0.858
111253,0.1208,-0.0618,0.8198,39.6399,2.9339,-7.5309,-6.5705,-5.0483,-136.6311,0.831
111310,0.1511,-0.0388,0.8157,-20.4059,5.2087,19.9348,-7.8437,-4.6703,-135.4948,0.8305
111328,0.144,0.0039,0.7622,-31.4135,-7.8829,12.0187,-8.5008,-4.608,-135.2785,0.7757
111344,0.1506,0.0217,0.7087,-33.551,-23.8295,1.3241,-9.1558,-4.7194,-135.2573,0.7249
111362,0.1704,0.0415,0.623,-30.3143,-28.1195,-3.6225,-9.924,-4.8641,-135.3225,0.6473
111378,0.1919,0.0381,0.6216,-22.5128,-26.6081,-1.7065,-10.5579,-4.938,-135.3498,0.6516
111394,0.2126,0.0571,0.6284,-14.2761,-27.1501,2.2477,-11.0998,-4.9497,-135.3139,0.6659
111453,0.2493,0.0798,0.7712,-8.841,-24.4554,10.6142,-11.8695,-5.9005,-134.6876,0.8144
111470,0.2249,0.0833,0.8057,-8.8258,-23.7837,7.2477,-12.1593,-5.8166,-134.5644,0.8406
111486,0.2441,0.0774,0.8562,-9.1387,-20.1577,0.7058,-12.4475,-5.687,-134.5531,0.8937
111503,0.2583,0.0889,0.9077,-4.1158,-19.0508,-3.1492,-12.6493,-5.5468,-134.6067,0.9479
111520,0.2556,0.0967,0.988,4.8231,-15.3486,-2.8286,-12.6421,-5.3518,-134.6547,1.0251
111537,0.2456,0.0471,1.1089,18.2353,-20.6692,-5.7294,-12.338,-5.3778,-134.7521,1.1367
111595,0.0479,0.1191,1.1499,15.3498,-16.1806,-28.7294,-11.0846,-5.827,-136.4184,1.157
111612,0.1055,0.2168,1.1448,40.9605,-9.7455,-36.5996,-10.1796,-5.324,-137.0406,1.1699
111629,0.2395,0.1379,1.1338,63.1742,-15.8371,-36.111,-9.2151,-5.092,-137.6545,1.167
111645,0.2197,0.0945,1.0208,58.0826,-2.0279,-9.6072,-8.4383,-4.708,-137.8082,1.0484
111663,0.1653,0.105,1.0708,39.7468,18.4835,30.5836,-7.7633,-3.9763,-137.2577,1.0886
111679,0.0669,0.1665,1.1331,24.5254,30.7507,54.492,-7.2098,-3.0105,-136.3859,1.1472
111737,0.1365,-0.0901,1.0576,-17.0853,22.8576,47.4233,-8.1657,-1.8121,-133.6353,1.0702
111755,0.1174,-0.1248,0.9905,-30.7723,20.5522,42.6065,-8.6392,-1.6717,-132.8684,1.0052
111771,0.1152,-0.1123,0.9456,-39.0319,7.8423,25.66,-9.1692,-1.7553,-132.4578,0.9592
111788,0.1255,-0.0391,0.8318,-42.8334,-13.2569,0.1485,-9.8443,-2.009,-132.4553,0.8421
111805,0.1367,0.0518,0.6533,-42.8563,-32.9363,-21.4011,-10.6212,-2.2849,-132.8191,0.6695
111821,0.1804,0.0823,0.5295,-32.6731,-37.8905,-34.1187,-11.4425,-2.4223,-133.365,0.5655
111880,0.22,0.1829,0.71,18.388,-39.7073,-12.4698,-10.6114,-3.9967,-134.1007,0.7654
111896,0.2007,0.2095,0.7905,7.5941,-34.4707,2.4997,-10.6218,-3.7726,-134.0608,0.8421
111913,0.1589,0.2041,0.8567,-14.5433,-26.0737,14.3699,-10.8435,-3.5112,-133.8165,0.8949
111930,0.1521,0.1848,0.8972,-40.925,-21.0203,15.6752,-11.4547,-3.2483,-133.55,0.9286
111947,0.177,0.1572,0.8613,-59.925,-21.9669,12.0798,-12.4317,-3.063,-133.3446,0.8933
111964,0.2351,0.1331,0.7847,-67.7647,-18.5012,13.3699,-13.6986,-2.8575,-133.1173,0.8299
112022,0.2153,-0.0735,0.9651,-23.6884,-19.9821,1.5836,-14.9714,-4.03,-133.0255,0.9915
112038,0.2405,-0.0884,1.0667,-7.9555,-23.6234,-13.7828,-15.0012,-4.4211,-133.246,1.097
112056,0.219,-0.0371,1.124,-4.299,-22.0585,-17.4164,-14.9162,-4.701,-133.5595,1.1458
112072,0.2324,-0.0232,1.2139,-5.4594,-14.2798,-14.6835,-14.8369,-4.7761,-133.7944,1.2361
112090,0.2107,-0.0393,1.2502,-6.7189,-11.0737,-7.1797,-14.742,-4.8485,-133.9237,1.2685
112106,0.1343,-0.0237,1.2585,-7.5204,8.1553,4.6294,-14.5114,-4.5724,-133.8496,1.2659
112164,0.0542,-0.1975,1.1755,6.2124,12.7278,3.1332,-13.6892,-4.0623,-133.6679,1.1932
112181,0.0081,-0.1965,1.0937,8.2658,13.7812,0.8737,-13.0233,-4.0824,-133.653,1.1113
112198,-0.0115,-0.1741,1.0183,16.6933,7.6744,-8.0271,-12.2045,-4.1818,-133.7895,1.0331
112215,-0.0034,-0.1367,0.9124,25.1132,5.5217,-15.05,-11.298,-4.2654,-134.0453,0.9225
112232,0.0955,-0.147,0.9087,31.2124,10.14,-10.9202,-10.5735,-4.2968,-134.231,0.9254
112248,0.1467,-0.165,0.9038,31.6933,6.224,-2.3248,-10.0267,-4.4432,-134.2682,0.9304
112307,0.1216,-0.1389,0.7053,-23.0929,-9.5776,-6.1492,-11.3176,-5.2537,-134.631,0.7291
112323,0.1497,-0.1309,0.6538,-32.6349,-13.6005,-14.4164,-11.8722,-5.7051,-134.8616,0.6834
112340,0.1956,-0.1091,0.6401,-29.3143,-17.4096,-17.1034,-12.5461,-6.148,-135.1524,0.6782
112357,0.2249,-0.0605,0.6169,-18.7952,-28.4249,-18.2561,-13.1484,-6.5902,-135.4627,0.6594
112373,0.2437,-0.0347,0.6074,-7.154,-31.4554,-16.0042,-13.6054,-6.9404,-135.7188,0.6554
112391,0.2793,-0.0603,0.6506,1.304,-29.5165,-9.0423,-13.9644,-7.3847,-135.8816,0.7106
112449,0.2312,-0.061,0.8379,-21.8029,-24.0585,-4.0347,-15.2353,-8.5955,-136.1156,0.8713
112465,0.2725,-0.0564,0.8877,-23.4746,-27.2722,-10.2255,-15.6676,-8.816,-136.2792,0.9303
112483,0.2903,-0.053,0.8928,-14.3372,-36.5241,-14.5919,-16.0079,-9.2303,-136.5419,0.9403
112499,0.2947,-0.0432,0.8911,0.4414,-38.2035,-16.2103,-16.092,-9.559,-136.8012,0.9396
112516,0.2651,-0.0203,0.9211,11.3651,-34.7302,-16.4087,-15.905,-9.7938,-137.0802,0.9588
112533,0.2378,-0.0098,0.9668,12.1361,-30.6081,-14.0652,-15.6234,-9.9247,-137.3193,0.9957
112591,0.1467,-0.0273,1.115,-11.551,-21.8142,7.3623,-15.9414,-10.7986,-136.8923,1.1249
112608,0.1587,-0.0017,1.0588,-20.8181,-13.234,7.4615,-15.9845,-10.5863,-136.7654,1.0707
112625,0.1204,0.0872,0.9968,-17.1998,4.8194,18.8432,-15.9001,-9.8843,-136.4451,1.0078
112642,0.1956,0.0115,1.0276,-5.07,37.8347,36.7134,-15.7778,-8.8459,-135.8209,1.0461
112658,0.2625,-0.1694,1.252,24.0826,40.2316,50.6447,-15.2462,-8.1824,-135.0106,1.2903
112675,0.1709,-0.2515,1.333,49.8918,20.5675,55.3165,-14.1094,-7.9467,-134.0702,1.3672
112734,-0.0784,-0.0544,1.009,18.5559,-11.1348,12.7668,-12.3166,-8.3831,-133.317,1.0135
112750,0.0227,-0.0425,0.8391,3.6399,-10.3791,5.7592,-11.83,-8.3231,-133.2248,0.8405
112768,0.1138,-0.071,0.7112,-7.841,2.8118,12.7668,-11.854,-8.1698,-132.9951,0.7237
112784,0.1389,-0.0979,0.6714,-11.551,12.1782,19.0187,-12.0201,-7.9878,-132.6907,0.6926
112800,0.1248,-0.0962,0.668,-13.0853,9.8118,13.66,-12.1593,-7.8454,-132.4722,0.6863
112818,0.0972,-0.0632,0.6914,-17.1387,4.9721,-0.2179,-12.2877,-7.6546,-132.4761,0.7011
112876,0.2231,-0.0146,0.6526,-57.8105,-12.1272,-4.9889,-15.77,-8.0751,-132.7655,0.6898
112892,0.2407,-0.0281,0.6436,-61.2685,-10.3944,0.9042,-16.8999,-8.0117,-132.751,0.6877
112909,0.2478,-0.0671,0.6672,-49.4288,-12.1959,3.7974,-17.8418,-8.1201,-132.6864,0.7149
112926,0.2485,-0.0986,0.7319,-29.1235,-17.547,3.347,-18.3474,-8.3887,-132.6295,0.7792
112943,0.2297,-0.1204,0.7856,-9.5662,-25.5852,-1.8286,-18.4145,-8.8191,-132.6606,0.8273
112960,0.2104,-0.1226,0.8267,-1.0929,-30.8676,-9.4469,-18.2611,-9.3074,-132.8212,0.8618
113018,0.2402,-0.1614,0.9333,-18.925,-27.9974,-17.0881,-19.1537,-10.8864,-133.8123,0.9772
113035,0.2439,-0.1702,1.0415,-10.612,-25.9363,-17.2942,-19.0813,-11.2454,-134.1063,1.0831
113051,0.2483,-0.1719,1.2053,7.2048,-35.631,-24.195,-18.6684,-11.6675,-134.4934,1.2426
113069,0.2175,-0.1948,1.2766,20.7391,-51.8676,-34.4087,-17.9458,-12.4441,-135.1128,1.3096
113085,0.137,-0.1807,1.2854,17.0063,-55.3409,-35.1339,-17.2077,-13.1164,-135.6749,1.3052
113102,0.0464,-0.0974,1.1538,-9.6655,-35.0508,-28.1034,-16.7688,-13.3568,-136.1527,1.1588
113161,0.1133,-0.134,1.031,3.846,-3.5623,-24.1645,-16.129,-13.3206,-137.5784,1.0458
113177,0.1548,-0.1558,1.0183,30.4032,1.4682,-16.7828,-15.3586,-13.1131,-137.8469,1.0417
113193,0.1177,-0.1772,1.0249,51.7773,7.4224,-2.1339,-14.2072,-12.867,-137.8811,1.0468
113211,0.0728,-0.1985,1.0459,59.7773,10.6972,9.6218,-12.7623,-12.5973,-137.7079,1.067
113227,0.0046,-0.188,1.0178,54.9605,11.4148,12.1867,-11.4179,-12.3367,-137.5129,1.035
113245,-0.0303,-0.1868,0.9326,41.0903,8.5827,5.3165,-10.1782,-12.1479,-137.4172,0.9516
113303,0.2366,-0.1592,0.718,3.8155,0.3995,1.8279,-10.2719,-12.1397,-137.3112,0.7726
113319,0.2036,-0.1599,0.6565,2.7239,-3.4478,7.8203,-10.49,-12.2547,-137.186,0.7057
113336,0.1729,-0.1401,0.6804,-0.1311,-11.0966,4.8661,-10.6314,-12.4111,-137.1033,0.7159
113353,0.1521,-0.1082,0.6973,-5.1235,-22.9974,-3.1339,-10.7764,-12.6426,-137.1566,0.7218
113370,0.1733,-0.0623,0.6631,-11.6426,-30.3638,-9.8057,-11.1189,-12.847,-137.3233,0.6882
113387,0.2148,-0.0635,0.6379,-13.5815,-30.6539,-10.9813,-11.6368,-13.0607,-137.51,0.6761
113445,0.2666,-0.0281,0.7932,-9.6426,-30.4554,5.4997,-12.4509,-14.3151,-137.191,0.8373
113462,0.2231,-0.0332,0.7976,-17.6655,-24.0585,8.2477,-12.8659,-14.2305,-137.0508,0.8289
113478,0.2251,-0.0635,0.8303,-25.6578,-21.9287,8.9882,-13.3504,-14.173,-136.907,0.8626
113496,0.2483,-0.0593,0.854,-27.3296,-20.1882,9.0416,-13.9356,-14.1139,-136.7442,0.8913
113512,0.2615,-0.0515,0.8728,-19.4212,-19.6921,10.3241,-14.3425,-13.9869,-136.579,0.9126
113529,0.2629,-0.0859,0.9102,-5.07,-16.5318,14.4233,-14.4934,-13.913,-136.3338,0.9513
113588,0.0742,-0.0771,1.1797,18.4032,-23.1577,-4.3858,-13.015,-14.8178,-136.5926,1.1845
113604,0.0449,-0.0208,1.1592,9.2277,-15.7455,-7.4774,-12.4414,-14.5079,-136.7122,1.1602
113620,0.1362,-0.0569,1.2302,8.1819,-8.4478,-10.2026,-12.0705,-14.1633,-136.8755,1.2391
113638,0.1189,-0.0249,1.176,13.8918,-0.5623,1.2172,-11.5785,-13.655,-136.8536,1.1823
113654,0.145,-0.042,1.156,16.7315,4.7965,10.1561,-11.1442,-13.1183,-136.6911,1.1658
113672,0.1277,-0.1125,1.1101,17.7162,8.1171,18.5607,-10.6535,-12.6849,-136.357,1.1231
113730,-0.085,-0.0222,1.031,41.4261,-4.6005,15.5531,-7.7323,-12.483,-135.4549,1.0347
113746,-0.0488,0.0022,0.9919,34.8155,3.7049,7.431,-6.7755,-11.9217,-135.336,0.9931
113763,0.0518,-0.0298,0.9521,17.4032,9.0026,6.5913,-6.3449,-11.3696,-135.224,0.954
113780,0.126,-0.061,0.885,2.1742,9.453,11.7439,-6.3789,-10.9183,-135.0243,0.896
113797,0.1521,-0.072,0.8235,-7.9555,4.5827,15.3012,-6.6706,-10.6068,-134.7642,0.8405
113814,0.1584,-0.0837,0.7651,-15.0395,0.1476,13.492,-7.1145,-10.4299,-134.5348,0.7858
113872,0.2175,-0.0723,0.7029,-26.0853,-24.3562,11.5684,-8.9668,-11.6037,-133.8639,0.7393
113889,0.1987,-0.0654,0.6453,-27.6273,-25.5318,12.9577,-9.7405,-11.7878,-133.6436,0.6783
113905,0.1899,-0.0596,0.6646,-28.6426,-19.5852,11.9424,-10.4264,-11.822,-133.4525,0.6937
113923,0.1895,-0.0256,0.6951,-27.8639,-19.1577,8.3775,-11.1003,-11.7647,-133.3017,0.7209
113939,0.2161,-0.0359,0.7488,-24.3067,-16.7073,5.4844,-11.6728,-11.6605,-133.214,0.7802
113956,0.2441,-0.0483,0.8074,-16.6044,-23.4325,3.5455,-12.1487,-11.7135,-133.1537,0.8449
114015,0.1995,-0.0601,0.8879,-24.467,-35.715,-11.6225,-13.5539,-13.4226,-133.8394,0.912
114031,0.1914,-0.0254,0.864,-34.0319,-36.1272,-20.2408,-14.0339,-13.508,-134.1633,0.8853
114048,0.1899,0.0066,0.8442,-35.2532,-32.3715,-25.7752,-14.555,-13.4781,-134.6014,0.8654
114065,0.248,-0.0261,0.9094,-25.6731,-32.2951,-27.4622,-15.0018,-13.5318,-135.0683,0.943
114081,0.3169,-0.1487,1.01,-11.696,-42.9974,-23.9813,-15.2712,-13.986,-135.452,1.0689
114099,0.2397,-0.2283,1.0635,-9.1998,-37.6921,-10.6377,-15.3165,-14.5624,-135.6435,1.1138
114157,0.0791,-0.2942,1.2834,-25.8639,18.2545,3.0493,-16.2815,-13.4799,-135.4666,1.3191
114173,0.1353,-0.3948,1.3315,2.0368,20.6285,4.9348,-15.8214,-13.2844,-135.3877,1.3954
114190,0.1335,-0.4614,1.3293,31.5559,8.4988,0.4768,-14.8904,-13.38,-135.3796,1.4135
114207,0.0332,-0.3879,1.1746,36.7239,1.7965,-0.7065,-13.757,-13.5466,-135.3916,1.2374
114224,0.0029,-0.2886,1.0583,25.3803,12.9415,-2.6759,-12.7986,-13.4036,-135.4371,1.097
114241,0.0835,-0.2187,0.9915,21.5712,22.4224,-4.1263,-12.1227,-12.9992,-135.5072,1.0187
114299,0.0637,-0.283,0.8406,35.8765,-0.0127,-4.3324,-9.8045,-13.2242,-135.7585,0.8892
114316,0.0781,-0.2407,0.8022,16.4948,0.2774,-16.4851,-9.3563,-13.3588,-136.0387,0.8412
114332,0.1155,-0.1848,0.7913,-4.2151,-2.0127,-24.0271,-9.3704,-13.3812,-136.4232,0.8207
114350,0.1575,-0.1533,0.7261,-17.1769,-10.2111,-25.6759,-9.7716,-13.4993,-136.8853,0.7586
114366,0.1589,-0.1455,0.6387,-22.4212,-12.2493,-23.4927,-10.2706,-13.6609,-137.2612,0.674
114383,0.165,-0.1177,0.6155,-20.6807,-14.4936,-21.966,-10.7875,-13.784,-137.6346,0.648
114442,0.2151,-0.0764,0.6973,0.388,-40.5547,-25.3019,-11.016,-15.7798,-139.1275,0.7337
114458,0.2507,-0.0706,0.7219,-6.8181,-38.6157,-22.4469,-11.4428,-15.965,-139.4866,0.7675
114475,0.2966,-0.071,0.7659,-12.0548,-34.6692,-15.0194,-12.0254,-16.1042,-139.7419,0.8244
114492,0.2957,-0.0732,0.8245,-12.4135,-32.0585,-8.7904,-12.5332,-16.1863,-139.8914,0.8789
114508,0.2817,-0.0642,0.8726,-11.3067,-28.9134,-8.7981,-12.9195,-16.1513,-140.0321,0.9192
114526,0.2825,-0.0652,0.9307,-6.4517,-33.8524,-9.5309,-13.188,-16.2505,-140.2037,0.9748
114584,0.2219,-0.1885,1.0781,-3.6884,-21.4478,11.0798,-13.3244,-17.1913,-139.5611,1.1167
114600,0.1787,-0.2004,1.114,-3.8334,-23.5165,4.5684,-13.2092,-17.2729,-139.488,1.1459
114617,0.1169,-0.1201,1.0776,-5.3677,-21.7073,-2.3858,-13.0146,-17.1906,-139.5285,1.0906
114634,0.1387,-0.1035,1.0835,-2.4059,-18.1577,-7.4698,-12.8237,-17.0176,-139.6555,1.0972
114651,0.1062,-0.0212,1.0239,6.5865,-5.4707,3.6294,-12.4401,-16.4737,-139.5938,1.0296
114668,0.2026,-0.1326,1.0544,18.0597,17.5751,15.8584,-12.0796,-15.8146,-139.3242,1.0819
114726,-0.0166,-0.1614,1.0698,22.7468,6.2392,25.8584,-10.2947,-15.1777,-137.8244,1.0821
114743,-0.0173,-0.1179,1.0283,18.5406,4.7736,8.3088,-9.5419,-14.7544,-137.6832,1.0352
114759,0.0264,-0.1128,0.9204,25.6704,-1.4554,-1.4774,-8.8311,-14.466,-137.7068,0.9277
114777,0.075,-0.1169,0.8125,33.6857,0.2316,0.034,-8.1045,-14.211,-137.7062,0.8243
114793,0.0852,-0.1382,0.7527,34.3727,8.5827,7.6294,-7.5064,-13.9269,-137.5841,0.77
114810,0.0681,-0.1375,0.7834,30.4948,11.6896,10.95,-6.9043,-13.577,-137.398,0.7983
114869,0.1206,-0.0542,0.6907,-13.8868,-16.4554,-22.9126,-7.8097,-14.1455,-138.7498,0.7032
114885,0.1951,-0.0305,0.6318,-23.3525,-13.631,-23.653,-8.5415,-13.8996,-139.1283,0.662
114902,0.2896,-0.0315,0.6177,-25.238,-13.6386,-16.6454,-9.6152,-13.683,-139.4112,0.6829
114919,0.3135,-0.063,0.6277,-20.3372,-14.7073,-6.7599,-10.6195,-13.6049,-139.5261,0.7044
114935,0.2759,-0.0518,0.6306,-11.6044,-15.6463,0.0874,-11.3153,-13.4887,-139.5247,0.6903
114953,0.2483,-0.0513,0.6809,-4.1387,-14.5394,-0.3858,-11.7335,-13.3727,-139.5317,0.7266
115011,0.22,-0.0398,0.8418,-9.9937,-30.3562,-13.5232,-12.4057,-14.6362,-140.316,0.871
115027,0.1973,-0.0276,0.7954,-21.925,-32.631,-12.9736,-12.8031,-14.6315,-140.5236,0.82
115044,0.1792,-0.0188,0.7168,-33.3677,-30.3333,-13.111,-13.3968,-14.6013,-140.7465,0.7391
115061,0.155,-0.0105,0.6035,-38.3754,-24.2035,-15.9507,-14.0634,-14.4521,-141.0177,0.6232
115078,0.1951,-0.0408,0.6177,-25.2609,-12.3027,-19.7752,-14.6127,-14.2259,-141.3538,0.649
115095,0.2893,-0.1519,0.699,0.075,-11.1806,-15.0576,-14.9079,-14.3296,-141.6098,0.7716
115153,0.0061,-0.1445,1.5259,27.7315,14.827,-19.5461,-12.7766,-13.1473,-142.7435,1.5327
115170,0.157,0.1802,1.7815,33.5483,22.1247,-78.5156,-11.9184,-12.0293,-144.0783,1.7975
115187,0.2319,0.0591,1.8271,40.3651,-21.0203,-84.7675,-11.0722,-11.8171,-145.5193,1.8428
115204,0.3484,-0.1614,1.6375,30.8155,-4.4249,-71.821,-10.6046,-11.6418,-146.7403,1.6819
115220,0.3875,-0.1797,1.5813,2.3116,-13.3333,-49.6988,-10.6922,-11.6402,-147.5355,1.638
115237,0.2544,-0.1892,1.29,-32.299,-21.9363,-12.3019,-11.2332,-11.8664,-147.7446,1.3284
115296,0.0828,-0.3755,0.959,12.6781,0.5369,41.7821,-10.2496,-12.2166,-145.2795,1.0332
115312,0.071,-0.4041,0.9258,35.0521,-2.9287,37.9653,-9.4621,-12.7161,-144.672,1.0126
115330,0.0818,-0.3867,0.9236,39.8918,-10.3333,28.95,-8.5811,-13.2948,-144.1509,1.0046
115346,0.05,-0.2903,0.8669,32.8231,-18.7684,15.7363,-7.8591,-13.7918,-143.8991,0.9156
115362,0.0215,-0.1938,0.7556,17.0826,-22.7226,0.6447,-7.3454,-14.1647,-143.8888,0.7804
115380,0.0366,-0.1179,0.6653,-4.8945,-23.1272,-13.2484,-7.2603,-14.3998,-144.1273,0.6766
115438,0.1357,-0.124,0.5542,-15.4823,-26.0127,-6.8591,-8.3696,-15.7767,-144.5251,0.5839
115454,0.1199,-0.0854,0.5317,-12.0013,-28.1501,-11.05,-8.7211,-15.9432,-144.7019,0.5517
115472,0.1628,-0.0603,0.5557,-8.9403,-28.9287,-19.1187,-9.1765,-16.0531,-145.046,0.5822
115488,0.2139,-0.0476,0.5505,-3.5052,-30.8371,-22.7599,-9.7096,-16.0824,-145.4102,0.5925
115505,0.231,-0.0527,0.5701,1.5254,-23.2264,-20.6835,-10.1751,-16.0295,-145.7618,0.6173
115522,0.2578,-0.0476,0.6709,9.1895,-21.173,-16.6072,-10.457,-15.8962,-146.0441,0.7203
115580,0.2542,-0.0146,0.9685,11.0521,-22.4325,-13.569,-10.0114,-16.5441,-146.8311,1.0014
115597,0.2834,-0.0376,1.0657,6.4643,-24.402,-10.8973,-10.1009,-16.3614,-147.0164,1.1034
115614,0.2859,-0.062,1.0977,-0.8563,-20.4325,-2.9584,-10.2939,-16.1697,-147.0667,1.136
115631,0.2754,-0.0498,1.1492,-11.4517,-17.5165,5.1561,-10.6076,-15.9081,-146.979,1.1828
115647,0.1956,-0.0293,1.1829,-18.3448,-10.7913,12.9195,-10.8405,-15.4943,-146.7723,1.1993
115664,0.1382,-0.0159,1.2183,-13.4441,-4.7379,15.2172,-10.8851,-14.9817,-146.5136,1.2262
115723,0.2292,-0.2612,1.3149,23.0368,15.8499,35.7058,-9.533,-13.9341,-144.407,1.3601
115739,0.0645,-0.1736,1.2524,25.8002,10.8499,37.4691,-8.8721,-13.5257,-143.8075,1.2661
115757,-0.0569,-0.0618,1.1895,23.0063,5.8499,28.8432,-8.0103,-13.0025,-143.2883,1.1924
115773,-0.0813,0.0078,1.1001,23.3727,1.8041,14.721,-7.1619,-12.4384,-143.0527,1.1031
115789,-0.0608,0.0068,0.9763,27.0979,-0.8982,4.3852,-6.3166,-11.9386,-142.9826,0.9782
115807,-0.0103,-0.0286,0.8906,33.4796,1.2927,3.7897,-5.4591,-11.5122,-142.9144,0.8911
115865,0.0862,-0.0313,0.9075,42.0368,-11.0203,1.3012,-3.117,-11.7442,-142.8389,0.9121
115881,0.0898,0.0278,0.8408,28.762,-22.6768,-8.8973,-2.7943,-11.547,-142.9812,0.8461
115898,0.0835,0.0662,0.7131,8.3345,-29.1043,-16.3935,-2.8125,-11.348,-143.2599,0.721
115915,0.1101,0.0759,0.594,-12.2151,-24.547,-18.0729,-3.3161,-11.0034,-143.5672,0.6089
115932,0.1807,0.0437,0.5728,-23.0471,-12.5776,-12.8439,-4.258,-10.594,-143.7855,0.6022
115949,0.2461,-0.0156,0.624,-21.6044,-14.8753,-7.6225,-5.3009,-10.4703,-143.9151,0.671
116007,0.2395,0.0403,0.6013,-18.8563,-23.9821,-18.3019,-7.0057,-11.2335,-144.9766,0.6485
116024,0.3003,0.0427,0.6484,-21.2456,-24.6844,-21.2179,-8.0643,-11.0363,-145.3373,0.7159
116040,0.3577,0.0425,0.7017,-20.0777,-27.2722,-20.8973,-9.1288,-10.8751,-145.6716,0.7887
116058,0.3857,0.0044,0.7759,-17.2303,-29.9287,-15.1797,-10.1188,-10.9443,-145.9449,0.8665
116074,0.3613,-0.0203,0.8276,-17.8029,-25.1806,-7.7828,-10.9306,-10.9494,-146.0694,0.9033
116091,0.3318,-0.0352,0.8831,-24.9937,-19.1424,-6.7217,-11.7244,-10.915,-146.1837,0.944
116150,0.2769,-0.116,1.2471,-0.0853,-45.5012,-28.9278,-11.7589,-13.2681,-147.8904,1.2827
116166,0.1914,-0.0886,1.2568,7.2658,-30.0966,-24.7446,-11.5224,-13.361,-148.2863,1.2744
116184,0.1243,-0.052,1.3296,10.8613,-15.486,-21.4851,-11.0873,-13.1838,-148.6731,1.3364
116200,0.1072,-0.094,1.4038,22.2658,-1.5699,-18.0805,-10.476,-12.8338,-148.9624,1.411
116216,0.1204,-0.1536,1.4902,41.2811,-3.0356,-21.1797,-9.6066,-12.6024,-149.3013,1.503
116234,0.0952,-0.1406,1.4631,49.2964,-14.8905,-28.1187,-8.5188,-12.5752,-149.8074,1.473
116292,0.1362,-0.0271,0.926,-20.4899,7.5675,-25.4011,-9.6535,-11.7179,-151.2807,0.9364
116308,0.1621,-0.0371,0.804,-10.7113,10.3003,-20.653,-9.8874,-11.1967,-151.6111,0.821
116326,0.1895,-0.094,0.7717,10.617,16.7889,-14.4164,-9.8563,-10.7364,-151.8706,0.8002
116342,0.1938,-0.1807,0.8105,33.5177,15.5598,-10.6683,-9.4728,-10.5706,-152.0413,0.8528
116359,0.1531,-0.197,0.8523,47.304,3.8576,-13.3782,-8.7189,-10.6055,-152.2687,0.8881
116376,0.1035,-0.1541,0.8218,42.2277,-7.1043,-22.0576,-7.9633,-10.7219,-152.6437,0.8425
116434,0.2048,0.0271,0.6707,-4.7571,-16.4096,-25.2942,-8.5885,-11.1142,-154.1108,0.7018
116451,0.2236,0.0371,0.6814,-4.7342,-20.1272,-11.2103,-9.048,-10.8734,-154.3013,0.7181
116468,0.1982,0.0278,0.6382,-5.0853,-28.0966,1.4691,-9.4587,-10.7971,-154.2764,0.6688
116485,0.1812,0.0283,0.6223,-7.6044,-25.0814,6.9806,-9.853,-10.6703,-154.1577,0.6488
116501,0.1987,0.0093,0.6455,-10.3067,-23.5165,10.805,-10.3016,-10.5718,-153.9848,0.6755
116518,0.2224,-0.0393,0.6619,-13.5815,-20.1195,17.2706,-10.853,-10.6132,-153.6912,0.6993
116577,0.1787,-0.0427,0.8542,-12.0471,-17.4936,1.431,-11.5733,-11.294,-153.6068,0.8738
116593,0.2273,-0.0669,0.9277,5.617,-26.173,-12.6988,-11.5733,-11.4093,-153.81,0.9575
116611,0.1975,-0.1001,0.9055,14.8994,-32.3256,-17.3782,-11.3422,-11.7638,-154.1228,0.9322
116627,0.1765,-0.0554,0.9324,10.9071,-18.2722,-16.7217,-11.1491,-11.71,-154.3903,0.9506
116643,0.2104,0.0022,1.0208,1.7926,-4.3562,-19.2026,-11.1416,-11.3035,-154.6976,1.0422
116661,0.2673,0.0833,1.1138,4.5559,-13.2569,-28.6454,-11.1556,-10.9095,-155.2132,1.1484
116719,0.4114,0.2656,1.1597,4.2277,46.5064,22.6905,-11.237,-7.3676,-153.8971,1.2588
116736,0.5063,-0.0859,1.4814,10.3269,52.6591,53.263,-11.3726,-6.3463,-152.9916,1.5679
116753,0.3555,-0.2024,1.6086,36.5864,14.6591,64.7592,-10.8152,-6.14,-151.8907,1.6598
116769,0.0984,-0.0645,1.457,37.2124,-12.6463,53.9806,-9.9654,-6.19,-151.027,1.4618
116786,-0.0098,0.0234,1.2341,21.4261,-16.3562,33.2477,-9.199,-6.1658,-150.4618,1.2344
116803,-0.019,0.0364,1.0706,-1.6807,-5.2569,11.1867,-8.8177,-5.9271,-150.2717,1.0713
116861,0.1641,-0.1125,0.7708,19.5865,-12.5394,-3.9431,-7.8502,-6.7206,-150.5004,0.796
116878,0.113,-0.092,0.7437,26.6552,-28.3867,-14.1416,-7.4443,-7.1972,-150.7408,0.7578
116894,0.0811,-0.0122,0.6836,15.0139,-37.2722,-27.5614,-7.1864,-7.5228,-151.1817,0.6885
116912,0.093,0.032,0.6362,-4.3372,-41.9745,-39.737,-7.3062,-7.8321,-151.897,0.6438
116928,0.1394,0.0303,0.5625,-22.7189,-42.1272,-44.2561,-7.9189,-8.0426,-152.6051,0.5803
116945,0.2019,0.0513,0.5588,-28.9708,-35.6768,-40.4393,-8.8664,-8.0935,-153.2926,0.5964
117004,0.2319,0.1279,0.6294,-17.2532,-29.9058,-8.8973,-10.2832,-9.004,-153.8175,0.6829
117020,0.2412,0.105,0.7207,-17.7876,-21.089,0.118,-10.8781,-8.6363,-153.8156,0.7672
117037,0.2346,0.0703,0.7864,-20.3525,-11.6463,7.7287,-11.4371,-8.2765,-153.6842,0.8236
117054,0.2556,0.0176,0.8875,-25.0929,-4.2798,12.7668,-12.0318,-7.9699,-153.4672,0.9237
117070,0.2893,-0.0396,0.9543,-32.8487,-9.2569,16.4233,-12.7291,-7.8882,-153.2044,0.998
117088,0.2461,-0.0676,0.9587,-42.7342,-14.4783,15.5302,-13.5329,-7.9843,-152.9249,0.9921
117146,0.2791,-0.1262,0.9839,-26.0242,-33.0127,-41.3324,-15.0691,-9.7955,-155.3222,1.0305
117163,0.3513,-0.1562,0.959,-25.2532,-32.6539,-46.6988,-15.6736,-10.3067,-156.116,1.0332
117179,0.397,-0.1931,0.9817,-33.1006,-25.9058,-42.569,-16.4207,-10.7375,-156.7971,1.0764
117196,0.3054,-0.1533,1.0439,-40.8868,-22.8447,-34.9813,-17.0769,-11.0151,-157.3918,1.0985
117213,0.2061,-0.1123,1.0825,-44.4441,-9.7455,-39.4545,-17.548,-10.9704,-158.0626,1.1077
117230,0.1892,-0.0471,1.1516,-38.4746,-5.0127,-58.195,-17.8469,-10.7071,-159.0519,1.168
117288,0.3879,-0.2319,1.1577,34.9376,1.5064,-58.4622,-15.9152,-10.6481,-162.4427,1.2428
117305,0.2952,-0.1611,1.0391,20.8536,-11.6997,-46.7294,-15.5655,-10.7657,-163.2371,1.0921
117321,0.2234,-0.1016,0.9062,-4.0319,6.6209,-33.6377,-15.5554,-10.4892,-163.7753,0.9389
117339,0.249,-0.1008,0.8958,-12.6349,21.682,-25.3477,-15.7692,-9.9518,-164.2315,0.9352
117355,0.2974,-0.1118,0.8972,-1.0548,21.3995,-21.424,-15.8829,-9.5092,-164.5743,0.9518
117372,0.3359,-0.1504,0.8975,20.3956,15.7431,-11.5538,-15.7252,-9.2524,-164.7707,0.97
117431,0.175,-0.1772,0.8083,2.4032,11.2392,2.5073,-15.4378,-8.7405,-164.6228,0.8459
117447,0.1829,-0.1475,0.7334,-9.1158,6.2698,-12.3324,-15.5098,-8.7493,-164.8201,0.7701
117464,0.2231,-0.1047,0.6772,-15.2151,3.5675,-22.5003,-15.8591,-8.6927,-165.2026,0.7207
117481,0.3013,-0.0681,0.6826,-10.0395,-6.402,-27.5614,-16.337,-8.6774,-165.6712,0.7492
117497,0.3611,-0.0764,0.6804,0.3345,-22.3256,-21.2332,-16.7906,-8.9296,-166.0109,0.7741
117515,0.3362,-0.1128,0.6692,3.3193,-22.3256,-7.5843,-17.1157,-9.3409,-166.1474,0.7573
117573,0.249,-0.0471,0.8079,-8.612,-23.6921,-24.424,-17.5948,-10.4199,-167.564,0.8467
117590,0.3176,-0.043,0.8511,-8.0471,-29.944,-28.882,-17.84,-10.6074,-168.055,0.9094
117606,0.3496,-0.0679,0.8574,-7.2151,-34.1882,-25.4851,-18.1221,-10.8893,-168.4628,0.9284
117623,0.323,-0.0872,0.8794,-11.2227,-30.173,-19.6225,-18.3834,-11.1726,-168.7964,0.9409
117640,0.2957,-0.1013,0.9163,-16.1845,-24.4249,-18.4774,-18.6235,-11.3767,-169.1105,0.9681
117657,0.3076,-0.0999,0.9675,-13.5128,-22.1653,-22.6835,-18.8011,-11.519,-169.4961,1.0202
117715,0.2944,-0.0437,1.0605,9.5254,-36.3791,-31.4622,-18.1388,-13.1783,-171.3209,1.1015
117732,0.2349,0.0432,0.9797,9.1666,-26.0966,-19.2026,-17.8024,-12.976,-171.6474,1.0084
117749,0.2959,-0.0315,0.978,17.4796,0.1553,-7.7065,-17.478,-12.5282,-171.7784,1.0223
117766,0.3477,-0.1643,1.1548,39.6933,14.4682,11.1027,-16.795,-12.1149,-171.5896,1.2171
117782,0.3555,-0.2627,1.2615,60.0674,1.1858,28.3623,-15.8175,-12.0826,-171.1358,1.3367
117799,0.2346,-0.1926,1.2527,56.388,-14.0585,34.0035,-14.684,-12.1784,-170.5578,1.2889
117858,0.0837,0.0049,0.8909,-9.925,-3.6921,-15.3706,-14.8736,-11.8878,-171.4646,0.8948
117874,0.1187,-0.0107,0.8308,-12.9784,9.9721,-12.3019,-14.8031,-11.2888,-171.6614,0.8393
117892,0.1765,-0.0327,0.8345,-6.2761,11.5904,-4.9736,-14.7968,-10.7267,-171.751,0.8536
117908,0.1458,-0.0164,0.8267,1.4109,2.4911,-0.882,-14.5832,-10.3048,-171.7651,0.8396
117924,0.1384,-0.0171,0.7959,1.5177,-4.3562,-9.0881,-14.3711,-10.0087,-171.9105,0.808
117942,0.1475,0.0103,0.7603,-7.3219,-13.0585,-20.0652,-14.3618,-9.8031,-172.2717,0.7745
118000,0.3132,0.0481,0.613,-40.7036,-14.6081,-17.3706,-17.1335,-10.0449,-173.2792,0.6901
118017,0.3074,0.0237,0.5911,-41.9937,-9.3638,-9.0805,-18.2317,-9.7041,-173.4335,0.6666
118034,0.3098,-0.0269,0.6323,-39.7494,-8.2035,-6.0652,-19.1945,-9.5471,-173.5366,0.7047
118050,0.3206,-0.0322,0.7,-27.9784,-6.944,-8.5232,-19.8398,-9.3773,-173.673,0.7705
118067,0.3367,-0.0237,0.7908,-13.3143,-12.2493,-16.0423,-20.1856,-9.2708,-173.9457,0.8598
118084,0.377,-0.0234,0.8494,-5.0013,-22.1653,-23.8515,-20.4167,-9.3249,-174.3512,0.9296
118142,0.4031,-0.1213,0.97,-41.5815,-18.7302,-17.4927,-22.8117,-10.28,-175.3658,1.0574
118159,0.3782,-0.1726,0.9878,-52.383,-14.1577,-24.34,-23.5806,-10.4963,-175.7796,1.0717
118176,0.418,-0.2485,1.061,-48.3143,-17.3562,-36.4622,-24.2652,-10.8871,-176.3994,1.1672
118193,0.4719,-0.3081,1.1033,-31.7571,-33.4402,-46.6148,-24.7085,-11.6215,-177.1919,1.2389
118209,0.4177,-0.2993,1.0457,-18.7571,-40.0127,-45.6606,-24.8487,-12.4101,-177.9225,1.1651
118226,0.2983,-0.2246,1.0129,-16.4135,-26.0203,-39.4698,-24.7643,-12.8385,-178.5934,1.0796
118285,0.2117,-0.3293,1.283,28.6399,-2.7837,-49.8591,-22.5148,-13.0585,-181.5351,1.3414
118301,0.1611,-0.2585,1.1086,18.5025,-13.6157,-52.5919,-21.6522,-13.2704,-182.3766,1.1497
118319,0.1387,-0.1917,0.9514,-2.2151,5.3766,-52.1034,-21.1497,-13.1022,-183.3145,0.9804
118335,0.2139,-0.1797,0.9578,-4.5281,20.4453,-48.5996,-20.8684,-12.6891,-184.0921,0.9977
118351,0.2603,-0.1738,0.9529,11.4567,20.0179,-40.6072,-20.4592,-12.2876,-184.7418,1.003
118369,0.2808,-0.1997,0.9136,27.3193,25.2469,-28.6148,-19.8373,-11.8531,-185.2568,0.9764
118427,0.1677,-0.198,0.8357,19.8078,-16.7684,-32.2332,-18.3829,-12.8458,-187.1264,0.8751
118444,0.1709,-0.1401,0.6912,-7.0013,-17.0737,-46.7981,-18.3067,-13.0691,-187.9219,0.7256
118461,0.229,-0.1025,0.6169,-25.4441,-11.8142,-52.34,-18.7941,-13.1166,-188.8117,0.666
118477,0.291,-0.1096,0.585,-30.0013,-6.1959,-46.4393,-19.5455,-13.1117,-189.5547,0.6625
118495,0.3149,-0.1321,0.5984,-23.1387,-3.2264,-37.1645,-20.2516,-13.1408,-190.2237,0.689
118511,0.3191,-0.1545,0.647,-10.1922,-13.2264,-31.2713,-20.6231,-13.3557,-190.724,0.7378
118569,0.334,-0.1123,0.7898,-2.5357,-19.6921,-34.9813,-20.8481,-14.2417,-192.7529,0.8648
118586,0.353,-0.1377,0.8853,-7.2303,-20.0508,-31.6301,-20.9924,-14.3529,-193.2906,0.9629
118603,0.3047,-0.1248,0.9268,-15.009,-23.3027,-31.0729,-21.1196,-14.4657,-193.8189,0.9835
118620,0.2988,-0.1345,0.991,-20.7036,-23.4707,-33.5843,-21.2781,-14.5794,-194.3898,1.0437
118637,0.311,-0.1506,1.0615,-18.6273,-23.9516,-35.7294,-21.3781,-14.7101,-194.9972,1.1164
118653,0.3142,-0.146,1.1135,-14.1998,-30.7989,-35.9278,-21.3663,-14.8936,-195.5721,1.1662
118712,0.1599,-0.0806,1.0693,-26.7571,-30.4402,-44.34,-22.3665,-16.1943,-198.1881,1.0842
118729,0.2229,-0.095,1.0686,-23.1769,-13.5012,-41.9507,-22.3195,-15.97,-198.9013,1.0957
118746,0.2864,-0.1423,1.0366,-12.925,-7.1653,-25.5385,-22.25,-15.7609,-199.3354,1.0848
118762,0.2471,-0.2119,1.0181,-2.6273,-0.9821,-3.2866,-21.9349,-15.6159,-199.388,1.0688
118779,0.1282,-0.1995,1.0154,4.5254,8.7431,7.3012,-21.2661,-15.2931,-199.2639,1.0427
118796,0.0308,-0.1758,1.0366,11.4032,16.2774,2.4386,-20.2964,-14.8007,-199.2225,1.0519
118854,0.1353,-0.1177,0.9929,45.3269,9.8118,-24.0271,-17.2689,-13.9327,-200.616,1.009
118872,0.1238,-0.1155,0.9397,38.2353,11.0484,-16.6683,-16.2154,-13.4647,-200.9161,0.9548
118888,0.1245,-0.1306,0.915,24.5788,9.8881,-13.5538,-15.4961,-13.0992,-201.1329,0.9327
118904,0.0957,-0.1228,0.8787,14.0368,4.3232,-18.9202,-14.9069,-12.8271,-201.4356,0.8923
118922,0.0657,-0.0803,0.7317,-3.2532,-1.715,-28.6835,-14.5708,-12.5942,-201.9519,0.739
118938,0.1106,-0.0525,0.6221,-19.5586,2.4682,-39.5309,-14.6902,-12.2455,-202.5844,0.634
118996,0.2317,0.0337,0.5527,0.8155,-13.6463,-45.4851,-14.9654,-12.3759,-205.2226,0.6003
119014,0.2515,0.0503,0.5986,4.6399,-7.5241,-43.3858,-15.1951,-11.8188,-206.0035,0.6512
119030,0.2996,0.0696,0.6531,7.4185,-9.86,-39.2332,-15.4541,-11.2543,-206.6312,0.7219
119047,0.3325,0.0605,0.729,13.4338,-15.3791,-31.882,-15.5945,-10.8652,-207.1732,0.8035
119064,0.3601,0.052,0.8391,19.5406,-23.0661,-22.9889,-15.5793,-10.6652,-207.564,0.9146
119080,0.3606,0.0249,0.9153,14.1742,-40.7608,-14.5156,-15.5982,-10.8023,-207.7963,0.9841
119139,0.2842,-0.0972,0.9031,-84.7571,-0.5852,9.1561,-20.4699,-10.649,-207.2561,0.9517
119156,0.3359,-0.1575,1.0483,-67.1311,-4.5318,0.4386,-21.45,-10.6387,-207.2486,1.1121
119173,0.3496,-0.2141,1.1707,-42.9021,-19.9669,-12.4927,-21.947,-10.9536,-207.461,1.2404
119189,0.2891,-0.1914,1.2078,-24.3067,-36.2951,-21.6454,-21.9745,-11.4332,-207.8073,1.2565
119206,0.188,-0.1062,1.1692,-20.1006,-26.318,-22.6454,-21.7874,-11.6129,-208.1923,1.189
119223,0.2031,-0.0901,1.2227,-12.9097,9.2698,-15.8897,-21.5029,-11.1657,-208.4624,1.2427
119281,0.0259,-0.2563,1.3025,6.1819,-17.2111,1.9577,-20.3433,-12.1228,-208.3489,1.3277
119299,-0.01,-0.1914,1.092,-21.3525,-0.318,-12.6606,-19.8778,-12.041,-208.5768,1.1087
119315,0.0823,-0.1833,1.0132,-24.5357,4.4072,-27.2255,-19.6423,-11.902,-209.0124,1.0329
119332,0.1387,-0.1919,0.9058,-2.5128,-2.3867,-29.0958,-19.2384,-11.9433,-209.507,0.9362
119349,0.1418,-0.1611,0.7827,22.8536,-4.86,-23.195,-18.4985,-12.0102,-209.9013,0.8116
119365,0.1418,-0.1755,0.7241,41.3727,-4.3027,-15.1187,-17.5542,-12.1409,-210.1432,0.7585
119424,0.0996,-0.1323,0.6694,39.5177,-29.1195,-33.7675,-14.9459,-13.7519,-212.1355,0.6896
119441,0.0918,-0.0532,0.6143,23.4948,-23.2111,-44.4545,-14.3034,-13.7787,-212.8912,0.6234
119457,0.1667,-0.0276,0.5918,5.4643,-20.4096,-48.0576,-14.2761,-13.6478,-213.6601,0.6155
119475,0.2356,-0.0281,0.6257,0.0139,-15.9745,-43.4927,-14.5293,-13.4807,-214.443,0.6692
119491,0.2747,-0.0469,0.6577,6.8765,-22.0203,-36.2255,-14.7471,-13.4428,-215.0226,0.7143
119507,0.2673,-0.0317,0.6628,13.1742,-26.8447,-32.4774,-14.8325,-13.427,-215.5422,0.7154
119566,0.3525,-0.022,0.7576,-0.5739,-5.0661,-15.0423,-15.2696,-13.2434,-216.4297,0.8359
119583,0.3806,-0.0515,0.925,5.9147,-14.2035,-13.5461,-15.4556,-13.0729,-216.66,1.0016
119600,0.343,-0.0339,0.9861,7.1437,-36.8295,-18.1263,-15.4876,-13.2299,-216.9682,1.0446
119617,0.3213,0.0083,0.9546,-3.1158,-37.5928,-23.1339,-15.663,-13.2943,-217.3615,1.0072
119633,0.3472,0.0251,0.9858,-18.9784,-31.2264,-22.1187,-16.1038,-13.1837,-217.7154,1.0455
119650,0.3518,-0.0061,1.02,-27.8868,-20.7226,-15.2255,-16.6759,-13.0083,-217.9742,1.079
119708,0.2834,-0.0125,1.1497,-14.9555,-35.4478,-18.4622,-17.3955,-14.4865,-219.045,1.1841
119726,0.2305,0.0491,1.1047,-10.8029,-31.4554,-19.0652,-17.3573,-14.3488,-219.3882,1.1296
119742,0.2026,0.0994,1.1064,-1.9097,-20.1348,-18.6606,-17.1058,-13.8789,-219.6867,1.1292
119759,0.2534,0.0574,1.0923,7.7468,-6.3715,-12.7599,-16.817,-13.3074,-219.9037,1.1228
119776,0.2808,-0.0117,1.0955,12.6475,4.8499,0.5913,-16.5129,-12.7205,-219.8936,1.1309
119792,0.2197,-0.0583,1.0911,13.075,-1.631,17.5226,-16.1063,-12.3592,-219.6132,1.1145
119852,0.0032,0.0938,0.9116,34.7086,2.0637,-7.7523,-13.4708,-11.5111,-220.0784,0.9164
119868,0.0981,0.0789,0.9509,46.2353,0.0866,-7.1874,-12.4567,-10.8597,-220.1934,0.9592
119884,0.1477,0.0498,0.9414,50.5483,-5.3715,-0.9507,-11.5382,-10.3867,-220.2086,0.9542
119902,0.1042,0.0459,0.8594,38.846,-3.3486,5.1485,-10.6817,-9.9068,-220.1159,0.8669
119918,0.1111,0.0564,0.834,23.6933,-0.8829,3.9958,-10.1933,-9.3693,-220.052,0.8432
119934,0.0764,0.0662,0.7568,6.4261,-0.4096,0.5989,-9.9166,-8.801,-220.0424,0.7636
119993,0.2661,0.0205,0.6277,-19.0471,1.0484,-1.2942,-11.5173,-8.3147,-220.1188,0.6821
120010,0.2639,0.0093,0.5984,-9.8868,-11.6692,0.6676,-12.1699,-8.1371,-220.1074,0.6541
120027,0.2334,0.0139,0.6057,-5.2227,-8.631,1.1485,-12.611,-7.8998,-220.0879,0.6493
120043,0.2422,0.0442,0.6665,-2.6731,-8.1272,-3.0576,-12.9448,-7.5569,-220.1368,0.7105
120060,0.262,0.0605,0.7273,1.7773,-10.3562,-8.6072,-13.1878,-7.2333,-220.2831,0.7754
120077,0.3064,0.0518,0.8164,10.0826,-13.7913,-13.2866,-13.3171,-7.0239,-220.509,0.8735
120135,0.311,0.0916,0.8469,-18.1311,-19.3562,-13.2255,-14.5963,-7.5739,-221.2761,0.9069
120153,0.3347,0.063,0.8818,-34.5891,-16.8982,-12.7981,-15.4396,-7.3995,-221.5064,0.9453
120169,0.3586,0.0293,0.9558,-36.1464,-16.5394,-12.8133,-16.1996,-7.2874,-221.7114,1.0213
120185,0.3716,0.0361,0.9841,-26.0319,-25.7531,-15.0805,-16.7783,-7.3074,-221.9527,1.0526
120203,0.3877,0.0212,0.9731,-14.238,-30.8447,-17.3477,-17.2219,-7.498,-222.265,1.0477
120219,0.3374,0.032,0.9751,-5.0166,-26.776,-9.3858,-17.3732,-7.5343,-222.4152,1.0323
120278,0.157,-0.021,1.3618,-5.2761,40.7125,32.3699,-17.2401,-4.9623,-220.5053,1.371
120295,0.1492,-0.125,1.4827,17.1895,25.4759,32.0798,-16.499,-4.5408,-219.96,1.4954
120311,0.0913,-0.1187,1.5051,35.7849,-3.1577,20.9348,-15.4278,-4.5879,-219.625,1.5126
120328,0.0371,0.0117,1.2773,39.991,-12.776,5.7287,-14.2246,-4.5919,-219.5276,1.2779
120345,0.0889,0.0996,1.157,33.0826,-3.1959,-8.4393,-13.2907,-4.2635,-219.6711,1.1647
120361,0.1357,0.1165,1.1045,26.9529,6.4988,-9.3935,-12.6238,-3.7524,-219.8214,1.1189
120420,0.2139,-0.1013,1.1404,7.1819,22.2621,32.5149,-12.1354,-2.5445,-217.903,1.1647
120436,0.1523,-0.1196,1.0605,-7.2532,5.0942,28.2172,-12.0863,-2.6219,-217.4515,1.0781
120454,0.1238,-0.1091,0.9429,-25.5357,-13.1424,11.1943,-12.3413,-3.0082,-217.2501,0.9572
120470,0.1077,-0.0706,0.7825,-39.0624,-24.005,-9.2408,-12.7598,-3.4627,-217.3979,0.793
120487,0.1445,-0.0391,0.6682,-45.8563,-38.7531,-23.9507,-13.4851,-4.0905,-217.8051,0.6848
120504,0.1755,-0.0156,0.5784,-42.5815,-39.0814,-26.7523,-14.3158,-4.6266,-218.2599,0.6046
120562,0.1611,0.0154,0.5317,-5.9784,-43.005,-17.1416,-14.7501,-6.7697,-219.2541,0.5558
120579,0.1804,0.0381,0.4878,-1.4288,-44.9974,-17.4316,-14.993,-7.0547,-219.5504,0.5215
120596,0.2217,0.0549,0.4756,-1.5586,-34.5547,-11.7675,-15.4126,-7.0729,-219.7505,0.5276
120612,0.2539,0.0671,0.4958,-4.5891,-26.3562,0.2325,-15.9428,-6.8864,-219.7467,0.5611
120630,0.2585,0.0688,0.5469,-6.1845,-18.9363,11.1943,-16.4171,-6.6511,-219.5453,0.6088
120646,0.2424,0.054,0.6064,-7.7647,-8.1577,20.4462,-16.7482,-6.307,-219.2181,0.6553
120705,0.2451,0.0051,0.9434,-6.1845,6.4835,28.3241,-17.0111,-5.6751,-217.547,0.9747
120721,0.2839,0.0017,1.0669,-5.2532,11.8194,27.118,-17.0075,-5.2629,-217.1131,1.104
120738,0.3267,-0.0432,1.2021,-1.6197,12.3995,29.4157,-16.9613,-4.9323,-216.613,1.2465
120755,0.293,-0.0557,1.3171,-0.7036,4.995,36.5607,-16.7955,-4.7503,-215.9915,1.3505
120771,0.2068,-0.0225,1.4326,-0.7189,9.7278,40.6371,-16.4633,-4.4468,-215.3413,1.4476
120788,0.1533,0.0457,1.5178,-1.2838,18.9873,41.8966,-16.0563,-3.8901,-214.6291,1.5262
120847,0.1221,-0.1887,1.4348,-9.7494,-17.6157,22.576,-16.1591,-5.032,-213.2971,1.4523
120863,0.021,-0.053,1.2625,-17.7189,-22.9058,5.5149,-15.823,-5.2787,-213.2088,1.2637
120881,0.0359,-0.0085,1.1584,-13.0853,-30.7837,-15.3095,-15.4872,-5.6164,-213.4844,1.159
120897,0.093,0.019,1.1018,8.8765,-35.3104,-26.1263,-14.9243,-5.8945,-213.9024,1.1059
120913,0.1167,0.033,1.0205,30.4567,-41.4707,-26.0423,-14.1204,-6.2217,-214.3191,1.0277
120931,0.1018,0.0466,0.946,41.1437,-44.1195,-23.4011,-13.09,-6.6224,-214.7403,0.9526
120989,0.0718,0.0579,0.5698,-12.0013,-24.5776,-13.0652,-13.5203,-7.494,-215.4981,0.5772
121006,0.1035,0.0337,0.5376,-20.1922,-21.3256,-13.3019,-13.7442,-7.3988,-215.7242,0.5485
121023,0.1523,0.0071,0.5261,-16.0853,-30.318,-13.4622,-14.1028,-7.5668,-215.9531,0.5478
121039,0.1711,-0.0281,0.4839,-10.5815,-42.9516,-11.8439,-14.4791,-8.0567,-216.1426,0.514
121056,0.157,-0.0474,0.4214,-9.8029,-36.1806,-8.8439,-14.8726,-8.5815,-216.2929,0.4522
121073,0.1499,-0.0427,0.4224,-13.7036,-16.1501,-9.2026,-15.2792,-8.7328,-216.4494,0.4502
121132,0.3132,0.0286,0.7002,-15.3601,-35.3638,-22.0805,-16.5014,-10.2931,-217.7521,0.7676
121148,0.3484,-0.0259,0.7266,-19.8639,-35.5241,-15.4087,-17.1706,-10.5086,-217.9987,0.8062
121165,0.3579,-0.0381,0.8228,-18.2227,-33.3638,-6.3019,-17.7207,-10.7388,-218.1058,0.898
121182,0.3352,0.0037,0.8857,-18.009,-31.089,-4.6912,-18.1349,-10.8071,-218.1856,0.9471
121198,0.3767,-0.0291,0.9946,-22.8639,-32.0737,-6.3095,-18.5901,-10.9344,-218.2865,1.064
121216,0.4001,-0.0664,1.0991,-29.9097,-31.6997,-3.3706,-19.1622,-11.1831,-218.3472,1.1716
121274,0.2463,-0.0554,1.1687,-65.7494,-2.7989,16.6294,-22.5322,-11.0002,-217.3827,1.1957
121290,0.251,-0.1377,1.2598,-36.8181,5.4148,16.8661,-22.6446,-10.7265,-217.1128,1.2919
121308,0.2964,-0.2871,1.4219,9.7926,14.7049,13.4997,-22.0315,-10.5,-216.8698,1.4805
121324,0.3223,-0.3735,1.5552,49.4872,1.3079,4.9729,-20.8458,-10.6002,-216.7902,1.6315
121340,0.2178,-0.2839,1.4456,56.7391,-17.7913,-8.6683,-19.4768,-10.8939,-216.9289,1.4892
121358,0.166,-0.1501,1.1909,36.22,-16.3104,-19.8362,-18.3868,-11.0274,-217.286,1.2118
121416,0.2532,-0.1711,0.8159,30.22,-5.9287,-23.0881,-16.6444,-11.3903,-218.6251,0.8713
121433,0.259,-0.1934,0.7903,38.1513,-4.5928,-10.653,-16.0624,-11.5596,-218.8062,0.8538
121450,0.2146,-0.1853,0.7644,38.4872,-6.2264,-3.0271,-15.4022,-11.7439,-218.8577,0.8153
121466,0.1694,-0.1707,0.7129,31.8231,-12.7989,-5.3248,-14.8179,-12.0092,-218.9429,0.7524
121483,0.1223,-0.1296,0.6362,22.3498,-17.631,-13.2408,-14.2872,-12.2773,-219.1679,0.6607
121500,0.1599,-0.1018,0.6021,8.5254,-18.1424,-21.4393,-14.1636,-12.4662,-219.5324,0.6312
121559,0.2522,-0.0281,0.5659,7.5788,-26.4707,-13.0118,-14.1276,-13.5804,-220.3001,0.6202
121575,0.262,-0.0254,0.532,7.8994,-26.5089,-6.6988,-14.4888,-13.5537,-220.4073,0.5935
121592,0.2776,-0.0212,0.5176,-1.3448,-18.7455,-0.5461,-15.0586,-13.4115,-220.4166,0.5877
121609,0.3254,-0.0549,0.5876,-6.5662,-12.3027,3.3317,-15.7183,-13.2894,-220.3599,0.674
121625,0.3413,-0.0854,0.6797,-4.7036,-14.0814,6.576,-16.2212,-13.2607,-220.2547,0.7654
121643,0.3081,-0.0769,0.7153,-2.6502,-16.944,5.8661,-16.5454,-13.2685,-220.1491,0.7827
121701,0.3782,-0.041,0.9592,-4.4135,-8.8295,2.4462,-16.9893,-13.3274,-220.0073,1.0319
121717,0.3599,-0.073,1.0217,-0.238,-6.8066,8.5836,-17.0877,-13.0623,-219.8699,1.0857
121735,0.3179,-0.0793,1.0942,1.8765,-2.9211,7.431,-17.0181,-12.7562,-219.7362,1.1422
121751,0.2852,-0.0603,1.1411,0.93,-4.6768,0.9729,-16.8835,-12.4388,-219.7206,1.1777
121767,0.2517,0.0322,1.1863,1.0063,-3.6081,-3.6072,-16.6718,-11.9344,-219.7783,1.2131
121785,0.2839,0.0605,1.2668,9.2811,5.8652,-2.8591,-16.3493,-11.2462,-219.8298,1.2997
121843,0.2769,-0.0457,1.2959,11.8613,-4.7379,7.6447,-15.5169,-11.1409,-219.3864,1.3259
121860,0.1672,0.0325,1.2214,9.8002,-3.7989,11.4768,-15.0481,-10.6963,-219.1913,1.2333
121876,0.1331,0.0503,1.2068,18.3345,-4.4707,7.8355,-14.416,-10.2417,-219.0659,1.2151
121893,0.1123,0.0425,1.1335,31.7926,-9.631,4.3775,-13.5467,-9.9033,-218.9915,1.1399
121910,0.1096,0.0352,1.0569,44.4872,-13.4631,3.2172,-12.5155,-9.6507,-218.9368,1.0631
121927,0.072,0.0515,0.9443,47.3651,-12.0127,3.0569,-11.4161,-9.3358,-218.8848,0.9485
121986,0.1812,0.1252,0.7146,13.1971,-23.3409,-12.6454,-10.7727,-9.8868,-219.6309,0.7478
122002,0.2085,0.0999,0.6287,5.7697,-24.715,-8.1492,-10.9786,-9.5099,-219.7613,0.6698
122018,0.2153,0.0752,0.5542,-1.4594,-22.5241,-1.5538,-11.4042,-9.1664,-219.7862,0.5993
122036,0.1973,0.052,0.5044,-8.009,-11.9287,6.2325,-11.9367,-8.7705,-219.674,0.5441
122052,0.2244,0.0247,0.5522,-12.1693,-8.1501,10.7897,-12.5298,-8.4426,-219.5013,0.5966
122068,0.2183,0.064,0.6013,-9.009,-14.0966,12.7058,-12.9609,-8.0785,-219.298,0.6429
122127,0.3267,0.0234,0.7019,-1.8868,-10.9134,14.0722,-13.5471,-8.297,-218.4678,0.7745
122144,0.3401,0.0305,0.7542,-2.2838,-17.5165,11.9424,-14.0127,-8.1583,-218.2648,0.8278
122161,0.3428,0.0527,0.7869,-7.5433,-21.2798,8.8508,-14.515,-8.0259,-218.1143,0.8599
122178,0.354,0.0691,0.8044,-19.383,-20.0279,6.9348,-15.1977,-7.8353,-217.9964,0.8816
122194,0.3772,0.0623,0.8477,-30.9174,-16.2035,7.1332,-16.0219,-7.6028,-217.8823,0.9299
122211,0.4011,0.0132,0.9207,-39.5357,-17.5776,6.7134,-16.9679,-7.5527,-217.7682,1.0043
122269,0.4646,-0.0715,1.113,-19.1616,-34.4402,-5.424,-18.2607,-9.3153,-218.0827,1.2082
122287,0.3503,0.0381,1.1248,-19.1082,-21.3104,3.8508,-18.5521,-9.2334,-218.0134,1.1787
122303,0.282,0.0955,1.1348,-21.696,8.6667,4.9348,-18.6996,-8.5386,-217.9345,1.1732
122319,0.311,0.0112,1.3547,-5.6349,30.4072,0.6829,-18.5554,-7.711,-217.9235,1.39
122337,0.3564,-0.1082,1.5603,29.7849,18.3995,-0.8591,-17.812,-7.2432,-217.939,1.6041
122353,0.2649,-0.092,1.5393,48.2582,-2.5241,-4.0729,-16.7481,-7.1291,-218.0042,1.5646
122412,0.0374,-0.0964,0.957,-4.7342,4.6973,-5.6072,-16.4353,-6.8081,-218.335,0.9626
122429,0.0537,-0.1062,0.8074,-4.8792,6.2392,-3.5767,-16.0085,-6.7337,-218.3958,0.8161
122445,0.092,-0.1267,0.7493,1.6246,10.1018,-2.4622,-15.6194,-6.6931,-218.4352,0.7655
122462,0.1357,-0.1326,0.7397,11.846,7.9797,3.5455,-15.2109,-6.7016,-218.3749,0.7637
122479,0.1448,-0.1062,0.6956,17.388,6.5446,11.3241,-14.7837,-6.6739,-218.1824,0.7184
122496,0.1411,-0.0798,0.6611,15.0674,6.2698,15.9577,-14.425,-6.5801,-217.9111,0.6807
122554,0.1926,-0.0398,0.6523,2.4948,6.1553,27.0874,-14.366,-6.1138,-216.3401,0.6814
122570,0.2009,-0.0566,0.7139,-1.0166,4.7965,34.1409,-14.4339,-5.977,-215.7938,0.7438
122588,0.1741,-0.0947,0.759,-2.07,-4.6844,35.3928,-14.4052,-6.1034,-215.1567,0.7845
122604,0.1665,-0.0686,0.7568,-1.3601,-7.173,26.5913,-14.3442,-6.1766,-214.7313,0.778
122621,0.1907,-0.042,0.7581,-2.9632,-10.0737,14.9042,-14.3827,-6.2208,-214.4779,0.7828
122638,0.2632,-0.043,0.7581,-7.4746,-13.715,7.5607,-14.6941,-6.3256,-214.3494,0.8036
122696,0.3269,-0.0686,0.8591,-16.383,-19.3027,8.9424,-15.8494,-7.3299,-213.8307,0.9218
122713,0.3279,-0.0554,0.8953,-17.0319,-17.8295,4.6523,-16.2965,-7.4694,-213.7516,0.955
122730,0.3301,-0.0688,0.9475,-13.6655,-18.5623,0.805,-16.6341,-7.6398,-213.738,1.0057
122746,0.3208,-0.0662,0.9731,-12.4212,-16.9669,-2.9126,-16.8877,-7.7504,-213.7846,1.0268
122764,0.3462,-0.1006,1.0508,-13.4212,-16.6615,-6.6225,-17.1704,-7.947,-213.9038,1.1109
122780,0.365,-0.1074,1.1562,-9.0242,-22.5318,-8.2637,-17.3202,-8.1875,-214.036,1.2172
122839,0.1213,0.0676,1.1619,1.8384,-11.9974,-0.8515,-16.7613,-8.4063,-214.0862,1.1701
122855,0.2065,-0.03,1.2004,2.7162,12.5751,-0.279,-16.4395,-7.9342,-214.0907,1.2184
122872,0.2793,-0.1445,1.3076,17.2811,10.3614,5.8355,-15.9794,-7.7001,-213.9915,1.3449
122889,0.187,-0.1147,1.3052,38.3345,-17.0279,16.2477,-15.0395,-7.8709,-213.7153,1.3235
122905,0.0205,-0.0276,1.1328,41.9376,-24.7455,16.9653,-13.8352,-7.992,-213.4438,1.1333
122923,-0.0732,0.033,1.0127,36.5483,-20.3104,8.1867,-12.4849,-7.9487,-213.2965,1.0159
122981,0.0134,0.0903,0.6809,34.1284,-13.8753,-34.4545,-10.13,-8.1011,-215.2948,0.687
122997,0.0664,0.0818,0.6682,45.7468,-11.9974,-34.7751,-9.2475,-7.6822,-215.8512,0.6765
123015,0.095,0.1033,0.6807,50.3116,-8.8295,-31.0881,-8.3224,-7.1824,-216.4108,0.695
123031,0.1125,0.1301,0.7075,42.3727,-7.4478,-26.2484,-7.6943,-6.5926,-216.8308,0.7281
123047,0.123,0.1641,0.7019,25.5483,-12.3562,-25.0881,-7.3816,-5.9925,-217.2322,0.7313
123065,0.1599,0.1733,0.6355,6.5788,-9.8829,-24.6759,-7.5185,-5.3133,-217.6764,0.6778
123123,0.3303,0.0994,0.7559,-1.6349,-4.5165,6.1867,-8.2458,-5.0526,-217.3175,0.8308
123140,0.2712,0.0916,0.771,3.3269,-22.6386,10.7363,-8.632,-4.9491,-217.135,0.8224
123156,0.2341,0.1023,0.7424,-7.4746,-20.7073,7.5531,-9.0955,-4.7554,-217.0142,0.7852
123173,0.2639,0.1033,0.7651,-22.383,-18.5318,-0.8515,-9.8518,-4.5602,-217.0287,0.8159
123190,0.3088,0.0886,0.8118,-28.3296,-21.86,-7.4545,-10.7488,-4.4853,-217.1554,0.873
123207,0.3308,0.0886,0.8357,-24.3296,-27.9745,-9.2484,-11.5753,-4.5203,-217.3126,0.9031
123266,0.2437,0.0674,0.9678,-5.6349,-27.8218,-2.9202,-11.9954,-5.756,-217.4849,1.0002
123282,0.281,0.0488,1.0769,-1.4975,-25.0966,-7.2484,-12.123,-5.8074,-217.6009,1.114
123298,0.3054,0.0493,1.1816,3.6475,-32.8066,-8.0042,-12.1613,-5.9834,-217.729,1.2215
123316,0.2437,0.1182,1.2051,-0.696,-32.9821,2.4997,-12.1419,-6.09,-217.684,1.2351
123332,0.1975,0.1348,1.2124,-13.7189,-8.8905,12.0493,-12.2349,-5.7292,-217.4912,1.2358
123348,0.2141,0.105,1.3562,-19.0929,18.1476,14.9577,-12.3966,-5.0443,-217.2518,1.377
123408,0.165,0.0659,1.2012,11.9681,-40.9516,-51.0423,-11.5238,-7.0757,-220.3144,1.2142
123424,0.2004,0.0042,1.0554,-11.9326,-3.86,-30.7828,-11.6763,-6.8429,-220.8069,1.0743
123441,0.2344,0.0024,1.0564,-20.1693,11.7583,-1.2637,-12.0387,-6.372,-220.8284,1.0821
123458,0.1848,-0.0088,0.978,-17.8716,10.0637,18.2859,-12.2769,-5.9735,-220.5175,0.9954
123474,0.1243,-0.0359,0.9214,-14.5968,8.4988,27.1332,-12.317,-5.6932,-220.0834,0.9304
123491,0.0945,-0.106,0.8657,-7.0395,3.6973,27.7592,-12.1865,-5.6843,-219.6115,0.8773
123549,0.1255,-0.1428,0.7471,-1.6502,-12.1653,11.1103,-12.1657,-6.5672,-218.9671,0.7709
123567,0.1104,-0.1233,0.6848,-10.9784,-18.5547,4.8508,-12.2292,-7.0334,-218.8798,0.7045
123583,0.1265,-0.0818,0.6216,-17.2532,-21.4325,-3.1568,-12.4612,-7.3811,-218.9303,0.6396
123600,0.1733,-0.0522,0.5798,-17.4135,-24.234,-9.7752,-12.9102,-7.6873,-219.0965,0.6074
123617,0.2283,-0.0271,0.6079,-10.2303,-24.3256,-12.0271,-13.3833,-7.8789,-219.3009,0.6499
123633,0.2676,-0.0103,0.6389,-0.8945,-28.631,-8.2942,-13.7705,-8.0403,-219.4336,0.6928
123692,0.2522,-0.0103,0.6973,-10.5586,-27.8066,8.6829,-14.6131,-9.3273,-218.9214,0.7415
123709,0.2524,-0.0088,0.74,-16.3448,-20.3027,7.2477,-15.0487,-9.3128,-218.7981,0.7819
123725,0.2793,0.0007,0.8188,-15.9708,-22.1348,1.347,-15.4454,-9.2782,-218.7766,0.8652
123743,0.2986,0.0066,0.8674,-12.7723,-29.7913,-5.5919,-15.808,-9.4045,-218.8773,0.9174
123759,0.2986,0.032,0.8616,-8.7113,-34.6768,-8.6988,-16.0736,-9.4759,-219.0164,0.9124
123776,0.2854,0.0432,0.8474,-7.2685,-27.9592,-6.6072,-16.2929,-9.4364,-219.1287,0.8952
123834,0.3372,-0.0383,1.1023,-0.4288,-13.715,-10.966,-16.345,-9.9022,-219.7648,1.1533
123851,0.2739,0.033,1.1489,3.304,-21.8218,-12.6377,-16.1734,-9.7965,-219.9796,1.1816
123868,0.2168,0.1589,1.1665,9.5101,-20.5241,-14.737,-15.7887,-9.4293,-220.2302,1.1971
123884,0.2427,0.1904,1.1821,15.2964,-9.6921,-15.7065,-15.3804,-8.8349,-220.4815,1.2217
123901,0.2998,0.1184,1.167,21.1513,9.6209,-5.4545,-14.9935,-8.0928,-220.5742,1.2107
123918,0.3992,-0.0464,1.2358,22.7315,17.598,15.4768,-14.7384,-7.5679,-220.3111,1.2995
123976,0.0786,0.0847,1.0474,6.075,21.7583,34.2248,-13.9817,-5.8687,-218.326,1.0537
123994,0.1458,0.1101,1.0793,25.7849,18.0713,19.5913,-13.2829,-5.0887,-217.9734,1.0947
124010,0.1748,0.113,1.0237,40.8155,8.7354,16.4615,-12.51,-4.4989,-217.71,1.0446
124026,0.189,0.0854,0.9927,41.8765,7.7202,20.9195,-11.7959,-4.0036,-217.3753,1.0141
124044,0.1802,0.05,0.9365,32.2582,5.8423,27.9348,-11.2017,-3.6201,-216.8725,0.955
124060,0.1467,0.0449,0.9309,16.6781,0.8805,30.9424,-10.8553,-3.3513,-216.3774,0.9435
124119,0.1133,0.0383,0.5505,-45.1006,-26.7455,0.3699,-13.4396,-4.5728,-216.3556,0.5634
124135,0.1436,0.0232,0.4844,-43.841,-27.4249,-2.5843,-14.235,-4.7014,-216.3969,0.5057
124152,0.176,0.0088,0.4763,-31.6197,-21.8447,-1.9126,-14.9928,-4.8276,-216.4294,0.5079
124169,0.2092,-0.0315,0.5806,-15.1464,-19.3485,0.9119,-15.4319,-5.0745,-216.4139,0.6179
124186,0.2185,-0.0281,0.6643,1.93,-24.7226,0.7134,-15.5109,-5.3718,-216.4018,0.6999
124203,0.2051,0.0029,0.7312,6.304,-29.3715,-4.1797,-15.4142,-5.6271,-216.4729,0.7594
124261,0.3306,0.0085,0.856,-36.8258,-26.0661,2.3699,-17.6927,-6.8305,-216.3354,0.9176
124277,0.3198,-0.0144,0.8914,-47.0395,-23.1043,5.3852,-18.497,-6.9492,-216.2492,0.9471
124295,0.3037,-0.0271,0.9204,-50.4288,-26.8218,2.2477,-19.3587,-7.2021,-216.2088,0.9696
124311,0.2805,-0.0313,0.9304,-46.0929,-34.8218,-7.2561,-19.9631,-7.5259,-216.3249,0.9723
124327,0.3079,-0.0583,0.9653,-33.7189,-38.3333,-17.5461,-20.3888,-7.952,-216.6056,1.0149
124345,0.3577,-0.094,0.9976,-22.5052,-36.3638,-22.569,-20.7479,-8.4776,-217.0119,1.0639
124403,0.2153,-0.0967,1.198,-12.6273,18.827,14.6294,-21.0274,-7.2747,-216.1634,1.221
124420,0.2239,-0.1968,1.3718,8.0139,23.5904,14.7745,-20.4226,-6.9253,-215.9122,1.4038
124437,0.2019,-0.2856,1.4458,28.7544,14.5446,4.3928,-19.4484,-6.8579,-215.8375,1.4875
124453,0.1631,-0.2974,1.4644,38.5559,-3.4325,-14.6301,-18.3274,-7.0955,-216.0716,1.5031
124470,0.0938,-0.1948,1.3101,32.159,-14.1119,-34.5538,-17.2314,-7.3803,-216.659,1.3278
124487,0.1162,-0.1001,1.176,19.4643,-10.3486,-52.8897,-16.4495,-7.4486,-217.5581,1.186
124546,0.2344,-0.084,0.8501,23.6552,-9.5928,-27.6606,-15.0654,-7.9197,-219.1901,0.8858
124562,0.23,-0.1243,0.8337,27.0292,-10.2798,-19.6301,-14.658,-8.0999,-219.5042,0.8738
124579,0.2051,-0.1292,0.7979,22.7086,-14.8142,-17.6377,-14.2706,-8.3855,-219.804,0.8338
124596,0.1965,-0.1162,0.7505,11.9147,-17.3867,-17.4622,-14.0857,-8.6859,-220.1009,0.7845
124612,0.197,-0.082,0.6987,-0.7876,-20.0508,-17.3477,-14.1601,-8.9143,-220.3785,0.7306
124630,0.2026,-0.0435,0.6262,-9.1616,-23.4783,-17.6225,-14.4677,-9.1222,-220.6957,0.6596
124688,0.2273,-0.0164,0.6003,1.2353,-24.486,-6.3019,-14.6494,-10.1831,-221.0612,0.6421
124704,0.2222,0.0076,0.6519,3.6017,-26.0279,-5.7141,-14.7608,-10.149,-221.1526,0.6887
124722,0.2478,0.0198,0.6963,5.8842,-28.8524,-8.6454,-14.852,-10.1765,-221.3082,0.7393
124738,0.2932,0.0298,0.708,7.0826,-29.4173,-10.0347,-15.0483,-10.1249,-221.4688,0.7669
124754,0.3335,0.04,0.719,5.5635,-27.0356,-5.1568,-15.3549,-10.0077,-221.5513,0.7936
124772,0.3528,0.0356,0.7407,0.304,-22.6692,3.0798,-15.7531,-9.8889,-221.4958,0.8212
124830,0.3665,0.0166,0.8745,-10.9784,-15.9669,11.7363,-16.6435,-10.3389,-220.8151,0.9483
124847,0.3669,0.0007,0.9041,-2.1693,-21.6921,10.721,-16.8969,-10.2775,-220.6329,0.9757
124863,0.3821,-0.0391,0.9612,5.3116,-21.5852,8.4997,-17.0059,-10.291,-220.4969,1.0351
124880,0.3867,-0.0852,1.0305,11.5177,-25.5394,6.0798,-16.9579,-10.4853,-220.3935,1.104
124897,0.3677,-0.0786,1.1184,13.7773,-33.3638,1.2248,-16.781,-10.7712,-220.3727,1.1799
124914,0.2678,-0.0022,1.158,9.8078,-39.7379,2.1027,-16.4706,-10.9932,-220.3369,1.1885
124973,0.3696,-0.0901,1.21,13.388,12.3079,20.6142,-15.7312,-10.0267,-219.1207,1.2684
124989,0.3708,-0.1431,1.2649,25.0903,-2.1272,39.7287,-15.3663,-9.9164,-218.485,1.3259
125005,0.175,-0.054,1.1765,24.4872,0.9415,57.8508,-14.7137,-9.6103,-217.5594,1.1907
125023,0.0088,0.0027,1.1213,21.6781,13.8347,53.9806,-13.7685,-8.9813,-216.5878,1.1214
125039,-0.0291,0.0327,1.095,25.6399,12.5217,31.3012,-12.7631,-8.3613,-216.087,1.0958
125057,-0.0154,0.0605,0.9678,25.6323,2.0408,5.4386,-11.7733,-7.8484,-215.9891,0.9698
125114,0.2112,-0.0278,0.7686,13.3727,23.1018,2.5073,-11.1848,-6.3533,-215.8461,0.7975
125131,0.187,-0.012,0.7751,10.7086,15.5904,0.3394,-11.1052,-5.8801,-215.8404,0.7975
125148,0.157,0.0181,0.7446,2.075,3.0637,-9.9431,-11.1032,-5.5393,-216.0094,0.7612
125165,0.1643,0.0713,0.6484,-10.8487,-5.9134,-21.424,-11.4016,-5.1633,-216.3736,0.6727
125181,0.2507,0.0708,0.5881,-18.7113,-4.9134,-25.3935,-12.1506,-4.7576,-216.7799,0.6433
125198,0.3169,0.0664,0.6116,-13.8563,-5.1577,-18.6377,-12.9809,-4.4036,-217.0968,0.692
125256,0.2737,0.094,0.7705,-13.0471,-0.318,6.2706,-13.965,-3.967,-216.7331,0.8231
125274,0.2881,0.0952,0.8408,-27.9097,2.5827,3.1943,-14.6407,-3.5052,-216.6756,0.8939
125290,0.3342,0.1038,0.9028,-35.925,-4.3409,-4.0423,-15.4146,-3.1695,-216.7403,0.9683
125306,0.3833,0.0825,0.9509,-32.78,-21.7455,-8.7828,-16.1766,-3.1783,-216.8808,1.0286
125324,0.3853,0.0889,0.9165,-29.1464,-26.6005,-10.1645,-16.9414,-3.2893,-217.0637,0.9981
125340,0.3809,0.0789,0.936,-25.7265,-27.7302,-8.4927,-17.5417,-3.391,-217.1996,1.0136
125399,0.4351,0.02,1.0857,-7.4135,-27.3409,-16.0042,-18.1333,-4.7617,-218.1439,1.1698
125416,0.4475,-0.0208,1.1482,-9.383,-22.7455,-8.0347,-18.4127,-4.9839,-218.2805,1.2325
125432,0.3501,-0.0098,1.1753,-20.7342,-19.5012,3.2554,-18.6581,-5.1031,-218.2284,1.2264
125449,0.2356,0.0066,1.1592,-28.1235,-7.2264,6.3241,-18.8303,-5.0039,-218.1208,1.1829
125466,0.1951,-0.0261,1.1753,-21.299,0.6744,-2.7981,-18.8016,-4.8437,-218.1684,1.1917
125483,0.1863,-0.0627,1.2104,-0.4288,3.8347,-15.3935,-18.406,-4.706,-218.4301,1.2263
125541,0.1038,-0.1216,1.1206,32.7086,-12.1272,-27.966,-16.0589,-5.4407,-220.0521,1.1319
125558,0.0847,-0.0688,1.0735,24.6399,-1.8371,-22.8515,-15.1946,-5.3999,-220.4406,1.079
125575,0.1089,-0.0764,1.0645,19.2735,-2.5165,-21.8897,-14.5053,-5.3892,-220.8127,1.0727
125591,0.124,-0.0955,0.9685,14.0216,-6.6997,-19.508,-14.0002,-5.5017,-221.1249,0.9811
125608,0.1655,-0.0876,0.874,8.6323,-4.6768,-13.5003,-13.7262,-5.587,-221.3544,0.8939
125625,0.1726,-0.0903,0.7913,4.6857,-4.3791,-6.8668,-13.5898,-5.6955,-221.4711,0.8149
125683,0.2185,-0.0173,0.6995,-2.5052,-3.9898,6.3394,-13.8794,-5.7466,-221.1034,0.733
125700,0.217,-0.0322,0.6792,-5.6578,-11.8371,11.5531,-14.1247,-5.8186,-220.907,0.7138
125717,0.2271,-0.0166,0.6719,-10.696,-19.8066,13.4004,-14.4809,-5.9657,-220.6792,0.7094
125733,0.2317,0.0012,0.6228,-15.9784,-23.318,12.4233,-14.9634,-6.0807,-220.4804,0.6645
125751,0.2756,0.0024,0.6299,-16.7418,-18.5318,11.7516,-15.5995,-6.1489,-220.2689,0.6876
125767,0.3267,-0.0159,0.616,-14.9174,-12.1653,15.4157,-16.3218,-6.1488,-220.0222,0.6974
125826,0.3284,-0.0798,0.8162,1.9529,-27.2493,4.5836,-16.4312,-7.6697,-219.7518,0.8834
125842,0.2456,0.0154,0.8035,1.5254,-32.0585,-18.5461,-16.4303,-7.8115,-220.0485,0.8403
125859,0.2881,0.0405,0.823,-1.07,-33.8524,-41.4545,-16.5614,-7.9387,-220.7533,0.8729
125876,0.3262,0.0552,0.8137,0.9147,-38.1806,-50.0423,-16.7559,-8.0891,-221.604,0.8784
125893,0.3743,0.0686,0.8018,7.8918,-30.1959,-45.05,-16.9546,-8.0627,-222.3699,0.8875
125910,0.3994,0.0527,0.8806,20.2124,-16.8218,-29.1492,-16.9209,-7.8777,-222.8654,0.9684
125968,0.1199,0.106,1.3079,25.9223,-11.4173,-12.4698,-15.0095,-8.013,-223.5886,1.3176
125984,0.1589,0.1406,1.3628,19.9605,-10.3638,-11.4622,-14.3673,-7.616,-223.772,1.3792
126002,0.2615,0.0867,1.3452,20.5941,-0.6386,4.2554,-13.8758,-7.175,-223.6954,1.3731
126018,0.323,-0.0308,1.376,18.2887,7.0331,26.5226,-13.5681,-6.8312,-223.2711,1.4137
126035,0.2634,-0.072,1.3618,6.8689,-2.3486,50.0111,-13.3506,-6.7173,-222.4209,1.3889
126052,0.0989,0.0374,1.2603,-5.7265,-2.4096,59.8432,-13.0894,-6.4201,-221.4035,1.2647
126110,0.1128,0.032,0.8154,45.6933,-31.8676,17.118,-10.3364,-7.8478,-220.4107,0.8238
126127,0.1216,0.0007,0.689,55.2048,-28.9058,20.7516,-9.4224,-8.0032,-220.0579,0.6996
126144,0.1245,-0.0093,0.6375,49.2506,-16.5012,27.5836,-8.6837,-7.9857,-219.589,0.6496
126160,0.1375,0.0105,0.616,28.8231,-1.1959,31.4615,-8.3968,-7.6456,-219.0856,0.6312
126177,0.1584,0.0352,0.6421,1.2506,7.5598,33.3546,-8.5942,-7.091,-218.5186,0.6623
126194,0.1611,0.0469,0.6262,-21.4899,11.0331,31.2019,-9.1768,-6.4561,-217.9882,0.6483
126253,0.2896,0.0422,0.6135,-25.3067,-19.4325,12.1638,-11.2516,-7.141,-217.2705,0.6797
126269,0.2893,0.0615,0.6445,-22.2685,-14.4249,14.8126,-12.1066,-6.8588,-217.0335,0.7092
126286,0.2891,0.0703,0.7009,-23.1158,-12.7837,18.7821,-12.892,-6.564,-216.7142,0.7614
126303,0.2803,0.071,0.7756,-26.841,-13.9058,17.9271,-13.606,-6.319,-216.4094,0.8278
126319,0.303,0.062,0.8713,-28.6884,-18.1195,11.9806,-14.2676,-6.1817,-216.2177,0.9246
126337,0.3381,0.0493,0.9385,-27.5204,-27.7226,7.0645,-14.964,-6.2932,-216.0906,0.9988
126395,0.3691,0.0173,0.9927,-46.5586,-18.4173,17.0035,-17.7736,-7.0269,-215.1044,1.0592
126411,0.3696,-0.0334,1.0591,-42.6044,-19.2569,16.6065,-18.4863,-7.114,-214.8387,1.1222
126428,0.3665,-0.105,1.1006,-29.07,-24.9898,11.5913,-18.9548,-7.4552,-214.6416,1.1647
126445,0.3735,-0.1475,1.1497,-16.4364,-33.234,3.0111,-19.1793,-7.9917,-214.5904,1.2178
126461,0.3154,-0.1145,1.1345,-11.1464,-30.6005,2.7287,-19.2019,-8.3726,-214.5468,1.1831
126479,0.271,-0.0762,1.1514,-10.009,-14.8066,9.0645,-19.1354,-8.445,-214.3836,1.1853
126537,0.2341,-0.2334,1.3005,23.0063,6.2469,0.5073,-17.491,-8.1663,-214.3542,1.3419
126554,0.196,-0.2009,1.198,22.1742,-6.0279,-8.6377,-16.7961,-8.3189,-214.501,1.2304
126570,0.125,-0.1372,1.0232,5.5712,-7.7989,-15.5461,-16.3149,-8.4114,-214.7498,1.0399
126587,0.1538,-0.1423,0.9011,-5.6502,1.5217,-24.0576,-16.1373,-8.4092,-215.1587,0.9252
126604,0.2195,-0.1365,0.885,5.6857,1.1629,-29.1874,-15.9499,-8.4045,-215.6549,0.922
126621,0.2302,-0.1206,0.8313,25.6552,-6.9516,-27.0118,-15.5063,-8.5119,-216.1141,0.871
126680,0.1914,-0.1716,0.7932,25.1513,-2.005,-11.2484,-13.9923,-8.7734,-216.7778,0.8338
126696,0.1711,-0.135,0.7493,14.0674,-8.3409,-15.1263,-13.7233,-8.9591,-217.0198,0.7803
126712,0.1777,-0.0901,0.6731,3.4109,-14.3791,-20.0576,-13.7086,-9.1266,-217.3407,0.702
126730,0.2136,-0.0503,0.6338,-2.1387,-18.7608,-21.1416,-13.9401,-9.2672,-217.7213,0.6707
126746,0.2642,-0.0146,0.6257,-1.3372,-24.3256,-16.3858,-14.3183,-9.3238,-217.9834,0.6794
126764,0.2854,-0.0049,0.6211,2.6094,-29.8371,-7.34,-14.6877,-9.4844,-218.1156,0.6835
126821,0.301,-0.0156,0.7087,-13.9708,-21.9134,13.721,-15.7849,-10.3547,-217.3335,0.7702
126838,0.3162,-0.0381,0.7991,-19.467,-21.2111,13.9348,-16.3338,-10.3958,-217.0966,0.8602
126855,0.3242,-0.0349,0.845,-20.1845,-24.1348,10.4386,-16.8489,-10.4685,-216.9191,0.9057
126872,0.3408,-0.0212,0.8875,-16.9479,-24.3485,4.5378,-17.2917,-10.502,-216.842,0.9509
126888,0.3979,-0.0164,0.9673,-9.9403,-26.9592,1.3394,-17.6471,-10.5347,-216.8205,1.0461
126905,0.4026,-0.0161,1.0061,-0.2074,-31.5776,3.3088,-17.8168,-10.6654,-216.7643,1.0838
126963,0.3218,-0.0488,1.1001,13.533,-24.5394,10.1638,-17.0022,-11.7068,-216.1748,1.1472
126981,0.2251,0.0286,1.1306,9.5254,-21.8066,9.4004,-16.6078,-11.5574,-216.0056,1.1532
126997,0.189,0.0759,1.1172,2.7086,-16.4249,4.7516,-16.285,-11.1919,-215.9296,1.1356
127014,0.1897,0.1025,1.0947,2.2048,-2.86,3.7668,-15.9892,-10.5769,-215.8655,1.1158
127031,0.2966,0.0347,1.093,7.2124,7.9721,6.9958,-15.839,-9.951,-215.7466,1.1331
127047,0.3501,-0.0779,1.0681,11.1437,9.4072,15.7974,-15.7583,-9.5753,-215.4938,1.1267
127106,-0.0186,0.0366,0.8926,25.5941,8.056,7.4615,-13.6308,-8.642,-215.0536,0.8935
127123,0.0813,0.03,0.9241,38.7086,19.0331,-5.0576,-12.6548,-7.9113,-215.1396,0.9281
127139,0.1914,0.0005,0.9895,52.0674,21.8041,-0.5919,-11.7868,-7.2588,-215.1491,1.0078
127156,0.2048,-0.0227,1.0269,58.3498,20.5904,10.576,-10.8142,-6.683,-214.9693,1.0473
127173,0.1616,-0.0195,1.0344,52.6933,13.6209,14.0798,-9.8768,-6.2367,-214.7299,1.0472
127190,0.125,-0.0117,0.9648,36.5559,-1.005,7.347,-9.1804,-6.0315,-214.605,0.973
127248,0.1968,0.0562,0.49,-31.9784,1.9263,-13.3019,-11.4638,-5.4215,-215.3766,0.531
127264,0.2678,0.0759,0.5332,-32.8105,4.6973,-6.9049,-12.5668,-4.8083,-215.487,0.6015
127282,0.3137,0.0901,0.6233,-29.009,-6.318,5.4233,-13.6246,-4.3961,-215.3894,0.7036
127298,0.2976,0.1116,0.6819,-27.4288,-20.005,20.7363,-14.433,-4.1559,-215.0576,0.7523
127315,0.2368,0.1252,0.658,-40.3907,-19.2951,30.2019,-15.2938,-3.8734,-214.5442,0.7104
127332,0.2246,0.1189,0.6672,-58.9021,-10.9211,31.6447,-16.3767,-3.4926,-214.0062,0.714
127390,0.2722,-0.1216,0.8918,-36.1998,-20.9592,27.5531,-18.4104,-4.8304,-212.4081,0.9404
127407,0.2283,-0.1387,0.9353,-26.9479,-17.5547,19.8355,-18.6566,-5.261,-212.0709,0.9727
127424,0.2307,-0.147,1.0171,-15.154,-16.2417,5.0416,-18.6638,-5.6445,-211.9852,1.0532
127440,0.2793,-0.1531,1.1248,0.6552,-19.318,-8.8668,-18.4601,-6.0255,-212.1271,1.169
127458,0.3245,-0.1531,1.2275,14.6399,-27.7608,-17.6835,-18.0566,-6.5485,-212.4454,1.2789
127474,0.3372,-0.1165,1.2632,16.388,-37.3256,-18.9049,-17.678,-7.0706,-212.7479,1.3126
127533,0.2373,-0.1204,1.2981,-24.8945,3.8194,18.2477,-18.7936,-6.7833,-211.6712,1.3251
127549,0.1804,-0.1921,1.3115,-22.8334,9.5064,22.431,-18.7026,-6.6994,-211.3123,1.3377
127566,0.1399,-0.2607,1.3181,-20.2456,9.995,12.2477,-18.5226,-6.7158,-211.1041,1.3509
127583,0.1099,-0.2815,1.2566,-17.9174,1.1171,-3.6835,-18.2692,-6.934,-211.1668,1.2924
127600,0.0918,-0.2251,1.1096,-17.4212,-5.402,-17.0881,-18.0082,-7.2035,-211.4573,1.1359
127617,0.1003,-0.1748,0.9749,-16.1158,-6.5623,-23.8286,-17.7822,-7.4291,-211.8623,0.9955
127675,0.1353,-0.1194,0.7397,33.4338,-4.8676,-23.4164,-15.6186,-7.7697,-213.2205,0.7614
127691,0.1572,-0.1396,0.6958,34.0674,-8.3715,-20.9736,-14.9703,-8.0414,-213.5561,0.7269
127709,0.1846,-0.1443,0.6653,26.7849,-9.7073,-17.9507,-14.5154,-8.377,-213.8792,0.7053
127725,0.1924,-0.1406,0.6331,15.5941,-10.5547,-14.3324,-14.3562,-8.705,-214.1085,0.6764
127742,0.2141,-0.1189,0.6279,6.304,-12.7379,-11.9507,-14.42,-8.9936,-214.3117,0.674
127759,0.2258,-0.1101,0.623,-1.7723,-17.5776,-10.6912,-14.6578,-9.3216,-214.4934,0.6718
127817,0.2842,-0.0723,0.6787,-4.6578,-34.8447,-16.7217,-15.2351,-11.132,-215.4633,0.7393
127834,0.3066,-0.0557,0.707,0.8307,-36.6844,-16.6606,-15.5474,-11.4654,-215.7465,0.7727
127851,0.3486,-0.0493,0.77,3.0597,-35.2798,-10.7523,-15.8481,-11.7292,-215.9293,0.8467
127867,0.3484,-0.0618,0.8184,-3.2914,-28.3409,1.1867,-16.1848,-11.868,-215.9103,0.8916
127885,0.3,-0.0684,0.9087,-18.8716,-24.5699,7.8813,-16.5925,-11.9899,-215.7685,0.9594
127901,0.2546,-0.052,0.9387,-33.1311,-27.1195,3.2096,-17.0439,-12.0537,-215.7171,0.974
127960,0.3459,-0.1284,0.9163,-7.0777,-29.5241,10.7287,-17.5831,-13.5629,-215.0841,0.9878
127976,0.3142,-0.1453,0.9385,3.388,-21.0661,14.6447,-17.56,-13.6959,-214.8498,1.0003
127993,0.2678,-0.1624,0.999,11.4796,-20.3027,9.8126,-17.2632,-13.8487,-214.683,1.047
128010,0.2021,-0.1252,1.0471,16.991,-19.3485,2.5149,-16.7294,-13.8833,-214.6402,1.0738
128027,0.2004,-0.1245,1.061,19.5406,-12.8371,-2.9584,-16.1664,-13.8052,-214.6905,1.087
128044,0.1924,-0.0918,1.0928,22.6933,-7.2188,0.3241,-15.5474,-13.5629,-214.685,1.1134
128102,0.1946,-0.2542,1.1963,40.701,1.369,22.5226,-13.0208,-13.4239,-213.3787,1.2384
128118,0.0403,-0.1216,1.0417,17.5254,-4.8982,16.9806,-12.3188,-13.2285,-213.107,1.0496
128136,-0.0251,-0.0251,0.8953,-0.1006,-4.6615,4.3546,-11.7635,-12.8442,-213.0287,0.896
128152,-0.0144,-0.01,0.7646,2.075,0.4759,-10.8973,-11.2179,-12.3531,-213.203,0.7648
128169,0.0593,-0.0112,0.7515,26.7773,7.224,-18.882,-10.5127,-11.7754,-213.524,0.7539
128186,0.0972,-0.0303,0.7466,52.1284,6.827,-12.9355,-9.5378,-11.2858,-213.7439,0.7535
128244,0.0227,-0.0349,0.7886,36.2353,9.7278,-7.195,-7.2046,-10.3941,-214.1612,0.7897
128261,0.0466,0.0229,0.7065,17.6399,6.9415,-13.6835,-6.7795,-9.7907,-214.3939,0.7085
128278,0.0908,0.0649,0.6365,0.4643,8.1858,-16.4469,-6.824,-9.0324,-214.6735,0.6462
128294,0.1638,0.0613,0.6006,-5.5204,7.0179,-11.9889,-7.2431,-8.3303,-214.8653,0.6255
128312,0.2288,0.0635,0.5908,-3.1922,4.8576,-2.4774,-7.8507,-7.6679,-214.9099,0.6367
128328,0.2515,0.0466,0.6179,3.449,5.6591,8.7287,-8.3672,-7.1016,-214.7702,0.6688
128387,0.3518,0.1074,0.9397,-9.5662,-6.8218,3.1867,-9.3905,-6.9431,-214.5822,1.0091
128403,0.4319,0.1167,0.9766,-23.3448,-12.4249,-2.2561,-10.3217,-6.5836,-214.6183,1.0742
128419,0.4673,0.1021,0.9766,-40.2074,-14.2951,-1.0194,-11.5445,-6.3012,-214.6346,1.0874
128437,0.4844,0.0728,1.0054,-52.7418,-11.944,4.0493,-13.0207,-6.09,-214.5617,1.1183
128453,0.4861,0.0376,1.0308,-55.1311,-13.2646,4.1103,-14.356,-5.9666,-214.496,1.1402
128471,0.4719,-0.0193,1.1074,-43.9021,-16.3409,-4.653,-15.4635,-6.0502,-214.5797,1.2039
128529,0.2043,-0.0864,1.2273,-19.299,-31.8066,-6.3171,-16.2967,-7.7403,-214.9461,1.2472
128545,0.0676,-0.1152,1.2517,-11.5968,-9.5394,-8.966,-15.9462,-7.7876,-215.0896,1.2588
128562,0.0247,-0.0913,1.3965,13.4261,-2.3562,-26.1263,-15.1296,-7.6642,-215.5337,1.3997
128579,0.0056,-0.0925,1.4717,49.0903,-16.86,-37.111,-13.732,-7.7767,-216.1646,1.4746
128595,0.0288,-0.0984,1.4248,72.5788,-26.8066,-45.8897,-12.1141,-8.0354,-216.8988,1.4285
128613,0.0593,-0.0764,1.3054,65.8384,-33.4783,-48.6377,-10.5958,-8.4265,-217.7743,1.309
128671,0.0571,-0.0586,0.8936,-4.7265,9.0026,8.66,-10.5811,-7.7382,-217.272,0.8973
128688,0.073,-0.0789,0.8347,-1.299,11.2774,12.7287,-10.3781,-7.4605,-217.0557,0.8416
128704,0.0984,-0.1294,0.8447,12.5865,4.995,12.9653,-10.0324,-7.4337,-216.8482,0.8602
128721,0.1096,-0.1575,0.844,25.22,-4.9669,11.2019,-9.5105,-7.6402,-216.6578,0.8655
128738,0.1167,-0.1587,0.8223,26.9605,-14.3104,7.5073,-9.0074,-8.0051,-216.5302,0.8455
128755,0.1011,-0.1353,0.7703,17.6933,-21.6081,4.8737,-8.653,-8.4359,-216.4473,0.7886
128813,0.158,-0.0344,0.5017,-30.0319,-21.1577,1.5455,-10.6765,-9.4335,-216.3577,0.5271
128830,0.196,-0.02,0.5488,-22.2303,-26.4554,3.8432,-11.3981,-9.5715,-216.2923,0.5831
128846,0.1958,-0.0173,0.5508,-10.6349,-31.5852,6.5531,-11.8879,-9.7459,-216.1875,0.5848
128864,0.1912,-0.0105,0.5583,-3.1616,-31.7226,7.0722,-12.2229,-9.9473,-216.0602,0.5903
128880,0.2063,-0.0039,0.5857,-1.4517,-36.3715,7.4233,-12.5324,-10.1233,-215.9414,0.621
128897,0.2014,0.0083,0.5842,-3.9097,-26.9898,6.7668,-12.8557,-10.1263,-215.8264,0.618
128955,0.2139,0.0032,0.8428,-12.1769,-17.4478,11.347,-13.5891,-10.6841,-215.1683,0.8695
128972,0.2056,0.0066,0.8545,-11.6426,-20.0356,3.1332,-13.7766,-10.5661,-215.115,0.8789
128989,0.248,0.0178,0.8555,-7.7342,-11.7455,0.0035,-13.9984,-10.2874,-215.1149,0.8909
129006,0.3047,0.0066,0.9033,-0.7189,3.7354,6.7363,-14.1957,-9.7982,-215.0004,0.9533
129022,0.3589,-0.0332,1.0271,8.6857,10.3232,19.8966,-14.2645,-9.3218,-214.6821,1.0885
129039,0.3057,-0.0295,1.1387,13.4261,12.6133,28.0493,-14.0757,-8.8025,-214.2052,1.1794
129097,0.2891,0.2195,1.3584,-12.3754,18.1324,18.721,-14.6763,-7.0736,-213.1194,1.406
129115,0.345,0.0779,1.3887,-46.07,32.0255,33.2325,-15.4425,-6.1089,-212.5212,1.433
129131,0.1963,-0.0781,1.2817,-32.5204,1.7812,35.6829,-15.672,-5.9767,-211.9503,1.299
129148,0.0464,-0.0969,1.0918,0.8765,-6.86,30.6905,-15.1277,-6.0525,-211.4286,1.0971
129165,-0.0488,0.0154,0.9966,33.4261,-3.1043,24.4997,-13.8649,-5.8257,-211.0121,0.9979
129181,-0.0708,0.0417,1.0308,60.1361,-0.8829,19.263,-12.2296,-5.5135,-210.7039,1.034
129240,0.0049,-0.0647,1.1514,78.3116,2.056,16.7439,-7.3145,-5.3051,-209.716,1.1532
129257,0.0188,-0.0569,1.1272,51.8613,-9.3638,5.8203,-6.2137,-5.3613,-209.617,1.1288
129273,0.0469,-0.0256,1.011,20.3956,-23.0432,-13.2179,-5.7581,-5.5589,-209.8285,1.0124
129290,0.083,0.01,0.8225,-14.7723,-32.8066,-31.5843,-5.9993,-5.844,-210.3654,0.8267
129307,0.1348,0.0505,0.6577,-43.8563,-36.3944,-37.111,-6.9369,-6.0285,-210.9963,0.6733
129324,0.1616,0.0422,0.5061,-63.0929,-32.8218,-30.6225,-8.3953,-6.1322,-211.5169,0.533
129382,0.1643,0.0471,0.4304,-52.6578,-25.8829,9.8584,-11.8226,-7.0782,-210.9451,0.4631
129399,0.1621,0.0508,0.4614,-33.2303,-26.7379,7.9882,-12.6621,-6.9802,-210.8093,0.4917
129416,0.1777,0.0466,0.4924,-17.1158,-24.8218,7.9119,-13.2255,-6.8897,-210.6748,0.5256
129432,0.2163,0.0388,0.5701,-5.0395,-20.9516,11.3928,-13.6033,-6.7801,-210.4925,0.611
129449,0.2183,0.0378,0.6548,-2.8258,-16.1577,19.179,-13.8415,-6.6403,-210.1665,0.6912
129466,0.1943,0.03,0.7183,-9.5662,-6.7073,23.0951,-14.0491,-6.3884,-209.7739,0.7447
129524,0.2434,-0.0464,1.1047,-11.6044,-1.5547,2.4691,-14.6298,-6.3156,-209.6307,1.1322
129541,0.23,-0.0286,1.168,-13.7036,2.7736,-2.2026,-14.7137,-6.0737,-209.6681,1.1907
129558,0.2568,0.0046,1.2544,-20.9861,5.2392,-13.6072,-14.9305,-5.7368,-209.8994,1.2804
129574,0.4763,0.0942,1.5967,8.93,4.2621,-54.0576,-14.8595,-5.3067,-210.7643,1.6689
129592,0.6438,0.1995,1.8315,60.7239,-22.0203,-105.9278,-13.9862,-5.2264,-212.671,1.9516
129608,0.5737,0.2979,1.8381,87.0903,-46.3104,-101.2026,-12.7741,-5.3605,-214.2903,1.9485
129667,-0.0222,-0.0637,1.0359,-39.154,12.5751,41.8584,-14.4317,-4.5746,-211.8206,1.0381
129683,-0.0391,-0.1663,1.0415,-41.7113,13.14,55.7745,-14.4103,-4.5526,-210.9282,1.0554
129700,-0.053,-0.1902,1.0332,-24.6578,7.514,56.5684,-14.1208,-4.665,-209.9666,1.0519
129717,-0.073,-0.2222,0.9482,-9.8868,0.4072,51.3852,-13.5459,-4.9993,-209.093,0.9767
129734,-0.084,-0.2581,0.9014,1.8384,0.5369,41.3012,-12.7693,-5.4296,-208.3909,0.9413
129751,-0.0469,-0.2805,0.8621,12.0521,-4.4554,28.8279,-11.9434,-6.0061,-207.9008,0.9078
129809,0.0391,-0.1931,0.6184,1.075,-20.1577,-4.7217,-11.5439,-7.5819,-208.1747,0.649
129825,0.0596,-0.1602,0.5764,-7.6349,-21.2569,-10.0805,-11.4268,-8.2263,-208.336,0.6012
129843,0.114,-0.1213,0.5417,-15.5128,-21.9211,-12.737,-11.702,-8.781,-208.5653,0.5668
129859,0.1399,-0.0779,0.5105,-21.2609,-26.9898,-10.5156,-12.1668,-9.1913,-208.7335,0.535
129876,0.1672,-0.0471,0.4739,-22.6197,-25.402,-7.34,-12.8233,-9.4653,-208.8583,0.5047
129893,0.1797,-0.0481,0.4985,-19.3983,-22.0585,-2.9431,-13.4164,-9.6671,-208.9083,0.5321
129951,0.2239,-0.0637,0.7288,-6.7952,-15.089,6.0722,-13.9388,-10.3205,-208.5561,0.765
129968,0.2429,-0.032,0.8062,-6.6273,-16.9974,4.6294,-14.1596,-10.2759,-208.4774,0.8426
129985,0.2725,-0.0215,0.845,-6.6349,-14.0661,6.0187,-14.4162,-10.1527,-208.3751,0.8881
130001,0.2805,-0.0288,0.9021,-8.07,-7.3256,11.6905,-14.6541,-9.9323,-208.1881,0.9451
130019,0.2771,-0.0356,0.9778,-8.0319,-2.715,15.9882,-14.8392,-9.6654,-207.9003,1.0169
130035,0.2727,-0.0564,1.0508,-3.4594,-0.4402,17.6371,-14.88,-9.4085,-207.6181,1.0871
130094,0.1863,0.0396,1.1968,8.4338,-20.86,5.2935,-14.1608,-10.1379,-207.3058,1.2118
130110,0.2073,0.0745,1.2271,14.4796,-7.6921,0.6142,-13.7548,-9.7116,-207.2959,1.2467
130127,0.2993,0.0381,1.3123,14.5025,3.5751,3.3699,-13.4816,-9.1983,-207.2387,1.3465
130144,0.4622,-0.0781,1.4763,2.4338,4.056,15.1409,-13.597,-8.8854,-206.9813,1.5489
130160,0.3667,-0.1646,1.4355,-1.4441,-15.8753,22.0264,-13.6449,-9.0354,-206.6288,1.4908
130178,0.2192,-0.1143,1.3262,-1.7647,-25.2798,28.1332,-13.5038,-9.3078,-206.1224,1.349
130236,0.0903,-0.0022,1.0413,19.4872,-29.8371,30.1027,-12.0769,-10.6016,-204.3765,1.0452
130252,0.073,-0.0151,0.9453,26.8002,-26.3638,37.0722,-11.3588,-10.6192,-203.7833,0.9482
130270,0.0293,-0.0281,0.8638,28.1437,-24.9058,37.4768,-10.4957,-10.6993,-203.1088,0.8647
130286,0.0146,-0.0334,0.7727,21.5941,-23.8447,31.034,-9.7876,-10.7367,-202.6122,0.7736
130302,0.0044,-0.0166,0.6602,9.2506,-26.9058,19.1409,-9.2693,-10.7781,-202.3059,0.6604
130320,0.0205,-0.0012,0.5398,-6.6044,-27.7302,5.8813,-9.0997,-10.8314,-202.2001,0.5402
130378,0.0947,-0.0593,0.3889,-36.9097,-34.9821,-7.2942,-11.3323,-12.6928,-202.6231,0.4047
130395,0.095,-0.0151,0.3655,-44.9097,-26.8371,-14.8133,-12.1941,-12.718,-202.875,0.3779
130411,0.1462,0.0183,0.415,-46.2456,-22.9058,-23.6072,-13.1924,-12.46,-203.2527,0.4404
130428,0.2253,0.0457,0.4573,-34.4899,-24.2493,-27.508,-14.2724,-12.1293,-203.7203,0.5118
130445,0.2751,-0.0088,0.5288,-13.3219,-30.631,-26.5003,-15.0184,-12.1821,-204.1708,0.5962
130462,0.3179,-0.0413,0.6084,8.8765,-28.173,-23.3019,-15.3741,-12.3098,-204.567,0.6877
130521,0.3965,-0.0667,1.0955,4.9681,-7.5012,-0.1034,-15.2722,-12.3816,-204.5731,1.1669
130537,0.4243,-0.1248,1.2288,-5.2838,-12.0127,0.9119,-15.5009,-12.3027,-204.5585,1.3059
130554,0.4387,-0.1526,1.3079,-16.0929,-11.6921,3.8279,-15.8806,-12.2676,-204.4934,1.3879
130571,0.3638,-0.136,1.3782,-24.4212,-5.3333,11.3852,-16.2326,-12.0893,-204.2999,1.4318
130587,0.3079,-0.1228,1.4775,-14.9479,15.7278,4.6752,-16.2822,-11.5542,-204.2251,1.5143
130605,0.2847,-0.0901,1.7427,27.1437,21.4759,-14.2179,-15.5324,-10.8393,-204.481,1.7681
130663,0.2458,-0.0872,1.1917,53.8918,-37.4249,-45.4545,-12.3755,-12.6569,-207.1174,1.2199
130679,0.272,-0.0369,1.168,11.5254,1.8805,-10.34,-12.2275,-12.1941,-207.2828,1.1998
130697,0.22,-0.03,1.0664,-8.925,1.9568,13.0416,-12.3587,-11.737,-207.048,1.0893
130713,0.144,-0.0835,0.937,-12.3219,2.9721,23.8126,-12.4018,-11.4256,-206.667,0.9517
130729,0.0994,-0.1785,0.8267,-6.4135,0.3843,25.3012,-12.2723,-11.4499,-206.2622,0.8515
130747,0.0901,-0.2495,0.7786,5.3574,-0.9974,21.0798,-11.9404,-11.72,-205.8828,0.8225
130805,0.0605,-0.1824,0.5632,3.0139,-25.9821,-19.0729,-11.5285,-13.4155,-206.989,0.5951
130822,0.0796,-0.1379,0.4822,-8.0853,-33.0661,-31.0042,-11.56,-14.0571,-207.5161,0.5078
130839,0.1436,-0.1011,0.4346,-14.0777,-31.3944,-34.4393,-12.0408,-14.5309,-208.1015,0.4687
130855,0.1941,-0.0811,0.4331,-15.3448,-25.2646,-28.1034,-12.7458,-14.7617,-208.5512,0.4815
130872,0.2419,-0.0957,0.469,-9.9479,-18.547,-18.569,-13.4709,-14.9353,-208.8669,0.5363
130889,0.2354,-0.0964,0.5,-2.4059,-20.8753,-9.279,-13.9635,-15.1152,-209.0246,0.561
130948,0.2532,-0.0125,0.6914,-2.5357,-17.0814,-9.5003,-14.353,-15.5194,-209.5851,0.7364
130964,0.2883,-0.002,0.7407,-6.7265,-18.6081,-11.0652,-14.7329,-15.1905,-209.7622,0.7949
130981,0.3008,0.0054,0.7798,-8.5433,-17.3867,-10.0881,-15.1267,-14.8508,-209.9337,0.8358
130998,0.301,-0.0039,0.864,-9.7876,-12.5699,-5.9126,-15.4497,-14.4723,-210.0342,0.915
131014,0.2932,-0.0164,0.9668,-14.696,-5.0356,-4.6072,-15.7322,-14.0095,-210.1079,1.0104
131032,0.2527,-0.0354,1.0718,-22.9708,8.7354,-7.8973,-16.0302,-13.3739,-210.2501,1.1017
131090,0.2634,0.0044,1.1934,-49.9479,-0.2035,-32.8439,-18.668,-12.8418,-212.155,1.2221
131106,0.3149,0.0095,1.2722,-23.3067,6.5369,-28.7904,-18.8355,-12.2106,-212.6156,1.3107
131124,0.3608,-0.0056,1.3403,14.1666,12.0637,-15.5767,-18.44,-11.5233,-212.896,1.3881
131140,0.4478,-0.0876,1.4207,33.4796,14.3995,0.0187,-17.8866,-10.9824,-212.8957,1.4921
131156,0.4185,-0.1372,1.4502,35.2506,-4.6005,12.2248,-17.2708,-10.83,-212.7001,1.5156
131174,0.2031,-0.0476,1.2395,30.9605,-10.5699,17.576,-16.417,-10.6674,-212.3838,1.2569
131232,0.0408,0.0632,0.9053,22.2277,-9.8982,-12.34,-14.6256,-10.632,-213.0995,0.9084
131249,0.0823,0.0229,0.8318,29.7697,-9.8753,-14.8057,-13.7806,-10.3047,-213.3512,0.8362
131266,0.1047,0.0134,0.7949,32.2582,-8.1882,-13.0423,-13.0031,-9.9874,-213.5729,0.8019
131282,0.1421,0.0337,0.7686,28.0139,-8.7531,-11.0118,-12.4712,-9.6219,-213.7491,0.7823
131299,0.1743,0.0513,0.7512,20.0139,-13.486,-9.5156,-12.1672,-9.301,-213.9109,0.7729
131316,0.2058,0.0649,0.7097,10.304,-17.1653,-4.8057,-12.1566,-9.0,-213.9925,0.7418
131375,0.2107,0.0603,0.5718,-33.299,-16.9974,22.66,-14.3614,-9.3619,-212.6556,0.6123
131391,0.2456,0.0442,0.6145,-31.5281,-20.0203,25.3852,-15.1407,-9.1304,-212.2494,0.6632
131407,0.2539,0.009,0.6572,-19.551,-22.6844,26.1409,-15.6802,-9.0821,-211.8312,0.7046
131425,0.2688,-0.0234,0.7168,-8.0471,-24.3638,27.0187,-16.0139,-9.2147,-211.3448,0.7659
131441,0.2615,-0.021,0.7732,-2.467,-24.8447,25.5302,-16.1583,-9.29,-210.9364,0.8165
131459,0.2458,-0.0281,0.8074,-4.7265,-24.2951,22.0645,-16.2707,-9.4179,-210.5392,0.8444
131517,0.3027,-0.0627,0.9658,-2.8563,-32.0356,12.6371,-16.4737,-10.9736,-209.8063,1.0141
131533,0.2825,-0.0574,0.9966,-2.8258,-29.7455,11.6294,-16.4901,-11.1233,-209.6202,1.0374
131551,0.2654,-0.0386,1.0278,-6.8639,-26.6997,7.9653,-16.5278,-11.2257,-209.4768,1.0622
131567,0.292,-0.0691,1.0662,-12.383,-24.2798,2.8966,-16.6683,-11.298,-209.4305,1.1076
131584,0.3018,-0.1001,1.1052,-15.4594,-24.1043,1.8508,-16.8624,-11.4464,-209.399,1.15
131601,0.2485,-0.0708,1.1257,-15.0242,-21.3867,5.2401,-16.9301,-11.4815,-209.3099,1.155
131659,0.2839,-0.1953,1.2573,1.0979,1.5064,-2.6912,-16.695,-11.2916,-209.466,1.3037
131676,0.2378,-0.2258,1.2849,10.9605,-5.9211,-4.2255,-16.2615,-11.3353,-209.5379,1.3261
131693,0.1106,-0.1267,1.1621,6.5483,-14.2569,-8.5156,-15.7203,-11.3635,-209.6826,1.1742
131709,0.0591,-0.0085,1.0483,-2.1006,-12.5394,-17.6835,-15.2528,-11.1202,-209.9656,1.05
131726,0.1304,0.0017,1.0056,-5.2761,-6.5394,-29.3019,-15.0243,-10.7782,-210.4637,1.014
131743,0.2078,-0.0386,0.9795,4.991,-11.0814,-28.4393,-14.8205,-10.6182,-210.9472,1.002
131802,0.2178,-0.0818,0.8679,14.1361,2.285,28.9806,-13.9881,-10.2793,-209.2373,0.8986
131818,0.1704,-0.0925,0.8088,2.2506,1.3614,32.4004,-13.8669,-10.1083,-208.7189,0.8318
131835,0.1477,-0.0813,0.7778,-8.5968,-2.9211,27.4539,-13.8803,-9.9903,-208.2522,0.7959
131852,0.1672,-0.0752,0.7373,-15.78,-13.1272,19.4691,-14.0913,-10.0379,-207.9212,0.7598
131868,0.2209,-0.0742,0.7051,-17.5815,-23.1959,14.7897,-14.49,-10.233,-207.6846,0.7426
131886,0.2434,-0.0757,0.6443,-18.8716,-26.0356,17.4157,-15.0592,-10.5416,-207.3711,0.6929
131944,0.2417,-0.074,0.6731,-17.5052,-21.7913,25.3699,-16.2173,-11.5841,-205.8997,0.719
131960,0.2778,-0.0859,0.7188,-4.7952,-27.3867,18.1027,-16.4821,-11.8141,-205.61,0.7754
131978,0.3164,-0.085,0.7649,10.1055,-32.8829,13.4691,-16.5422,-12.1633,-205.3676,0.8321
131994,0.3403,-0.0933,0.7881,18.533,-35.3638,15.8203,-16.5243,-12.4899,-205.1144,0.8635
132011,0.3386,-0.0938,0.8218,17.304,-31.3638,21.8203,-16.4715,-12.7625,-204.7435,0.8937
132028,0.3308,-0.0964,0.8638,7.7849,-25.2722,27.1714,-16.5191,-12.9193,-204.2816,0.93
132086,0.3242,-0.1167,0.9487,-11.9479,-24.1882,26.3012,-17.2731,-14.0298,-202.7561,1.0094
132103,0.3301,-0.1628,0.9414,-8.9555,-20.6615,27.1256,-17.4907,-14.1984,-202.295,1.0108
132120,0.3291,-0.2051,0.9949,-2.6044,-18.6921,25.6676,-17.5516,-14.4014,-201.8586,1.0678
132136,0.3062,-0.2183,1.0381,5.5941,-19.6539,19.4844,-17.4076,-14.6022,-201.5469,1.1041
132153,0.2461,-0.1453,1.0679,12.3956,-21.8295,8.95,-17.0235,-14.6842,-201.3947,1.1054
132170,0.2246,-0.072,1.0752,17.2964,-22.9974,-0.9202,-16.5312,-14.6254,-201.4104,1.1008
132229,0.355,-0.0706,1.0811,35.1132,-2.4631,3.8661,-14.6069,-14.3293,-201.1823,1.14
132245,0.3364,-0.0803,1.0583,37.1742,-6.6157,16.5073,-14.1551,-14.0313,-200.9181,1.1134
132262,0.2317,-0.0188,0.9985,32.2506,-8.6005,24.576,-13.585,-13.6536,-200.5004,1.0252
132279,0.1443,0.0479,0.9006,20.3422,-6.4936,25.7821,-13.0732,-13.0918,-200.0621,0.9134
132295,0.1055,0.073,0.8389,13.8613,-1.0279,21.118,-12.6229,-12.3849,-199.7242,0.8486
132313,0.1658,0.0571,0.833,16.8842,5.9721,18.3928,-12.2754,-11.6294,-199.3931,0.8513
132371,0.2493,-0.0266,0.9651,44.1208,-1.318,41.8584,-9.9068,-11.3008,-196.9653,0.9971
132387,0.2358,-0.0293,0.9395,37.3345,-9.0737,40.1103,-9.5005,-11.0596,-196.3235,0.969
132405,0.2424,-0.0017,0.8823,23.8842,-17.5699,37.5149,-9.3223,-10.9253,-195.6483,0.915
132421,0.2651,0.031,0.7988,7.7162,-15.8982,35.6294,-9.5648,-10.6435,-195.0782,0.8423
132438,0.2935,0.0205,0.769,-3.9403,-16.944,36.66,-10.0817,-10.4332,-194.455,0.8234
132455,0.3152,0.0029,0.7883,-5.5281,-26.0432,39.6829,-10.6404,-10.4324,-193.7804,0.849
132513,0.3005,-0.0181,0.8098,-6.6197,-38.0814,31.6523,-11.3976,-12.1866,-191.9446,0.864
132530,0.3533,-0.0269,0.8232,-5.0395,-44.9669,21.034,-11.9525,-12.5077,-191.587,0.8962
132547,0.3896,-0.0317,0.8169,-0.7647,-51.9592,14.2096,-12.5062,-12.9444,-191.3454,0.9056
132563,0.4114,-0.0437,0.8066,0.0979,-52.5165,12.721,-13.0839,-13.3573,-191.1419,0.9065
132580,0.4185,-0.0554,0.8821,1.0674,-57.2875,12.5378,-13.5566,-13.9017,-190.9287,0.9779
132597,0.4031,-0.0686,0.8826,-3.5281,-61.0432,11.5684,-14.0512,-14.5197,-190.7321,0.9727
132656,0.4434,-0.1409,0.9714,-18.7113,-46.9058,0.8355,-15.5212,-16.9257,-190.6828,1.0771
132672,0.45,-0.1831,1.0242,-8.6273,-56.4096,-3.8515,-15.9684,-17.5206,-190.7444,1.1335
132689,0.415,-0.179,1.0151,-6.6807,-56.3715,-6.0118,-16.3159,-18.1396,-190.8466,1.1112
132706,0.3442,-0.0955,0.9819,-16.8029,-46.4631,-5.6148,-16.7069,-18.3944,-190.9421,1.0449
132722,0.313,-0.0315,0.9431,-30.2685,-26.9516,-5.1034,-17.2376,-18.1491,-191.0237,0.9942
132740,0.363,-0.0764,0.9868,-32.5662,-8.1501,-6.7675,-17.9165,-17.7411,-191.1455,1.0542
132798,0.2737,-0.115,0.9814,8.0368,-12.4325,-19.4851,-17.3716,-17.991,-192.2757,1.0254
132814,0.2388,-0.0796,0.8774,-2.1769,-4.4478,-28.9202,-17.3167,-17.547,-192.7384,0.9128
132832,0.2817,-0.0952,0.855,-4.9174,2.9721,-35.3858,-17.4344,-17.048,-193.3753,0.9052
132848,0.3459,-0.1086,0.856,6.846,5.9186,-36.3248,-17.5058,-16.5645,-193.9565,0.9296
132865,0.3872,-0.0894,0.8555,22.2048,7.1934,-30.5919,-17.4126,-16.023,-194.4766,0.9433
132882,0.3828,-0.1072,0.8752,33.762,13.4911,-20.3858,-17.1038,-15.4412,-194.8231,0.9613
132940,0.321,-0.0769,0.8389,17.8231,-5.5623,-24.3324,-16.2617,-15.3428,-196.2344,0.9015
132957,0.333,-0.0461,0.7446,1.5177,-10.7226,-30.1797,-16.5487,-15.0459,-196.7475,0.817
132974,0.365,-0.0369,0.666,-10.4059,-14.5089,-31.3095,-17.204,-14.8076,-197.2798,0.7604
132990,0.4004,-0.0291,0.6326,-16.154,-16.1348,-27.6454,-18.0562,-14.5683,-197.7221,0.7492
133007,0.4072,-0.0166,0.6245,-18.6884,-21.7913,-20.7828,-18.9628,-14.4021,-198.0754,0.7457
133024,0.4399,-0.0171,0.6152,-19.1006,-25.1501,-13.8897,-19.9383,-14.3001,-198.3115,0.7565
133083,0.4038,-0.063,0.6821,-8.4975,-5.0737,2.7363,-20.8428,-14.2265,-198.1501,0.7952
133099,0.3884,-0.0681,0.7393,-0.1158,-9.173,-2.569,-21.1157,-14.0089,-198.1912,0.8379
133116,0.3787,-0.0208,0.825,10.0368,-21.3256,-10.3171,-21.0932,-13.8542,-198.3666,0.9079
133133,0.4026,0.0115,0.8804,17.449,-40.8066,-14.6683,-20.9476,-13.9362,-198.6159,0.9681
133149,0.4001,0.0078,0.8606,18.0903,-41.3715,-9.9889,-20.8293,-13.9934,-198.7757,0.9491
133167,0.3982,-0.0034,0.9226,16.8689,-26.6768,-0.4316,-20.6384,-13.9031,-198.7835,1.0049
133225,0.3533,-0.0249,1.1331,11.6017,-22.2188,5.7974,-19.8594,-14.6345,-198.4473,1.1871
133241,0.3447,-0.0166,1.1213,4.5712,-30.944,-0.0194,-19.6783,-14.5583,-198.4476,1.1732
133259,0.2888,0.0759,1.0281,-5.4441,-33.2646,-5.2561,-19.6113,-14.3818,-198.5422,1.0706
133275,0.304,0.103,0.9121,-16.0242,-19.7455,-8.4164,-19.8058,-13.8521,-198.6768,0.9669
133292,0.3979,0.0562,0.8752,-17.2074,3.5904,-4.1034,-20.2706,-13.0926,-198.7466,0.9631
133309,0.4915,-0.0027,0.9375,-3.1998,17.0866,9.6676,-20.6186,-12.2966,-198.5822,1.0585
133367,0.3152,-0.0237,0.8845,20.7086,-0.2417,22.8661,-19.425,-11.8795,-197.256,0.9393
133384,0.3228,-0.0078,0.8984,16.4338,7.7354,16.2935,-19.1702,-11.298,-196.979,0.9547
133401,0.3945,-0.011,0.9807,21.8155,7.9721,17.2477,-18.9239,-10.7417,-196.6858,1.0572
133417,0.4329,-0.0176,1.0298,30.4261,2.2087,28.3928,-18.6115,-10.3172,-196.2315,1.1172
133434,0.396,0.0134,1.0251,36.4643,-1.3333,36.4768,-18.1167,-9.8962,-195.6114,1.0991
133451,0.3772,0.0417,0.9949,33.7926,-7.6081,40.6371,-17.6704,-9.5284,-194.9206,1.0648
133510,0.4158,0.0391,0.749,-4.5662,-1.9898,46.6752,-18.3822,-9.1406,-192.1667,0.8576
133526,0.4329,0.0112,0.762,-7.1769,-5.8829,51.5455,-18.9411,-8.8316,-191.342,0.8764
133542,0.4287,0.0034,0.7737,-5.6044,-23.0661,51.4004,-19.4292,-8.8225,-190.5196,0.8845
133560,0.4268,0.0193,0.7688,-3.1464,-48.3638,46.889,-19.8675,-9.2478,-189.6756,0.8795
133576,0.3945,-0.0037,0.6458,-7.238,-60.1577,45.1638,-20.4409,-9.8149,-188.953,0.7567
133594,0.3777,-0.0352,0.5583,-16.9021,-48.2798,44.9729,-21.2762,-10.4007,-188.1435,0.675
133652,0.4102,-0.1333,0.7412,-3.612,-52.6692,42.0874,-21.7692,-13.3251,-185.7024,0.8575
133668,0.3928,-0.1094,0.7463,-6.3448,-49.9287,32.0187,-22.0963,-13.8925,-185.1901,0.8505
133685,0.3979,-0.0979,0.7639,-13.0548,-45.9058,19.1256,-22.5185,-14.3781,-184.865,0.8669
133702,0.4407,-0.1069,0.8022,-15.3372,-44.0127,8.9882,-23.0108,-14.825,-184.7122,0.9215
133719,0.4814,-0.1147,0.814,-13.0853,-42.0737,3.9348,-23.5182,-15.2396,-184.6453,0.9526
133736,0.4939,-0.1074,0.8843,-8.4288,-43.9592,2.721,-23.8753,-15.6245,-184.599,1.0185
133794,0.4946,-0.0913,0.8862,-17.5815,-27.3867,-3.2484,-25.0607,-16.7597,-184.7874,1.019
133811,0.5044,-0.1221,0.9587,-19.612,-22.5394,-2.9202,-25.4808,-16.7474,-184.8371,1.0902
133827,0.4683,-0.1094,0.9731,-20.6807,-23.6997,-4.5232,-25.8014,-16.698,-184.9095,1.0855
133844,0.4231,-0.0554,0.9285,-25.8639,-12.9974,-12.9049,-26.1699,-16.3788,-185.1288,1.0218
133861,0.4666,-0.0608,0.9749,-22.4441,7.3079,-18.6148,-26.5106,-15.7472,-185.4453,1.0825
133878,0.5369,-0.0813,1.1045,-3.07,22.9186,-16.5156,-26.5348,-14.9116,-185.7261,1.2307
133937,0.3091,-0.0684,1.0422,25.8918,-28.3256,-31.882,-24.6663,-16.0696,-187.6071,1.0892
133953,0.2798,-0.0173,0.8796,10.0063,-28.9974,-51.6988,-24.2316,-15.9174,-188.4343,0.9232
133969,0.3643,-0.0139,0.8208,3.6704,-12.5012,-57.7294,-24.1631,-15.5116,-189.358,0.8981
133987,0.4556,-0.0066,0.8477,10.1055,-0.7837,-43.9813,-24.1521,-14.9225,-190.1496,0.9623
134003,0.469,-0.0242,0.8459,20.7926,2.4988,-20.2484,-24.0264,-14.3527,-190.4736,0.9676
134021,0.4207,-0.051,0.8623,26.7773,4.9339,-0.6988,-23.6412,-13.8288,-190.4862,0.9608
134079,0.3032,-0.0598,0.7813,-9.238,-18.6463,-19.9355,-24.0562,-14.489,-191.6424,0.8402
134095,0.3406,-0.05,0.7007,-15.5815,-27.1195,-25.3935,-24.3679,-14.4894,-192.0487,0.7807
134112,0.3752,-0.0535,0.6311,-13.3601,-30.6997,-21.8668,-24.837,-14.6045,-192.4204,0.7362
134129,0.3984,-0.0691,0.5872,-4.4365,-31.6463,-12.2637,-25.275,-14.8053,-192.6289,0.7129
134146,0.3896,-0.0608,0.5828,5.7926,-29.4478,-3.7446,-25.5145,-14.9318,-192.6926,0.7037
134163,0.3804,-0.033,0.6189,11.9147,-22.5318,1.3928,-25.561,-14.8242,-192.6689,0.7272
134221,0.4436,-0.031,0.7847,3.6552,-30.0508,5.5378,-25.5135,-15.995,-192.3477,0.9019
134238,0.4158,-0.0339,0.7378,-6.5891,-27.0966,8.1256,-25.7756,-15.9028,-192.2096,0.8476
134254,0.4233,-0.0505,0.7314,-12.6807,-17.4783,10.2706,-26.1394,-15.6932,-192.0452,0.8466
134272,0.4617,-0.0574,0.7595,-10.4212,-11.5318,13.0187,-26.5228,-15.4375,-191.8109,0.8907
134288,0.4871,-0.0542,0.8157,0.1132,-11.2875,16.9195,-26.6916,-15.1455,-191.5402,0.9516
134305,0.4551,-0.0554,0.8113,9.4338,-16.5928,19.3012,-26.6393,-14.9668,-191.212,0.9318
134364,0.4448,0.0283,0.8445,34.6323,-25.776,-10.3858,-24.7227,-15.7512,-191.8248,0.9549
134380,0.4512,0.061,0.7717,39.6246,-16.8447,-9.1568,-24.3345,-15.199,-191.9713,0.896
134396,0.4702,0.1172,0.7617,39.9376,8.8957,-1.6301,-24.0032,-14.1046,-191.9974,0.9028
134414,0.5371,0.1287,0.884,47.4719,48.2545,14.7058,-23.4634,-12.3753,-191.7327,1.0424
134430,0.6023,0.0601,1.1074,63.2048,66.4377,38.8661,-22.6943,-10.7357,-191.1108,1.262
134448,0.5583,0.0203,1.2244,72.8689,60.7507,58.1103,-21.5078,-9.2185,-190.0648,1.3458
134506,0.3337,0.134,0.793,12.9681,18.2545,1.4462,-20.8269,-7.4496,-189.981,0.8707
134522,0.4434,0.1248,0.845,5.0903,19.9568,-5.9889,-21.013,-6.5092,-190.0768,0.9623
134539,0.5166,0.1353,0.8474,14.0139,14.3766,2.889,-21.1857,-5.6514,-190.0277,1.0016
134556,0.4907,0.1719,0.8618,25.388,6.3461,11.4997,-21.0911,-4.8707,-189.8322,1.0065
134573,0.4429,0.2126,0.8857,29.9376,-6.2417,5.2172,-20.796,-4.2377,-189.7435,1.0129
134590,0.4229,0.2324,0.8599,27.4567,-23.6997,-5.4622,-20.5319,-3.8499,-189.8363,0.986
134647,0.3962,0.1343,0.7156,-5.8181,-25.0966,13.889,-21.1712,-4.6441,-189.0447,0.8289
134665,0.3562,0.1165,0.6812,-19.0624,-16.3486,21.5226,-21.7445,-4.3528,-188.6573,0.7774
134681,0.3345,0.0757,0.6729,-27.8945,-8.402,26.4768,-22.3548,-4.051,-188.2336,0.7552
134699,0.3171,0.0444,0.6724,-29.1769,-7.944,26.2477,-22.9729,-3.875,-187.7612,0.7447
134715,0.3159,0.0281,0.7266,-24.0242,-11.547,21.4004,-23.3624,-3.8088,-187.4188,0.7928
134731,0.3225,0.0146,0.749,-18.9479,-19.9821,14.5378,-23.6506,-3.9186,-187.1862,0.8156
134790,0.3997,-0.0669,0.8655,-12.7952,-16.1119,0.263,-24.4181,-4.8512,-187.1706,0.9556
134807,0.4033,-0.0679,0.8918,-19.0471,-23.402,1.9271,-24.7231,-5.2132,-187.1379,0.9812
134823,0.387,-0.0388,0.9077,-28.5968,-26.6157,-2.4164,-25.0963,-5.5114,-187.1765,0.9875
134841,0.3911,-0.0554,0.9226,-33.6578,-23.4249,-10.4393,-25.5915,-5.8332,-187.3645,1.0036
134857,0.4331,-0.0771,1.0049,-27.7189,-27.1348,-17.6301,-25.9238,-6.1923,-187.6465,1.097
134874,0.4529,-0.0598,1.031,-22.0319,-41.5623,-22.9202,-26.1935,-6.7557,-188.0362,1.1277
134932,0.4485,0.0493,0.8789,-43.5968,-44.6692,-32.9889,-28.6532,-8.8442,-189.9496,0.988
134949,0.4866,0.0706,0.8359,-40.7876,-36.1959,-31.2179,-29.3772,-8.8882,-190.4803,0.9698
134966,0.5115,0.0664,0.8306,-26.8868,-22.5012,-21.8668,-29.9027,-8.717,-190.852,0.9777
134983,0.4807,0.0596,0.8123,-9.1693,-5.8295,-7.2255,-30.0783,-8.2957,-190.9748,0.9457
135000,0.4702,0.0325,0.8618,8.533,13.4224,4.9882,-29.8799,-7.6585,-190.89,0.9823
135016,0.4485,0.0173,0.9434,25.991,20.514,15.2401,-29.3024,-6.995,-190.6462,1.0447
135074,0.3362,0.0581,1.0029,36.0063,-15.3256,11.5073,-26.8656,-7.4359,-189.9788,1.0594
135092,0.3447,0.0481,0.9133,21.4185,-7.2798,9.2172,-26.2469,-7.1436,-189.8129,0.9774
135108,0.3811,0.053,0.9241,9.3727,11.369,15.0111,-25.9482,-6.552,-189.5727,1.001
135126,0.4341,0.0469,0.9985,4.6704,13.9339,25.2783,-25.7685,-5.9417,-189.1177,1.0898
135142,0.4368,-0.0215,1.0369,4.6704,5.0408,36.0645,-25.5796,-5.674,-188.5407,1.1253
135158,0.4028,-0.0269,1.0527,6.3116,-5.631,38.8508,-25.2968,-5.592,-187.919,1.1275
135217,0.3323,0.0383,0.8948,-36.5357,-21.9058,9.7134,-27.1685,-6.511,-187.346,0.9552
135234,0.3389,0.0217,0.8442,-38.3907,-17.0203,10.4462,-27.5828,-6.4693,-187.1684,0.91
135250,0.3518,-0.0005,0.8193,-38.1082,-17.0737,13.5913,-27.9944,-6.4742,-186.9509,0.8917
135267,0.3484,-0.0276,0.8113,-35.7647,-15.5928,17.5684,-28.3874,-6.5476,-186.6523,0.8834
135284,0.3154,-0.0356,0.8015,-30.6197,-5.7608,17.0798,-28.6101,-6.4816,-186.3619,0.8621
135301,0.3193,-0.0334,0.8667,-22.0395,-2.0585,13.4844,-28.6339,-6.3443,-186.1327,0.9243
135359,0.2708,-0.0068,0.8391,-20.6426,-17.2111,3.6829,-29.3532,-7.0675,-185.9191,0.8817
135376,0.2942,-0.0022,0.8472,-27.7189,-9.4173,-3.2103,-29.3975,-6.9444,-185.9736,0.8968
135393,0.3401,-0.0156,0.885,-30.9555,-10.7531,-7.1492,-29.5675,-6.8826,-186.0952,0.9482
135409,0.3542,-0.0242,0.8816,-31.5128,-17.4783,-6.8362,-29.7442,-6.9386,-186.2046,0.9504
135427,0.353,-0.0381,0.8516,-30.1769,-19.0737,-3.6072,-29.9757,-7.0931,-186.2695,0.9226
135443,0.3506,-0.0432,0.8525,-24.8105,-15.6921,-0.7828,-30.0509,-7.1665,-186.282,0.9228
135501,0.3713,-0.0459,0.8442,-5.8945,-7.2417,8.0035,-30.1255,-7.4075,-185.8178,0.9234
135519,0.3853,-0.0537,0.8979,-4.7189,-2.944,16.118,-29.9294,-7.299,-185.5277,0.9786
135535,0.3838,-0.0889,0.947,-0.3372,-6.9669,22.95,-29.6163,-7.3285,-185.1605,1.0257
135552,0.3809,-0.1147,0.9617,3.6094,-13.7913,21.179,-29.2315,-7.5326,-184.8004,1.0407
135569,0.3596,-0.1172,0.9683,7.4261,-19.4631,13.5302,-28.7506,-7.8249,-184.5704,1.0395
135585,0.3596,-0.1189,0.9358,9.2124,-24.8905,4.8432,-28.2938,-8.1839,-184.4929,1.0095
135644,0.4392,-0.1245,0.8906,44.617,-15.5623,13.179,-25.6762,-9.0563,-183.7154,1.0008
135661,0.4282,-0.1125,0.8992,54.6017,-5.9898,19.5226,-24.7698,-9.0772,-183.3835,1.0023
135677,0.4116,-0.0562,0.9214,57.1666,-3.005,23.1638,-23.8622,-8.8998,-183.0129,1.0107
135694,0.4128,-0.0459,0.9475,53.6552,-2.9745,27.9729,-22.9728,-8.7033,-182.5373,1.0346
135711,0.3906,-0.0618,0.9543,45.8918,-5.3791,33.9348,-22.1937,-8.5911,-181.9604,1.033
135728,0.3542,-0.0549,0.9153,33.9529,-1.1882,35.0645,-21.5968,-8.4042,-181.3643,0.983
135786,0.4126,-0.0059,0.8264,38.3269,-17.8905,8.2096,-19.6601,-9.0804,-180.8882,0.9237
135802,0.4221,0.022,0.8015,35.7162,-12.8524,5.5378,-19.4357,-8.8518,-180.7996,0.9061
135820,0.449,0.0459,0.8025,33.8384,-14.2188,8.9119,-19.241,-8.6125,-180.6392,0.9207
135836,0.4424,0.0142,0.7634,32.4261,-14.5699,17.431,-19.1767,-8.4493,-180.3603,0.8825
135854,0.4011,0.0173,0.7556,31.8689,-4.8905,21.2859,-18.9772,-8.1432,-179.9771,0.8557
